customerId,name,email,phone,address,avatarUrl,tier,status
C-00001,Pham Van Trung,phamtrung1@gmail.com,0978972120,Ha Noi,,STANDARD,ACTIVE
C-00002,Hoang Van Trung,hoangtrung2@gmail.com,0961608354,Ha Noi,,STANDARD,ACTIVE
C-00003,Le Van Quang,lequang3@gmail.com,0971136949,Ha Noi,,STANDARD,ACTIVE
C-00004,Bui Van Dung,buidung4@gmail.com,0916338106,Ha Noi,,STANDARD,ACTIVE
C-00005,Pham Van Son,phamson5@gmail.com,0933034097,Ha Noi,,DIAMOND,ACTIVE
C-00006,Hoang Van Hung,hoanghung6@gmail.com,0989721566,Ha Noi,,GOLD,ACTIVE
C-00007,Dang Van Linh,danglinh7@gmail.com,0924065078,Ha Noi,,STANDARD,ACTIVE
C-00008,Vu Van Anh,vuanh8@gmail.com,0978667414,Ha Noi,,GOLD,ACTIVE
C-00009,Tran Van Minh,tranminh9@gmail.com,0948074144,Ha Noi,,GOLD,ACTIVE
C-00010,Bui Van Trung,buitrung10@gmail.com,0963533572,Ha Noi,,STANDARD,ACTIVE
C-00011,Dang Van Cuong,dangcuong11@gmail.com,0971022569,Ha Noi,,STANDARD,ACTIVE
C-00012,Le Van Binh,lebinh12@gmail.com,0968914703,Ha Noi,,STANDARD,ACTIVE
C-00013,Vu Van Trung,vutrung13@gmail.com,0930192214,Ha Noi,,STANDARD,ACTIVE
C-00014,Bui Van Quang,buiquang14@gmail.com,0979217821,Ha Noi,,STANDARD,ACTIVE
C-00015,Bui Van Son,buison15@gmail.com,0965172681,Ha Noi,,STANDARD,ACTIVE
C-00016,Pham Van Hung,phamhung16@gmail.com,0947346161,Ha Noi,,STANDARD,ACTIVE
C-00017,Phan Van Phuc,phanphuc17@gmail.com,0957774613,Ha Noi,,SILVER,ACTIVE
C-00018,Phan Van Binh,phanbinh18@gmail.com,0980504415,Ha Noi,,STANDARD,ACTIVE
C-00019,Nguyen Van Minh,nguyenminh19@gmail.com,0982208208,Ha Noi,,STANDARD,ACTIVE
C-00020,Nguyen Van Quang,nguyenquang20@gmail.com,0939983035,Ha Noi,,SILVER,ACTIVE
C-00021,Nguyen Van Khanh,nguyenkhanh21@gmail.com,0943974657,Ha Noi,,STANDARD,ACTIVE
C-00022,Hoang Van Minh,hoangminh22@gmail.com,0925913891,Ha Noi,,SILVER,ACTIVE
C-00023,Vo Van Khanh,vokhanh23@gmail.com,0987231365,Ha Noi,,STANDARD,ACTIVE
C-00024,Phan Van Dung,phandung24@gmail.com,0917257052,Ha Noi,,DIAMOND,ACTIVE
C-00025,Bui Van Hung,buihung25@gmail.com,0968033473,Ha Noi,,STANDARD,ACTIVE
C-00026,Nguyen Van Hung,nguyenhung26@gmail.com,0943531482,Ha Noi,,STANDARD,ACTIVE
C-00027,Vo Van Thanh,vothanh27@gmail.com,0987735344,Ha Noi,,GOLD,ACTIVE
C-00028,Phan Van Khanh,phankhanh28@gmail.com,0958271886,Ha Noi,,SILVER,ACTIVE
C-00029,Bui Van Phuc,buiphuc29@gmail.com,0932054347,Ha Noi,,GOLD,ACTIVE
C-00030,Pham Van Minh,phamminh30@gmail.com,0999187814,Ha Noi,,GOLD,ACTIVE
C-00031,Tran Van Anh,trananh31@gmail.com,0982801814,Ha Noi,,STANDARD,ACTIVE
C-00032,Le Van Son,leson32@gmail.com,0926803617,Ha Noi,,STANDARD,ACTIVE
C-00033,Bui Van Minh,buiminh33@gmail.com,0950494437,Ha Noi,,SILVER,ACTIVE
C-00034,Dang Van Binh,dangbinh34@gmail.com,0996031393,Ha Noi,,STANDARD,ACTIVE
C-00035,Vo Van Cuong,vocuong35@gmail.com,0949667960,Ha Noi,,SILVER,ACTIVE
C-00036,Phan Van Anh,phananh36@gmail.com,0957708341,Ha Noi,,SILVER,ACTIVE
C-00037,Nguyen Van Minh,nguyenminh37@gmail.com,0988475953,Ha Noi,,DIAMOND,ACTIVE
C-00038,Pham Van Trung,phamtrung38@gmail.com,0966515880,Ha Noi,,GOLD,ACTIVE
C-00039,Pham Van Thanh,phamthanh39@gmail.com,0915207837,Ha Noi,,STANDARD,ACTIVE
C-00040,Nguyen Van Hieu,nguyenhieu40@gmail.com,0968462348,Ha Noi,,STANDARD,ACTIVE
C-00041,Vu Van Anh,vuanh41@gmail.com,0957871047,Ha Noi,,SILVER,ACTIVE
C-00042,Le Van Cuong,lecuong42@gmail.com,0963696568,Ha Noi,,STANDARD,ACTIVE
C-00043,Le Van Dung,ledung43@gmail.com,0943490156,Ha Noi,,SILVER,ACTIVE
C-00044,Bui Van Thanh,buithanh44@gmail.com,0994332882,Ha Noi,,SILVER,ACTIVE
C-00045,Vu Van Dung,vudung45@gmail.com,0983910191,Ha Noi,,STANDARD,ACTIVE
C-00046,Vu Van Binh,vubinh46@gmail.com,0939655478,Ha Noi,,STANDARD,ACTIVE
C-00047,Pham Van Phuc,phamphuc47@gmail.com,0953423311,Ha Noi,,SILVER,ACTIVE
C-00048,Nguyen Van Son,nguyenson48@gmail.com,0945017179,Ha Noi,,GOLD,ACTIVE
C-00049,Dang Van Trung,dangtrung49@gmail.com,0990822807,Ha Noi,,STANDARD,ACTIVE
C-00050,Phan Van Phuc,phanphuc50@gmail.com,0968457465,Ha Noi,,STANDARD,ACTIVE
C-00051,Hoang Van Quang,hoangquang51@gmail.com,0968948768,Ha Noi,,STANDARD,ACTIVE
C-00052,Vo Van Trung,votrung52@gmail.com,0990795595,Ha Noi,,STANDARD,ACTIVE
C-00053,Bui Van Thanh,buithanh53@gmail.com,0989748480,Ha Noi,,STANDARD,ACTIVE
C-00054,Bui Van Cuong,buicuong54@gmail.com,0939186710,Ha Noi,,SILVER,ACTIVE
C-00055,Dang Van Minh,dangminh55@gmail.com,0911086938,Ha Noi,,STANDARD,ACTIVE
C-00056,Pham Van Minh,phamminh56@gmail.com,0949109360,Ha Noi,,DIAMOND,ACTIVE
C-00057,Tran Van Minh,tranminh57@gmail.com,0953506995,Ha Noi,,STANDARD,ACTIVE
C-00058,Dang Van Linh,danglinh58@gmail.com,0954431672,Ha Noi,,GOLD,ACTIVE
C-00059,Le Van Phuc,lephuc59@gmail.com,0989149281,Ha Noi,,STANDARD,ACTIVE
C-00060,Hoang Van Cuong,hoangcuong60@gmail.com,0961203235,Ha Noi,,SILVER,ACTIVE
C-00061,Hoang Van Anh,hoanganh61@gmail.com,0973719548,Ha Noi,,STANDARD,ACTIVE
C-00062,Phan Van Dung,phandung62@gmail.com,0918419178,Ha Noi,,STANDARD,ACTIVE
C-00063,Tran Van Dung,trandung63@gmail.com,0990324409,Ha Noi,,STANDARD,ACTIVE
C-00064,Hoang Van Anh,hoanganh64@gmail.com,0996726818,Ha Noi,,STANDARD,ACTIVE
C-00065,Vo Van Quang,voquang65@gmail.com,0931937666,Ha Noi,,STANDARD,ACTIVE
C-00066,Pham Van Son,phamson66@gmail.com,0972108107,Ha Noi,,STANDARD,ACTIVE
C-00067,Nguyen Van Phuc,nguyenphuc67@gmail.com,0947301759,Ha Noi,,STANDARD,ACTIVE
C-00068,Hoang Van Binh,hoangbinh68@gmail.com,0918872512,Ha Noi,,GOLD,ACTIVE
C-00069,Vu Van Phuc,vuphuc69@gmail.com,0917830311,Ha Noi,,STANDARD,ACTIVE
C-00070,Vo Van Hung,vohung70@gmail.com,0919345407,Ha Noi,,SILVER,ACTIVE
C-00071,Tran Van Hieu,tranhieu71@gmail.com,0974383183,Ha Noi,,GOLD,ACTIVE
C-00072,Hoang Van Quang,hoangquang72@gmail.com,0938393281,Ha Noi,,SILVER,ACTIVE
C-00073,Phan Van Thanh,phanthanh73@gmail.com,0949856156,Ha Noi,,STANDARD,ACTIVE
C-00074,Le Van Nam,lenam74@gmail.com,0912280095,Ha Noi,,STANDARD,ACTIVE
C-00075,Dang Van Hieu,danghieu75@gmail.com,0986056496,Ha Noi,,STANDARD,ACTIVE
C-00076,Vo Van Thanh,vothanh76@gmail.com,0929428370,Ha Noi,,STANDARD,ACTIVE
C-00077,Phan Van Binh,phanbinh77@gmail.com,0999244801,Ha Noi,,SILVER,ACTIVE
C-00078,Dang Van Trung,dangtrung78@gmail.com,0955305447,Ha Noi,,STANDARD,ACTIVE
C-00079,Le Van Binh,lebinh79@gmail.com,0971150986,Ha Noi,,GOLD,ACTIVE
C-00080,Nguyen Van Trung,nguyentrung80@gmail.com,0916085517,Ha Noi,,GOLD,ACTIVE
C-00081,Dang Van Anh,danganh81@gmail.com,0925961912,Ha Noi,,STANDARD,ACTIVE
C-00082,Phan Van Hung,phanhung82@gmail.com,0948590813,Ha Noi,,SILVER,ACTIVE
C-00083,Le Van Thanh,lethanh83@gmail.com,0911982779,Ha Noi,,STANDARD,ACTIVE
C-00084,Phan Van Cuong,phancuong84@gmail.com,0982823847,Ha Noi,,STANDARD,ACTIVE
C-00085,Pham Van Hung,phamhung85@gmail.com,0977752757,Ha Noi,,STANDARD,ACTIVE
C-00086,Dang Van Dung,dangdung86@gmail.com,0980292456,Ha Noi,,STANDARD,ACTIVE
C-00087,Dang Van Son,dangson87@gmail.com,0943944275,Ha Noi,,STANDARD,ACTIVE
C-00088,Vu Van Binh,vubinh88@gmail.com,0944793807,Ha Noi,,DIAMOND,ACTIVE
C-00089,Phan Van Son,phanson89@gmail.com,0977772479,Ha Noi,,GOLD,ACTIVE
C-00090,Dang Van Hieu,danghieu90@gmail.com,0987125931,Ha Noi,,STANDARD,ACTIVE
C-00091,Phan Van Dung,phandung91@gmail.com,0978299065,Ha Noi,,GOLD,ACTIVE
C-00092,Vo Van Linh,volinh92@gmail.com,0960529502,Ha Noi,,SILVER,ACTIVE
C-00093,Vo Van Binh,vobinh93@gmail.com,0945935661,Ha Noi,,STANDARD,ACTIVE
C-00094,Le Van Minh,leminh94@gmail.com,0918969168,Ha Noi,,STANDARD,ACTIVE
C-00095,Le Van Dung,ledung95@gmail.com,0932490388,Ha Noi,,GOLD,ACTIVE
C-00096,Vo Van Thanh,vothanh96@gmail.com,0978269572,Ha Noi,,GOLD,ACTIVE
C-00097,Nguyen Van Anh,nguyenanh97@gmail.com,0934107427,Ha Noi,,GOLD,ACTIVE
C-00098,Tran Van Quang,tranquang98@gmail.com,0975754480,Ha Noi,,STANDARD,ACTIVE
C-00099,Dang Van Khanh,dangkhanh99@gmail.com,0946260214,Ha Noi,,SILVER,ACTIVE
C-00100,Bui Van Anh,buianh100@gmail.com,0932855729,Ha Noi,,SILVER,ACTIVE
C-00101,Vu Van Phuc,vuphuc101@gmail.com,0947631176,Ha Noi,,STANDARD,ACTIVE
C-00102,Bui Van Phuc,buiphuc102@gmail.com,0943645802,Ha Noi,,STANDARD,ACTIVE
C-00103,Hoang Van Minh,hoangminh103@gmail.com,0917844001,Ha Noi,,DIAMOND,ACTIVE
C-00104,Hoang Van Son,hoangson104@gmail.com,0966737996,Ha Noi,,STANDARD,ACTIVE
C-00105,Bui Van Hieu,buihieu105@gmail.com,0943595557,Ha Noi,,STANDARD,ACTIVE
C-00106,Vu Van Thanh,vuthanh106@gmail.com,0948845822,Ha Noi,,STANDARD,ACTIVE
C-00107,Pham Van Son,phamson107@gmail.com,0910972642,Ha Noi,,SILVER,ACTIVE
C-00108,Vu Van Hieu,vuhieu108@gmail.com,0991626439,Ha Noi,,GOLD,ACTIVE
C-00109,Bui Van Nam,buinam109@gmail.com,0934396611,Ha Noi,,STANDARD,ACTIVE
C-00110,Vo Van Binh,vobinh110@gmail.com,0961703397,Ha Noi,,GOLD,ACTIVE
C-00111,Nguyen Van Trung,nguyentrung111@gmail.com,0961336346,Ha Noi,,DIAMOND,ACTIVE
C-00112,Tran Van Cuong,trancuong112@gmail.com,0919042578,Ha Noi,,SILVER,ACTIVE
C-00113,Phan Van Quang,phanquang113@gmail.com,0919176163,Ha Noi,,SILVER,ACTIVE
C-00114,Vo Van Minh,vominh114@gmail.com,0971958433,Ha Noi,,STANDARD,ACTIVE
C-00115,Pham Van Khanh,phamkhanh115@gmail.com,0979956485,Ha Noi,,STANDARD,ACTIVE
C-00116,Nguyen Van Dung,nguyendung116@gmail.com,0973826685,Ha Noi,,STANDARD,ACTIVE
C-00117,Vu Van Hieu,vuhieu117@gmail.com,0914542482,Ha Noi,,GOLD,ACTIVE
C-00118,Nguyen Van Trung,nguyentrung118@gmail.com,0961207874,Ha Noi,,GOLD,ACTIVE
C-00119,Vu Van Phuc,vuphuc119@gmail.com,0934311967,Ha Noi,,GOLD,ACTIVE
C-00120,Hoang Van Hung,hoanghung120@gmail.com,0996217485,Ha Noi,,SILVER,ACTIVE
C-00121,Pham Van Anh,phamanh121@gmail.com,0912800192,Ha Noi,,STANDARD,ACTIVE
C-00122,Phan Van Khanh,phankhanh122@gmail.com,0971250989,Ha Noi,,STANDARD,ACTIVE
C-00123,Le Van Binh,lebinh123@gmail.com,0939038138,Ha Noi,,STANDARD,ACTIVE
C-00124,Vu Van Minh,vuminh124@gmail.com,0978730113,Ha Noi,,SILVER,ACTIVE
C-00125,Hoang Van Anh,hoanganh125@gmail.com,0995871822,Ha Noi,,STANDARD,ACTIVE
C-00126,Bui Van Dung,buidung126@gmail.com,0940948069,Ha Noi,,STANDARD,ACTIVE
C-00127,Pham Van Anh,phamanh127@gmail.com,0995634799,Ha Noi,,SILVER,ACTIVE
C-00128,Hoang Van Quang,hoangquang128@gmail.com,0937407181,Ha Noi,,STANDARD,ACTIVE
C-00129,Tran Van Phuc,tranphuc129@gmail.com,0979297264,Ha Noi,,SILVER,ACTIVE
C-00130,Pham Van Cuong,phamcuong130@gmail.com,0991002969,Ha Noi,,SILVER,ACTIVE
C-00131,Vu Van Nam,vunam131@gmail.com,0977772872,Ha Noi,,SILVER,ACTIVE
C-00132,Tran Van Thanh,tranthanh132@gmail.com,0951105396,Ha Noi,,STANDARD,ACTIVE
C-00133,Vo Van Hieu,vohieu133@gmail.com,0936987976,Ha Noi,,STANDARD,ACTIVE
C-00134,Bui Van Thanh,buithanh134@gmail.com,0912686922,Ha Noi,,SILVER,ACTIVE
C-00135,Dang Van Son,dangson135@gmail.com,0948300395,Ha Noi,,SILVER,ACTIVE
C-00136,Bui Van Hung,buihung136@gmail.com,0985889381,Ha Noi,,STANDARD,ACTIVE
C-00137,Dang Van Cuong,dangcuong137@gmail.com,0943537204,Ha Noi,,GOLD,ACTIVE
C-00138,Le Van Linh,lelinh138@gmail.com,0934593634,Ha Noi,,STANDARD,ACTIVE
C-00139,Bui Van Hung,buihung139@gmail.com,0938263023,Ha Noi,,STANDARD,ACTIVE
C-00140,Vo Van Thanh,vothanh140@gmail.com,0979928369,Ha Noi,,STANDARD,ACTIVE
C-00141,Pham Van Binh,phambinh141@gmail.com,0999478007,Ha Noi,,STANDARD,ACTIVE
C-00142,Vu Van Linh,vulinh142@gmail.com,0922257421,Ha Noi,,SILVER,ACTIVE
C-00143,Vo Van Son,voson143@gmail.com,0911376632,Ha Noi,,STANDARD,ACTIVE
C-00144,Phan Van Phuc,phanphuc144@gmail.com,0972402314,Ha Noi,,SILVER,ACTIVE
C-00145,Dang Van Trung,dangtrung145@gmail.com,0941259961,Ha Noi,,SILVER,ACTIVE
C-00146,Nguyen Van Dung,nguyendung146@gmail.com,0995733829,Ha Noi,,STANDARD,ACTIVE
C-00147,Pham Van Minh,phamminh147@gmail.com,0958847808,Ha Noi,,STANDARD,ACTIVE
C-00148,Hoang Van Trung,hoangtrung148@gmail.com,0938933728,Ha Noi,,SILVER,ACTIVE
C-00149,Dang Van Khanh,dangkhanh149@gmail.com,0968040158,Ha Noi,,STANDARD,ACTIVE
C-00150,Le Van Anh,leanh150@gmail.com,0999359137,Ha Noi,,STANDARD,ACTIVE
C-00151,Phan Van Phuc,phanphuc151@gmail.com,0963549750,Ha Noi,,STANDARD,ACTIVE
C-00152,Nguyen Van Linh,nguyenlinh152@gmail.com,0985741566,Ha Noi,,STANDARD,ACTIVE
C-00153,Pham Van Hung,phamhung153@gmail.com,0988717274,Ha Noi,,SILVER,ACTIVE
C-00154,Dang Van Thanh,dangthanh154@gmail.com,0938869216,Ha Noi,,GOLD,ACTIVE
C-00155,Bui Van Quang,buiquang155@gmail.com,0933952732,Ha Noi,,STANDARD,ACTIVE
C-00156,Phan Van Anh,phananh156@gmail.com,0951548686,Ha Noi,,STANDARD,ACTIVE
C-00157,Pham Van Linh,phamlinh157@gmail.com,0951429340,Ha Noi,,STANDARD,ACTIVE
C-00158,Dang Van Anh,danganh158@gmail.com,0940619521,Ha Noi,,STANDARD,ACTIVE
C-00159,Bui Van Phuc,buiphuc159@gmail.com,0963146017,Ha Noi,,DIAMOND,ACTIVE
C-00160,Pham Van Son,phamson160@gmail.com,0986488094,Ha Noi,,STANDARD,ACTIVE
C-00161,Le Van Khanh,lekhanh161@gmail.com,0968114726,Ha Noi,,GOLD,ACTIVE
C-00162,Bui Van Nam,buinam162@gmail.com,0918448067,Ha Noi,,STANDARD,ACTIVE
C-00163,Bui Van Cuong,buicuong163@gmail.com,0932312632,Ha Noi,,SILVER,ACTIVE
C-00164,Phan Van Hung,phanhung164@gmail.com,0947168339,Ha Noi,,STANDARD,ACTIVE
C-00165,Phan Van Son,phanson165@gmail.com,0953233337,Ha Noi,,STANDARD,ACTIVE
C-00166,Dang Van Phuc,dangphuc166@gmail.com,0931777002,Ha Noi,,GOLD,ACTIVE
C-00167,Nguyen Van Binh,nguyenbinh167@gmail.com,0981345443,Ha Noi,,STANDARD,ACTIVE
C-00168,Hoang Van Son,hoangson168@gmail.com,0988302340,Ha Noi,,STANDARD,ACTIVE
C-00169,Bui Van Anh,buianh169@gmail.com,0947975919,Ha Noi,,STANDARD,ACTIVE
C-00170,Tran Van Thanh,tranthanh170@gmail.com,0910347320,Ha Noi,,STANDARD,ACTIVE
C-00171,Tran Van Hung,tranhung171@gmail.com,0966477027,Ha Noi,,SILVER,ACTIVE
C-00172,Vu Van Son,vuson172@gmail.com,0924803585,Ha Noi,,GOLD,ACTIVE
C-00173,Nguyen Van Binh,nguyenbinh173@gmail.com,0914059994,Ha Noi,,STANDARD,ACTIVE
C-00174,Bui Van Trung,buitrung174@gmail.com,0966932486,Ha Noi,,STANDARD,ACTIVE
C-00175,Nguyen Van Quang,nguyenquang175@gmail.com,0962875931,Ha Noi,,DIAMOND,ACTIVE
C-00176,Pham Van Dung,phamdung176@gmail.com,0962098636,Ha Noi,,GOLD,ACTIVE
C-00177,Bui Van Trung,buitrung177@gmail.com,0924444740,Ha Noi,,STANDARD,ACTIVE
C-00178,Vu Van Linh,vulinh178@gmail.com,0947211880,Ha Noi,,STANDARD,ACTIVE
C-00179,Phan Van Thanh,phanthanh179@gmail.com,0916167552,Ha Noi,,STANDARD,ACTIVE
C-00180,Dang Van Hung,danghung180@gmail.com,0957561237,Ha Noi,,SILVER,ACTIVE
C-00181,Tran Van Thanh,tranthanh181@gmail.com,0951646339,Ha Noi,,DIAMOND,ACTIVE
C-00182,Pham Van Phuc,phamphuc182@gmail.com,0933494772,Ha Noi,,STANDARD,ACTIVE
C-00183,Nguyen Van Khanh,nguyenkhanh183@gmail.com,0968654855,Ha Noi,,STANDARD,ACTIVE
C-00184,Phan Van Nam,phannam184@gmail.com,0962661238,Ha Noi,,STANDARD,ACTIVE
C-00185,Nguyen Van Khanh,nguyenkhanh185@gmail.com,0934483891,Ha Noi,,STANDARD,ACTIVE
C-00186,Hoang Van Anh,hoanganh186@gmail.com,0985709056,Ha Noi,,STANDARD,ACTIVE
C-00187,Hoang Van Hieu,hoanghieu187@gmail.com,0998961112,Ha Noi,,SILVER,ACTIVE
C-00188,Le Van Nam,lenam188@gmail.com,0967988435,Ha Noi,,STANDARD,ACTIVE
C-00189,Le Van Quang,lequang189@gmail.com,0990174782,Ha Noi,,STANDARD,ACTIVE
C-00190,Dang Van Son,dangson190@gmail.com,0915561918,Ha Noi,,STANDARD,ACTIVE
C-00191,Dang Van Hieu,danghieu191@gmail.com,0995272462,Ha Noi,,STANDARD,ACTIVE
C-00192,Nguyen Van Cuong,nguyencuong192@gmail.com,0992238999,Ha Noi,,SILVER,ACTIVE
C-00193,Vu Van Cuong,vucuong193@gmail.com,0987184675,Ha Noi,,STANDARD,ACTIVE
C-00194,Hoang Van Dung,hoangdung194@gmail.com,0925734965,Ha Noi,,DIAMOND,ACTIVE
C-00195,Hoang Van Dung,hoangdung195@gmail.com,0923740608,Ha Noi,,STANDARD,ACTIVE
C-00196,Bui Van Cuong,buicuong196@gmail.com,0946200798,Ha Noi,,STANDARD,ACTIVE
C-00197,Le Van Anh,leanh197@gmail.com,0973114684,Ha Noi,,STANDARD,ACTIVE
C-00198,Nguyen Van Dung,nguyendung198@gmail.com,0915138059,Ha Noi,,STANDARD,ACTIVE
C-00199,Pham Van Phuc,phamphuc199@gmail.com,0962200803,Ha Noi,,STANDARD,ACTIVE
C-00200,Pham Van Khanh,phamkhanh200@gmail.com,0932294439,Ha Noi,,STANDARD,ACTIVE
C-00201,Pham Van Son,phamson201@gmail.com,0928296822,Ha Noi,,SILVER,ACTIVE
C-00202,Tran Van Minh,tranminh202@gmail.com,0999981707,Ha Noi,,SILVER,ACTIVE
C-00203,Hoang Van Quang,hoangquang203@gmail.com,0944229460,Ha Noi,,STANDARD,ACTIVE
C-00204,Tran Van Nam,trannam204@gmail.com,0972749847,Ha Noi,,GOLD,ACTIVE
C-00205,Bui Van Phuc,buiphuc205@gmail.com,0941336409,Ha Noi,,GOLD,ACTIVE
C-00206,Nguyen Van Linh,nguyenlinh206@gmail.com,0985482612,Ha Noi,,GOLD,ACTIVE
C-00207,Bui Van Linh,builinh207@gmail.com,0978579592,Ha Noi,,STANDARD,ACTIVE
C-00208,Le Van Dung,ledung208@gmail.com,0934397349,Ha Noi,,STANDARD,ACTIVE
C-00209,Pham Van Hung,phamhung209@gmail.com,0964366808,Ha Noi,,SILVER,ACTIVE
C-00210,Pham Van Trung,phamtrung210@gmail.com,0992535474,Ha Noi,,STANDARD,ACTIVE
C-00211,Le Van Phuc,lephuc211@gmail.com,0957429863,Ha Noi,,GOLD,ACTIVE
C-00212,Phan Van Hieu,phanhieu212@gmail.com,0952135495,Ha Noi,,STANDARD,ACTIVE
C-00213,Phan Van Thanh,phanthanh213@gmail.com,0954396157,Ha Noi,,SILVER,ACTIVE
C-00214,Hoang Van Hieu,hoanghieu214@gmail.com,0997797278,Ha Noi,,DIAMOND,ACTIVE
C-00215,Nguyen Van Binh,nguyenbinh215@gmail.com,0978084067,Ha Noi,,STANDARD,ACTIVE
C-00216,Vu Van Nam,vunam216@gmail.com,0920753669,Ha Noi,,STANDARD,ACTIVE
C-00217,Nguyen Van Hieu,nguyenhieu217@gmail.com,0985908770,Ha Noi,,SILVER,ACTIVE
C-00218,Le Van Son,leson218@gmail.com,0919194849,Ha Noi,,GOLD,ACTIVE
C-00219,Vu Van Linh,vulinh219@gmail.com,0999747911,Ha Noi,,GOLD,ACTIVE
C-00220,Phan Van Dung,phandung220@gmail.com,0920619760,Ha Noi,,GOLD,ACTIVE
C-00221,Dang Van Trung,dangtrung221@gmail.com,0956673573,Ha Noi,,STANDARD,ACTIVE
C-00222,Vu Van Dung,vudung222@gmail.com,0922799090,Ha Noi,,GOLD,ACTIVE
C-00223,Le Van Linh,lelinh223@gmail.com,0983116362,Ha Noi,,STANDARD,ACTIVE
C-00224,Tran Van Phuc,tranphuc224@gmail.com,0994094515,Ha Noi,,STANDARD,ACTIVE
C-00225,Nguyen Van Binh,nguyenbinh225@gmail.com,0943763768,Ha Noi,,GOLD,ACTIVE
C-00226,Le Van Thanh,lethanh226@gmail.com,0927075012,Ha Noi,,STANDARD,ACTIVE
C-00227,Nguyen Van Trung,nguyentrung227@gmail.com,0974381831,Ha Noi,,DIAMOND,ACTIVE
C-00228,Phan Van Dung,phandung228@gmail.com,0966742337,Ha Noi,,STANDARD,ACTIVE
C-00229,Dang Van Dung,dangdung229@gmail.com,0941916031,Ha Noi,,STANDARD,ACTIVE
C-00230,Vu Van Thanh,vuthanh230@gmail.com,0969795254,Ha Noi,,STANDARD,ACTIVE
C-00231,Tran Van Linh,tranlinh231@gmail.com,0959946035,Ha Noi,,STANDARD,ACTIVE
C-00232,Bui Van Thanh,buithanh232@gmail.com,0937599638,Ha Noi,,DIAMOND,ACTIVE
C-00233,Bui Van Anh,buianh233@gmail.com,0969506586,Ha Noi,,GOLD,ACTIVE
C-00234,Pham Van Binh,phambinh234@gmail.com,0992655056,Ha Noi,,STANDARD,ACTIVE
C-00235,Vo Van Anh,voanh235@gmail.com,0943211589,Ha Noi,,DIAMOND,ACTIVE
C-00236,Le Van Hung,lehung236@gmail.com,0930359040,Ha Noi,,SILVER,ACTIVE
C-00237,Le Van Linh,lelinh237@gmail.com,0914170380,Ha Noi,,GOLD,ACTIVE
C-00238,Hoang Van Linh,hoanglinh238@gmail.com,0939387786,Ha Noi,,STANDARD,ACTIVE
C-00239,Nguyen Van Linh,nguyenlinh239@gmail.com,0956690452,Ha Noi,,STANDARD,ACTIVE
C-00240,Nguyen Van Binh,nguyenbinh240@gmail.com,0989792507,Ha Noi,,DIAMOND,ACTIVE
C-00241,Bui Van Anh,buianh241@gmail.com,0967687598,Ha Noi,,STANDARD,ACTIVE
C-00242,Le Van Minh,leminh242@gmail.com,0988376014,Ha Noi,,STANDARD,ACTIVE
C-00243,Bui Van Phuc,buiphuc243@gmail.com,0959541245,Ha Noi,,STANDARD,ACTIVE
C-00244,Vu Van Son,vuson244@gmail.com,0956485653,Ha Noi,,GOLD,ACTIVE
C-00245,Pham Van Anh,phamanh245@gmail.com,0964816754,Ha Noi,,STANDARD,ACTIVE
C-00246,Nguyen Van Binh,nguyenbinh246@gmail.com,0938756138,Ha Noi,,GOLD,ACTIVE
C-00247,Vu Van Quang,vuquang247@gmail.com,0936050542,Ha Noi,,STANDARD,ACTIVE
C-00248,Phan Van Thanh,phanthanh248@gmail.com,0988546187,Ha Noi,,STANDARD,ACTIVE
C-00249,Le Van Hieu,lehieu249@gmail.com,0978653544,Ha Noi,,STANDARD,ACTIVE
C-00250,Hoang Van Trung,hoangtrung250@gmail.com,0956510259,Ha Noi,,STANDARD,ACTIVE
C-00251,Le Van Anh,leanh251@gmail.com,0993318175,Ha Noi,,SILVER,ACTIVE
C-00252,Hoang Van Son,hoangson252@gmail.com,0920072593,Ha Noi,,STANDARD,ACTIVE
C-00253,Le Van Son,leson253@gmail.com,0991498672,Ha Noi,,STANDARD,ACTIVE
C-00254,Hoang Van Hieu,hoanghieu254@gmail.com,0940506040,Ha Noi,,GOLD,ACTIVE
C-00255,Nguyen Van Dung,nguyendung255@gmail.com,0985060584,Ha Noi,,DIAMOND,ACTIVE
C-00256,Le Van Nam,lenam256@gmail.com,0918491330,Ha Noi,,SILVER,ACTIVE
C-00257,Nguyen Van Son,nguyenson257@gmail.com,0976294744,Ha Noi,,STANDARD,ACTIVE
C-00258,Vu Van Quang,vuquang258@gmail.com,0956064236,Ha Noi,,DIAMOND,ACTIVE
C-00259,Tran Van Trung,trantrung259@gmail.com,0928645740,Ha Noi,,SILVER,ACTIVE
C-00260,Hoang Van Dung,hoangdung260@gmail.com,0931147970,Ha Noi,,GOLD,ACTIVE
C-00261,Le Van Trung,letrung261@gmail.com,0990216812,Ha Noi,,GOLD,ACTIVE
C-00262,Pham Van Quang,phamquang262@gmail.com,0956481117,Ha Noi,,SILVER,ACTIVE
C-00263,Tran Van Son,transon263@gmail.com,0997087504,Ha Noi,,STANDARD,ACTIVE
C-00264,Hoang Van Son,hoangson264@gmail.com,0975267854,Ha Noi,,DIAMOND,ACTIVE
C-00265,Pham Van Cuong,phamcuong265@gmail.com,0985702661,Ha Noi,,STANDARD,ACTIVE
C-00266,Bui Van Khanh,buikhanh266@gmail.com,0946211287,Ha Noi,,SILVER,ACTIVE
C-00267,Pham Van Quang,phamquang267@gmail.com,0956188455,Ha Noi,,STANDARD,ACTIVE
C-00268,Bui Van Linh,builinh268@gmail.com,0926339155,Ha Noi,,STANDARD,ACTIVE
C-00269,Vu Van Cuong,vucuong269@gmail.com,0935909327,Ha Noi,,SILVER,ACTIVE
C-00270,Nguyen Van Phuc,nguyenphuc270@gmail.com,0966757216,Ha Noi,,SILVER,ACTIVE
C-00271,Pham Van Anh,phamanh271@gmail.com,0957482222,Ha Noi,,SILVER,ACTIVE
C-00272,Bui Van Son,buison272@gmail.com,0963761505,Ha Noi,,STANDARD,ACTIVE
C-00273,Nguyen Van Trung,nguyentrung273@gmail.com,0930346593,Ha Noi,,STANDARD,ACTIVE
C-00274,Dang Van Linh,danglinh274@gmail.com,0947955271,Ha Noi,,STANDARD,ACTIVE
C-00275,Hoang Van Anh,hoanganh275@gmail.com,0978772562,Ha Noi,,STANDARD,ACTIVE
C-00276,Pham Van Quang,phamquang276@gmail.com,0921305750,Ha Noi,,GOLD,ACTIVE
C-00277,Bui Van Khanh,buikhanh277@gmail.com,0986787860,Ha Noi,,STANDARD,ACTIVE
C-00278,Bui Van Dung,buidung278@gmail.com,0982768518,Ha Noi,,SILVER,ACTIVE
C-00279,Dang Van Minh,dangminh279@gmail.com,0983108245,Ha Noi,,STANDARD,ACTIVE
C-00280,Phan Van Minh,phanminh280@gmail.com,0974494431,Ha Noi,,STANDARD,ACTIVE
C-00281,Tran Van Dung,trandung281@gmail.com,0910117534,Ha Noi,,STANDARD,ACTIVE
C-00282,Nguyen Van Cuong,nguyencuong282@gmail.com,0910264278,Ha Noi,,STANDARD,ACTIVE
C-00283,Phan Van Khanh,phankhanh283@gmail.com,0925918827,Ha Noi,,STANDARD,ACTIVE
C-00284,Phan Van Nam,phannam284@gmail.com,0978407047,Ha Noi,,STANDARD,ACTIVE
C-00285,Nguyen Van Hieu,nguyenhieu285@gmail.com,0914387531,Ha Noi,,STANDARD,ACTIVE
C-00286,Phan Van Nam,phannam286@gmail.com,0965370837,Ha Noi,,STANDARD,ACTIVE
C-00287,Phan Van Minh,phanminh287@gmail.com,0931152681,Ha Noi,,STANDARD,ACTIVE
C-00288,Vo Van Thanh,vothanh288@gmail.com,0965362283,Ha Noi,,STANDARD,ACTIVE
C-00289,Hoang Van Binh,hoangbinh289@gmail.com,0953442974,Ha Noi,,STANDARD,ACTIVE
C-00290,Vo Van Binh,vobinh290@gmail.com,0942411708,Ha Noi,,STANDARD,ACTIVE
C-00291,Vu Van Thanh,vuthanh291@gmail.com,0982859157,Ha Noi,,STANDARD,ACTIVE
C-00292,Vu Van Son,vuson292@gmail.com,0933040041,Ha Noi,,SILVER,ACTIVE
C-00293,Vu Van Hieu,vuhieu293@gmail.com,0967868480,Ha Noi,,SILVER,ACTIVE
C-00294,Vo Van Hung,vohung294@gmail.com,0915319495,Ha Noi,,STANDARD,ACTIVE
C-00295,Nguyen Van Phuc,nguyenphuc295@gmail.com,0923627238,Ha Noi,,STANDARD,ACTIVE
C-00296,Vu Van Hieu,vuhieu296@gmail.com,0945154538,Ha Noi,,SILVER,ACTIVE
C-00297,Nguyen Van Son,nguyenson297@gmail.com,0928435523,Ha Noi,,STANDARD,ACTIVE
C-00298,Vu Van Cuong,vucuong298@gmail.com,0932691537,Ha Noi,,STANDARD,ACTIVE
C-00299,Dang Van Binh,dangbinh299@gmail.com,0921810699,Ha Noi,,STANDARD,ACTIVE
C-00300,Dang Van Binh,dangbinh300@gmail.com,0925590671,Ha Noi,,STANDARD,ACTIVE
C-00301,Hoang Van Phuc,hoangphuc301@gmail.com,0919167624,Ha Noi,,DIAMOND,ACTIVE
C-00302,Tran Van Phuc,tranphuc302@gmail.com,0930547578,Ha Noi,,SILVER,ACTIVE
C-00303,Dang Van Son,dangson303@gmail.com,0961666089,Ha Noi,,STANDARD,ACTIVE
C-00304,Vu Van Khanh,vukhanh304@gmail.com,0916070656,Ha Noi,,STANDARD,ACTIVE
C-00305,Hoang Van Trung,hoangtrung305@gmail.com,0925157504,Ha Noi,,STANDARD,ACTIVE
C-00306,Hoang Van Thanh,hoangthanh306@gmail.com,0934848722,Ha Noi,,STANDARD,ACTIVE
C-00307,Dang Van Anh,danganh307@gmail.com,0922311208,Ha Noi,,SILVER,ACTIVE
C-00308,Tran Van Thanh,tranthanh308@gmail.com,0953605832,Ha Noi,,STANDARD,ACTIVE
C-00309,Phan Van Trung,phantrung309@gmail.com,0996127507,Ha Noi,,SILVER,ACTIVE
C-00310,Pham Van Hieu,phamhieu310@gmail.com,0925382953,Ha Noi,,STANDARD,ACTIVE
C-00311,Vu Van Phuc,vuphuc311@gmail.com,0999475057,Ha Noi,,STANDARD,ACTIVE
C-00312,Nguyen Van Trung,nguyentrung312@gmail.com,0951470325,Ha Noi,,STANDARD,ACTIVE
C-00313,Pham Van Hung,phamhung313@gmail.com,0977292300,Ha Noi,,STANDARD,ACTIVE
C-00314,Dang Van Minh,dangminh314@gmail.com,0958343857,Ha Noi,,STANDARD,ACTIVE
C-00315,Bui Van Hung,buihung315@gmail.com,0958060828,Ha Noi,,SILVER,ACTIVE
C-00316,Vu Van Khanh,vukhanh316@gmail.com,0939385271,Ha Noi,,STANDARD,ACTIVE
C-00317,Vu Van Hieu,vuhieu317@gmail.com,0919832077,Ha Noi,,SILVER,ACTIVE
C-00318,Hoang Van Thanh,hoangthanh318@gmail.com,0931245320,Ha Noi,,STANDARD,ACTIVE
C-00319,Phan Van Son,phanson319@gmail.com,0970010552,Ha Noi,,SILVER,ACTIVE
C-00320,Phan Van Son,phanson320@gmail.com,0924623894,Ha Noi,,STANDARD,ACTIVE
C-00321,Hoang Van Khanh,hoangkhanh321@gmail.com,0954091552,Ha Noi,,SILVER,ACTIVE
C-00322,Phan Van Khanh,phankhanh322@gmail.com,0954926494,Ha Noi,,STANDARD,ACTIVE
C-00323,Bui Van Linh,builinh323@gmail.com,0974350440,Ha Noi,,STANDARD,ACTIVE
C-00324,Hoang Van Nam,hoangnam324@gmail.com,0926558564,Ha Noi,,STANDARD,ACTIVE
C-00325,Bui Van Anh,buianh325@gmail.com,0985320417,Ha Noi,,DIAMOND,ACTIVE
C-00326,Vo Van Cuong,vocuong326@gmail.com,0913102852,Ha Noi,,STANDARD,ACTIVE
C-00327,Dang Van Khanh,dangkhanh327@gmail.com,0985465605,Ha Noi,,SILVER,ACTIVE
C-00328,Vu Van Anh,vuanh328@gmail.com,0915019692,Ha Noi,,STANDARD,ACTIVE
C-00329,Nguyen Van Cuong,nguyencuong329@gmail.com,0939721755,Ha Noi,,STANDARD,ACTIVE
C-00330,Tran Van Khanh,trankhanh330@gmail.com,0992600686,Ha Noi,,STANDARD,ACTIVE
C-00331,Nguyen Van Hieu,nguyenhieu331@gmail.com,0996672213,Ha Noi,,SILVER,ACTIVE
C-00332,Vu Van Cuong,vucuong332@gmail.com,0918324617,Ha Noi,,SILVER,ACTIVE
C-00333,Pham Van Anh,phamanh333@gmail.com,0919004758,Ha Noi,,SILVER,ACTIVE
C-00334,Phan Van Minh,phanminh334@gmail.com,0928908580,Ha Noi,,STANDARD,ACTIVE
C-00335,Le Van Anh,leanh335@gmail.com,0977345607,Ha Noi,,SILVER,ACTIVE
C-00336,Nguyen Van Linh,nguyenlinh336@gmail.com,0985784616,Ha Noi,,GOLD,ACTIVE
C-00337,Phan Van Nam,phannam337@gmail.com,0938090622,Ha Noi,,STANDARD,ACTIVE
C-00338,Nguyen Van Dung,nguyendung338@gmail.com,0965830073,Ha Noi,,STANDARD,ACTIVE
C-00339,Dang Van Phuc,dangphuc339@gmail.com,0929625088,Ha Noi,,SILVER,ACTIVE
C-00340,Phan Van Dung,phandung340@gmail.com,0945696903,Ha Noi,,GOLD,ACTIVE
C-00341,Hoang Van Son,hoangson341@gmail.com,0951750764,Ha Noi,,STANDARD,ACTIVE
C-00342,Vo Van Hieu,vohieu342@gmail.com,0956970478,Ha Noi,,DIAMOND,ACTIVE
C-00343,Phan Van Thanh,phanthanh343@gmail.com,0962413311,Ha Noi,,STANDARD,ACTIVE
C-00344,Hoang Van Quang,hoangquang344@gmail.com,0916356162,Ha Noi,,GOLD,ACTIVE
C-00345,Tran Van Hieu,tranhieu345@gmail.com,0922885509,Ha Noi,,GOLD,ACTIVE
C-00346,Nguyen Van Trung,nguyentrung346@gmail.com,0934541974,Ha Noi,,STANDARD,ACTIVE
C-00347,Pham Van Dung,phamdung347@gmail.com,0952220356,Ha Noi,,GOLD,ACTIVE
C-00348,Dang Van Anh,danganh348@gmail.com,0931460919,Ha Noi,,GOLD,ACTIVE
C-00349,Dang Van Nam,dangnam349@gmail.com,0924972740,Ha Noi,,SILVER,ACTIVE
C-00350,Phan Van Thanh,phanthanh350@gmail.com,0999008540,Ha Noi,,GOLD,ACTIVE
C-00351,Pham Van Hung,phamhung351@gmail.com,0959789695,Ha Noi,,STANDARD,ACTIVE
C-00352,Le Van Cuong,lecuong352@gmail.com,0982626490,Ha Noi,,STANDARD,ACTIVE
C-00353,Vu Van Linh,vulinh353@gmail.com,0931847409,Ha Noi,,STANDARD,ACTIVE
C-00354,Vu Van Dung,vudung354@gmail.com,0937337107,Ha Noi,,SILVER,ACTIVE
C-00355,Phan Van Hieu,phanhieu355@gmail.com,0912475234,Ha Noi,,SILVER,ACTIVE
C-00356,Dang Van Linh,danglinh356@gmail.com,0962611891,Ha Noi,,STANDARD,ACTIVE
C-00357,Tran Van Hung,tranhung357@gmail.com,0961683938,Ha Noi,,STANDARD,ACTIVE
C-00358,Nguyen Van Hieu,nguyenhieu358@gmail.com,0951150520,Ha Noi,,DIAMOND,ACTIVE
C-00359,Vo Van Linh,volinh359@gmail.com,0956610424,Ha Noi,,STANDARD,ACTIVE
C-00360,Tran Van Quang,tranquang360@gmail.com,0964818207,Ha Noi,,STANDARD,ACTIVE
C-00361,Vu Van Nam,vunam361@gmail.com,0930691687,Ha Noi,,STANDARD,ACTIVE
C-00362,Hoang Van Quang,hoangquang362@gmail.com,0977061858,Ha Noi,,SILVER,ACTIVE
C-00363,Pham Van Quang,phamquang363@gmail.com,0959547224,Ha Noi,,STANDARD,ACTIVE
C-00364,Le Van Hung,lehung364@gmail.com,0974119907,Ha Noi,,STANDARD,ACTIVE
C-00365,Hoang Van Cuong,hoangcuong365@gmail.com,0974661725,Ha Noi,,SILVER,ACTIVE
C-00366,Pham Van Binh,phambinh366@gmail.com,0998200744,Ha Noi,,STANDARD,ACTIVE
C-00367,Phan Van Minh,phanminh367@gmail.com,0927134628,Ha Noi,,GOLD,ACTIVE
C-00368,Nguyen Van Anh,nguyenanh368@gmail.com,0977195551,Ha Noi,,STANDARD,ACTIVE
C-00369,Vo Van Thanh,vothanh369@gmail.com,0970958722,Ha Noi,,DIAMOND,ACTIVE
C-00370,Vu Van Cuong,vucuong370@gmail.com,0988346647,Ha Noi,,STANDARD,ACTIVE
C-00371,Dang Van Minh,dangminh371@gmail.com,0988602683,Ha Noi,,SILVER,ACTIVE
C-00372,Dang Van Khanh,dangkhanh372@gmail.com,0942414082,Ha Noi,,STANDARD,ACTIVE
C-00373,Bui Van Binh,buibinh373@gmail.com,0958852954,Ha Noi,,GOLD,ACTIVE
C-00374,Bui Van Phuc,buiphuc374@gmail.com,0965709519,Ha Noi,,GOLD,ACTIVE
C-00375,Vu Van Linh,vulinh375@gmail.com,0995127176,Ha Noi,,STANDARD,ACTIVE
C-00376,Dang Van Son,dangson376@gmail.com,0981166676,Ha Noi,,SILVER,ACTIVE
C-00377,Pham Van Khanh,phamkhanh377@gmail.com,0943028352,Ha Noi,,STANDARD,ACTIVE
C-00378,Pham Van Quang,phamquang378@gmail.com,0978748065,Ha Noi,,STANDARD,ACTIVE
C-00379,Nguyen Van Nam,nguyennam379@gmail.com,0937962502,Ha Noi,,STANDARD,ACTIVE
C-00380,Nguyen Van Anh,nguyenanh380@gmail.com,0993589164,Ha Noi,,GOLD,ACTIVE
C-00381,Dang Van Binh,dangbinh381@gmail.com,0947108281,Ha Noi,,GOLD,ACTIVE
C-00382,Pham Van Trung,phamtrung382@gmail.com,0925730606,Ha Noi,,GOLD,ACTIVE
C-00383,Vo Van Khanh,vokhanh383@gmail.com,0987975362,Ha Noi,,SILVER,ACTIVE
C-00384,Bui Van Dung,buidung384@gmail.com,0950701545,Ha Noi,,GOLD,ACTIVE
C-00385,Hoang Van Phuc,hoangphuc385@gmail.com,0958987680,Ha Noi,,STANDARD,ACTIVE
C-00386,Vo Van Cuong,vocuong386@gmail.com,0955191467,Ha Noi,,STANDARD,ACTIVE
C-00387,Vo Van Khanh,vokhanh387@gmail.com,0954735167,Ha Noi,,GOLD,ACTIVE
C-00388,Nguyen Van Linh,nguyenlinh388@gmail.com,0937621557,Ha Noi,,DIAMOND,ACTIVE
C-00389,Bui Van Dung,buidung389@gmail.com,0968080218,Ha Noi,,STANDARD,ACTIVE
C-00390,Le Van Anh,leanh390@gmail.com,0959016863,Ha Noi,,SILVER,ACTIVE
C-00391,Vu Van Linh,vulinh391@gmail.com,0962674846,Ha Noi,,GOLD,ACTIVE
C-00392,Vo Van Nam,vonam392@gmail.com,0990931379,Ha Noi,,DIAMOND,ACTIVE
C-00393,Nguyen Van Trung,nguyentrung393@gmail.com,0928607519,Ha Noi,,GOLD,ACTIVE
C-00394,Vu Van Anh,vuanh394@gmail.com,0922859102,Ha Noi,,STANDARD,ACTIVE
C-00395,Hoang Van Thanh,hoangthanh395@gmail.com,0944687030,Ha Noi,,STANDARD,ACTIVE
C-00396,Nguyen Van Khanh,nguyenkhanh396@gmail.com,0989628773,Ha Noi,,STANDARD,ACTIVE
C-00397,Bui Van Linh,builinh397@gmail.com,0988226615,Ha Noi,,DIAMOND,ACTIVE
C-00398,Pham Van Binh,phambinh398@gmail.com,0991946141,Ha Noi,,STANDARD,ACTIVE
C-00399,Vu Van Nam,vunam399@gmail.com,0913185876,Ha Noi,,STANDARD,ACTIVE
C-00400,Phan Van Linh,phanlinh400@gmail.com,0922208514,Ha Noi,,STANDARD,ACTIVE
C-00401,Vu Van Hieu,vuhieu401@gmail.com,0968398462,Ha Noi,,SILVER,ACTIVE
C-00402,Hoang Van Hieu,hoanghieu402@gmail.com,0996750076,Ha Noi,,SILVER,ACTIVE
C-00403,Vu Van Khanh,vukhanh403@gmail.com,0981841616,Ha Noi,,SILVER,ACTIVE
C-00404,Nguyen Van Son,nguyenson404@gmail.com,0932764047,Ha Noi,,GOLD,ACTIVE
C-00405,Nguyen Van Phuc,nguyenphuc405@gmail.com,0940965750,Ha Noi,,STANDARD,ACTIVE
C-00406,Phan Van Quang,phanquang406@gmail.com,0921218088,Ha Noi,,STANDARD,ACTIVE
C-00407,Phan Van Quang,phanquang407@gmail.com,0941652282,Ha Noi,,GOLD,ACTIVE
C-00408,Tran Van Son,transon408@gmail.com,0964989908,Ha Noi,,STANDARD,ACTIVE
C-00409,Tran Van Nam,trannam409@gmail.com,0935607108,Ha Noi,,STANDARD,ACTIVE
C-00410,Vu Van Thanh,vuthanh410@gmail.com,0984017148,Ha Noi,,GOLD,ACTIVE
C-00411,Hoang Van Minh,hoangminh411@gmail.com,0958820648,Ha Noi,,SILVER,ACTIVE
C-00412,Vo Van Phuc,vophuc412@gmail.com,0953142685,Ha Noi,,STANDARD,ACTIVE
C-00413,Pham Van Cuong,phamcuong413@gmail.com,0952439955,Ha Noi,,STANDARD,ACTIVE
C-00414,Pham Van Hieu,phamhieu414@gmail.com,0957257736,Ha Noi,,STANDARD,ACTIVE
C-00415,Vo Van Thanh,vothanh415@gmail.com,0961987903,Ha Noi,,STANDARD,ACTIVE
C-00416,Phan Van Hung,phanhung416@gmail.com,0993117799,Ha Noi,,STANDARD,ACTIVE
C-00417,Hoang Van Quang,hoangquang417@gmail.com,0926426753,Ha Noi,,STANDARD,ACTIVE
C-00418,Hoang Van Phuc,hoangphuc418@gmail.com,0963380839,Ha Noi,,STANDARD,ACTIVE
C-00419,Hoang Van Nam,hoangnam419@gmail.com,0960986008,Ha Noi,,SILVER,ACTIVE
C-00420,Phan Van Thanh,phanthanh420@gmail.com,0928620244,Ha Noi,,SILVER,ACTIVE
C-00421,Tran Van Trung,trantrung421@gmail.com,0957482066,Ha Noi,,STANDARD,ACTIVE
C-00422,Hoang Van Binh,hoangbinh422@gmail.com,0915152069,Ha Noi,,STANDARD,ACTIVE
C-00423,Vu Van Hieu,vuhieu423@gmail.com,0941304428,Ha Noi,,STANDARD,ACTIVE
C-00424,Tran Van Linh,tranlinh424@gmail.com,0982581481,Ha Noi,,GOLD,ACTIVE
C-00425,Dang Van Thanh,dangthanh425@gmail.com,0987786866,Ha Noi,,SILVER,ACTIVE
C-00426,Hoang Van Nam,hoangnam426@gmail.com,0982270140,Ha Noi,,STANDARD,ACTIVE
C-00427,Hoang Van Hieu,hoanghieu427@gmail.com,0916985386,Ha Noi,,STANDARD,ACTIVE
C-00428,Dang Van Thanh,dangthanh428@gmail.com,0967668962,Ha Noi,,STANDARD,ACTIVE
C-00429,Pham Van Hieu,phamhieu429@gmail.com,0927234064,Ha Noi,,STANDARD,ACTIVE
C-00430,Pham Van Linh,phamlinh430@gmail.com,0916937277,Ha Noi,,GOLD,ACTIVE
C-00431,Pham Van Binh,phambinh431@gmail.com,0977780825,Ha Noi,,SILVER,ACTIVE
C-00432,Hoang Van Quang,hoangquang432@gmail.com,0986287740,Ha Noi,,STANDARD,ACTIVE
C-00433,Dang Van Phuc,dangphuc433@gmail.com,0968175140,Ha Noi,,STANDARD,ACTIVE
C-00434,Vu Van Cuong,vucuong434@gmail.com,0996995531,Ha Noi,,STANDARD,ACTIVE
C-00435,Phan Van Thanh,phanthanh435@gmail.com,0934459160,Ha Noi,,GOLD,ACTIVE
C-00436,Phan Van Binh,phanbinh436@gmail.com,0947335379,Ha Noi,,STANDARD,ACTIVE
C-00437,Dang Van Minh,dangminh437@gmail.com,0998989267,Ha Noi,,DIAMOND,ACTIVE
C-00438,Dang Van Binh,dangbinh438@gmail.com,0983053808,Ha Noi,,GOLD,ACTIVE
C-00439,Vo Van Cuong,vocuong439@gmail.com,0973534086,Ha Noi,,STANDARD,ACTIVE
C-00440,Bui Van Quang,buiquang440@gmail.com,0912717962,Ha Noi,,GOLD,ACTIVE
C-00441,Tran Van Khanh,trankhanh441@gmail.com,0924825950,Ha Noi,,SILVER,ACTIVE
C-00442,Vo Van Binh,vobinh442@gmail.com,0958818533,Ha Noi,,STANDARD,ACTIVE
C-00443,Pham Van Dung,phamdung443@gmail.com,0976585337,Ha Noi,,STANDARD,ACTIVE
C-00444,Tran Van Trung,trantrung444@gmail.com,0972826887,Ha Noi,,STANDARD,ACTIVE
C-00445,Vu Van Nam,vunam445@gmail.com,0994671339,Ha Noi,,STANDARD,ACTIVE
C-00446,Vo Van Linh,volinh446@gmail.com,0958348263,Ha Noi,,GOLD,ACTIVE
C-00447,Vo Van Khanh,vokhanh447@gmail.com,0931687745,Ha Noi,,SILVER,ACTIVE
C-00448,Phan Van Anh,phananh448@gmail.com,0994289729,Ha Noi,,GOLD,ACTIVE
C-00449,Phan Van Phuc,phanphuc449@gmail.com,0979020161,Ha Noi,,STANDARD,ACTIVE
C-00450,Bui Van Thanh,buithanh450@gmail.com,0997073528,Ha Noi,,SILVER,ACTIVE
C-00451,Vo Van Hieu,vohieu451@gmail.com,0912295683,Ha Noi,,STANDARD,ACTIVE
C-00452,Vu Van Khanh,vukhanh452@gmail.com,0993469686,Ha Noi,,STANDARD,ACTIVE
C-00453,Phan Van Linh,phanlinh453@gmail.com,0982351446,Ha Noi,,STANDARD,ACTIVE
C-00454,Vo Van Anh,voanh454@gmail.com,0924634767,Ha Noi,,STANDARD,ACTIVE
C-00455,Vu Van Linh,vulinh455@gmail.com,0935693030,Ha Noi,,STANDARD,ACTIVE
C-00456,Dang Van Quang,dangquang456@gmail.com,0997912497,Ha Noi,,STANDARD,ACTIVE
C-00457,Dang Van Khanh,dangkhanh457@gmail.com,0999107512,Ha Noi,,STANDARD,ACTIVE
C-00458,Nguyen Van Thanh,nguyenthanh458@gmail.com,0954792687,Ha Noi,,STANDARD,ACTIVE
C-00459,Le Van Minh,leminh459@gmail.com,0985247220,Ha Noi,,STANDARD,ACTIVE
C-00460,Tran Van Son,transon460@gmail.com,0914486557,Ha Noi,,STANDARD,ACTIVE
C-00461,Vo Van Phuc,vophuc461@gmail.com,0925578616,Ha Noi,,SILVER,ACTIVE
C-00462,Le Van Nam,lenam462@gmail.com,0962403813,Ha Noi,,STANDARD,ACTIVE
C-00463,Le Van Quang,lequang463@gmail.com,0999255126,Ha Noi,,GOLD,ACTIVE
C-00464,Dang Van Trung,dangtrung464@gmail.com,0954262412,Ha Noi,,STANDARD,ACTIVE
C-00465,Tran Van Quang,tranquang465@gmail.com,0930719329,Ha Noi,,DIAMOND,ACTIVE
C-00466,Dang Van Trung,dangtrung466@gmail.com,0955142687,Ha Noi,,STANDARD,ACTIVE
C-00467,Phan Van Dung,phandung467@gmail.com,0935640067,Ha Noi,,STANDARD,ACTIVE
C-00468,Vu Van Khanh,vukhanh468@gmail.com,0934524643,Ha Noi,,STANDARD,ACTIVE
C-00469,Bui Van Hieu,buihieu469@gmail.com,0985196060,Ha Noi,,STANDARD,ACTIVE
C-00470,Phan Van Quang,phanquang470@gmail.com,0963577037,Ha Noi,,SILVER,ACTIVE
C-00471,Hoang Van Hung,hoanghung471@gmail.com,0931563143,Ha Noi,,STANDARD,ACTIVE
C-00472,Dang Van Binh,dangbinh472@gmail.com,0976070613,Ha Noi,,STANDARD,ACTIVE
C-00473,Dang Van Minh,dangminh473@gmail.com,0928798399,Ha Noi,,STANDARD,ACTIVE
C-00474,Le Van Nam,lenam474@gmail.com,0973024303,Ha Noi,,STANDARD,ACTIVE
C-00475,Dang Van Quang,dangquang475@gmail.com,0998346054,Ha Noi,,STANDARD,ACTIVE
C-00476,Nguyen Van Phuc,nguyenphuc476@gmail.com,0919835851,Ha Noi,,SILVER,ACTIVE
C-00477,Vu Van Cuong,vucuong477@gmail.com,0963801695,Ha Noi,,DIAMOND,ACTIVE
C-00478,Phan Van Son,phanson478@gmail.com,0997052391,Ha Noi,,SILVER,ACTIVE
C-00479,Nguyen Van Anh,nguyenanh479@gmail.com,0933158457,Ha Noi,,STANDARD,ACTIVE
C-00480,Tran Van Hung,tranhung480@gmail.com,0946807673,Ha Noi,,SILVER,ACTIVE
C-00481,Pham Van Khanh,phamkhanh481@gmail.com,0919411233,Ha Noi,,DIAMOND,ACTIVE
C-00482,Vu Van Hieu,vuhieu482@gmail.com,0975965412,Ha Noi,,STANDARD,ACTIVE
C-00483,Le Van Hung,lehung483@gmail.com,0944904859,Ha Noi,,SILVER,ACTIVE
C-00484,Tran Van Quang,tranquang484@gmail.com,0945370173,Ha Noi,,STANDARD,ACTIVE
C-00485,Vo Van Phuc,vophuc485@gmail.com,0972126315,Ha Noi,,STANDARD,ACTIVE
C-00486,Le Van Son,leson486@gmail.com,0911100723,Ha Noi,,STANDARD,ACTIVE
C-00487,Vu Van Son,vuson487@gmail.com,0999837955,Ha Noi,,STANDARD,ACTIVE
C-00488,Nguyen Van Son,nguyenson488@gmail.com,0933826576,Ha Noi,,SILVER,ACTIVE
C-00489,Vo Van Khanh,vokhanh489@gmail.com,0939486569,Ha Noi,,SILVER,ACTIVE
C-00490,Le Van Anh,leanh490@gmail.com,0961216591,Ha Noi,,STANDARD,ACTIVE
C-00491,Le Van Dung,ledung491@gmail.com,0982704922,Ha Noi,,STANDARD,ACTIVE
C-00492,Bui Van Son,buison492@gmail.com,0926346635,Ha Noi,,STANDARD,ACTIVE
C-00493,Vu Van Hieu,vuhieu493@gmail.com,0959373117,Ha Noi,,STANDARD,ACTIVE
C-00494,Vo Van Nam,vonam494@gmail.com,0917733771,Ha Noi,,SILVER,ACTIVE
C-00495,Dang Van Cuong,dangcuong495@gmail.com,0972497503,Ha Noi,,SILVER,ACTIVE
C-00496,Nguyen Van Hieu,nguyenhieu496@gmail.com,0962543896,Ha Noi,,STANDARD,ACTIVE
C-00497,Phan Van Son,phanson497@gmail.com,0941084457,Ha Noi,,STANDARD,ACTIVE
C-00498,Hoang Van Cuong,hoangcuong498@gmail.com,0993781107,Ha Noi,,DIAMOND,ACTIVE
C-00499,Le Van Thanh,lethanh499@gmail.com,0970414333,Ha Noi,,STANDARD,ACTIVE
C-00500,Le Van Hieu,lehieu500@gmail.com,0929806002,Ha Noi,,STANDARD,ACTIVE
C-00501,Phan Van Khanh,phankhanh501@gmail.com,0942854519,Ha Noi,,STANDARD,ACTIVE
C-00502,Tran Van Hieu,tranhieu502@gmail.com,0981826816,Ha Noi,,STANDARD,ACTIVE
C-00503,Dang Van Trung,dangtrung503@gmail.com,0943430759,Ha Noi,,STANDARD,ACTIVE
C-00504,Hoang Van Khanh,hoangkhanh504@gmail.com,0922292170,Ha Noi,,STANDARD,ACTIVE
C-00505,Bui Van Binh,buibinh505@gmail.com,0993321773,Ha Noi,,STANDARD,ACTIVE
C-00506,Vo Van Hung,vohung506@gmail.com,0986007097,Ha Noi,,STANDARD,ACTIVE
C-00507,Vu Van Phuc,vuphuc507@gmail.com,0932879337,Ha Noi,,STANDARD,ACTIVE
C-00508,Nguyen Van Minh,nguyenminh508@gmail.com,0985094293,Ha Noi,,STANDARD,ACTIVE
C-00509,Nguyen Van Nam,nguyennam509@gmail.com,0910362250,Ha Noi,,STANDARD,ACTIVE
C-00510,Pham Van Linh,phamlinh510@gmail.com,0924803191,Ha Noi,,STANDARD,ACTIVE
C-00511,Phan Van Khanh,phankhanh511@gmail.com,0931916816,Ha Noi,,GOLD,ACTIVE
C-00512,Vo Van Hung,vohung512@gmail.com,0956134881,Ha Noi,,STANDARD,ACTIVE
C-00513,Nguyen Van Dung,nguyendung513@gmail.com,0949082114,Ha Noi,,GOLD,ACTIVE
C-00514,Tran Van Khanh,trankhanh514@gmail.com,0945520967,Ha Noi,,DIAMOND,ACTIVE
C-00515,Le Van Hung,lehung515@gmail.com,0972268461,Ha Noi,,STANDARD,ACTIVE
C-00516,Dang Van Anh,danganh516@gmail.com,0948381752,Ha Noi,,GOLD,ACTIVE
C-00517,Hoang Van Binh,hoangbinh517@gmail.com,0911064052,Ha Noi,,STANDARD,ACTIVE
C-00518,Bui Van Phuc,buiphuc518@gmail.com,0994927135,Ha Noi,,GOLD,ACTIVE
C-00519,Tran Van Anh,trananh519@gmail.com,0945429950,Ha Noi,,STANDARD,ACTIVE
C-00520,Nguyen Van Hung,nguyenhung520@gmail.com,0943203682,Ha Noi,,GOLD,ACTIVE
C-00521,Bui Van Dung,buidung521@gmail.com,0943030249,Ha Noi,,STANDARD,ACTIVE
C-00522,Nguyen Van Anh,nguyenanh522@gmail.com,0960937147,Ha Noi,,STANDARD,ACTIVE
C-00523,Phan Van Khanh,phankhanh523@gmail.com,0994755337,Ha Noi,,SILVER,ACTIVE
C-00524,Dang Van Binh,dangbinh524@gmail.com,0973084438,Ha Noi,,STANDARD,ACTIVE
C-00525,Nguyen Van Cuong,nguyencuong525@gmail.com,0944459198,Ha Noi,,STANDARD,ACTIVE
C-00526,Vu Van Trung,vutrung526@gmail.com,0943466038,Ha Noi,,DIAMOND,ACTIVE
C-00527,Hoang Van Cuong,hoangcuong527@gmail.com,0954599667,Ha Noi,,STANDARD,ACTIVE
C-00528,Dang Van Trung,dangtrung528@gmail.com,0968477633,Ha Noi,,STANDARD,ACTIVE
C-00529,Phan Van Cuong,phancuong529@gmail.com,0920253020,Ha Noi,,STANDARD,ACTIVE
C-00530,Vo Van Minh,vominh530@gmail.com,0979504476,Ha Noi,,STANDARD,ACTIVE
C-00531,Le Van Phuc,lephuc531@gmail.com,0944884668,Ha Noi,,SILVER,ACTIVE
C-00532,Hoang Van Khanh,hoangkhanh532@gmail.com,0915929880,Ha Noi,,STANDARD,ACTIVE
C-00533,Hoang Van Cuong,hoangcuong533@gmail.com,0967670544,Ha Noi,,STANDARD,ACTIVE
C-00534,Pham Van Binh,phambinh534@gmail.com,0950583003,Ha Noi,,GOLD,ACTIVE
C-00535,Tran Van Nam,trannam535@gmail.com,0982606200,Ha Noi,,STANDARD,ACTIVE
C-00536,Nguyen Van Nam,nguyennam536@gmail.com,0918259141,Ha Noi,,DIAMOND,ACTIVE
C-00537,Nguyen Van Minh,nguyenminh537@gmail.com,0969631671,Ha Noi,,SILVER,ACTIVE
C-00538,Hoang Van Hieu,hoanghieu538@gmail.com,0956148016,Ha Noi,,STANDARD,ACTIVE
C-00539,Bui Van Binh,buibinh539@gmail.com,0925852326,Ha Noi,,GOLD,ACTIVE
C-00540,Le Van Anh,leanh540@gmail.com,0977335207,Ha Noi,,STANDARD,ACTIVE
C-00541,Le Van Hieu,lehieu541@gmail.com,0944288604,Ha Noi,,STANDARD,ACTIVE
C-00542,Tran Van Nam,trannam542@gmail.com,0942751613,Ha Noi,,SILVER,ACTIVE
C-00543,Vo Van Linh,volinh543@gmail.com,0946015948,Ha Noi,,STANDARD,ACTIVE
C-00544,Bui Van Nam,buinam544@gmail.com,0954080499,Ha Noi,,STANDARD,ACTIVE
C-00545,Dang Van Nam,dangnam545@gmail.com,0987881330,Ha Noi,,STANDARD,ACTIVE
C-00546,Pham Van Hung,phamhung546@gmail.com,0932475209,Ha Noi,,STANDARD,ACTIVE
C-00547,Vu Van Nam,vunam547@gmail.com,0985752452,Ha Noi,,STANDARD,ACTIVE
C-00548,Phan Van Son,phanson548@gmail.com,0924858706,Ha Noi,,STANDARD,ACTIVE
C-00549,Pham Van Phuc,phamphuc549@gmail.com,0989515058,Ha Noi,,SILVER,ACTIVE
C-00550,Le Van Minh,leminh550@gmail.com,0983924514,Ha Noi,,STANDARD,ACTIVE
C-00551,Vu Van Khanh,vukhanh551@gmail.com,0964276254,Ha Noi,,STANDARD,ACTIVE
C-00552,Le Van Linh,lelinh552@gmail.com,0955661826,Ha Noi,,STANDARD,ACTIVE
C-00553,Dang Van Linh,danglinh553@gmail.com,0929002240,Ha Noi,,GOLD,ACTIVE
C-00554,Tran Van Quang,tranquang554@gmail.com,0949559506,Ha Noi,,STANDARD,ACTIVE
C-00555,Le Van Binh,lebinh555@gmail.com,0961993776,Ha Noi,,SILVER,ACTIVE
C-00556,Hoang Van Khanh,hoangkhanh556@gmail.com,0982933986,Ha Noi,,GOLD,ACTIVE
C-00557,Pham Van Cuong,phamcuong557@gmail.com,0995507805,Ha Noi,,SILVER,ACTIVE
C-00558,Vo Van Phuc,vophuc558@gmail.com,0934611676,Ha Noi,,DIAMOND,ACTIVE
C-00559,Vo Van Hung,vohung559@gmail.com,0975955047,Ha Noi,,STANDARD,ACTIVE
C-00560,Le Van Hieu,lehieu560@gmail.com,0983877835,Ha Noi,,STANDARD,ACTIVE
C-00561,Nguyen Van Phuc,nguyenphuc561@gmail.com,0910588482,Ha Noi,,STANDARD,ACTIVE
C-00562,Phan Van Cuong,phancuong562@gmail.com,0966238820,Ha Noi,,STANDARD,ACTIVE
C-00563,Vu Van Nam,vunam563@gmail.com,0934981685,Ha Noi,,STANDARD,ACTIVE
C-00564,Vo Van Trung,votrung564@gmail.com,0989303054,Ha Noi,,STANDARD,ACTIVE
C-00565,Bui Van Hieu,buihieu565@gmail.com,0963743853,Ha Noi,,SILVER,ACTIVE
C-00566,Nguyen Van Hieu,nguyenhieu566@gmail.com,0987803876,Ha Noi,,STANDARD,ACTIVE
C-00567,Bui Van Cuong,buicuong567@gmail.com,0914780007,Ha Noi,,SILVER,ACTIVE
C-00568,Hoang Van Anh,hoanganh568@gmail.com,0921675185,Ha Noi,,STANDARD,ACTIVE
C-00569,Nguyen Van Dung,nguyendung569@gmail.com,0985575968,Ha Noi,,STANDARD,ACTIVE
C-00570,Hoang Van Anh,hoanganh570@gmail.com,0934124186,Ha Noi,,GOLD,ACTIVE
C-00571,Pham Van Cuong,phamcuong571@gmail.com,0964112502,Ha Noi,,SILVER,ACTIVE
C-00572,Pham Van Dung,phamdung572@gmail.com,0997190106,Ha Noi,,DIAMOND,ACTIVE
C-00573,Hoang Van Hieu,hoanghieu573@gmail.com,0981374020,Ha Noi,,STANDARD,ACTIVE
C-00574,Bui Van Dung,buidung574@gmail.com,0912168719,Ha Noi,,STANDARD,ACTIVE
C-00575,Tran Van Son,transon575@gmail.com,0988202409,Ha Noi,,STANDARD,ACTIVE
C-00576,Hoang Van Minh,hoangminh576@gmail.com,0929512006,Ha Noi,,SILVER,ACTIVE
C-00577,Vu Van Thanh,vuthanh577@gmail.com,0958858745,Ha Noi,,GOLD,ACTIVE
C-00578,Pham Van Khanh,phamkhanh578@gmail.com,0942738816,Ha Noi,,STANDARD,ACTIVE
C-00579,Le Van Dung,ledung579@gmail.com,0933297296,Ha Noi,,STANDARD,ACTIVE
C-00580,Vu Van Nam,vunam580@gmail.com,0967513459,Ha Noi,,STANDARD,ACTIVE
C-00581,Pham Van Dung,phamdung581@gmail.com,0919384880,Ha Noi,,STANDARD,ACTIVE
C-00582,Tran Van Khanh,trankhanh582@gmail.com,0934880130,Ha Noi,,STANDARD,ACTIVE
C-00583,Phan Van Trung,phantrung583@gmail.com,0974044445,Ha Noi,,STANDARD,ACTIVE
C-00584,Pham Van Trung,phamtrung584@gmail.com,0980993190,Ha Noi,,STANDARD,ACTIVE
C-00585,Dang Van Hieu,danghieu585@gmail.com,0917257153,Ha Noi,,STANDARD,ACTIVE
C-00586,Tran Van Son,transon586@gmail.com,0974922379,Ha Noi,,SILVER,ACTIVE
C-00587,Vu Van Nam,vunam587@gmail.com,0955617608,Ha Noi,,STANDARD,ACTIVE
C-00588,Nguyen Van Phuc,nguyenphuc588@gmail.com,0984532651,Ha Noi,,STANDARD,ACTIVE
C-00589,Le Van Linh,lelinh589@gmail.com,0929299809,Ha Noi,,STANDARD,ACTIVE
C-00590,Tran Van Phuc,tranphuc590@gmail.com,0911030993,Ha Noi,,SILVER,ACTIVE
C-00591,Vu Van Dung,vudung591@gmail.com,0988813559,Ha Noi,,STANDARD,ACTIVE
C-00592,Vu Van Thanh,vuthanh592@gmail.com,0945662855,Ha Noi,,STANDARD,ACTIVE
C-00593,Pham Van Thanh,phamthanh593@gmail.com,0941026780,Ha Noi,,STANDARD,ACTIVE
C-00594,Vu Van Thanh,vuthanh594@gmail.com,0929852759,Ha Noi,,STANDARD,ACTIVE
C-00595,Tran Van Phuc,tranphuc595@gmail.com,0946933909,Ha Noi,,STANDARD,ACTIVE
C-00596,Vo Van Anh,voanh596@gmail.com,0923833766,Ha Noi,,STANDARD,ACTIVE
C-00597,Hoang Van Nam,hoangnam597@gmail.com,0943555699,Ha Noi,,STANDARD,ACTIVE
C-00598,Tran Van Quang,tranquang598@gmail.com,0920008333,Ha Noi,,SILVER,ACTIVE
C-00599,Dang Van Binh,dangbinh599@gmail.com,0977214821,Ha Noi,,GOLD,ACTIVE
C-00600,Nguyen Van Trung,nguyentrung600@gmail.com,0967245940,Ha Noi,,STANDARD,ACTIVE
C-00601,Nguyen Van Nam,nguyennam601@gmail.com,0987006267,Ha Noi,,STANDARD,ACTIVE
C-00602,Nguyen Van Quang,nguyenquang602@gmail.com,0986742789,Ha Noi,,GOLD,ACTIVE
C-00603,Bui Van Binh,buibinh603@gmail.com,0988239874,Ha Noi,,STANDARD,ACTIVE
C-00604,Hoang Van Anh,hoanganh604@gmail.com,0946463470,Ha Noi,,STANDARD,ACTIVE
C-00605,Pham Van Son,phamson605@gmail.com,0920040719,Ha Noi,,STANDARD,ACTIVE
C-00606,Vo Van Nam,vonam606@gmail.com,0924844585,Ha Noi,,STANDARD,ACTIVE
C-00607,Tran Van Phuc,tranphuc607@gmail.com,0924833051,Ha Noi,,STANDARD,ACTIVE
C-00608,Tran Van Anh,trananh608@gmail.com,0922060354,Ha Noi,,STANDARD,ACTIVE
C-00609,Bui Van Thanh,buithanh609@gmail.com,0918458479,Ha Noi,,STANDARD,ACTIVE
C-00610,Vo Van Trung,votrung610@gmail.com,0994957875,Ha Noi,,STANDARD,ACTIVE
C-00611,Bui Van Hung,buihung611@gmail.com,0910925574,Ha Noi,,GOLD,ACTIVE
C-00612,Vu Van Thanh,vuthanh612@gmail.com,0951166012,Ha Noi,,STANDARD,ACTIVE
C-00613,Dang Van Dung,dangdung613@gmail.com,0930587100,Ha Noi,,STANDARD,ACTIVE
C-00614,Le Van Cuong,lecuong614@gmail.com,0987408037,Ha Noi,,SILVER,ACTIVE
C-00615,Pham Van Quang,phamquang615@gmail.com,0999506584,Ha Noi,,STANDARD,ACTIVE
C-00616,Bui Van Phuc,buiphuc616@gmail.com,0953145684,Ha Noi,,SILVER,ACTIVE
C-00617,Nguyen Van Hung,nguyenhung617@gmail.com,0946057223,Ha Noi,,STANDARD,ACTIVE
C-00618,Hoang Van Cuong,hoangcuong618@gmail.com,0927018330,Ha Noi,,SILVER,ACTIVE
C-00619,Dang Van Hung,danghung619@gmail.com,0959817196,Ha Noi,,DIAMOND,ACTIVE
C-00620,Phan Van Thanh,phanthanh620@gmail.com,0931380079,Ha Noi,,SILVER,ACTIVE
C-00621,Tran Van Quang,tranquang621@gmail.com,0942412721,Ha Noi,,STANDARD,ACTIVE
C-00622,Pham Van Anh,phamanh622@gmail.com,0932864865,Ha Noi,,SILVER,ACTIVE
C-00623,Bui Van Hung,buihung623@gmail.com,0995493917,Ha Noi,,STANDARD,ACTIVE
C-00624,Phan Van Hieu,phanhieu624@gmail.com,0929994678,Ha Noi,,STANDARD,ACTIVE
C-00625,Nguyen Van Phuc,nguyenphuc625@gmail.com,0914359169,Ha Noi,,STANDARD,ACTIVE
C-00626,Nguyen Van Thanh,nguyenthanh626@gmail.com,0960139977,Ha Noi,,GOLD,ACTIVE
C-00627,Hoang Van Dung,hoangdung627@gmail.com,0922644705,Ha Noi,,STANDARD,ACTIVE
C-00628,Le Van Dung,ledung628@gmail.com,0975174733,Ha Noi,,SILVER,ACTIVE
C-00629,Nguyen Van Linh,nguyenlinh629@gmail.com,0986848496,Ha Noi,,SILVER,ACTIVE
C-00630,Tran Van Khanh,trankhanh630@gmail.com,0994208059,Ha Noi,,SILVER,ACTIVE
C-00631,Phan Van Hieu,phanhieu631@gmail.com,0971436389,Ha Noi,,GOLD,ACTIVE
C-00632,Phan Van Minh,phanminh632@gmail.com,0913015818,Ha Noi,,SILVER,ACTIVE
C-00633,Dang Van Nam,dangnam633@gmail.com,0953792795,Ha Noi,,STANDARD,ACTIVE
C-00634,Dang Van Khanh,dangkhanh634@gmail.com,0947848523,Ha Noi,,STANDARD,ACTIVE
C-00635,Nguyen Van Hieu,nguyenhieu635@gmail.com,0961099259,Ha Noi,,STANDARD,ACTIVE
C-00636,Vo Van Trung,votrung636@gmail.com,0997986182,Ha Noi,,SILVER,ACTIVE
C-00637,Vo Van Minh,vominh637@gmail.com,0958857133,Ha Noi,,STANDARD,ACTIVE
C-00638,Nguyen Van Quang,nguyenquang638@gmail.com,0912684644,Ha Noi,,STANDARD,ACTIVE
C-00639,Bui Van Minh,buiminh639@gmail.com,0981692953,Ha Noi,,STANDARD,ACTIVE
C-00640,Pham Van Phuc,phamphuc640@gmail.com,0995611611,Ha Noi,,SILVER,ACTIVE
C-00641,Vo Van Son,voson641@gmail.com,0973255384,Ha Noi,,GOLD,ACTIVE
C-00642,Tran Van Hieu,tranhieu642@gmail.com,0951780722,Ha Noi,,SILVER,ACTIVE
C-00643,Bui Van Linh,builinh643@gmail.com,0915578052,Ha Noi,,GOLD,ACTIVE
C-00644,Dang Van Cuong,dangcuong644@gmail.com,0997648797,Ha Noi,,STANDARD,ACTIVE
C-00645,Dang Van Khanh,dangkhanh645@gmail.com,0955884045,Ha Noi,,STANDARD,ACTIVE
C-00646,Dang Van Cuong,dangcuong646@gmail.com,0999429884,Ha Noi,,GOLD,ACTIVE
C-00647,Bui Van Dung,buidung647@gmail.com,0987611408,Ha Noi,,SILVER,ACTIVE
C-00648,Tran Van Minh,tranminh648@gmail.com,0937048555,Ha Noi,,STANDARD,ACTIVE
C-00649,Le Van Thanh,lethanh649@gmail.com,0965432583,Ha Noi,,STANDARD,ACTIVE
C-00650,Vo Van Thanh,vothanh650@gmail.com,0931137280,Ha Noi,,STANDARD,ACTIVE
C-00651,Phan Van Linh,phanlinh651@gmail.com,0958047399,Ha Noi,,STANDARD,ACTIVE
C-00652,Vu Van Thanh,vuthanh652@gmail.com,0925741612,Ha Noi,,SILVER,ACTIVE
C-00653,Pham Van Phuc,phamphuc653@gmail.com,0944655044,Ha Noi,,SILVER,ACTIVE
C-00654,Pham Van Quang,phamquang654@gmail.com,0944191062,Ha Noi,,STANDARD,ACTIVE
C-00655,Bui Van Anh,buianh655@gmail.com,0994911955,Ha Noi,,SILVER,ACTIVE
C-00656,Nguyen Van Trung,nguyentrung656@gmail.com,0940117165,Ha Noi,,STANDARD,ACTIVE
C-00657,Phan Van Phuc,phanphuc657@gmail.com,0932968018,Ha Noi,,STANDARD,ACTIVE
C-00658,Vo Van Dung,vodung658@gmail.com,0961700755,Ha Noi,,STANDARD,ACTIVE
C-00659,Phan Van Dung,phandung659@gmail.com,0988467516,Ha Noi,,SILVER,ACTIVE
C-00660,Vu Van Hung,vuhung660@gmail.com,0976576389,Ha Noi,,DIAMOND,ACTIVE
C-00661,Bui Van Cuong,buicuong661@gmail.com,0928053414,Ha Noi,,STANDARD,ACTIVE
C-00662,Phan Van Son,phanson662@gmail.com,0971638026,Ha Noi,,STANDARD,ACTIVE
C-00663,Phan Van Linh,phanlinh663@gmail.com,0927168076,Ha Noi,,STANDARD,ACTIVE
C-00664,Pham Van Binh,phambinh664@gmail.com,0930686871,Ha Noi,,STANDARD,ACTIVE
C-00665,Vu Van Anh,vuanh665@gmail.com,0999774797,Ha Noi,,STANDARD,ACTIVE
C-00666,Nguyen Van Dung,nguyendung666@gmail.com,0936852044,Ha Noi,,STANDARD,ACTIVE
C-00667,Vu Van Thanh,vuthanh667@gmail.com,0953753892,Ha Noi,,STANDARD,ACTIVE
C-00668,Bui Van Trung,buitrung668@gmail.com,0966000791,Ha Noi,,STANDARD,ACTIVE
C-00669,Nguyen Van Phuc,nguyenphuc669@gmail.com,0910827135,Ha Noi,,STANDARD,ACTIVE
C-00670,Bui Van Son,buison670@gmail.com,0948978643,Ha Noi,,STANDARD,ACTIVE
C-00671,Le Van Quang,lequang671@gmail.com,0999790137,Ha Noi,,STANDARD,ACTIVE
C-00672,Pham Van Hieu,phamhieu672@gmail.com,0910825181,Ha Noi,,STANDARD,ACTIVE
C-00673,Tran Van Hieu,tranhieu673@gmail.com,0930519850,Ha Noi,,SILVER,ACTIVE
C-00674,Dang Van Thanh,dangthanh674@gmail.com,0970454782,Ha Noi,,DIAMOND,ACTIVE
C-00675,Bui Van Thanh,buithanh675@gmail.com,0926307389,Ha Noi,,GOLD,ACTIVE
C-00676,Phan Van Anh,phananh676@gmail.com,0953724543,Ha Noi,,DIAMOND,ACTIVE
C-00677,Bui Van Hung,buihung677@gmail.com,0921151393,Ha Noi,,STANDARD,ACTIVE
C-00678,Tran Van Son,transon678@gmail.com,0954908302,Ha Noi,,STANDARD,ACTIVE
C-00679,Vo Van Phuc,vophuc679@gmail.com,0979692148,Ha Noi,,STANDARD,ACTIVE
C-00680,Tran Van Son,transon680@gmail.com,0915454573,Ha Noi,,STANDARD,ACTIVE
C-00681,Le Van Nam,lenam681@gmail.com,0958738291,Ha Noi,,GOLD,ACTIVE
C-00682,Phan Van Hung,phanhung682@gmail.com,0970454740,Ha Noi,,STANDARD,ACTIVE
C-00683,Nguyen Van Minh,nguyenminh683@gmail.com,0959412391,Ha Noi,,STANDARD,ACTIVE
C-00684,Nguyen Van Hung,nguyenhung684@gmail.com,0924507900,Ha Noi,,STANDARD,ACTIVE
C-00685,Phan Van Minh,phanminh685@gmail.com,0961711419,Ha Noi,,GOLD,ACTIVE
C-00686,Dang Van Dung,dangdung686@gmail.com,0947088486,Ha Noi,,STANDARD,ACTIVE
C-00687,Nguyen Van Trung,nguyentrung687@gmail.com,0953003635,Ha Noi,,GOLD,ACTIVE
C-00688,Pham Van Anh,phamanh688@gmail.com,0974065229,Ha Noi,,STANDARD,ACTIVE
C-00689,Dang Van Trung,dangtrung689@gmail.com,0983209090,Ha Noi,,STANDARD,ACTIVE
C-00690,Vo Van Trung,votrung690@gmail.com,0976511606,Ha Noi,,GOLD,ACTIVE
C-00691,Hoang Van Minh,hoangminh691@gmail.com,0937661830,Ha Noi,,STANDARD,ACTIVE
C-00692,Tran Van Son,transon692@gmail.com,0945965704,Ha Noi,,DIAMOND,ACTIVE
C-00693,Phan Van Minh,phanminh693@gmail.com,0977316406,Ha Noi,,SILVER,ACTIVE
C-00694,Tran Van Minh,tranminh694@gmail.com,0992796577,Ha Noi,,STANDARD,ACTIVE
C-00695,Vu Van Hieu,vuhieu695@gmail.com,0957740703,Ha Noi,,STANDARD,ACTIVE
C-00696,Vu Van Anh,vuanh696@gmail.com,0981206765,Ha Noi,,DIAMOND,ACTIVE
C-00697,Vu Van Khanh,vukhanh697@gmail.com,0972954210,Ha Noi,,STANDARD,ACTIVE
C-00698,Dang Van Phuc,dangphuc698@gmail.com,0912947576,Ha Noi,,STANDARD,ACTIVE
C-00699,Dang Van Hung,danghung699@gmail.com,0922761962,Ha Noi,,STANDARD,ACTIVE
C-00700,Le Van Cuong,lecuong700@gmail.com,0927800555,Ha Noi,,SILVER,ACTIVE
C-00701,Phan Van Binh,phanbinh701@gmail.com,0916552453,Ha Noi,,SILVER,ACTIVE
C-00702,Le Van Thanh,lethanh702@gmail.com,0921002393,Ha Noi,,SILVER,ACTIVE
C-00703,Bui Van Anh,buianh703@gmail.com,0950384119,Ha Noi,,STANDARD,ACTIVE
C-00704,Hoang Van Hieu,hoanghieu704@gmail.com,0978201172,Ha Noi,,SILVER,ACTIVE
C-00705,Vu Van Dung,vudung705@gmail.com,0992982264,Ha Noi,,STANDARD,ACTIVE
C-00706,Le Van Minh,leminh706@gmail.com,0932111060,Ha Noi,,GOLD,ACTIVE
C-00707,Phan Van Quang,phanquang707@gmail.com,0930642581,Ha Noi,,STANDARD,ACTIVE
C-00708,Hoang Van Son,hoangson708@gmail.com,0993379502,Ha Noi,,SILVER,ACTIVE
C-00709,Vo Van Linh,volinh709@gmail.com,0937658290,Ha Noi,,GOLD,ACTIVE
C-00710,Phan Van Nam,phannam710@gmail.com,0911257641,Ha Noi,,GOLD,ACTIVE
C-00711,Nguyen Van Quang,nguyenquang711@gmail.com,0927268144,Ha Noi,,STANDARD,ACTIVE
C-00712,Hoang Van Phuc,hoangphuc712@gmail.com,0918369631,Ha Noi,,STANDARD,ACTIVE
C-00713,Vo Van Thanh,vothanh713@gmail.com,0920909581,Ha Noi,,SILVER,ACTIVE
C-00714,Bui Van Linh,builinh714@gmail.com,0992581461,Ha Noi,,GOLD,ACTIVE
C-00715,Dang Van Khanh,dangkhanh715@gmail.com,0940874771,Ha Noi,,STANDARD,ACTIVE
C-00716,Vo Van Anh,voanh716@gmail.com,0915587941,Ha Noi,,GOLD,ACTIVE
C-00717,Dang Van Quang,dangquang717@gmail.com,0917359552,Ha Noi,,STANDARD,ACTIVE
C-00718,Vu Van Quang,vuquang718@gmail.com,0917215486,Ha Noi,,STANDARD,ACTIVE
C-00719,Dang Van Son,dangson719@gmail.com,0921613534,Ha Noi,,STANDARD,ACTIVE
C-00720,Vu Van Binh,vubinh720@gmail.com,0985718279,Ha Noi,,SILVER,ACTIVE
C-00721,Dang Van Hung,danghung721@gmail.com,0913839555,Ha Noi,,SILVER,ACTIVE
C-00722,Pham Van Quang,phamquang722@gmail.com,0996908137,Ha Noi,,STANDARD,ACTIVE
C-00723,Phan Van Cuong,phancuong723@gmail.com,0916171131,Ha Noi,,SILVER,ACTIVE
C-00724,Vu Van Trung,vutrung724@gmail.com,0922012182,Ha Noi,,STANDARD,ACTIVE
C-00725,Dang Van Minh,dangminh725@gmail.com,0946035320,Ha Noi,,SILVER,ACTIVE
C-00726,Le Van Quang,lequang726@gmail.com,0943907717,Ha Noi,,STANDARD,ACTIVE
C-00727,Tran Van Thanh,tranthanh727@gmail.com,0987900288,Ha Noi,,SILVER,ACTIVE
C-00728,Dang Van Binh,dangbinh728@gmail.com,0989654048,Ha Noi,,GOLD,ACTIVE
C-00729,Vu Van Dung,vudung729@gmail.com,0986534131,Ha Noi,,SILVER,ACTIVE
C-00730,Pham Van Son,phamson730@gmail.com,0980959084,Ha Noi,,GOLD,ACTIVE
C-00731,Pham Van Hung,phamhung731@gmail.com,0920370076,Ha Noi,,STANDARD,ACTIVE
C-00732,Bui Van Phuc,buiphuc732@gmail.com,0920692714,Ha Noi,,STANDARD,ACTIVE
C-00733,Phan Van Khanh,phankhanh733@gmail.com,0913448710,Ha Noi,,STANDARD,ACTIVE
C-00734,Vu Van Phuc,vuphuc734@gmail.com,0999924143,Ha Noi,,STANDARD,ACTIVE
C-00735,Dang Van Phuc,dangphuc735@gmail.com,0959529099,Ha Noi,,SILVER,ACTIVE
C-00736,Tran Van Hieu,tranhieu736@gmail.com,0926767581,Ha Noi,,SILVER,ACTIVE
C-00737,Dang Van Cuong,dangcuong737@gmail.com,0978717024,Ha Noi,,STANDARD,ACTIVE
C-00738,Tran Van Khanh,trankhanh738@gmail.com,0916359071,Ha Noi,,STANDARD,ACTIVE
C-00739,Phan Van Quang,phanquang739@gmail.com,0977560747,Ha Noi,,STANDARD,ACTIVE
C-00740,Dang Van Minh,dangminh740@gmail.com,0914489949,Ha Noi,,GOLD,ACTIVE
C-00741,Phan Van Dung,phandung741@gmail.com,0930013430,Ha Noi,,STANDARD,ACTIVE
C-00742,Bui Van Anh,buianh742@gmail.com,0947307684,Ha Noi,,STANDARD,ACTIVE
C-00743,Tran Van Binh,tranbinh743@gmail.com,0959308535,Ha Noi,,SILVER,ACTIVE
C-00744,Tran Van Hieu,tranhieu744@gmail.com,0995715558,Ha Noi,,STANDARD,ACTIVE
C-00745,Tran Van Son,transon745@gmail.com,0951734912,Ha Noi,,GOLD,ACTIVE
C-00746,Bui Van Hung,buihung746@gmail.com,0947082072,Ha Noi,,STANDARD,ACTIVE
C-00747,Bui Van Son,buison747@gmail.com,0962950634,Ha Noi,,STANDARD,ACTIVE
C-00748,Le Van Anh,leanh748@gmail.com,0966282413,Ha Noi,,STANDARD,ACTIVE
C-00749,Nguyen Van Cuong,nguyencuong749@gmail.com,0920211608,Ha Noi,,STANDARD,ACTIVE
C-00750,Tran Van Minh,tranminh750@gmail.com,0910665653,Ha Noi,,SILVER,ACTIVE
C-00751,Tran Van Minh,tranminh751@gmail.com,0949319025,Ha Noi,,STANDARD,ACTIVE
C-00752,Hoang Van Khanh,hoangkhanh752@gmail.com,0955267506,Ha Noi,,STANDARD,ACTIVE
C-00753,Tran Van Khanh,trankhanh753@gmail.com,0912428153,Ha Noi,,STANDARD,ACTIVE
C-00754,Dang Van Quang,dangquang754@gmail.com,0995876610,Ha Noi,,GOLD,ACTIVE
C-00755,Vo Van Hung,vohung755@gmail.com,0956761977,Ha Noi,,SILVER,ACTIVE
C-00756,Hoang Van Hung,hoanghung756@gmail.com,0915601359,Ha Noi,,STANDARD,ACTIVE
C-00757,Nguyen Van Trung,nguyentrung757@gmail.com,0970479492,Ha Noi,,DIAMOND,ACTIVE
C-00758,Vu Van Hieu,vuhieu758@gmail.com,0977103242,Ha Noi,,SILVER,ACTIVE
C-00759,Le Van Dung,ledung759@gmail.com,0987322509,Ha Noi,,GOLD,ACTIVE
C-00760,Phan Van Hung,phanhung760@gmail.com,0944296200,Ha Noi,,DIAMOND,ACTIVE
C-00761,Phan Van Linh,phanlinh761@gmail.com,0951924376,Ha Noi,,GOLD,ACTIVE
C-00762,Vu Van Cuong,vucuong762@gmail.com,0935872059,Ha Noi,,STANDARD,ACTIVE
C-00763,Bui Van Dung,buidung763@gmail.com,0921928799,Ha Noi,,STANDARD,ACTIVE
C-00764,Le Van Minh,leminh764@gmail.com,0930506879,Ha Noi,,STANDARD,ACTIVE
C-00765,Hoang Van Hieu,hoanghieu765@gmail.com,0932380937,Ha Noi,,SILVER,ACTIVE
C-00766,Le Van Binh,lebinh766@gmail.com,0924577187,Ha Noi,,GOLD,ACTIVE
C-00767,Tran Van Quang,tranquang767@gmail.com,0922379941,Ha Noi,,STANDARD,ACTIVE
C-00768,Vo Van Nam,vonam768@gmail.com,0957280442,Ha Noi,,STANDARD,ACTIVE
C-00769,Vo Van Binh,vobinh769@gmail.com,0957319160,Ha Noi,,STANDARD,ACTIVE
C-00770,Nguyen Van Minh,nguyenminh770@gmail.com,0987458850,Ha Noi,,GOLD,ACTIVE
C-00771,Vo Van Khanh,vokhanh771@gmail.com,0933760657,Ha Noi,,STANDARD,ACTIVE
C-00772,Nguyen Van Hieu,nguyenhieu772@gmail.com,0912567692,Ha Noi,,STANDARD,ACTIVE
C-00773,Nguyen Van Minh,nguyenminh773@gmail.com,0949028289,Ha Noi,,STANDARD,ACTIVE
C-00774,Tran Van Trung,trantrung774@gmail.com,0987411375,Ha Noi,,GOLD,ACTIVE
C-00775,Vo Van Son,voson775@gmail.com,0974812573,Ha Noi,,SILVER,ACTIVE
C-00776,Phan Van Phuc,phanphuc776@gmail.com,0998769659,Ha Noi,,STANDARD,ACTIVE
C-00777,Vo Van Hieu,vohieu777@gmail.com,0965795974,Ha Noi,,STANDARD,ACTIVE
C-00778,Dang Van Hung,danghung778@gmail.com,0994917966,Ha Noi,,STANDARD,ACTIVE
C-00779,Le Van Quang,lequang779@gmail.com,0911661366,Ha Noi,,STANDARD,ACTIVE
C-00780,Vu Van Minh,vuminh780@gmail.com,0947555293,Ha Noi,,STANDARD,ACTIVE
C-00781,Bui Van Binh,buibinh781@gmail.com,0910048133,Ha Noi,,STANDARD,ACTIVE
C-00782,Vo Van Quang,voquang782@gmail.com,0947871982,Ha Noi,,GOLD,ACTIVE
C-00783,Hoang Van Khanh,hoangkhanh783@gmail.com,0989794500,Ha Noi,,STANDARD,ACTIVE
C-00784,Dang Van Hieu,danghieu784@gmail.com,0950991864,Ha Noi,,SILVER,ACTIVE
C-00785,Tran Van Minh,tranminh785@gmail.com,0939582137,Ha Noi,,SILVER,ACTIVE
C-00786,Nguyen Van Binh,nguyenbinh786@gmail.com,0958170148,Ha Noi,,STANDARD,ACTIVE
C-00787,Tran Van Binh,tranbinh787@gmail.com,0955520724,Ha Noi,,STANDARD,ACTIVE
C-00788,Le Van Thanh,lethanh788@gmail.com,0950591175,Ha Noi,,STANDARD,ACTIVE
C-00789,Tran Van Hieu,tranhieu789@gmail.com,0944365624,Ha Noi,,GOLD,ACTIVE
C-00790,Hoang Van Binh,hoangbinh790@gmail.com,0934589637,Ha Noi,,STANDARD,ACTIVE
C-00791,Bui Van Phuc,buiphuc791@gmail.com,0949044770,Ha Noi,,STANDARD,ACTIVE
C-00792,Pham Van Phuc,phamphuc792@gmail.com,0965851771,Ha Noi,,STANDARD,ACTIVE
C-00793,Phan Van Thanh,phanthanh793@gmail.com,0913273859,Ha Noi,,SILVER,ACTIVE
C-00794,Hoang Van Thanh,hoangthanh794@gmail.com,0980039187,Ha Noi,,STANDARD,ACTIVE
C-00795,Le Van Khanh,lekhanh795@gmail.com,0920414180,Ha Noi,,SILVER,ACTIVE
C-00796,Dang Van Son,dangson796@gmail.com,0955119406,Ha Noi,,STANDARD,ACTIVE
C-00797,Phan Van Son,phanson797@gmail.com,0970747832,Ha Noi,,STANDARD,ACTIVE
C-00798,Phan Van Cuong,phancuong798@gmail.com,0985076044,Ha Noi,,STANDARD,ACTIVE
C-00799,Hoang Van Linh,hoanglinh799@gmail.com,0989029788,Ha Noi,,STANDARD,ACTIVE
C-00800,Dang Van Linh,danglinh800@gmail.com,0913318529,Ha Noi,,GOLD,ACTIVE
C-00801,Vu Van Quang,vuquang801@gmail.com,0938318074,Ha Noi,,STANDARD,ACTIVE
C-00802,Phan Van Cuong,phancuong802@gmail.com,0986778176,Ha Noi,,SILVER,ACTIVE
C-00803,Nguyen Van Phuc,nguyenphuc803@gmail.com,0973135743,Ha Noi,,STANDARD,ACTIVE
C-00804,Phan Van Hung,phanhung804@gmail.com,0956853796,Ha Noi,,STANDARD,ACTIVE
C-00805,Pham Van Linh,phamlinh805@gmail.com,0920311568,Ha Noi,,STANDARD,ACTIVE
C-00806,Pham Van Nam,phamnam806@gmail.com,0953683539,Ha Noi,,GOLD,ACTIVE
C-00807,Nguyen Van Nam,nguyennam807@gmail.com,0937118559,Ha Noi,,STANDARD,ACTIVE
C-00808,Dang Van Phuc,dangphuc808@gmail.com,0967996956,Ha Noi,,STANDARD,ACTIVE
C-00809,Bui Van Binh,buibinh809@gmail.com,0998877761,Ha Noi,,GOLD,ACTIVE
C-00810,Bui Van Son,buison810@gmail.com,0999269059,Ha Noi,,STANDARD,ACTIVE
C-00811,Vo Van Khanh,vokhanh811@gmail.com,0931978374,Ha Noi,,DIAMOND,ACTIVE
C-00812,Tran Van Cuong,trancuong812@gmail.com,0919534416,Ha Noi,,SILVER,ACTIVE
C-00813,Dang Van Anh,danganh813@gmail.com,0960213317,Ha Noi,,SILVER,ACTIVE
C-00814,Bui Van Khanh,buikhanh814@gmail.com,0953783815,Ha Noi,,STANDARD,ACTIVE
C-00815,Nguyen Van Cuong,nguyencuong815@gmail.com,0938178459,Ha Noi,,SILVER,ACTIVE
C-00816,Pham Van Anh,phamanh816@gmail.com,0925889489,Ha Noi,,DIAMOND,ACTIVE
C-00817,Vo Van Hung,vohung817@gmail.com,0978659811,Ha Noi,,GOLD,ACTIVE
C-00818,Phan Van Minh,phanminh818@gmail.com,0950428343,Ha Noi,,STANDARD,ACTIVE
C-00819,Tran Van Quang,tranquang819@gmail.com,0966434705,Ha Noi,,DIAMOND,ACTIVE
C-00820,Vo Van Hung,vohung820@gmail.com,0911522904,Ha Noi,,DIAMOND,ACTIVE
C-00821,Vo Van Hieu,vohieu821@gmail.com,0944802523,Ha Noi,,STANDARD,ACTIVE
C-00822,Vu Van Binh,vubinh822@gmail.com,0980574286,Ha Noi,,STANDARD,ACTIVE
C-00823,Vu Van Phuc,vuphuc823@gmail.com,0911792370,Ha Noi,,STANDARD,ACTIVE
C-00824,Dang Van Trung,dangtrung824@gmail.com,0965264604,Ha Noi,,STANDARD,ACTIVE
C-00825,Dang Van Quang,dangquang825@gmail.com,0958174911,Ha Noi,,STANDARD,ACTIVE
C-00826,Hoang Van Thanh,hoangthanh826@gmail.com,0913959847,Ha Noi,,STANDARD,ACTIVE
C-00827,Dang Van Hung,danghung827@gmail.com,0924345896,Ha Noi,,STANDARD,ACTIVE
C-00828,Bui Van Cuong,buicuong828@gmail.com,0922553934,Ha Noi,,STANDARD,ACTIVE
C-00829,Pham Van Binh,phambinh829@gmail.com,0974265594,Ha Noi,,STANDARD,ACTIVE
C-00830,Hoang Van Son,hoangson830@gmail.com,0986573219,Ha Noi,,STANDARD,ACTIVE
C-00831,Vo Van Binh,vobinh831@gmail.com,0948494045,Ha Noi,,SILVER,ACTIVE
C-00832,Dang Van Binh,dangbinh832@gmail.com,0973475675,Ha Noi,,SILVER,ACTIVE
C-00833,Pham Van Linh,phamlinh833@gmail.com,0957489495,Ha Noi,,STANDARD,ACTIVE
C-00834,Vo Van Dung,vodung834@gmail.com,0981988918,Ha Noi,,STANDARD,ACTIVE
C-00835,Le Van Phuc,lephuc835@gmail.com,0938840874,Ha Noi,,STANDARD,ACTIVE
C-00836,Tran Van Dung,trandung836@gmail.com,0964313701,Ha Noi,,STANDARD,ACTIVE
C-00837,Nguyen Van Quang,nguyenquang837@gmail.com,0921352351,Ha Noi,,GOLD,ACTIVE
C-00838,Pham Van Anh,phamanh838@gmail.com,0978992375,Ha Noi,,SILVER,ACTIVE
C-00839,Le Van Binh,lebinh839@gmail.com,0991855385,Ha Noi,,STANDARD,ACTIVE
C-00840,Phan Van Cuong,phancuong840@gmail.com,0937500557,Ha Noi,,STANDARD,ACTIVE
C-00841,Dang Van Phuc,dangphuc841@gmail.com,0964671340,Ha Noi,,STANDARD,ACTIVE
C-00842,Phan Van Quang,phanquang842@gmail.com,0983905959,Ha Noi,,SILVER,ACTIVE
C-00843,Pham Van Thanh,phamthanh843@gmail.com,0961734636,Ha Noi,,STANDARD,ACTIVE
C-00844,Phan Van Minh,phanminh844@gmail.com,0933167474,Ha Noi,,SILVER,ACTIVE
C-00845,Phan Van Hung,phanhung845@gmail.com,0916266531,Ha Noi,,STANDARD,ACTIVE
C-00846,Nguyen Van Phuc,nguyenphuc846@gmail.com,0955243814,Ha Noi,,GOLD,ACTIVE
C-00847,Vu Van Phuc,vuphuc847@gmail.com,0963845662,Ha Noi,,SILVER,ACTIVE
C-00848,Dang Van Binh,dangbinh848@gmail.com,0975229281,Ha Noi,,STANDARD,ACTIVE
C-00849,Phan Van Anh,phananh849@gmail.com,0968784204,Ha Noi,,STANDARD,ACTIVE
C-00850,Dang Van Quang,dangquang850@gmail.com,0978658794,Ha Noi,,STANDARD,ACTIVE
C-00851,Phan Van Son,phanson851@gmail.com,0955493589,Ha Noi,,DIAMOND,ACTIVE
C-00852,Vu Van Dung,vudung852@gmail.com,0918582968,Ha Noi,,STANDARD,ACTIVE
C-00853,Phan Van Khanh,phankhanh853@gmail.com,0952755976,Ha Noi,,SILVER,ACTIVE
C-00854,Tran Van Anh,trananh854@gmail.com,0914851037,Ha Noi,,STANDARD,ACTIVE
C-00855,Dang Van Trung,dangtrung855@gmail.com,0921563926,Ha Noi,,GOLD,ACTIVE
C-00856,Vo Van Binh,vobinh856@gmail.com,0958423202,Ha Noi,,STANDARD,ACTIVE
C-00857,Bui Van Phuc,buiphuc857@gmail.com,0945851150,Ha Noi,,STANDARD,ACTIVE
C-00858,Vo Van Anh,voanh858@gmail.com,0992284704,Ha Noi,,SILVER,ACTIVE
C-00859,Dang Van Anh,danganh859@gmail.com,0987125707,Ha Noi,,DIAMOND,ACTIVE
C-00860,Hoang Van Minh,hoangminh860@gmail.com,0918766415,Ha Noi,,STANDARD,ACTIVE
C-00861,Vu Van Quang,vuquang861@gmail.com,0936556637,Ha Noi,,GOLD,ACTIVE
C-00862,Le Van Cuong,lecuong862@gmail.com,0977184311,Ha Noi,,GOLD,ACTIVE
C-00863,Phan Van Minh,phanminh863@gmail.com,0980408499,Ha Noi,,GOLD,ACTIVE
C-00864,Vo Van Hung,vohung864@gmail.com,0944971214,Ha Noi,,DIAMOND,ACTIVE
C-00865,Hoang Van Thanh,hoangthanh865@gmail.com,0923276277,Ha Noi,,STANDARD,ACTIVE
C-00866,Vu Van Dung,vudung866@gmail.com,0957278458,Ha Noi,,DIAMOND,ACTIVE
C-00867,Hoang Van Quang,hoangquang867@gmail.com,0971403897,Ha Noi,,GOLD,ACTIVE
C-00868,Hoang Van Dung,hoangdung868@gmail.com,0925766798,Ha Noi,,STANDARD,ACTIVE
C-00869,Tran Van Khanh,trankhanh869@gmail.com,0986686438,Ha Noi,,STANDARD,ACTIVE
C-00870,Vo Van Minh,vominh870@gmail.com,0931632617,Ha Noi,,SILVER,ACTIVE
C-00871,Phan Van Thanh,phanthanh871@gmail.com,0987076735,Ha Noi,,STANDARD,ACTIVE
C-00872,Tran Van Cuong,trancuong872@gmail.com,0929040884,Ha Noi,,GOLD,ACTIVE
C-00873,Hoang Van Dung,hoangdung873@gmail.com,0945588843,Ha Noi,,STANDARD,ACTIVE
C-00874,Dang Van Linh,danglinh874@gmail.com,0936346543,Ha Noi,,SILVER,ACTIVE
C-00875,Hoang Van Dung,hoangdung875@gmail.com,0923290880,Ha Noi,,GOLD,ACTIVE
C-00876,Phan Van Thanh,phanthanh876@gmail.com,0979911519,Ha Noi,,SILVER,ACTIVE
C-00877,Pham Van Dung,phamdung877@gmail.com,0919148515,Ha Noi,,GOLD,ACTIVE
C-00878,Vo Van Anh,voanh878@gmail.com,0923489843,Ha Noi,,GOLD,ACTIVE
C-00879,Pham Van Binh,phambinh879@gmail.com,0980082075,Ha Noi,,SILVER,ACTIVE
C-00880,Pham Van Hieu,phamhieu880@gmail.com,0932607250,Ha Noi,,STANDARD,ACTIVE
C-00881,Pham Van Linh,phamlinh881@gmail.com,0960817169,Ha Noi,,STANDARD,ACTIVE
C-00882,Vu Van Hieu,vuhieu882@gmail.com,0911777065,Ha Noi,,STANDARD,ACTIVE
C-00883,Vu Van Nam,vunam883@gmail.com,0924791527,Ha Noi,,STANDARD,ACTIVE
C-00884,Tran Van Khanh,trankhanh884@gmail.com,0989253168,Ha Noi,,SILVER,ACTIVE
C-00885,Phan Van Hieu,phanhieu885@gmail.com,0945965367,Ha Noi,,STANDARD,ACTIVE
C-00886,Phan Van Quang,phanquang886@gmail.com,0984420775,Ha Noi,,STANDARD,ACTIVE
C-00887,Bui Van Linh,builinh887@gmail.com,0964387911,Ha Noi,,GOLD,ACTIVE
C-00888,Pham Van Dung,phamdung888@gmail.com,0961191023,Ha Noi,,SILVER,ACTIVE
C-00889,Dang Van Hung,danghung889@gmail.com,0949608199,Ha Noi,,STANDARD,ACTIVE
C-00890,Le Van Son,leson890@gmail.com,0927163000,Ha Noi,,SILVER,ACTIVE
C-00891,Vu Van Binh,vubinh891@gmail.com,0954383464,Ha Noi,,SILVER,ACTIVE
C-00892,Vu Van Linh,vulinh892@gmail.com,0950368871,Ha Noi,,STANDARD,ACTIVE
C-00893,Vu Van Linh,vulinh893@gmail.com,0941196516,Ha Noi,,SILVER,ACTIVE
C-00894,Le Van Hieu,lehieu894@gmail.com,0918882725,Ha Noi,,SILVER,ACTIVE
C-00895,Nguyen Van Nam,nguyennam895@gmail.com,0950867785,Ha Noi,,STANDARD,ACTIVE
C-00896,Vo Van Phuc,vophuc896@gmail.com,0978160085,Ha Noi,,GOLD,ACTIVE
C-00897,Pham Van Hung,phamhung897@gmail.com,0924729465,Ha Noi,,STANDARD,ACTIVE
C-00898,Hoang Van Minh,hoangminh898@gmail.com,0914235258,Ha Noi,,SILVER,ACTIVE
C-00899,Le Van Son,leson899@gmail.com,0992386052,Ha Noi,,STANDARD,ACTIVE
C-00900,Dang Van Phuc,dangphuc900@gmail.com,0976918481,Ha Noi,,GOLD,ACTIVE
C-00901,Hoang Van Anh,hoanganh901@gmail.com,0923874566,Ha Noi,,STANDARD,ACTIVE
C-00902,Dang Van Nam,dangnam902@gmail.com,0920690327,Ha Noi,,SILVER,ACTIVE
C-00903,Nguyen Van Trung,nguyentrung903@gmail.com,0964998218,Ha Noi,,GOLD,ACTIVE
C-00904,Le Van Son,leson904@gmail.com,0940851575,Ha Noi,,SILVER,ACTIVE
C-00905,Pham Van Thanh,phamthanh905@gmail.com,0924765378,Ha Noi,,STANDARD,ACTIVE
C-00906,Nguyen Van Son,nguyenson906@gmail.com,0980394466,Ha Noi,,STANDARD,ACTIVE
C-00907,Phan Van Khanh,phankhanh907@gmail.com,0934734534,Ha Noi,,GOLD,ACTIVE
C-00908,Phan Van Minh,phanminh908@gmail.com,0937281871,Ha Noi,,STANDARD,ACTIVE
C-00909,Nguyen Van Hung,nguyenhung909@gmail.com,0995342857,Ha Noi,,STANDARD,ACTIVE
C-00910,Tran Van Hung,tranhung910@gmail.com,0914756396,Ha Noi,,STANDARD,ACTIVE
C-00911,Dang Van Minh,dangminh911@gmail.com,0952635716,Ha Noi,,STANDARD,ACTIVE
C-00912,Hoang Van Khanh,hoangkhanh912@gmail.com,0960392206,Ha Noi,,GOLD,ACTIVE
C-00913,Dang Van Linh,danglinh913@gmail.com,0915210642,Ha Noi,,GOLD,ACTIVE
C-00914,Vo Van Minh,vominh914@gmail.com,0956806024,Ha Noi,,GOLD,ACTIVE
C-00915,Pham Van Trung,phamtrung915@gmail.com,0936737106,Ha Noi,,STANDARD,ACTIVE
C-00916,Hoang Van Phuc,hoangphuc916@gmail.com,0916241425,Ha Noi,,STANDARD,ACTIVE
C-00917,Phan Van Binh,phanbinh917@gmail.com,0919077786,Ha Noi,,DIAMOND,ACTIVE
C-00918,Vu Van Quang,vuquang918@gmail.com,0915481850,Ha Noi,,GOLD,ACTIVE
C-00919,Vu Van Binh,vubinh919@gmail.com,0934400843,Ha Noi,,STANDARD,ACTIVE
C-00920,Vo Van Phuc,vophuc920@gmail.com,0958633655,Ha Noi,,STANDARD,ACTIVE
C-00921,Vu Van Dung,vudung921@gmail.com,0935340076,Ha Noi,,STANDARD,ACTIVE
C-00922,Vu Van Trung,vutrung922@gmail.com,0915307879,Ha Noi,,STANDARD,ACTIVE
C-00923,Dang Van Linh,danglinh923@gmail.com,0931875459,Ha Noi,,STANDARD,ACTIVE
C-00924,Vu Van Son,vuson924@gmail.com,0910100643,Ha Noi,,STANDARD,ACTIVE
C-00925,Nguyen Van Phuc,nguyenphuc925@gmail.com,0982433576,Ha Noi,,SILVER,ACTIVE
C-00926,Tran Van Minh,tranminh926@gmail.com,0913552945,Ha Noi,,SILVER,ACTIVE
C-00927,Phan Van Nam,phannam927@gmail.com,0921285179,Ha Noi,,SILVER,ACTIVE
C-00928,Hoang Van Nam,hoangnam928@gmail.com,0919849593,Ha Noi,,STANDARD,ACTIVE
C-00929,Vu Van Linh,vulinh929@gmail.com,0954545719,Ha Noi,,STANDARD,ACTIVE
C-00930,Vu Van Minh,vuminh930@gmail.com,0966605711,Ha Noi,,STANDARD,ACTIVE
C-00931,Vu Van Anh,vuanh931@gmail.com,0915558216,Ha Noi,,STANDARD,ACTIVE
C-00932,Tran Van Linh,tranlinh932@gmail.com,0970424440,Ha Noi,,STANDARD,ACTIVE
C-00933,Vo Van Trung,votrung933@gmail.com,0917174017,Ha Noi,,STANDARD,ACTIVE
C-00934,Nguyen Van Thanh,nguyenthanh934@gmail.com,0927395080,Ha Noi,,STANDARD,ACTIVE
C-00935,Tran Van Minh,tranminh935@gmail.com,0939614650,Ha Noi,,STANDARD,ACTIVE
C-00936,Le Van Son,leson936@gmail.com,0976786261,Ha Noi,,SILVER,ACTIVE
C-00937,Bui Van Trung,buitrung937@gmail.com,0921330516,Ha Noi,,STANDARD,ACTIVE
C-00938,Dang Van Phuc,dangphuc938@gmail.com,0948761960,Ha Noi,,GOLD,ACTIVE
C-00939,Vo Van Hieu,vohieu939@gmail.com,0965935779,Ha Noi,,STANDARD,ACTIVE
C-00940,Vo Van Dung,vodung940@gmail.com,0949838317,Ha Noi,,STANDARD,ACTIVE
C-00941,Vu Van Thanh,vuthanh941@gmail.com,0911217968,Ha Noi,,STANDARD,ACTIVE
C-00942,Phan Van Phuc,phanphuc942@gmail.com,0912646776,Ha Noi,,STANDARD,ACTIVE
C-00943,Pham Van Nam,phamnam943@gmail.com,0955141090,Ha Noi,,GOLD,ACTIVE
C-00944,Le Van Minh,leminh944@gmail.com,0910416216,Ha Noi,,SILVER,ACTIVE
C-00945,Pham Van Nam,phamnam945@gmail.com,0949643073,Ha Noi,,SILVER,ACTIVE
C-00946,Vu Van Dung,vudung946@gmail.com,0984495147,Ha Noi,,STANDARD,ACTIVE
C-00947,Hoang Van Son,hoangson947@gmail.com,0965139897,Ha Noi,,STANDARD,ACTIVE
C-00948,Tran Van Quang,tranquang948@gmail.com,0939627105,Ha Noi,,STANDARD,ACTIVE
C-00949,Hoang Van Trung,hoangtrung949@gmail.com,0949593131,Ha Noi,,GOLD,ACTIVE
C-00950,Vo Van Cuong,vocuong950@gmail.com,0966475860,Ha Noi,,SILVER,ACTIVE
C-00951,Vu Van Phuc,vuphuc951@gmail.com,0915849519,Ha Noi,,SILVER,ACTIVE
C-00952,Vu Van Son,vuson952@gmail.com,0973029063,Ha Noi,,SILVER,ACTIVE
C-00953,Pham Van Minh,phamminh953@gmail.com,0912697181,Ha Noi,,STANDARD,ACTIVE
C-00954,Bui Van Khanh,buikhanh954@gmail.com,0992954201,Ha Noi,,DIAMOND,ACTIVE
C-00955,Pham Van Binh,phambinh955@gmail.com,0953869601,Ha Noi,,SILVER,ACTIVE
C-00956,Vu Van Thanh,vuthanh956@gmail.com,0937386546,Ha Noi,,STANDARD,ACTIVE
C-00957,Tran Van Hieu,tranhieu957@gmail.com,0975395635,Ha Noi,,DIAMOND,ACTIVE
C-00958,Vu Van Dung,vudung958@gmail.com,0984164770,Ha Noi,,DIAMOND,ACTIVE
C-00959,Dang Van Hieu,danghieu959@gmail.com,0973391339,Ha Noi,,STANDARD,ACTIVE
C-00960,Pham Van Binh,phambinh960@gmail.com,0915058148,Ha Noi,,STANDARD,ACTIVE
C-00961,Dang Van Cuong,dangcuong961@gmail.com,0963140707,Ha Noi,,STANDARD,ACTIVE
C-00962,Vu Van Anh,vuanh962@gmail.com,0926335720,Ha Noi,,STANDARD,ACTIVE
C-00963,Pham Van Hieu,phamhieu963@gmail.com,0977727784,Ha Noi,,STANDARD,ACTIVE
C-00964,Le Van Linh,lelinh964@gmail.com,0935686395,Ha Noi,,STANDARD,ACTIVE
C-00965,Vo Van Anh,voanh965@gmail.com,0962855735,Ha Noi,,SILVER,ACTIVE
C-00966,Pham Van Phuc,phamphuc966@gmail.com,0939382689,Ha Noi,,GOLD,ACTIVE
C-00967,Hoang Van Hung,hoanghung967@gmail.com,0938752978,Ha Noi,,STANDARD,ACTIVE
C-00968,Phan Van Trung,phantrung968@gmail.com,0964293842,Ha Noi,,SILVER,ACTIVE
C-00969,Phan Van Son,phanson969@gmail.com,0947769372,Ha Noi,,SILVER,ACTIVE
C-00970,Tran Van Cuong,trancuong970@gmail.com,0933777221,Ha Noi,,SILVER,ACTIVE
C-00971,Hoang Van Phuc,hoangphuc971@gmail.com,0947732717,Ha Noi,,GOLD,ACTIVE
C-00972,Nguyen Van Anh,nguyenanh972@gmail.com,0933028442,Ha Noi,,DIAMOND,ACTIVE
C-00973,Tran Van Thanh,tranthanh973@gmail.com,0914543224,Ha Noi,,STANDARD,ACTIVE
C-00974,Vu Van Hieu,vuhieu974@gmail.com,0957702470,Ha Noi,,GOLD,ACTIVE
C-00975,Le Van Dung,ledung975@gmail.com,0917677867,Ha Noi,,STANDARD,ACTIVE
C-00976,Dang Van Thanh,dangthanh976@gmail.com,0923853551,Ha Noi,,SILVER,ACTIVE
C-00977,Vo Van Linh,volinh977@gmail.com,0946481252,Ha Noi,,STANDARD,ACTIVE
C-00978,Le Van Quang,lequang978@gmail.com,0966472453,Ha Noi,,STANDARD,ACTIVE
C-00979,Nguyen Van Son,nguyenson979@gmail.com,0948983274,Ha Noi,,STANDARD,ACTIVE
C-00980,Le Van Quang,lequang980@gmail.com,0971683364,Ha Noi,,GOLD,ACTIVE
C-00981,Bui Van Binh,buibinh981@gmail.com,0983989952,Ha Noi,,STANDARD,ACTIVE
C-00982,Nguyen Van Trung,nguyentrung982@gmail.com,0970880693,Ha Noi,,STANDARD,ACTIVE
C-00983,Nguyen Van Cuong,nguyencuong983@gmail.com,0934107024,Ha Noi,,STANDARD,ACTIVE
C-00984,Nguyen Van Linh,nguyenlinh984@gmail.com,0952579955,Ha Noi,,STANDARD,ACTIVE
C-00985,Pham Van Dung,phamdung985@gmail.com,0966807391,Ha Noi,,STANDARD,ACTIVE
C-00986,Bui Van Phuc,buiphuc986@gmail.com,0990855398,Ha Noi,,STANDARD,ACTIVE
C-00987,Pham Van Trung,phamtrung987@gmail.com,0947661140,Ha Noi,,GOLD,ACTIVE
C-00988,Dang Van Phuc,dangphuc988@gmail.com,0993296519,Ha Noi,,STANDARD,ACTIVE
C-00989,Le Van Dung,ledung989@gmail.com,0996689126,Ha Noi,,STANDARD,ACTIVE
C-00990,Vo Van Dung,vodung990@gmail.com,0935863907,Ha Noi,,STANDARD,ACTIVE
C-00991,Le Van Hieu,lehieu991@gmail.com,0945182663,Ha Noi,,SILVER,ACTIVE
C-00992,Vu Van Binh,vubinh992@gmail.com,0938253871,Ha Noi,,STANDARD,ACTIVE
C-00993,Vu Van Binh,vubinh993@gmail.com,0910093211,Ha Noi,,GOLD,ACTIVE
C-00994,Dang Van Trung,dangtrung994@gmail.com,0926793274,Ha Noi,,STANDARD,ACTIVE
C-00995,Phan Van Nam,phannam995@gmail.com,0996488992,Ha Noi,,DIAMOND,ACTIVE
C-00996,Nguyen Van Binh,nguyenbinh996@gmail.com,0971183351,Ha Noi,,SILVER,ACTIVE
C-00997,Bui Van Son,buison997@gmail.com,0968167422,Ha Noi,,GOLD,ACTIVE
C-00998,Tran Van Linh,tranlinh998@gmail.com,0921454098,Ha Noi,,STANDARD,ACTIVE
C-00999,Dang Van Son,dangson999@gmail.com,0979482582,Ha Noi,,STANDARD,ACTIVE
C-01000,Dang Van Dung,dangdung1000@gmail.com,0942286653,Ha Noi,,STANDARD,ACTIVE
C-01001,Vo Van Linh,volinh1001@gmail.com,0929086481,Ha Noi,,STANDARD,ACTIVE
C-01002,Hoang Van Anh,hoanganh1002@gmail.com,0961400863,Ha Noi,,STANDARD,ACTIVE
C-01003,Le Van Quang,lequang1003@gmail.com,0919202459,Ha Noi,,STANDARD,ACTIVE
C-01004,Dang Van Minh,dangminh1004@gmail.com,0979681354,Ha Noi,,SILVER,ACTIVE
C-01005,Le Van Quang,lequang1005@gmail.com,0935551838,Ha Noi,,STANDARD,ACTIVE
C-01006,Pham Van Khanh,phamkhanh1006@gmail.com,0913117139,Ha Noi,,STANDARD,ACTIVE
C-01007,Vu Van Minh,vuminh1007@gmail.com,0928902306,Ha Noi,,SILVER,ACTIVE
C-01008,Hoang Van Anh,hoanganh1008@gmail.com,0994120745,Ha Noi,,STANDARD,ACTIVE
C-01009,Nguyen Van Nam,nguyennam1009@gmail.com,0933842850,Ha Noi,,SILVER,ACTIVE
C-01010,Tran Van Phuc,tranphuc1010@gmail.com,0968014128,Ha Noi,,STANDARD,ACTIVE
C-01011,Hoang Van Hieu,hoanghieu1011@gmail.com,0937507888,Ha Noi,,STANDARD,ACTIVE
C-01012,Dang Van Thanh,dangthanh1012@gmail.com,0920882088,Ha Noi,,STANDARD,ACTIVE
C-01013,Bui Van Dung,buidung1013@gmail.com,0959266474,Ha Noi,,GOLD,ACTIVE
C-01014,Hoang Van Khanh,hoangkhanh1014@gmail.com,0944231776,Ha Noi,,STANDARD,ACTIVE
C-01015,Tran Van Cuong,trancuong1015@gmail.com,0954338458,Ha Noi,,STANDARD,ACTIVE
C-01016,Vu Van Dung,vudung1016@gmail.com,0943236696,Ha Noi,,STANDARD,ACTIVE
C-01017,Pham Van Hieu,phamhieu1017@gmail.com,0969420065,Ha Noi,,SILVER,ACTIVE
C-01018,Vu Van Cuong,vucuong1018@gmail.com,0921420154,Ha Noi,,STANDARD,ACTIVE
C-01019,Le Van Khanh,lekhanh1019@gmail.com,0964615839,Ha Noi,,STANDARD,ACTIVE
C-01020,Hoang Van Son,hoangson1020@gmail.com,0960895938,Ha Noi,,STANDARD,ACTIVE
C-01021,Le Van Hung,lehung1021@gmail.com,0997975884,Ha Noi,,SILVER,ACTIVE
C-01022,Vu Van Anh,vuanh1022@gmail.com,0966353040,Ha Noi,,GOLD,ACTIVE
C-01023,Pham Van Hung,phamhung1023@gmail.com,0989657724,Ha Noi,,SILVER,ACTIVE
C-01024,Tran Van Hieu,tranhieu1024@gmail.com,0914200468,Ha Noi,,GOLD,ACTIVE
C-01025,Vo Van Hieu,vohieu1025@gmail.com,0985114354,Ha Noi,,GOLD,ACTIVE
C-01026,Tran Van Phuc,tranphuc1026@gmail.com,0971407300,Ha Noi,,SILVER,ACTIVE
C-01027,Le Van Binh,lebinh1027@gmail.com,0978900318,Ha Noi,,STANDARD,ACTIVE
C-01028,Bui Van Khanh,buikhanh1028@gmail.com,0941276026,Ha Noi,,STANDARD,ACTIVE
C-01029,Le Van Anh,leanh1029@gmail.com,0978832535,Ha Noi,,STANDARD,ACTIVE
C-01030,Bui Van Trung,buitrung1030@gmail.com,0916107664,Ha Noi,,STANDARD,ACTIVE
C-01031,Hoang Van Minh,hoangminh1031@gmail.com,0944561007,Ha Noi,,STANDARD,ACTIVE
C-01032,Tran Van Khanh,trankhanh1032@gmail.com,0975379157,Ha Noi,,GOLD,ACTIVE
C-01033,Vo Van Thanh,vothanh1033@gmail.com,0922070850,Ha Noi,,SILVER,ACTIVE
C-01034,Bui Van Nam,buinam1034@gmail.com,0951382999,Ha Noi,,STANDARD,ACTIVE
C-01035,Le Van Anh,leanh1035@gmail.com,0993385232,Ha Noi,,SILVER,ACTIVE
C-01036,Bui Van Hung,buihung1036@gmail.com,0944091393,Ha Noi,,STANDARD,ACTIVE
C-01037,Vo Van Anh,voanh1037@gmail.com,0916743901,Ha Noi,,SILVER,ACTIVE
C-01038,Vo Van Minh,vominh1038@gmail.com,0967012401,Ha Noi,,STANDARD,ACTIVE
C-01039,Phan Van Anh,phananh1039@gmail.com,0925192162,Ha Noi,,STANDARD,ACTIVE
C-01040,Pham Van Phuc,phamphuc1040@gmail.com,0957156635,Ha Noi,,GOLD,ACTIVE
C-01041,Vu Van Nam,vunam1041@gmail.com,0957411952,Ha Noi,,DIAMOND,ACTIVE
C-01042,Phan Van Phuc,phanphuc1042@gmail.com,0988106005,Ha Noi,,DIAMOND,ACTIVE
C-01043,Le Van Nam,lenam1043@gmail.com,0985449253,Ha Noi,,STANDARD,ACTIVE
C-01044,Vo Van Phuc,vophuc1044@gmail.com,0955823308,Ha Noi,,STANDARD,ACTIVE
C-01045,Vo Van Binh,vobinh1045@gmail.com,0975817716,Ha Noi,,GOLD,ACTIVE
C-01046,Hoang Van Anh,hoanganh1046@gmail.com,0920600164,Ha Noi,,GOLD,ACTIVE
C-01047,Le Van Linh,lelinh1047@gmail.com,0932877533,Ha Noi,,SILVER,ACTIVE
C-01048,Vu Van Phuc,vuphuc1048@gmail.com,0973784905,Ha Noi,,STANDARD,ACTIVE
C-01049,Dang Van Son,dangson1049@gmail.com,0926245335,Ha Noi,,STANDARD,ACTIVE
C-01050,Phan Van Minh,phanminh1050@gmail.com,0956382486,Ha Noi,,GOLD,ACTIVE
C-01051,Tran Van Thanh,tranthanh1051@gmail.com,0986306078,Ha Noi,,STANDARD,ACTIVE
C-01052,Phan Van Nam,phannam1052@gmail.com,0970415583,Ha Noi,,STANDARD,ACTIVE
C-01053,Hoang Van Quang,hoangquang1053@gmail.com,0980204202,Ha Noi,,SILVER,ACTIVE
C-01054,Phan Van Son,phanson1054@gmail.com,0997280740,Ha Noi,,SILVER,ACTIVE
C-01055,Phan Van Thanh,phanthanh1055@gmail.com,0978364941,Ha Noi,,SILVER,ACTIVE
C-01056,Bui Van Minh,buiminh1056@gmail.com,0955215224,Ha Noi,,SILVER,ACTIVE
C-01057,Vo Van Minh,vominh1057@gmail.com,0929006753,Ha Noi,,GOLD,ACTIVE
C-01058,Bui Van Khanh,buikhanh1058@gmail.com,0973624224,Ha Noi,,STANDARD,ACTIVE
C-01059,Dang Van Hieu,danghieu1059@gmail.com,0998732573,Ha Noi,,GOLD,ACTIVE
C-01060,Le Van Khanh,lekhanh1060@gmail.com,0985527990,Ha Noi,,STANDARD,ACTIVE
C-01061,Hoang Van Phuc,hoangphuc1061@gmail.com,0967393330,Ha Noi,,STANDARD,ACTIVE
C-01062,Phan Van Nam,phannam1062@gmail.com,0913666235,Ha Noi,,STANDARD,ACTIVE
C-01063,Vu Van Son,vuson1063@gmail.com,0961373437,Ha Noi,,STANDARD,ACTIVE
C-01064,Phan Van Dung,phandung1064@gmail.com,0973656804,Ha Noi,,STANDARD,ACTIVE
C-01065,Vo Van Minh,vominh1065@gmail.com,0959984059,Ha Noi,,STANDARD,ACTIVE
C-01066,Vu Van Anh,vuanh1066@gmail.com,0992130690,Ha Noi,,STANDARD,ACTIVE
C-01067,Pham Van Hung,phamhung1067@gmail.com,0992778697,Ha Noi,,STANDARD,ACTIVE
C-01068,Dang Van Phuc,dangphuc1068@gmail.com,0960748251,Ha Noi,,GOLD,ACTIVE
C-01069,Tran Van Anh,trananh1069@gmail.com,0913853154,Ha Noi,,STANDARD,ACTIVE
C-01070,Dang Van Cuong,dangcuong1070@gmail.com,0998777696,Ha Noi,,STANDARD,ACTIVE
C-01071,Bui Van Anh,buianh1071@gmail.com,0964230429,Ha Noi,,STANDARD,ACTIVE
C-01072,Vu Van Dung,vudung1072@gmail.com,0941819984,Ha Noi,,SILVER,ACTIVE
C-01073,Phan Van Thanh,phanthanh1073@gmail.com,0925926537,Ha Noi,,STANDARD,ACTIVE
C-01074,Tran Van Son,transon1074@gmail.com,0985910460,Ha Noi,,STANDARD,ACTIVE
C-01075,Le Van Cuong,lecuong1075@gmail.com,0984786427,Ha Noi,,STANDARD,ACTIVE
C-01076,Bui Van Phuc,buiphuc1076@gmail.com,0954753464,Ha Noi,,STANDARD,ACTIVE
C-01077,Nguyen Van Phuc,nguyenphuc1077@gmail.com,0927197023,Ha Noi,,STANDARD,ACTIVE
C-01078,Nguyen Van Hieu,nguyenhieu1078@gmail.com,0942490226,Ha Noi,,SILVER,ACTIVE
C-01079,Hoang Van Linh,hoanglinh1079@gmail.com,0968712834,Ha Noi,,STANDARD,ACTIVE
C-01080,Bui Van Phuc,buiphuc1080@gmail.com,0998418096,Ha Noi,,SILVER,ACTIVE
C-01081,Hoang Van Hung,hoanghung1081@gmail.com,0935505278,Ha Noi,,STANDARD,ACTIVE
C-01082,Hoang Van Quang,hoangquang1082@gmail.com,0989836932,Ha Noi,,STANDARD,ACTIVE
C-01083,Pham Van Binh,phambinh1083@gmail.com,0928405267,Ha Noi,,SILVER,ACTIVE
C-01084,Dang Van Hieu,danghieu1084@gmail.com,0969375037,Ha Noi,,SILVER,ACTIVE
C-01085,Pham Van Binh,phambinh1085@gmail.com,0931911570,Ha Noi,,STANDARD,ACTIVE
C-01086,Phan Van Linh,phanlinh1086@gmail.com,0938710601,Ha Noi,,STANDARD,ACTIVE
C-01087,Dang Van Nam,dangnam1087@gmail.com,0933887258,Ha Noi,,STANDARD,ACTIVE
C-01088,Tran Van Dung,trandung1088@gmail.com,0996159972,Ha Noi,,DIAMOND,ACTIVE
C-01089,Dang Van Hung,danghung1089@gmail.com,0925799019,Ha Noi,,SILVER,ACTIVE
C-01090,Dang Van Anh,danganh1090@gmail.com,0975424872,Ha Noi,,DIAMOND,ACTIVE
C-01091,Vo Van Anh,voanh1091@gmail.com,0943958180,Ha Noi,,STANDARD,ACTIVE
C-01092,Hoang Van Binh,hoangbinh1092@gmail.com,0999473788,Ha Noi,,STANDARD,ACTIVE
C-01093,Phan Van Khanh,phankhanh1093@gmail.com,0969948731,Ha Noi,,SILVER,ACTIVE
C-01094,Hoang Van Cuong,hoangcuong1094@gmail.com,0982208361,Ha Noi,,SILVER,ACTIVE
C-01095,Vu Van Cuong,vucuong1095@gmail.com,0982207427,Ha Noi,,GOLD,ACTIVE
C-01096,Bui Van Binh,buibinh1096@gmail.com,0979509115,Ha Noi,,STANDARD,ACTIVE
C-01097,Tran Van Hung,tranhung1097@gmail.com,0948044233,Ha Noi,,STANDARD,ACTIVE
C-01098,Vo Van Quang,voquang1098@gmail.com,0922848726,Ha Noi,,GOLD,ACTIVE
C-01099,Dang Van Linh,danglinh1099@gmail.com,0945069525,Ha Noi,,SILVER,ACTIVE
C-01100,Pham Van Minh,phamminh1100@gmail.com,0991628877,Ha Noi,,STANDARD,ACTIVE
C-01101,Nguyen Van Quang,nguyenquang1101@gmail.com,0993994995,Ha Noi,,STANDARD,ACTIVE
C-01102,Phan Van Trung,phantrung1102@gmail.com,0915812074,Ha Noi,,STANDARD,ACTIVE
C-01103,Vo Van Binh,vobinh1103@gmail.com,0947993128,Ha Noi,,SILVER,ACTIVE
C-01104,Pham Van Linh,phamlinh1104@gmail.com,0970774084,Ha Noi,,GOLD,ACTIVE
C-01105,Le Van Anh,leanh1105@gmail.com,0973013046,Ha Noi,,STANDARD,ACTIVE
C-01106,Nguyen Van Nam,nguyennam1106@gmail.com,0925580412,Ha Noi,,SILVER,ACTIVE
C-01107,Dang Van Phuc,dangphuc1107@gmail.com,0944223090,Ha Noi,,STANDARD,ACTIVE
C-01108,Le Van Trung,letrung1108@gmail.com,0945746182,Ha Noi,,STANDARD,ACTIVE
C-01109,Phan Van Phuc,phanphuc1109@gmail.com,0998931114,Ha Noi,,STANDARD,ACTIVE
C-01110,Bui Van Dung,buidung1110@gmail.com,0994491264,Ha Noi,,GOLD,ACTIVE
C-01111,Le Van Thanh,lethanh1111@gmail.com,0997840009,Ha Noi,,GOLD,ACTIVE
C-01112,Tran Van Son,transon1112@gmail.com,0936794235,Ha Noi,,GOLD,ACTIVE
C-01113,Dang Van Anh,danganh1113@gmail.com,0943130630,Ha Noi,,STANDARD,ACTIVE
C-01114,Pham Van Khanh,phamkhanh1114@gmail.com,0928954787,Ha Noi,,STANDARD,ACTIVE
C-01115,Tran Van Dung,trandung1115@gmail.com,0949628798,Ha Noi,,STANDARD,ACTIVE
C-01116,Dang Van Dung,dangdung1116@gmail.com,0923205941,Ha Noi,,GOLD,ACTIVE
C-01117,Hoang Van Hieu,hoanghieu1117@gmail.com,0942389938,Ha Noi,,DIAMOND,ACTIVE
C-01118,Pham Van Quang,phamquang1118@gmail.com,0933328404,Ha Noi,,STANDARD,ACTIVE
C-01119,Vo Van Binh,vobinh1119@gmail.com,0964200647,Ha Noi,,DIAMOND,ACTIVE
C-01120,Dang Van Trung,dangtrung1120@gmail.com,0947501998,Ha Noi,,SILVER,ACTIVE
C-01121,Vo Van Anh,voanh1121@gmail.com,0923579937,Ha Noi,,STANDARD,ACTIVE
C-01122,Tran Van Hung,tranhung1122@gmail.com,0933500812,Ha Noi,,GOLD,ACTIVE
C-01123,Bui Van Hung,buihung1123@gmail.com,0935003036,Ha Noi,,SILVER,ACTIVE
C-01124,Nguyen Van Nam,nguyennam1124@gmail.com,0968138272,Ha Noi,,STANDARD,ACTIVE
C-01125,Nguyen Van Binh,nguyenbinh1125@gmail.com,0988741447,Ha Noi,,STANDARD,ACTIVE
C-01126,Hoang Van Hung,hoanghung1126@gmail.com,0988753565,Ha Noi,,SILVER,ACTIVE
C-01127,Tran Van Cuong,trancuong1127@gmail.com,0948895841,Ha Noi,,STANDARD,ACTIVE
C-01128,Bui Van Son,buison1128@gmail.com,0921841320,Ha Noi,,SILVER,ACTIVE
C-01129,Dang Van Dung,dangdung1129@gmail.com,0970221498,Ha Noi,,SILVER,ACTIVE
C-01130,Tran Van Linh,tranlinh1130@gmail.com,0947969993,Ha Noi,,STANDARD,ACTIVE
C-01131,Dang Van Khanh,dangkhanh1131@gmail.com,0970387038,Ha Noi,,STANDARD,ACTIVE
C-01132,Le Van Dung,ledung1132@gmail.com,0988562027,Ha Noi,,STANDARD,ACTIVE
C-01133,Hoang Van Linh,hoanglinh1133@gmail.com,0943728473,Ha Noi,,STANDARD,ACTIVE
C-01134,Vo Van Trung,votrung1134@gmail.com,0945593852,Ha Noi,,GOLD,ACTIVE
C-01135,Vu Van Son,vuson1135@gmail.com,0947702080,Ha Noi,,SILVER,ACTIVE
C-01136,Vu Van Quang,vuquang1136@gmail.com,0927266341,Ha Noi,,STANDARD,ACTIVE
C-01137,Nguyen Van Phuc,nguyenphuc1137@gmail.com,0995571609,Ha Noi,,STANDARD,ACTIVE
C-01138,Hoang Van Hieu,hoanghieu1138@gmail.com,0939497543,Ha Noi,,SILVER,ACTIVE
C-01139,Tran Van Anh,trananh1139@gmail.com,0984302773,Ha Noi,,SILVER,ACTIVE
C-01140,Phan Van Linh,phanlinh1140@gmail.com,0943434621,Ha Noi,,SILVER,ACTIVE
C-01141,Le Van Quang,lequang1141@gmail.com,0930331416,Ha Noi,,STANDARD,ACTIVE
C-01142,Vo Van Binh,vobinh1142@gmail.com,0968775118,Ha Noi,,SILVER,ACTIVE
C-01143,Bui Van Trung,buitrung1143@gmail.com,0991844488,Ha Noi,,SILVER,ACTIVE
C-01144,Dang Van Nam,dangnam1144@gmail.com,0994315762,Ha Noi,,STANDARD,ACTIVE
C-01145,Hoang Van Minh,hoangminh1145@gmail.com,0912191396,Ha Noi,,STANDARD,ACTIVE
C-01146,Bui Van Minh,buiminh1146@gmail.com,0912163073,Ha Noi,,STANDARD,ACTIVE
C-01147,Tran Van Linh,tranlinh1147@gmail.com,0935485012,Ha Noi,,STANDARD,ACTIVE
C-01148,Tran Van Binh,tranbinh1148@gmail.com,0939085942,Ha Noi,,SILVER,ACTIVE
C-01149,Nguyen Van Minh,nguyenminh1149@gmail.com,0944788798,Ha Noi,,SILVER,ACTIVE
C-01150,Nguyen Van Cuong,nguyencuong1150@gmail.com,0940732660,Ha Noi,,STANDARD,ACTIVE
C-01151,Hoang Van Minh,hoangminh1151@gmail.com,0985680024,Ha Noi,,GOLD,ACTIVE
C-01152,Nguyen Van Son,nguyenson1152@gmail.com,0967044462,Ha Noi,,STANDARD,ACTIVE
C-01153,Dang Van Binh,dangbinh1153@gmail.com,0959716205,Ha Noi,,STANDARD,ACTIVE
C-01154,Vo Van Dung,vodung1154@gmail.com,0935178447,Ha Noi,,STANDARD,ACTIVE
C-01155,Dang Van Khanh,dangkhanh1155@gmail.com,0937041744,Ha Noi,,STANDARD,ACTIVE
C-01156,Vo Van Thanh,vothanh1156@gmail.com,0974024300,Ha Noi,,DIAMOND,ACTIVE
C-01157,Nguyen Van Khanh,nguyenkhanh1157@gmail.com,0937847631,Ha Noi,,STANDARD,ACTIVE
C-01158,Tran Van Phuc,tranphuc1158@gmail.com,0933879701,Ha Noi,,STANDARD,ACTIVE
C-01159,Hoang Van Hung,hoanghung1159@gmail.com,0918805116,Ha Noi,,GOLD,ACTIVE
C-01160,Bui Van Nam,buinam1160@gmail.com,0993734302,Ha Noi,,SILVER,ACTIVE
C-01161,Pham Van Minh,phamminh1161@gmail.com,0912363068,Ha Noi,,STANDARD,ACTIVE
C-01162,Hoang Van Dung,hoangdung1162@gmail.com,0928763150,Ha Noi,,STANDARD,ACTIVE
C-01163,Tran Van Linh,tranlinh1163@gmail.com,0956876357,Ha Noi,,GOLD,ACTIVE
C-01164,Nguyen Van Son,nguyenson1164@gmail.com,0975127880,Ha Noi,,GOLD,ACTIVE
C-01165,Nguyen Van Hung,nguyenhung1165@gmail.com,0940609960,Ha Noi,,STANDARD,ACTIVE
C-01166,Phan Van Hung,phanhung1166@gmail.com,0963816733,Ha Noi,,STANDARD,ACTIVE
C-01167,Pham Van Phuc,phamphuc1167@gmail.com,0983753094,Ha Noi,,SILVER,ACTIVE
C-01168,Vu Van Thanh,vuthanh1168@gmail.com,0992941430,Ha Noi,,STANDARD,ACTIVE
C-01169,Hoang Van Trung,hoangtrung1169@gmail.com,0991026156,Ha Noi,,STANDARD,ACTIVE
C-01170,Vo Van Hung,vohung1170@gmail.com,0996130721,Ha Noi,,STANDARD,ACTIVE
C-01171,Tran Van Hung,tranhung1171@gmail.com,0976991962,Ha Noi,,STANDARD,ACTIVE
C-01172,Pham Van Nam,phamnam1172@gmail.com,0938239220,Ha Noi,,GOLD,ACTIVE
C-01173,Tran Van Thanh,tranthanh1173@gmail.com,0915317730,Ha Noi,,STANDARD,ACTIVE
C-01174,Vo Van Anh,voanh1174@gmail.com,0971286189,Ha Noi,,STANDARD,ACTIVE
C-01175,Phan Van Anh,phananh1175@gmail.com,0999415222,Ha Noi,,GOLD,ACTIVE
C-01176,Vo Van Hieu,vohieu1176@gmail.com,0914895057,Ha Noi,,GOLD,ACTIVE
C-01177,Vu Van Hieu,vuhieu1177@gmail.com,0916497597,Ha Noi,,STANDARD,ACTIVE
C-01178,Phan Van Nam,phannam1178@gmail.com,0946278325,Ha Noi,,STANDARD,ACTIVE
C-01179,Nguyen Van Cuong,nguyencuong1179@gmail.com,0934140296,Ha Noi,,STANDARD,ACTIVE
C-01180,Tran Van Cuong,trancuong1180@gmail.com,0913366155,Ha Noi,,STANDARD,ACTIVE
C-01181,Bui Van Trung,buitrung1181@gmail.com,0935696989,Ha Noi,,GOLD,ACTIVE
C-01182,Dang Van Dung,dangdung1182@gmail.com,0963133306,Ha Noi,,STANDARD,ACTIVE
C-01183,Dang Van Binh,dangbinh1183@gmail.com,0964897993,Ha Noi,,SILVER,ACTIVE
C-01184,Phan Van Cuong,phancuong1184@gmail.com,0955927839,Ha Noi,,STANDARD,ACTIVE
C-01185,Tran Van Khanh,trankhanh1185@gmail.com,0925990026,Ha Noi,,GOLD,ACTIVE
C-01186,Hoang Van Thanh,hoangthanh1186@gmail.com,0987818787,Ha Noi,,GOLD,ACTIVE
C-01187,Nguyen Van Anh,nguyenanh1187@gmail.com,0985857229,Ha Noi,,STANDARD,ACTIVE
C-01188,Pham Van Cuong,phamcuong1188@gmail.com,0970550779,Ha Noi,,SILVER,ACTIVE
C-01189,Dang Van Quang,dangquang1189@gmail.com,0943715671,Ha Noi,,STANDARD,ACTIVE
C-01190,Vo Van Nam,vonam1190@gmail.com,0971371766,Ha Noi,,SILVER,ACTIVE
C-01191,Vo Van Quang,voquang1191@gmail.com,0916915794,Ha Noi,,GOLD,ACTIVE
C-01192,Pham Van Cuong,phamcuong1192@gmail.com,0945240550,Ha Noi,,STANDARD,ACTIVE
C-01193,Vo Van Thanh,vothanh1193@gmail.com,0970250023,Ha Noi,,STANDARD,ACTIVE
C-01194,Vu Van Trung,vutrung1194@gmail.com,0929140566,Ha Noi,,STANDARD,ACTIVE
C-01195,Phan Van Nam,phannam1195@gmail.com,0911388491,Ha Noi,,SILVER,ACTIVE
C-01196,Hoang Van Son,hoangson1196@gmail.com,0971355985,Ha Noi,,STANDARD,ACTIVE
C-01197,Nguyen Van Trung,nguyentrung1197@gmail.com,0939324739,Ha Noi,,STANDARD,ACTIVE
C-01198,Bui Van Thanh,buithanh1198@gmail.com,0928412263,Ha Noi,,STANDARD,ACTIVE
C-01199,Tran Van Hung,tranhung1199@gmail.com,0977308141,Ha Noi,,STANDARD,ACTIVE
C-01200,Vo Van Binh,vobinh1200@gmail.com,0998284235,Ha Noi,,SILVER,ACTIVE
C-01201,Hoang Van Hieu,hoanghieu1201@gmail.com,0958425680,Ha Noi,,STANDARD,ACTIVE
C-01202,Pham Van Phuc,phamphuc1202@gmail.com,0925179857,Ha Noi,,GOLD,ACTIVE
C-01203,Hoang Van Hieu,hoanghieu1203@gmail.com,0946428044,Ha Noi,,STANDARD,ACTIVE
C-01204,Pham Van Binh,phambinh1204@gmail.com,0958747071,Ha Noi,,STANDARD,ACTIVE
C-01205,Vu Van Quang,vuquang1205@gmail.com,0977910960,Ha Noi,,DIAMOND,ACTIVE
C-01206,Nguyen Van Thanh,nguyenthanh1206@gmail.com,0983829710,Ha Noi,,STANDARD,ACTIVE
C-01207,Pham Van Trung,phamtrung1207@gmail.com,0952701206,Ha Noi,,STANDARD,ACTIVE
C-01208,Tran Van Minh,tranminh1208@gmail.com,0991239868,Ha Noi,,SILVER,ACTIVE
C-01209,Nguyen Van Binh,nguyenbinh1209@gmail.com,0927100207,Ha Noi,,STANDARD,ACTIVE
C-01210,Phan Van Anh,phananh1210@gmail.com,0969627207,Ha Noi,,DIAMOND,ACTIVE
C-01211,Phan Van Phuc,phanphuc1211@gmail.com,0956914847,Ha Noi,,STANDARD,ACTIVE
C-01212,Le Van Hieu,lehieu1212@gmail.com,0974363319,Ha Noi,,STANDARD,ACTIVE
C-01213,Vu Van Thanh,vuthanh1213@gmail.com,0934834100,Ha Noi,,STANDARD,ACTIVE
C-01214,Dang Van Linh,danglinh1214@gmail.com,0956264377,Ha Noi,,SILVER,ACTIVE
C-01215,Pham Van Thanh,phamthanh1215@gmail.com,0952940115,Ha Noi,,SILVER,ACTIVE
C-01216,Pham Van Hieu,phamhieu1216@gmail.com,0912645341,Ha Noi,,SILVER,ACTIVE
C-01217,Tran Van Dung,trandung1217@gmail.com,0970234051,Ha Noi,,SILVER,ACTIVE
C-01218,Nguyen Van Linh,nguyenlinh1218@gmail.com,0924123428,Ha Noi,,SILVER,ACTIVE
C-01219,Nguyen Van Hieu,nguyenhieu1219@gmail.com,0977100123,Ha Noi,,GOLD,ACTIVE
C-01220,Vo Van Hieu,vohieu1220@gmail.com,0960776492,Ha Noi,,STANDARD,ACTIVE
C-01221,Nguyen Van Phuc,nguyenphuc1221@gmail.com,0957671613,Ha Noi,,STANDARD,ACTIVE
C-01222,Hoang Van Minh,hoangminh1222@gmail.com,0939625719,Ha Noi,,STANDARD,ACTIVE
C-01223,Tran Van Trung,trantrung1223@gmail.com,0923415294,Ha Noi,,DIAMOND,ACTIVE
C-01224,Pham Van Trung,phamtrung1224@gmail.com,0976302981,Ha Noi,,STANDARD,ACTIVE
C-01225,Vu Van Dung,vudung1225@gmail.com,0924744145,Ha Noi,,STANDARD,ACTIVE
C-01226,Phan Van Hieu,phanhieu1226@gmail.com,0946739332,Ha Noi,,GOLD,ACTIVE
C-01227,Bui Van Hieu,buihieu1227@gmail.com,0976819019,Ha Noi,,GOLD,ACTIVE
C-01228,Vo Van Nam,vonam1228@gmail.com,0967403131,Ha Noi,,STANDARD,ACTIVE
C-01229,Vo Van Anh,voanh1229@gmail.com,0996488524,Ha Noi,,STANDARD,ACTIVE
C-01230,Le Van Anh,leanh1230@gmail.com,0935107320,Ha Noi,,STANDARD,ACTIVE
C-01231,Tran Van Hieu,tranhieu1231@gmail.com,0986012730,Ha Noi,,STANDARD,ACTIVE
C-01232,Hoang Van Hieu,hoanghieu1232@gmail.com,0960029366,Ha Noi,,GOLD,ACTIVE
C-01233,Pham Van Khanh,phamkhanh1233@gmail.com,0949037680,Ha Noi,,STANDARD,ACTIVE
C-01234,Tran Van Binh,tranbinh1234@gmail.com,0982943142,Ha Noi,,STANDARD,ACTIVE
C-01235,Dang Van Khanh,dangkhanh1235@gmail.com,0956779377,Ha Noi,,STANDARD,ACTIVE
C-01236,Vo Van Dung,vodung1236@gmail.com,0948651483,Ha Noi,,STANDARD,ACTIVE
C-01237,Vo Van Quang,voquang1237@gmail.com,0929388299,Ha Noi,,STANDARD,ACTIVE
C-01238,Phan Van Binh,phanbinh1238@gmail.com,0954892335,Ha Noi,,DIAMOND,ACTIVE
C-01239,Dang Van Thanh,dangthanh1239@gmail.com,0982718424,Ha Noi,,STANDARD,ACTIVE
C-01240,Pham Van Hung,phamhung1240@gmail.com,0929300590,Ha Noi,,GOLD,ACTIVE
C-01241,Le Van Hieu,lehieu1241@gmail.com,0950203385,Ha Noi,,SILVER,ACTIVE
C-01242,Tran Van Son,transon1242@gmail.com,0948919206,Ha Noi,,STANDARD,ACTIVE
C-01243,Vu Van Nam,vunam1243@gmail.com,0996465223,Ha Noi,,STANDARD,ACTIVE
C-01244,Vo Van Dung,vodung1244@gmail.com,0975751705,Ha Noi,,STANDARD,ACTIVE
C-01245,Pham Van Linh,phamlinh1245@gmail.com,0925330180,Ha Noi,,STANDARD,ACTIVE
C-01246,Bui Van Khanh,buikhanh1246@gmail.com,0975150018,Ha Noi,,STANDARD,ACTIVE
C-01247,Vu Van Dung,vudung1247@gmail.com,0946026913,Ha Noi,,GOLD,ACTIVE
C-01248,Pham Van Minh,phamminh1248@gmail.com,0939772920,Ha Noi,,SILVER,ACTIVE
C-01249,Tran Van Cuong,trancuong1249@gmail.com,0992174678,Ha Noi,,STANDARD,ACTIVE
C-01250,Bui Van Linh,builinh1250@gmail.com,0930683805,Ha Noi,,STANDARD,ACTIVE
C-01251,Vu Van Dung,vudung1251@gmail.com,0966073841,Ha Noi,,STANDARD,ACTIVE
C-01252,Nguyen Van Son,nguyenson1252@gmail.com,0953932851,Ha Noi,,SILVER,ACTIVE
C-01253,Nguyen Van Khanh,nguyenkhanh1253@gmail.com,0941977861,Ha Noi,,DIAMOND,ACTIVE
C-01254,Phan Van Son,phanson1254@gmail.com,0960670482,Ha Noi,,STANDARD,ACTIVE
C-01255,Tran Van Minh,tranminh1255@gmail.com,0972372316,Ha Noi,,STANDARD,ACTIVE
C-01256,Nguyen Van Binh,nguyenbinh1256@gmail.com,0923239299,Ha Noi,,SILVER,ACTIVE
C-01257,Le Van Dung,ledung1257@gmail.com,0979526436,Ha Noi,,STANDARD,ACTIVE
C-01258,Phan Van Phuc,phanphuc1258@gmail.com,0943606963,Ha Noi,,STANDARD,ACTIVE
C-01259,Dang Van Minh,dangminh1259@gmail.com,0998263561,Ha Noi,,SILVER,ACTIVE
C-01260,Nguyen Van Phuc,nguyenphuc1260@gmail.com,0985206857,Ha Noi,,SILVER,ACTIVE
C-01261,Bui Van Binh,buibinh1261@gmail.com,0927105826,Ha Noi,,STANDARD,ACTIVE
C-01262,Bui Van Anh,buianh1262@gmail.com,0948121179,Ha Noi,,STANDARD,ACTIVE
C-01263,Tran Van Trung,trantrung1263@gmail.com,0981470919,Ha Noi,,STANDARD,ACTIVE
C-01264,Hoang Van Trung,hoangtrung1264@gmail.com,0921242590,Ha Noi,,SILVER,ACTIVE
C-01265,Le Van Minh,leminh1265@gmail.com,0966673439,Ha Noi,,STANDARD,ACTIVE
C-01266,Tran Van Phuc,tranphuc1266@gmail.com,0998444256,Ha Noi,,SILVER,ACTIVE
C-01267,Vu Van Anh,vuanh1267@gmail.com,0947364931,Ha Noi,,GOLD,ACTIVE
C-01268,Phan Van Minh,phanminh1268@gmail.com,0960722600,Ha Noi,,STANDARD,ACTIVE
C-01269,Phan Van Cuong,phancuong1269@gmail.com,0912002032,Ha Noi,,STANDARD,ACTIVE
C-01270,Phan Van Son,phanson1270@gmail.com,0999989137,Ha Noi,,DIAMOND,ACTIVE
C-01271,Pham Van Minh,phamminh1271@gmail.com,0973990353,Ha Noi,,STANDARD,ACTIVE
C-01272,Dang Van Binh,dangbinh1272@gmail.com,0957466503,Ha Noi,,STANDARD,ACTIVE
C-01273,Vu Van Son,vuson1273@gmail.com,0979444045,Ha Noi,,STANDARD,ACTIVE
C-01274,Bui Van Son,buison1274@gmail.com,0921726623,Ha Noi,,DIAMOND,ACTIVE
C-01275,Bui Van Dung,buidung1275@gmail.com,0939600181,Ha Noi,,STANDARD,ACTIVE
C-01276,Bui Van Minh,buiminh1276@gmail.com,0980419719,Ha Noi,,SILVER,ACTIVE
C-01277,Le Van Nam,lenam1277@gmail.com,0947312520,Ha Noi,,DIAMOND,ACTIVE
C-01278,Vo Van Trung,votrung1278@gmail.com,0929029179,Ha Noi,,STANDARD,ACTIVE
C-01279,Bui Van Trung,buitrung1279@gmail.com,0979815994,Ha Noi,,GOLD,ACTIVE
C-01280,Phan Van Khanh,phankhanh1280@gmail.com,0934491276,Ha Noi,,STANDARD,ACTIVE
C-01281,Nguyen Van Phuc,nguyenphuc1281@gmail.com,0925028644,Ha Noi,,STANDARD,ACTIVE
C-01282,Vu Van Thanh,vuthanh1282@gmail.com,0965629734,Ha Noi,,STANDARD,ACTIVE
C-01283,Hoang Van Trung,hoangtrung1283@gmail.com,0980015416,Ha Noi,,STANDARD,ACTIVE
C-01284,Nguyen Van Nam,nguyennam1284@gmail.com,0995749984,Ha Noi,,STANDARD,ACTIVE
C-01285,Nguyen Van Cuong,nguyencuong1285@gmail.com,0926919843,Ha Noi,,STANDARD,ACTIVE
C-01286,Le Van Son,leson1286@gmail.com,0962782170,Ha Noi,,STANDARD,ACTIVE
C-01287,Bui Van Son,buison1287@gmail.com,0985065841,Ha Noi,,STANDARD,ACTIVE
C-01288,Nguyen Van Dung,nguyendung1288@gmail.com,0980675826,Ha Noi,,GOLD,ACTIVE
C-01289,Nguyen Van Dung,nguyendung1289@gmail.com,0929119296,Ha Noi,,STANDARD,ACTIVE
C-01290,Dang Van Linh,danglinh1290@gmail.com,0976073412,Ha Noi,,GOLD,ACTIVE
C-01291,Tran Van Minh,tranminh1291@gmail.com,0968217786,Ha Noi,,SILVER,ACTIVE
C-01292,Nguyen Van Phuc,nguyenphuc1292@gmail.com,0988855082,Ha Noi,,STANDARD,ACTIVE
C-01293,Tran Van Phuc,tranphuc1293@gmail.com,0915319069,Ha Noi,,STANDARD,ACTIVE
C-01294,Vu Van Khanh,vukhanh1294@gmail.com,0943992957,Ha Noi,,STANDARD,ACTIVE
C-01295,Tran Van Binh,tranbinh1295@gmail.com,0966263896,Ha Noi,,GOLD,ACTIVE
C-01296,Pham Van Son,phamson1296@gmail.com,0960194480,Ha Noi,,STANDARD,ACTIVE
C-01297,Le Van Binh,lebinh1297@gmail.com,0924978611,Ha Noi,,STANDARD,ACTIVE
C-01298,Vo Van Quang,voquang1298@gmail.com,0919625996,Ha Noi,,SILVER,ACTIVE
C-01299,Dang Van Anh,danganh1299@gmail.com,0950309437,Ha Noi,,STANDARD,ACTIVE
C-01300,Phan Van Linh,phanlinh1300@gmail.com,0936251315,Ha Noi,,GOLD,ACTIVE
C-01301,Le Van Dung,ledung1301@gmail.com,0940914771,Ha Noi,,STANDARD,ACTIVE
C-01302,Dang Van Hieu,danghieu1302@gmail.com,0944045271,Ha Noi,,GOLD,ACTIVE
C-01303,Vu Van Dung,vudung1303@gmail.com,0982846108,Ha Noi,,STANDARD,ACTIVE
C-01304,Pham Van Thanh,phamthanh1304@gmail.com,0936552180,Ha Noi,,SILVER,ACTIVE
C-01305,Tran Van Khanh,trankhanh1305@gmail.com,0966019613,Ha Noi,,STANDARD,ACTIVE
C-01306,Vu Van Thanh,vuthanh1306@gmail.com,0954831326,Ha Noi,,STANDARD,ACTIVE
C-01307,Dang Van Anh,danganh1307@gmail.com,0956307830,Ha Noi,,SILVER,ACTIVE
C-01308,Hoang Van Dung,hoangdung1308@gmail.com,0942102099,Ha Noi,,SILVER,ACTIVE
C-01309,Vu Van Dung,vudung1309@gmail.com,0967772828,Ha Noi,,SILVER,ACTIVE
C-01310,Vu Van Nam,vunam1310@gmail.com,0978250729,Ha Noi,,GOLD,ACTIVE
C-01311,Pham Van Binh,phambinh1311@gmail.com,0960808050,Ha Noi,,GOLD,ACTIVE
C-01312,Vu Van Hung,vuhung1312@gmail.com,0930299311,Ha Noi,,STANDARD,ACTIVE
C-01313,Vo Van Hung,vohung1313@gmail.com,0966707814,Ha Noi,,SILVER,ACTIVE
C-01314,Phan Van Cuong,phancuong1314@gmail.com,0959008792,Ha Noi,,STANDARD,ACTIVE
C-01315,Bui Van Hieu,buihieu1315@gmail.com,0938677939,Ha Noi,,STANDARD,ACTIVE
C-01316,Phan Van Linh,phanlinh1316@gmail.com,0914614964,Ha Noi,,STANDARD,ACTIVE
C-01317,Dang Van Linh,danglinh1317@gmail.com,0951292909,Ha Noi,,STANDARD,ACTIVE
C-01318,Phan Van Hieu,phanhieu1318@gmail.com,0941890534,Ha Noi,,STANDARD,ACTIVE
C-01319,Vo Van Dung,vodung1319@gmail.com,0981659435,Ha Noi,,STANDARD,ACTIVE
C-01320,Pham Van Hung,phamhung1320@gmail.com,0936335208,Ha Noi,,STANDARD,ACTIVE
C-01321,Bui Van Quang,buiquang1321@gmail.com,0920020045,Ha Noi,,STANDARD,ACTIVE
C-01322,Pham Van Thanh,phamthanh1322@gmail.com,0999656274,Ha Noi,,SILVER,ACTIVE
C-01323,Nguyen Van Quang,nguyenquang1323@gmail.com,0921027612,Ha Noi,,SILVER,ACTIVE
C-01324,Le Van Minh,leminh1324@gmail.com,0965334069,Ha Noi,,SILVER,ACTIVE
C-01325,Vu Van Minh,vuminh1325@gmail.com,0998770390,Ha Noi,,STANDARD,ACTIVE
C-01326,Hoang Van Dung,hoangdung1326@gmail.com,0932615691,Ha Noi,,GOLD,ACTIVE
C-01327,Pham Van Son,phamson1327@gmail.com,0914121591,Ha Noi,,STANDARD,ACTIVE
C-01328,Pham Van Dung,phamdung1328@gmail.com,0941997478,Ha Noi,,STANDARD,ACTIVE
C-01329,Phan Van Son,phanson1329@gmail.com,0948124308,Ha Noi,,STANDARD,ACTIVE
C-01330,Phan Van Thanh,phanthanh1330@gmail.com,0910618062,Ha Noi,,STANDARD,ACTIVE
C-01331,Vo Van Phuc,vophuc1331@gmail.com,0998402160,Ha Noi,,SILVER,ACTIVE
C-01332,Vo Van Trung,votrung1332@gmail.com,0928098004,Ha Noi,,GOLD,ACTIVE
C-01333,Pham Van Binh,phambinh1333@gmail.com,0919025687,Ha Noi,,GOLD,ACTIVE
C-01334,Hoang Van Quang,hoangquang1334@gmail.com,0929071123,Ha Noi,,GOLD,ACTIVE
C-01335,Le Van Binh,lebinh1335@gmail.com,0913645859,Ha Noi,,STANDARD,ACTIVE
C-01336,Vo Van Linh,volinh1336@gmail.com,0997445463,Ha Noi,,STANDARD,ACTIVE
C-01337,Hoang Van Dung,hoangdung1337@gmail.com,0922393921,Ha Noi,,STANDARD,ACTIVE
C-01338,Hoang Van Son,hoangson1338@gmail.com,0966946856,Ha Noi,,GOLD,ACTIVE
C-01339,Pham Van Anh,phamanh1339@gmail.com,0936627646,Ha Noi,,SILVER,ACTIVE
C-01340,Vu Van Minh,vuminh1340@gmail.com,0993863294,Ha Noi,,SILVER,ACTIVE
C-01341,Nguyen Van Cuong,nguyencuong1341@gmail.com,0969799290,Ha Noi,,SILVER,ACTIVE
C-01342,Dang Van Trung,dangtrung1342@gmail.com,0948359711,Ha Noi,,SILVER,ACTIVE
C-01343,Bui Van Linh,builinh1343@gmail.com,0917098600,Ha Noi,,STANDARD,ACTIVE
C-01344,Vo Van Dung,vodung1344@gmail.com,0940817433,Ha Noi,,STANDARD,ACTIVE
C-01345,Dang Van Anh,danganh1345@gmail.com,0945288767,Ha Noi,,STANDARD,ACTIVE
C-01346,Vo Van Nam,vonam1346@gmail.com,0944621587,Ha Noi,,GOLD,ACTIVE
C-01347,Le Van Minh,leminh1347@gmail.com,0941218350,Ha Noi,,STANDARD,ACTIVE
C-01348,Pham Van Hieu,phamhieu1348@gmail.com,0978507538,Ha Noi,,STANDARD,ACTIVE
C-01349,Vu Van Phuc,vuphuc1349@gmail.com,0927234649,Ha Noi,,STANDARD,ACTIVE
C-01350,Tran Van Nam,trannam1350@gmail.com,0927763395,Ha Noi,,STANDARD,ACTIVE
C-01351,Phan Van Binh,phanbinh1351@gmail.com,0922727815,Ha Noi,,STANDARD,ACTIVE
C-01352,Dang Van Son,dangson1352@gmail.com,0960897258,Ha Noi,,STANDARD,ACTIVE
C-01353,Phan Van Son,phanson1353@gmail.com,0920436951,Ha Noi,,STANDARD,ACTIVE
C-01354,Nguyen Van Minh,nguyenminh1354@gmail.com,0983539052,Ha Noi,,STANDARD,ACTIVE
C-01355,Hoang Van Phuc,hoangphuc1355@gmail.com,0948374344,Ha Noi,,SILVER,ACTIVE
C-01356,Vu Van Linh,vulinh1356@gmail.com,0959625237,Ha Noi,,STANDARD,ACTIVE
C-01357,Nguyen Van Minh,nguyenminh1357@gmail.com,0980284041,Ha Noi,,STANDARD,ACTIVE
C-01358,Dang Van Hieu,danghieu1358@gmail.com,0924837893,Ha Noi,,GOLD,ACTIVE
C-01359,Pham Van Dung,phamdung1359@gmail.com,0994741814,Ha Noi,,STANDARD,ACTIVE
C-01360,Dang Van Linh,danglinh1360@gmail.com,0942759245,Ha Noi,,STANDARD,ACTIVE
C-01361,Pham Van Phuc,phamphuc1361@gmail.com,0924405953,Ha Noi,,STANDARD,ACTIVE
C-01362,Hoang Van Nam,hoangnam1362@gmail.com,0959997611,Ha Noi,,STANDARD,ACTIVE
C-01363,Tran Van Khanh,trankhanh1363@gmail.com,0975137809,Ha Noi,,SILVER,ACTIVE
C-01364,Vo Van Binh,vobinh1364@gmail.com,0939756468,Ha Noi,,STANDARD,ACTIVE
C-01365,Pham Van Cuong,phamcuong1365@gmail.com,0944476412,Ha Noi,,STANDARD,ACTIVE
C-01366,Phan Van Trung,phantrung1366@gmail.com,0950399046,Ha Noi,,STANDARD,ACTIVE
C-01367,Phan Van Anh,phananh1367@gmail.com,0995813560,Ha Noi,,GOLD,ACTIVE
C-01368,Vo Van Anh,voanh1368@gmail.com,0961648871,Ha Noi,,STANDARD,ACTIVE
C-01369,Nguyen Van Anh,nguyenanh1369@gmail.com,0938290158,Ha Noi,,STANDARD,ACTIVE
C-01370,Tran Van Son,transon1370@gmail.com,0976656625,Ha Noi,,STANDARD,ACTIVE
C-01371,Nguyen Van Binh,nguyenbinh1371@gmail.com,0997945921,Ha Noi,,STANDARD,ACTIVE
C-01372,Pham Van Cuong,phamcuong1372@gmail.com,0996593892,Ha Noi,,GOLD,ACTIVE
C-01373,Dang Van Trung,dangtrung1373@gmail.com,0985355291,Ha Noi,,STANDARD,ACTIVE
C-01374,Bui Van Son,buison1374@gmail.com,0986958289,Ha Noi,,GOLD,ACTIVE
C-01375,Le Van Quang,lequang1375@gmail.com,0913245177,Ha Noi,,STANDARD,ACTIVE
C-01376,Hoang Van Cuong,hoangcuong1376@gmail.com,0992909480,Ha Noi,,SILVER,ACTIVE
C-01377,Vo Van Phuc,vophuc1377@gmail.com,0962914190,Ha Noi,,STANDARD,ACTIVE
C-01378,Hoang Van Dung,hoangdung1378@gmail.com,0976489888,Ha Noi,,STANDARD,ACTIVE
C-01379,Vo Van Phuc,vophuc1379@gmail.com,0914350659,Ha Noi,,STANDARD,ACTIVE
C-01380,Vu Van Binh,vubinh1380@gmail.com,0917262699,Ha Noi,,SILVER,ACTIVE
C-01381,Pham Van Phuc,phamphuc1381@gmail.com,0922839351,Ha Noi,,SILVER,ACTIVE
C-01382,Le Van Dung,ledung1382@gmail.com,0978956298,Ha Noi,,SILVER,ACTIVE
C-01383,Hoang Van Cuong,hoangcuong1383@gmail.com,0948685920,Ha Noi,,STANDARD,ACTIVE
C-01384,Le Van Thanh,lethanh1384@gmail.com,0940576507,Ha Noi,,STANDARD,ACTIVE
C-01385,Pham Van Son,phamson1385@gmail.com,0981599048,Ha Noi,,STANDARD,ACTIVE
C-01386,Le Van Khanh,lekhanh1386@gmail.com,0950921733,Ha Noi,,STANDARD,ACTIVE
C-01387,Dang Van Khanh,dangkhanh1387@gmail.com,0979866121,Ha Noi,,STANDARD,ACTIVE
C-01388,Pham Van Trung,phamtrung1388@gmail.com,0917412854,Ha Noi,,SILVER,ACTIVE
C-01389,Le Van Khanh,lekhanh1389@gmail.com,0982502722,Ha Noi,,STANDARD,ACTIVE
C-01390,Dang Van Trung,dangtrung1390@gmail.com,0993801464,Ha Noi,,GOLD,ACTIVE
C-01391,Bui Van Dung,buidung1391@gmail.com,0974910797,Ha Noi,,STANDARD,ACTIVE
C-01392,Le Van Quang,lequang1392@gmail.com,0943145326,Ha Noi,,STANDARD,ACTIVE
C-01393,Le Van Son,leson1393@gmail.com,0962823772,Ha Noi,,STANDARD,ACTIVE
C-01394,Vu Van Linh,vulinh1394@gmail.com,0924246790,Ha Noi,,STANDARD,ACTIVE
C-01395,Vu Van Thanh,vuthanh1395@gmail.com,0990281405,Ha Noi,,SILVER,ACTIVE
C-01396,Vu Van Binh,vubinh1396@gmail.com,0941540638,Ha Noi,,STANDARD,ACTIVE
C-01397,Le Van Phuc,lephuc1397@gmail.com,0944841821,Ha Noi,,STANDARD,ACTIVE
C-01398,Dang Van Hung,danghung1398@gmail.com,0915333200,Ha Noi,,GOLD,ACTIVE
C-01399,Bui Van Trung,buitrung1399@gmail.com,0927588259,Ha Noi,,SILVER,ACTIVE
C-01400,Dang Van Quang,dangquang1400@gmail.com,0968173588,Ha Noi,,DIAMOND,ACTIVE
C-01401,Hoang Van Quang,hoangquang1401@gmail.com,0965093019,Ha Noi,,STANDARD,ACTIVE
C-01402,Dang Van Linh,danglinh1402@gmail.com,0957415545,Ha Noi,,STANDARD,ACTIVE
C-01403,Pham Van Linh,phamlinh1403@gmail.com,0955970566,Ha Noi,,STANDARD,ACTIVE
C-01404,Hoang Van Phuc,hoangphuc1404@gmail.com,0992505803,Ha Noi,,STANDARD,ACTIVE
C-01405,Phan Van Thanh,phanthanh1405@gmail.com,0939714271,Ha Noi,,STANDARD,ACTIVE
C-01406,Hoang Van Anh,hoanganh1406@gmail.com,0975287390,Ha Noi,,STANDARD,ACTIVE
C-01407,Hoang Van Thanh,hoangthanh1407@gmail.com,0950017490,Ha Noi,,DIAMOND,ACTIVE
C-01408,Vu Van Nam,vunam1408@gmail.com,0942738451,Ha Noi,,DIAMOND,ACTIVE
C-01409,Bui Van Linh,builinh1409@gmail.com,0930677579,Ha Noi,,GOLD,ACTIVE
C-01410,Vo Van Quang,voquang1410@gmail.com,0942548354,Ha Noi,,STANDARD,ACTIVE
C-01411,Vo Van Trung,votrung1411@gmail.com,0910149022,Ha Noi,,STANDARD,ACTIVE
C-01412,Le Van Binh,lebinh1412@gmail.com,0992274035,Ha Noi,,STANDARD,ACTIVE
C-01413,Bui Van Quang,buiquang1413@gmail.com,0958003408,Ha Noi,,SILVER,ACTIVE
C-01414,Tran Van Nam,trannam1414@gmail.com,0916949815,Ha Noi,,STANDARD,ACTIVE
C-01415,Nguyen Van Minh,nguyenminh1415@gmail.com,0969108759,Ha Noi,,SILVER,ACTIVE
C-01416,Bui Van Nam,buinam1416@gmail.com,0955558287,Ha Noi,,STANDARD,ACTIVE
C-01417,Pham Van Trung,phamtrung1417@gmail.com,0914498506,Ha Noi,,GOLD,ACTIVE
C-01418,Bui Van Binh,buibinh1418@gmail.com,0999509346,Ha Noi,,STANDARD,ACTIVE
C-01419,Vu Van Trung,vutrung1419@gmail.com,0917758098,Ha Noi,,STANDARD,ACTIVE
C-01420,Vo Van Hieu,vohieu1420@gmail.com,0986214113,Ha Noi,,STANDARD,ACTIVE
C-01421,Dang Van Nam,dangnam1421@gmail.com,0958347235,Ha Noi,,STANDARD,ACTIVE
C-01422,Nguyen Van Binh,nguyenbinh1422@gmail.com,0989560479,Ha Noi,,STANDARD,ACTIVE
C-01423,Le Van Dung,ledung1423@gmail.com,0968043625,Ha Noi,,GOLD,ACTIVE
C-01424,Tran Van Hung,tranhung1424@gmail.com,0986824606,Ha Noi,,STANDARD,ACTIVE
C-01425,Le Van Linh,lelinh1425@gmail.com,0983538734,Ha Noi,,STANDARD,ACTIVE
C-01426,Pham Van Anh,phamanh1426@gmail.com,0960362551,Ha Noi,,STANDARD,ACTIVE
C-01427,Pham Van Dung,phamdung1427@gmail.com,0942542544,Ha Noi,,GOLD,ACTIVE
C-01428,Dang Van Dung,dangdung1428@gmail.com,0927378653,Ha Noi,,STANDARD,ACTIVE
C-01429,Vu Van Son,vuson1429@gmail.com,0936893819,Ha Noi,,SILVER,ACTIVE
C-01430,Dang Van Quang,dangquang1430@gmail.com,0943898631,Ha Noi,,STANDARD,ACTIVE
C-01431,Tran Van Minh,tranminh1431@gmail.com,0976186189,Ha Noi,,STANDARD,ACTIVE
C-01432,Vu Van Phuc,vuphuc1432@gmail.com,0926649918,Ha Noi,,GOLD,ACTIVE
C-01433,Phan Van Cuong,phancuong1433@gmail.com,0942548529,Ha Noi,,GOLD,ACTIVE
C-01434,Nguyen Van Binh,nguyenbinh1434@gmail.com,0972948207,Ha Noi,,GOLD,ACTIVE
C-01435,Vo Van Quang,voquang1435@gmail.com,0971352111,Ha Noi,,STANDARD,ACTIVE
C-01436,Phan Van Anh,phananh1436@gmail.com,0975008423,Ha Noi,,STANDARD,ACTIVE
C-01437,Dang Van Dung,dangdung1437@gmail.com,0959589315,Ha Noi,,STANDARD,ACTIVE
C-01438,Phan Van Son,phanson1438@gmail.com,0977095093,Ha Noi,,STANDARD,ACTIVE
C-01439,Phan Van Nam,phannam1439@gmail.com,0998574432,Ha Noi,,STANDARD,ACTIVE
C-01440,Tran Van Nam,trannam1440@gmail.com,0977206882,Ha Noi,,SILVER,ACTIVE
C-01441,Le Van Hung,lehung1441@gmail.com,0970785250,Ha Noi,,STANDARD,ACTIVE
C-01442,Dang Van Trung,dangtrung1442@gmail.com,0913019981,Ha Noi,,STANDARD,ACTIVE
C-01443,Tran Van Hung,tranhung1443@gmail.com,0929447254,Ha Noi,,SILVER,ACTIVE
C-01444,Phan Van Nam,phannam1444@gmail.com,0924120493,Ha Noi,,STANDARD,ACTIVE
C-01445,Dang Van Dung,dangdung1445@gmail.com,0958902384,Ha Noi,,SILVER,ACTIVE
C-01446,Hoang Van Linh,hoanglinh1446@gmail.com,0969284425,Ha Noi,,GOLD,ACTIVE
C-01447,Vu Van Hung,vuhung1447@gmail.com,0986153925,Ha Noi,,SILVER,ACTIVE
C-01448,Pham Van Trung,phamtrung1448@gmail.com,0915011099,Ha Noi,,STANDARD,ACTIVE
C-01449,Tran Van Linh,tranlinh1449@gmail.com,0985133357,Ha Noi,,SILVER,ACTIVE
C-01450,Bui Van Hieu,buihieu1450@gmail.com,0955243971,Ha Noi,,SILVER,ACTIVE
C-01451,Hoang Van Son,hoangson1451@gmail.com,0939567943,Ha Noi,,STANDARD,ACTIVE
C-01452,Vo Van Anh,voanh1452@gmail.com,0948987795,Ha Noi,,STANDARD,ACTIVE
C-01453,Le Van Phuc,lephuc1453@gmail.com,0958004267,Ha Noi,,GOLD,ACTIVE
C-01454,Bui Van Dung,buidung1454@gmail.com,0979662001,Ha Noi,,DIAMOND,ACTIVE
C-01455,Vu Van Hung,vuhung1455@gmail.com,0975987319,Ha Noi,,SILVER,ACTIVE
C-01456,Dang Van Anh,danganh1456@gmail.com,0982303338,Ha Noi,,SILVER,ACTIVE
C-01457,Vo Van Linh,volinh1457@gmail.com,0977253313,Ha Noi,,STANDARD,ACTIVE
C-01458,Hoang Van Khanh,hoangkhanh1458@gmail.com,0974384218,Ha Noi,,SILVER,ACTIVE
C-01459,Tran Van Hieu,tranhieu1459@gmail.com,0953758288,Ha Noi,,STANDARD,ACTIVE
C-01460,Phan Van Linh,phanlinh1460@gmail.com,0989461123,Ha Noi,,STANDARD,ACTIVE
C-01461,Phan Van Son,phanson1461@gmail.com,0937558993,Ha Noi,,STANDARD,ACTIVE
C-01462,Vu Van Binh,vubinh1462@gmail.com,0959083278,Ha Noi,,SILVER,ACTIVE
C-01463,Tran Van Binh,tranbinh1463@gmail.com,0917115423,Ha Noi,,STANDARD,ACTIVE
C-01464,Hoang Van Khanh,hoangkhanh1464@gmail.com,0978774422,Ha Noi,,STANDARD,ACTIVE
C-01465,Dang Van Hieu,danghieu1465@gmail.com,0916974660,Ha Noi,,DIAMOND,ACTIVE
C-01466,Dang Van Binh,dangbinh1466@gmail.com,0963778551,Ha Noi,,STANDARD,ACTIVE
C-01467,Bui Van Quang,buiquang1467@gmail.com,0973605892,Ha Noi,,STANDARD,ACTIVE
C-01468,Vu Van Phuc,vuphuc1468@gmail.com,0956903346,Ha Noi,,SILVER,ACTIVE
C-01469,Vo Van Hung,vohung1469@gmail.com,0987692043,Ha Noi,,STANDARD,ACTIVE
C-01470,Bui Van Dung,buidung1470@gmail.com,0959192835,Ha Noi,,SILVER,ACTIVE
C-01471,Vo Van Phuc,vophuc1471@gmail.com,0970641147,Ha Noi,,SILVER,ACTIVE
C-01472,Hoang Van Minh,hoangminh1472@gmail.com,0968623033,Ha Noi,,STANDARD,ACTIVE
C-01473,Dang Van Trung,dangtrung1473@gmail.com,0998146960,Ha Noi,,STANDARD,ACTIVE
C-01474,Hoang Van Cuong,hoangcuong1474@gmail.com,0923916452,Ha Noi,,STANDARD,ACTIVE
C-01475,Dang Van Phuc,dangphuc1475@gmail.com,0930111532,Ha Noi,,STANDARD,ACTIVE
C-01476,Hoang Van Hung,hoanghung1476@gmail.com,0955152787,Ha Noi,,STANDARD,ACTIVE
C-01477,Le Van Hieu,lehieu1477@gmail.com,0979661580,Ha Noi,,SILVER,ACTIVE
C-01478,Tran Van Son,transon1478@gmail.com,0970526001,Ha Noi,,SILVER,ACTIVE
C-01479,Tran Van Thanh,tranthanh1479@gmail.com,0914720072,Ha Noi,,STANDARD,ACTIVE
C-01480,Vo Van Linh,volinh1480@gmail.com,0991687514,Ha Noi,,STANDARD,ACTIVE
C-01481,Hoang Van Nam,hoangnam1481@gmail.com,0990784621,Ha Noi,,SILVER,ACTIVE
C-01482,Vo Van Thanh,vothanh1482@gmail.com,0977802526,Ha Noi,,GOLD,ACTIVE
C-01483,Phan Van Khanh,phankhanh1483@gmail.com,0976293650,Ha Noi,,STANDARD,ACTIVE
C-01484,Dang Van Nam,dangnam1484@gmail.com,0919840014,Ha Noi,,SILVER,ACTIVE
C-01485,Dang Van Phuc,dangphuc1485@gmail.com,0949946218,Ha Noi,,STANDARD,ACTIVE
C-01486,Vu Van Binh,vubinh1486@gmail.com,0980024997,Ha Noi,,STANDARD,ACTIVE
C-01487,Vu Van Cuong,vucuong1487@gmail.com,0910558940,Ha Noi,,STANDARD,ACTIVE
C-01488,Tran Van Hieu,tranhieu1488@gmail.com,0986904859,Ha Noi,,STANDARD,ACTIVE
C-01489,Bui Van Cuong,buicuong1489@gmail.com,0925863909,Ha Noi,,STANDARD,ACTIVE
C-01490,Pham Van Quang,phamquang1490@gmail.com,0990976889,Ha Noi,,GOLD,ACTIVE
C-01491,Pham Van Phuc,phamphuc1491@gmail.com,0925579287,Ha Noi,,STANDARD,ACTIVE
C-01492,Tran Van Binh,tranbinh1492@gmail.com,0916700552,Ha Noi,,STANDARD,ACTIVE
C-01493,Dang Van Linh,danglinh1493@gmail.com,0967857151,Ha Noi,,STANDARD,ACTIVE
C-01494,Nguyen Van Quang,nguyenquang1494@gmail.com,0938485006,Ha Noi,,STANDARD,ACTIVE
C-01495,Phan Van Minh,phanminh1495@gmail.com,0973996184,Ha Noi,,STANDARD,ACTIVE
C-01496,Tran Van Phuc,tranphuc1496@gmail.com,0992481190,Ha Noi,,SILVER,ACTIVE
C-01497,Phan Van Khanh,phankhanh1497@gmail.com,0955259549,Ha Noi,,GOLD,ACTIVE
C-01498,Dang Van Minh,dangminh1498@gmail.com,0919842686,Ha Noi,,STANDARD,ACTIVE
C-01499,Hoang Van Anh,hoanganh1499@gmail.com,0911930400,Ha Noi,,SILVER,ACTIVE
C-01500,Pham Van Khanh,phamkhanh1500@gmail.com,0963842684,Ha Noi,,STANDARD,ACTIVE
C-01501,Phan Van Phuc,phanphuc1501@gmail.com,0924932760,Ha Noi,,GOLD,ACTIVE
C-01502,Hoang Van Thanh,hoangthanh1502@gmail.com,0978306987,Ha Noi,,STANDARD,ACTIVE
C-01503,Dang Van Hieu,danghieu1503@gmail.com,0953500995,Ha Noi,,STANDARD,ACTIVE
C-01504,Phan Van Minh,phanminh1504@gmail.com,0930239480,Ha Noi,,STANDARD,ACTIVE
C-01505,Vu Van Linh,vulinh1505@gmail.com,0990650946,Ha Noi,,GOLD,ACTIVE
C-01506,Vo Van Nam,vonam1506@gmail.com,0985707665,Ha Noi,,STANDARD,ACTIVE
C-01507,Tran Van Hieu,tranhieu1507@gmail.com,0968014530,Ha Noi,,STANDARD,ACTIVE
C-01508,Vo Van Trung,votrung1508@gmail.com,0999516015,Ha Noi,,STANDARD,ACTIVE
C-01509,Le Van Hung,lehung1509@gmail.com,0919261855,Ha Noi,,GOLD,ACTIVE
C-01510,Vu Van Anh,vuanh1510@gmail.com,0964150194,Ha Noi,,STANDARD,ACTIVE
C-01511,Nguyen Van Dung,nguyendung1511@gmail.com,0912409285,Ha Noi,,STANDARD,ACTIVE
C-01512,Nguyen Van Cuong,nguyencuong1512@gmail.com,0977037070,Ha Noi,,STANDARD,ACTIVE
C-01513,Hoang Van Quang,hoangquang1513@gmail.com,0957369159,Ha Noi,,GOLD,ACTIVE
C-01514,Pham Van Dung,phamdung1514@gmail.com,0963441824,Ha Noi,,SILVER,ACTIVE
C-01515,Vu Van Phuc,vuphuc1515@gmail.com,0997081554,Ha Noi,,GOLD,ACTIVE
C-01516,Phan Van Quang,phanquang1516@gmail.com,0959222530,Ha Noi,,GOLD,ACTIVE
C-01517,Hoang Van Son,hoangson1517@gmail.com,0955486596,Ha Noi,,GOLD,ACTIVE
C-01518,Nguyen Van Minh,nguyenminh1518@gmail.com,0948159639,Ha Noi,,STANDARD,ACTIVE
C-01519,Vu Van Linh,vulinh1519@gmail.com,0916072575,Ha Noi,,STANDARD,ACTIVE
C-01520,Phan Van Son,phanson1520@gmail.com,0943961199,Ha Noi,,STANDARD,ACTIVE
C-01521,Nguyen Van Son,nguyenson1521@gmail.com,0990628557,Ha Noi,,SILVER,ACTIVE
C-01522,Nguyen Van Khanh,nguyenkhanh1522@gmail.com,0990944151,Ha Noi,,STANDARD,ACTIVE
C-01523,Pham Van Nam,phamnam1523@gmail.com,0913964447,Ha Noi,,STANDARD,ACTIVE
C-01524,Vu Van Binh,vubinh1524@gmail.com,0930587376,Ha Noi,,SILVER,ACTIVE
C-01525,Phan Van Minh,phanminh1525@gmail.com,0912742781,Ha Noi,,STANDARD,ACTIVE
C-01526,Vo Van Thanh,vothanh1526@gmail.com,0984386434,Ha Noi,,GOLD,ACTIVE
C-01527,Vo Van Thanh,vothanh1527@gmail.com,0940634550,Ha Noi,,STANDARD,ACTIVE
C-01528,Vo Van Cuong,vocuong1528@gmail.com,0942040414,Ha Noi,,SILVER,ACTIVE
C-01529,Dang Van Cuong,dangcuong1529@gmail.com,0955574830,Ha Noi,,SILVER,ACTIVE
C-01530,Nguyen Van Hieu,nguyenhieu1530@gmail.com,0989338865,Ha Noi,,SILVER,ACTIVE
C-01531,Le Van Phuc,lephuc1531@gmail.com,0944620672,Ha Noi,,STANDARD,ACTIVE
C-01532,Dang Van Anh,danganh1532@gmail.com,0938927480,Ha Noi,,GOLD,ACTIVE
C-01533,Pham Van Minh,phamminh1533@gmail.com,0942845983,Ha Noi,,STANDARD,ACTIVE
C-01534,Pham Van Trung,phamtrung1534@gmail.com,0947098033,Ha Noi,,STANDARD,ACTIVE
C-01535,Pham Van Hung,phamhung1535@gmail.com,0985163020,Ha Noi,,SILVER,ACTIVE
C-01536,Phan Van Trung,phantrung1536@gmail.com,0993182823,Ha Noi,,STANDARD,ACTIVE
C-01537,Vo Van Khanh,vokhanh1537@gmail.com,0955890006,Ha Noi,,STANDARD,ACTIVE
C-01538,Dang Van Nam,dangnam1538@gmail.com,0959301221,Ha Noi,,SILVER,ACTIVE
C-01539,Nguyen Van Dung,nguyendung1539@gmail.com,0981143402,Ha Noi,,STANDARD,ACTIVE
C-01540,Dang Van Trung,dangtrung1540@gmail.com,0933053768,Ha Noi,,GOLD,ACTIVE
C-01541,Le Van Trung,letrung1541@gmail.com,0912319974,Ha Noi,,STANDARD,ACTIVE
C-01542,Pham Van Minh,phamminh1542@gmail.com,0934372860,Ha Noi,,STANDARD,ACTIVE
C-01543,Tran Van Thanh,tranthanh1543@gmail.com,0984617577,Ha Noi,,STANDARD,ACTIVE
C-01544,Pham Van Dung,phamdung1544@gmail.com,0939528572,Ha Noi,,GOLD,ACTIVE
C-01545,Hoang Van Dung,hoangdung1545@gmail.com,0919162364,Ha Noi,,STANDARD,ACTIVE
C-01546,Bui Van Nam,buinam1546@gmail.com,0939991931,Ha Noi,,STANDARD,ACTIVE
C-01547,Dang Van Nam,dangnam1547@gmail.com,0973264594,Ha Noi,,SILVER,ACTIVE
C-01548,Pham Van Binh,phambinh1548@gmail.com,0951218980,Ha Noi,,STANDARD,ACTIVE
C-01549,Vu Van Phuc,vuphuc1549@gmail.com,0985942499,Ha Noi,,STANDARD,ACTIVE
C-01550,Tran Van Thanh,tranthanh1550@gmail.com,0995747373,Ha Noi,,STANDARD,ACTIVE
C-01551,Hoang Van Phuc,hoangphuc1551@gmail.com,0997191823,Ha Noi,,STANDARD,ACTIVE
C-01552,Le Van Trung,letrung1552@gmail.com,0951687984,Ha Noi,,STANDARD,ACTIVE
C-01553,Tran Van Phuc,tranphuc1553@gmail.com,0996278579,Ha Noi,,STANDARD,ACTIVE
C-01554,Tran Van Linh,tranlinh1554@gmail.com,0950115341,Ha Noi,,STANDARD,ACTIVE
C-01555,Vu Van Minh,vuminh1555@gmail.com,0932074694,Ha Noi,,GOLD,ACTIVE
C-01556,Pham Van Phuc,phamphuc1556@gmail.com,0981820947,Ha Noi,,STANDARD,ACTIVE
C-01557,Hoang Van Dung,hoangdung1557@gmail.com,0954852779,Ha Noi,,STANDARD,ACTIVE
C-01558,Pham Van Hieu,phamhieu1558@gmail.com,0959131057,Ha Noi,,SILVER,ACTIVE
C-01559,Phan Van Phuc,phanphuc1559@gmail.com,0967036827,Ha Noi,,GOLD,ACTIVE
C-01560,Vu Van Hieu,vuhieu1560@gmail.com,0959208361,Ha Noi,,DIAMOND,ACTIVE
C-01561,Bui Van Khanh,buikhanh1561@gmail.com,0932206277,Ha Noi,,SILVER,ACTIVE
C-01562,Pham Van Anh,phamanh1562@gmail.com,0941989200,Ha Noi,,GOLD,ACTIVE
C-01563,Dang Van Anh,danganh1563@gmail.com,0924956747,Ha Noi,,GOLD,ACTIVE
C-01564,Le Van Minh,leminh1564@gmail.com,0967382183,Ha Noi,,STANDARD,ACTIVE
C-01565,Dang Van Quang,dangquang1565@gmail.com,0988494028,Ha Noi,,STANDARD,ACTIVE
C-01566,Hoang Van Phuc,hoangphuc1566@gmail.com,0912172802,Ha Noi,,SILVER,ACTIVE
C-01567,Nguyen Van Linh,nguyenlinh1567@gmail.com,0948588643,Ha Noi,,SILVER,ACTIVE
C-01568,Vo Van Anh,voanh1568@gmail.com,0923597634,Ha Noi,,GOLD,ACTIVE
C-01569,Vo Van Hung,vohung1569@gmail.com,0973663466,Ha Noi,,STANDARD,ACTIVE
C-01570,Hoang Van Minh,hoangminh1570@gmail.com,0947343053,Ha Noi,,STANDARD,ACTIVE
C-01571,Pham Van Phuc,phamphuc1571@gmail.com,0924714728,Ha Noi,,STANDARD,ACTIVE
C-01572,Vo Van Quang,voquang1572@gmail.com,0959557210,Ha Noi,,STANDARD,ACTIVE
C-01573,Hoang Van Thanh,hoangthanh1573@gmail.com,0947116276,Ha Noi,,STANDARD,ACTIVE
C-01574,Nguyen Van Son,nguyenson1574@gmail.com,0938898457,Ha Noi,,STANDARD,ACTIVE
C-01575,Hoang Van Binh,hoangbinh1575@gmail.com,0980863906,Ha Noi,,STANDARD,ACTIVE
C-01576,Vo Van Trung,votrung1576@gmail.com,0912326043,Ha Noi,,GOLD,ACTIVE
C-01577,Tran Van Thanh,tranthanh1577@gmail.com,0924805434,Ha Noi,,STANDARD,ACTIVE
C-01578,Pham Van Hung,phamhung1578@gmail.com,0921789498,Ha Noi,,STANDARD,ACTIVE
C-01579,Bui Van Phuc,buiphuc1579@gmail.com,0949625088,Ha Noi,,STANDARD,ACTIVE
C-01580,Vo Van Son,voson1580@gmail.com,0935047818,Ha Noi,,STANDARD,ACTIVE
C-01581,Le Van Trung,letrung1581@gmail.com,0999569371,Ha Noi,,STANDARD,ACTIVE
C-01582,Tran Van Hieu,tranhieu1582@gmail.com,0920102269,Ha Noi,,STANDARD,ACTIVE
C-01583,Hoang Van Quang,hoangquang1583@gmail.com,0972795901,Ha Noi,,STANDARD,ACTIVE
C-01584,Tran Van Minh,tranminh1584@gmail.com,0912153944,Ha Noi,,STANDARD,ACTIVE
C-01585,Pham Van Phuc,phamphuc1585@gmail.com,0964767475,Ha Noi,,STANDARD,ACTIVE
C-01586,Vu Van Khanh,vukhanh1586@gmail.com,0993065134,Ha Noi,,STANDARD,ACTIVE
C-01587,Phan Van Linh,phanlinh1587@gmail.com,0961188092,Ha Noi,,STANDARD,ACTIVE
C-01588,Le Van Khanh,lekhanh1588@gmail.com,0963919885,Ha Noi,,STANDARD,ACTIVE
C-01589,Le Van Nam,lenam1589@gmail.com,0946801646,Ha Noi,,SILVER,ACTIVE
C-01590,Vo Van Quang,voquang1590@gmail.com,0939062057,Ha Noi,,STANDARD,ACTIVE
C-01591,Vo Van Binh,vobinh1591@gmail.com,0949778734,Ha Noi,,STANDARD,ACTIVE
C-01592,Tran Van Cuong,trancuong1592@gmail.com,0957314182,Ha Noi,,STANDARD,ACTIVE
C-01593,Vo Van Minh,vominh1593@gmail.com,0949643295,Ha Noi,,STANDARD,ACTIVE
C-01594,Vo Van Phuc,vophuc1594@gmail.com,0913925945,Ha Noi,,SILVER,ACTIVE
C-01595,Hoang Van Phuc,hoangphuc1595@gmail.com,0968467498,Ha Noi,,STANDARD,ACTIVE
C-01596,Pham Van Hieu,phamhieu1596@gmail.com,0912741465,Ha Noi,,STANDARD,ACTIVE
C-01597,Bui Van Phuc,buiphuc1597@gmail.com,0947957142,Ha Noi,,STANDARD,ACTIVE
C-01598,Bui Van Dung,buidung1598@gmail.com,0940126897,Ha Noi,,STANDARD,ACTIVE
C-01599,Bui Van Phuc,buiphuc1599@gmail.com,0921462467,Ha Noi,,GOLD,ACTIVE
C-01600,Dang Van Hieu,danghieu1600@gmail.com,0956366450,Ha Noi,,STANDARD,ACTIVE
C-01601,Nguyen Van Minh,nguyenminh1601@gmail.com,0982271084,Ha Noi,,STANDARD,ACTIVE
C-01602,Bui Van Trung,buitrung1602@gmail.com,0962661530,Ha Noi,,GOLD,ACTIVE
C-01603,Vo Van Linh,volinh1603@gmail.com,0986188457,Ha Noi,,DIAMOND,ACTIVE
C-01604,Hoang Van Khanh,hoangkhanh1604@gmail.com,0968159433,Ha Noi,,STANDARD,ACTIVE
C-01605,Nguyen Van Nam,nguyennam1605@gmail.com,0920831903,Ha Noi,,STANDARD,ACTIVE
C-01606,Phan Van Quang,phanquang1606@gmail.com,0992134772,Ha Noi,,STANDARD,ACTIVE
C-01607,Le Van Quang,lequang1607@gmail.com,0945151287,Ha Noi,,STANDARD,ACTIVE
C-01608,Bui Van Son,buison1608@gmail.com,0980446788,Ha Noi,,STANDARD,ACTIVE
C-01609,Dang Van Dung,dangdung1609@gmail.com,0996327420,Ha Noi,,GOLD,ACTIVE
C-01610,Phan Van Thanh,phanthanh1610@gmail.com,0992305920,Ha Noi,,SILVER,ACTIVE
C-01611,Vo Van Thanh,vothanh1611@gmail.com,0993793130,Ha Noi,,STANDARD,ACTIVE
C-01612,Dang Van Hieu,danghieu1612@gmail.com,0935126946,Ha Noi,,STANDARD,ACTIVE
C-01613,Vo Van Dung,vodung1613@gmail.com,0967262187,Ha Noi,,GOLD,ACTIVE
C-01614,Dang Van Nam,dangnam1614@gmail.com,0927014482,Ha Noi,,STANDARD,ACTIVE
C-01615,Vu Van Linh,vulinh1615@gmail.com,0948351568,Ha Noi,,SILVER,ACTIVE
C-01616,Vu Van Hung,vuhung1616@gmail.com,0993426595,Ha Noi,,STANDARD,ACTIVE
C-01617,Dang Van Thanh,dangthanh1617@gmail.com,0936487039,Ha Noi,,STANDARD,ACTIVE
C-01618,Le Van Anh,leanh1618@gmail.com,0944100498,Ha Noi,,STANDARD,ACTIVE
C-01619,Vo Van Thanh,vothanh1619@gmail.com,0976194289,Ha Noi,,STANDARD,ACTIVE
C-01620,Vo Van Dung,vodung1620@gmail.com,0919693871,Ha Noi,,STANDARD,ACTIVE
C-01621,Phan Van Son,phanson1621@gmail.com,0959945780,Ha Noi,,STANDARD,ACTIVE
C-01622,Vu Van Binh,vubinh1622@gmail.com,0952840801,Ha Noi,,GOLD,ACTIVE
C-01623,Nguyen Van Linh,nguyenlinh1623@gmail.com,0973630911,Ha Noi,,GOLD,ACTIVE
C-01624,Hoang Van Phuc,hoangphuc1624@gmail.com,0992428961,Ha Noi,,SILVER,ACTIVE
C-01625,Le Van Dung,ledung1625@gmail.com,0910232799,Ha Noi,,GOLD,ACTIVE
C-01626,Nguyen Van Trung,nguyentrung1626@gmail.com,0982228608,Ha Noi,,GOLD,ACTIVE
C-01627,Tran Van Anh,trananh1627@gmail.com,0952528263,Ha Noi,,STANDARD,ACTIVE
C-01628,Phan Van Phuc,phanphuc1628@gmail.com,0963831994,Ha Noi,,STANDARD,ACTIVE
C-01629,Hoang Van Hieu,hoanghieu1629@gmail.com,0922422913,Ha Noi,,STANDARD,ACTIVE
C-01630,Vo Van Hung,vohung1630@gmail.com,0938200889,Ha Noi,,STANDARD,ACTIVE
C-01631,Vu Van Cuong,vucuong1631@gmail.com,0993007295,Ha Noi,,STANDARD,ACTIVE
C-01632,Vo Van Khanh,vokhanh1632@gmail.com,0947439403,Ha Noi,,STANDARD,ACTIVE
C-01633,Hoang Van Son,hoangson1633@gmail.com,0988367306,Ha Noi,,STANDARD,ACTIVE
C-01634,Vu Van Khanh,vukhanh1634@gmail.com,0953582263,Ha Noi,,STANDARD,ACTIVE
C-01635,Le Van Thanh,lethanh1635@gmail.com,0968191721,Ha Noi,,STANDARD,ACTIVE
C-01636,Dang Van Son,dangson1636@gmail.com,0950675546,Ha Noi,,STANDARD,ACTIVE
C-01637,Nguyen Van Hung,nguyenhung1637@gmail.com,0947799424,Ha Noi,,STANDARD,ACTIVE
C-01638,Hoang Van Linh,hoanglinh1638@gmail.com,0986001824,Ha Noi,,GOLD,ACTIVE
C-01639,Pham Van Phuc,phamphuc1639@gmail.com,0915293069,Ha Noi,,STANDARD,ACTIVE
C-01640,Bui Van Trung,buitrung1640@gmail.com,0979596941,Ha Noi,,STANDARD,ACTIVE
C-01641,Pham Van Binh,phambinh1641@gmail.com,0915778487,Ha Noi,,GOLD,ACTIVE
C-01642,Pham Van Thanh,phamthanh1642@gmail.com,0982117408,Ha Noi,,SILVER,ACTIVE
C-01643,Vo Van Minh,vominh1643@gmail.com,0977688290,Ha Noi,,STANDARD,ACTIVE
C-01644,Vu Van Khanh,vukhanh1644@gmail.com,0970217837,Ha Noi,,STANDARD,ACTIVE
C-01645,Vu Van Linh,vulinh1645@gmail.com,0919986510,Ha Noi,,DIAMOND,ACTIVE
C-01646,Nguyen Van Quang,nguyenquang1646@gmail.com,0949719165,Ha Noi,,DIAMOND,ACTIVE
C-01647,Dang Van Dung,dangdung1647@gmail.com,0975412112,Ha Noi,,STANDARD,ACTIVE
C-01648,Phan Van Dung,phandung1648@gmail.com,0947933260,Ha Noi,,SILVER,ACTIVE
C-01649,Tran Van Thanh,tranthanh1649@gmail.com,0936976274,Ha Noi,,STANDARD,ACTIVE
C-01650,Dang Van Linh,danglinh1650@gmail.com,0995803726,Ha Noi,,STANDARD,ACTIVE
C-01651,Dang Van Linh,danglinh1651@gmail.com,0968269322,Ha Noi,,STANDARD,ACTIVE
C-01652,Hoang Van Khanh,hoangkhanh1652@gmail.com,0914690102,Ha Noi,,STANDARD,ACTIVE
C-01653,Bui Van Linh,builinh1653@gmail.com,0985339266,Ha Noi,,DIAMOND,ACTIVE
C-01654,Hoang Van Minh,hoangminh1654@gmail.com,0967717370,Ha Noi,,STANDARD,ACTIVE
C-01655,Nguyen Van Linh,nguyenlinh1655@gmail.com,0991185170,Ha Noi,,STANDARD,ACTIVE
C-01656,Phan Van Dung,phandung1656@gmail.com,0913749817,Ha Noi,,STANDARD,ACTIVE
C-01657,Phan Van Quang,phanquang1657@gmail.com,0996377181,Ha Noi,,STANDARD,ACTIVE
C-01658,Vo Van Thanh,vothanh1658@gmail.com,0934404131,Ha Noi,,STANDARD,ACTIVE
C-01659,Tran Van Quang,tranquang1659@gmail.com,0920955191,Ha Noi,,STANDARD,ACTIVE
C-01660,Pham Van Phuc,phamphuc1660@gmail.com,0917994909,Ha Noi,,STANDARD,ACTIVE
C-01661,Nguyen Van Hieu,nguyenhieu1661@gmail.com,0944298975,Ha Noi,,STANDARD,ACTIVE
C-01662,Tran Van Binh,tranbinh1662@gmail.com,0976803968,Ha Noi,,STANDARD,ACTIVE
C-01663,Bui Van Cuong,buicuong1663@gmail.com,0960383471,Ha Noi,,SILVER,ACTIVE
C-01664,Pham Van Hung,phamhung1664@gmail.com,0957824186,Ha Noi,,STANDARD,ACTIVE
C-01665,Dang Van Binh,dangbinh1665@gmail.com,0915439130,Ha Noi,,SILVER,ACTIVE
C-01666,Dang Van Dung,dangdung1666@gmail.com,0972923885,Ha Noi,,STANDARD,ACTIVE
C-01667,Vu Van Quang,vuquang1667@gmail.com,0963523715,Ha Noi,,SILVER,ACTIVE
C-01668,Vu Van Son,vuson1668@gmail.com,0924761830,Ha Noi,,STANDARD,ACTIVE
C-01669,Vo Van Phuc,vophuc1669@gmail.com,0955229693,Ha Noi,,STANDARD,ACTIVE
C-01670,Vo Van Hung,vohung1670@gmail.com,0924043960,Ha Noi,,STANDARD,ACTIVE
C-01671,Vo Van Linh,volinh1671@gmail.com,0934247956,Ha Noi,,STANDARD,ACTIVE
C-01672,Nguyen Van Thanh,nguyenthanh1672@gmail.com,0985138602,Ha Noi,,GOLD,ACTIVE
C-01673,Nguyen Van Phuc,nguyenphuc1673@gmail.com,0960161640,Ha Noi,,SILVER,ACTIVE
C-01674,Nguyen Van Dung,nguyendung1674@gmail.com,0957683564,Ha Noi,,SILVER,ACTIVE
C-01675,Pham Van Cuong,phamcuong1675@gmail.com,0924369564,Ha Noi,,STANDARD,ACTIVE
C-01676,Tran Van Thanh,tranthanh1676@gmail.com,0918674983,Ha Noi,,STANDARD,ACTIVE
C-01677,Bui Van Minh,buiminh1677@gmail.com,0934121751,Ha Noi,,SILVER,ACTIVE
C-01678,Phan Van Cuong,phancuong1678@gmail.com,0913872664,Ha Noi,,STANDARD,ACTIVE
C-01679,Tran Van Khanh,trankhanh1679@gmail.com,0942692244,Ha Noi,,STANDARD,ACTIVE
C-01680,Vo Van Trung,votrung1680@gmail.com,0993078939,Ha Noi,,STANDARD,ACTIVE
C-01681,Le Van Linh,lelinh1681@gmail.com,0994044310,Ha Noi,,STANDARD,ACTIVE
C-01682,Pham Van Thanh,phamthanh1682@gmail.com,0949816311,Ha Noi,,SILVER,ACTIVE
C-01683,Pham Van Quang,phamquang1683@gmail.com,0962151297,Ha Noi,,STANDARD,ACTIVE
C-01684,Pham Van Nam,phamnam1684@gmail.com,0936818799,Ha Noi,,SILVER,ACTIVE
C-01685,Tran Van Phuc,tranphuc1685@gmail.com,0947201364,Ha Noi,,STANDARD,ACTIVE
C-01686,Phan Van Khanh,phankhanh1686@gmail.com,0923632102,Ha Noi,,SILVER,ACTIVE
C-01687,Nguyen Van Anh,nguyenanh1687@gmail.com,0920733593,Ha Noi,,STANDARD,ACTIVE
C-01688,Nguyen Van Anh,nguyenanh1688@gmail.com,0922824844,Ha Noi,,GOLD,ACTIVE
C-01689,Le Van Quang,lequang1689@gmail.com,0950794168,Ha Noi,,STANDARD,ACTIVE
C-01690,Le Van Hieu,lehieu1690@gmail.com,0973934490,Ha Noi,,SILVER,ACTIVE
C-01691,Vu Van Phuc,vuphuc1691@gmail.com,0985221013,Ha Noi,,STANDARD,ACTIVE
C-01692,Le Van Linh,lelinh1692@gmail.com,0948376674,Ha Noi,,SILVER,ACTIVE
C-01693,Le Van Phuc,lephuc1693@gmail.com,0980675868,Ha Noi,,SILVER,ACTIVE
C-01694,Dang Van Khanh,dangkhanh1694@gmail.com,0945787839,Ha Noi,,STANDARD,ACTIVE
C-01695,Bui Van Dung,buidung1695@gmail.com,0959683043,Ha Noi,,STANDARD,ACTIVE
C-01696,Phan Van Dung,phandung1696@gmail.com,0916662785,Ha Noi,,STANDARD,ACTIVE
C-01697,Tran Van Anh,trananh1697@gmail.com,0955026832,Ha Noi,,GOLD,ACTIVE
C-01698,Tran Van Thanh,tranthanh1698@gmail.com,0979939136,Ha Noi,,SILVER,ACTIVE
C-01699,Pham Van Dung,phamdung1699@gmail.com,0979457092,Ha Noi,,STANDARD,ACTIVE
C-01700,Pham Van Hung,phamhung1700@gmail.com,0971568360,Ha Noi,,GOLD,ACTIVE
C-01701,Phan Van Cuong,phancuong1701@gmail.com,0944868250,Ha Noi,,SILVER,ACTIVE
C-01702,Bui Van Anh,buianh1702@gmail.com,0993765711,Ha Noi,,STANDARD,ACTIVE
C-01703,Dang Van Son,dangson1703@gmail.com,0945192172,Ha Noi,,STANDARD,ACTIVE
C-01704,Pham Van Cuong,phamcuong1704@gmail.com,0997553112,Ha Noi,,STANDARD,ACTIVE
C-01705,Tran Van Nam,trannam1705@gmail.com,0977558288,Ha Noi,,SILVER,ACTIVE
C-01706,Tran Van Phuc,tranphuc1706@gmail.com,0980026422,Ha Noi,,SILVER,ACTIVE
C-01707,Pham Van Nam,phamnam1707@gmail.com,0963136834,Ha Noi,,STANDARD,ACTIVE
C-01708,Hoang Van Hieu,hoanghieu1708@gmail.com,0970169375,Ha Noi,,SILVER,ACTIVE
C-01709,Phan Van Cuong,phancuong1709@gmail.com,0939771284,Ha Noi,,SILVER,ACTIVE
C-01710,Vu Van Quang,vuquang1710@gmail.com,0945031021,Ha Noi,,DIAMOND,ACTIVE
C-01711,Tran Van Phuc,tranphuc1711@gmail.com,0976681356,Ha Noi,,SILVER,ACTIVE
C-01712,Phan Van Hung,phanhung1712@gmail.com,0968926350,Ha Noi,,STANDARD,ACTIVE
C-01713,Phan Van Dung,phandung1713@gmail.com,0964515671,Ha Noi,,STANDARD,ACTIVE
C-01714,Tran Van Binh,tranbinh1714@gmail.com,0971834341,Ha Noi,,SILVER,ACTIVE
C-01715,Dang Van Hieu,danghieu1715@gmail.com,0932252594,Ha Noi,,STANDARD,ACTIVE
C-01716,Pham Van Anh,phamanh1716@gmail.com,0994775600,Ha Noi,,STANDARD,ACTIVE
C-01717,Vu Van Cuong,vucuong1717@gmail.com,0945421072,Ha Noi,,GOLD,ACTIVE
C-01718,Vu Van Hieu,vuhieu1718@gmail.com,0995366599,Ha Noi,,STANDARD,ACTIVE
C-01719,Dang Van Dung,dangdung1719@gmail.com,0976946204,Ha Noi,,STANDARD,ACTIVE
C-01720,Bui Van Minh,buiminh1720@gmail.com,0954082056,Ha Noi,,SILVER,ACTIVE
C-01721,Le Van Khanh,lekhanh1721@gmail.com,0975953471,Ha Noi,,STANDARD,ACTIVE
C-01722,Vu Van Anh,vuanh1722@gmail.com,0990497501,Ha Noi,,GOLD,ACTIVE
C-01723,Tran Van Son,transon1723@gmail.com,0986157871,Ha Noi,,STANDARD,ACTIVE
C-01724,Tran Van Cuong,trancuong1724@gmail.com,0989414122,Ha Noi,,GOLD,ACTIVE
C-01725,Nguyen Van Khanh,nguyenkhanh1725@gmail.com,0949372820,Ha Noi,,GOLD,ACTIVE
C-01726,Dang Van Dung,dangdung1726@gmail.com,0953959492,Ha Noi,,STANDARD,ACTIVE
C-01727,Tran Van Cuong,trancuong1727@gmail.com,0981602340,Ha Noi,,STANDARD,ACTIVE
C-01728,Vo Van Phuc,vophuc1728@gmail.com,0960595253,Ha Noi,,STANDARD,ACTIVE
C-01729,Pham Van Nam,phamnam1729@gmail.com,0970826806,Ha Noi,,GOLD,ACTIVE
C-01730,Nguyen Van Trung,nguyentrung1730@gmail.com,0925055693,Ha Noi,,SILVER,ACTIVE
C-01731,Vu Van Linh,vulinh1731@gmail.com,0995522160,Ha Noi,,STANDARD,ACTIVE
C-01732,Bui Van Linh,builinh1732@gmail.com,0943239474,Ha Noi,,DIAMOND,ACTIVE
C-01733,Nguyen Van Cuong,nguyencuong1733@gmail.com,0919284937,Ha Noi,,SILVER,ACTIVE
C-01734,Hoang Van Binh,hoangbinh1734@gmail.com,0938455719,Ha Noi,,STANDARD,ACTIVE
C-01735,Pham Van Thanh,phamthanh1735@gmail.com,0943693678,Ha Noi,,STANDARD,ACTIVE
C-01736,Nguyen Van Hieu,nguyenhieu1736@gmail.com,0935889007,Ha Noi,,GOLD,ACTIVE
C-01737,Vu Van Hieu,vuhieu1737@gmail.com,0940659118,Ha Noi,,STANDARD,ACTIVE
C-01738,Dang Van Dung,dangdung1738@gmail.com,0971459829,Ha Noi,,STANDARD,ACTIVE
C-01739,Dang Van Quang,dangquang1739@gmail.com,0928334433,Ha Noi,,STANDARD,ACTIVE
C-01740,Bui Van Phuc,buiphuc1740@gmail.com,0956987747,Ha Noi,,SILVER,ACTIVE
C-01741,Bui Van Khanh,buikhanh1741@gmail.com,0991549237,Ha Noi,,GOLD,ACTIVE
C-01742,Bui Van Phuc,buiphuc1742@gmail.com,0964809565,Ha Noi,,STANDARD,ACTIVE
C-01743,Le Van Nam,lenam1743@gmail.com,0971226711,Ha Noi,,SILVER,ACTIVE
C-01744,Tran Van Linh,tranlinh1744@gmail.com,0992162034,Ha Noi,,STANDARD,ACTIVE
C-01745,Nguyen Van Dung,nguyendung1745@gmail.com,0996238746,Ha Noi,,STANDARD,ACTIVE
C-01746,Tran Van Binh,tranbinh1746@gmail.com,0943720869,Ha Noi,,STANDARD,ACTIVE
C-01747,Dang Van Quang,dangquang1747@gmail.com,0935205565,Ha Noi,,SILVER,ACTIVE
C-01748,Vo Van Son,voson1748@gmail.com,0973079436,Ha Noi,,STANDARD,ACTIVE
C-01749,Bui Van Khanh,buikhanh1749@gmail.com,0912863777,Ha Noi,,STANDARD,ACTIVE
C-01750,Vu Van Nam,vunam1750@gmail.com,0919030019,Ha Noi,,STANDARD,ACTIVE
C-01751,Nguyen Van Hung,nguyenhung1751@gmail.com,0943817298,Ha Noi,,STANDARD,ACTIVE
C-01752,Le Van Khanh,lekhanh1752@gmail.com,0967980742,Ha Noi,,SILVER,ACTIVE
C-01753,Phan Van Hieu,phanhieu1753@gmail.com,0982851677,Ha Noi,,SILVER,ACTIVE
C-01754,Vo Van Linh,volinh1754@gmail.com,0921331430,Ha Noi,,STANDARD,ACTIVE
C-01755,Dang Van Dung,dangdung1755@gmail.com,0923456296,Ha Noi,,STANDARD,ACTIVE
C-01756,Vo Van Nam,vonam1756@gmail.com,0985197389,Ha Noi,,STANDARD,ACTIVE
C-01757,Bui Van Hieu,buihieu1757@gmail.com,0925149017,Ha Noi,,STANDARD,ACTIVE
C-01758,Le Van Phuc,lephuc1758@gmail.com,0947192223,Ha Noi,,GOLD,ACTIVE
C-01759,Bui Van Thanh,buithanh1759@gmail.com,0931538241,Ha Noi,,STANDARD,ACTIVE
C-01760,Hoang Van Cuong,hoangcuong1760@gmail.com,0936377358,Ha Noi,,STANDARD,ACTIVE
C-01761,Vo Van Thanh,vothanh1761@gmail.com,0962125592,Ha Noi,,STANDARD,ACTIVE
C-01762,Bui Van Quang,buiquang1762@gmail.com,0974410256,Ha Noi,,STANDARD,ACTIVE
C-01763,Vo Van Linh,volinh1763@gmail.com,0921141587,Ha Noi,,STANDARD,ACTIVE
C-01764,Vu Van Minh,vuminh1764@gmail.com,0913236169,Ha Noi,,STANDARD,ACTIVE
C-01765,Tran Van Minh,tranminh1765@gmail.com,0951407470,Ha Noi,,STANDARD,ACTIVE
C-01766,Hoang Van Dung,hoangdung1766@gmail.com,0958462808,Ha Noi,,SILVER,ACTIVE
C-01767,Pham Van Hung,phamhung1767@gmail.com,0980780097,Ha Noi,,GOLD,ACTIVE
C-01768,Hoang Van Linh,hoanglinh1768@gmail.com,0917211622,Ha Noi,,SILVER,ACTIVE
C-01769,Hoang Van Dung,hoangdung1769@gmail.com,0958843556,Ha Noi,,STANDARD,ACTIVE
C-01770,Nguyen Van Anh,nguyenanh1770@gmail.com,0929414415,Ha Noi,,GOLD,ACTIVE
C-01771,Phan Van Hung,phanhung1771@gmail.com,0967297029,Ha Noi,,GOLD,ACTIVE
C-01772,Dang Van Khanh,dangkhanh1772@gmail.com,0973056473,Ha Noi,,STANDARD,ACTIVE
C-01773,Vu Van Hung,vuhung1773@gmail.com,0910155265,Ha Noi,,STANDARD,ACTIVE
C-01774,Pham Van Linh,phamlinh1774@gmail.com,0962594859,Ha Noi,,STANDARD,ACTIVE
C-01775,Vu Van Cuong,vucuong1775@gmail.com,0998503750,Ha Noi,,GOLD,ACTIVE
C-01776,Tran Van Nam,trannam1776@gmail.com,0921779141,Ha Noi,,STANDARD,ACTIVE
C-01777,Vu Van Cuong,vucuong1777@gmail.com,0933425017,Ha Noi,,STANDARD,ACTIVE
C-01778,Le Van Trung,letrung1778@gmail.com,0969811058,Ha Noi,,SILVER,ACTIVE
C-01779,Hoang Van Thanh,hoangthanh1779@gmail.com,0974164675,Ha Noi,,GOLD,ACTIVE
C-01780,Phan Van Nam,phannam1780@gmail.com,0923916844,Ha Noi,,STANDARD,ACTIVE
C-01781,Le Van Linh,lelinh1781@gmail.com,0932250237,Ha Noi,,STANDARD,ACTIVE
C-01782,Hoang Van Dung,hoangdung1782@gmail.com,0972610647,Ha Noi,,STANDARD,ACTIVE
C-01783,Pham Van Khanh,phamkhanh1783@gmail.com,0941222822,Ha Noi,,STANDARD,ACTIVE
C-01784,Hoang Van Hieu,hoanghieu1784@gmail.com,0910182289,Ha Noi,,STANDARD,ACTIVE
C-01785,Pham Van Dung,phamdung1785@gmail.com,0957054783,Ha Noi,,STANDARD,ACTIVE
C-01786,Dang Van Nam,dangnam1786@gmail.com,0915260877,Ha Noi,,STANDARD,ACTIVE
C-01787,Hoang Van Anh,hoanganh1787@gmail.com,0993021706,Ha Noi,,STANDARD,ACTIVE
C-01788,Pham Van Minh,phamminh1788@gmail.com,0964602187,Ha Noi,,STANDARD,ACTIVE
C-01789,Phan Van Hieu,phanhieu1789@gmail.com,0954576421,Ha Noi,,SILVER,ACTIVE
C-01790,Vo Van Son,voson1790@gmail.com,0922734478,Ha Noi,,STANDARD,ACTIVE
C-01791,Vo Van Anh,voanh1791@gmail.com,0996667839,Ha Noi,,STANDARD,ACTIVE
C-01792,Phan Van Dung,phandung1792@gmail.com,0964848630,Ha Noi,,STANDARD,ACTIVE
C-01793,Vu Van Quang,vuquang1793@gmail.com,0949128457,Ha Noi,,SILVER,ACTIVE
C-01794,Pham Van Hieu,phamhieu1794@gmail.com,0920079374,Ha Noi,,STANDARD,ACTIVE
C-01795,Le Van Son,leson1795@gmail.com,0919982075,Ha Noi,,SILVER,ACTIVE
C-01796,Bui Van Dung,buidung1796@gmail.com,0950225434,Ha Noi,,SILVER,ACTIVE
C-01797,Dang Van Nam,dangnam1797@gmail.com,0933098010,Ha Noi,,STANDARD,ACTIVE
C-01798,Vo Van Cuong,vocuong1798@gmail.com,0937691953,Ha Noi,,SILVER,ACTIVE
C-01799,Nguyen Van Nam,nguyennam1799@gmail.com,0943230154,Ha Noi,,SILVER,ACTIVE
C-01800,Hoang Van Nam,hoangnam1800@gmail.com,0963931182,Ha Noi,,STANDARD,ACTIVE
C-01801,Vo Van Dung,vodung1801@gmail.com,0999438473,Ha Noi,,STANDARD,ACTIVE
C-01802,Bui Van Nam,buinam1802@gmail.com,0943083897,Ha Noi,,STANDARD,ACTIVE
C-01803,Dang Van Son,dangson1803@gmail.com,0913863090,Ha Noi,,STANDARD,ACTIVE
C-01804,Le Van Cuong,lecuong1804@gmail.com,0984900781,Ha Noi,,STANDARD,ACTIVE
C-01805,Vo Van Khanh,vokhanh1805@gmail.com,0943750721,Ha Noi,,STANDARD,ACTIVE
C-01806,Pham Van Khanh,phamkhanh1806@gmail.com,0958598519,Ha Noi,,SILVER,ACTIVE
C-01807,Phan Van Nam,phannam1807@gmail.com,0913462099,Ha Noi,,STANDARD,ACTIVE
C-01808,Dang Van Hieu,danghieu1808@gmail.com,0989790276,Ha Noi,,GOLD,ACTIVE
C-01809,Pham Van Linh,phamlinh1809@gmail.com,0971168167,Ha Noi,,STANDARD,ACTIVE
C-01810,Vo Van Quang,voquang1810@gmail.com,0923215614,Ha Noi,,SILVER,ACTIVE
C-01811,Dang Van Minh,dangminh1811@gmail.com,0951951700,Ha Noi,,SILVER,ACTIVE
C-01812,Vu Van Dung,vudung1812@gmail.com,0978874687,Ha Noi,,STANDARD,ACTIVE
C-01813,Pham Van Linh,phamlinh1813@gmail.com,0963015206,Ha Noi,,STANDARD,ACTIVE
C-01814,Dang Van Binh,dangbinh1814@gmail.com,0920449667,Ha Noi,,GOLD,ACTIVE
C-01815,Le Van Anh,leanh1815@gmail.com,0959989317,Ha Noi,,STANDARD,ACTIVE
C-01816,Nguyen Van Hieu,nguyenhieu1816@gmail.com,0911980196,Ha Noi,,GOLD,ACTIVE
C-01817,Nguyen Van Quang,nguyenquang1817@gmail.com,0916277095,Ha Noi,,STANDARD,ACTIVE
C-01818,Nguyen Van Hung,nguyenhung1818@gmail.com,0993587026,Ha Noi,,STANDARD,ACTIVE
C-01819,Dang Van Minh,dangminh1819@gmail.com,0987523899,Ha Noi,,STANDARD,ACTIVE
C-01820,Dang Van Hung,danghung1820@gmail.com,0961211482,Ha Noi,,SILVER,ACTIVE
C-01821,Le Van Trung,letrung1821@gmail.com,0978805439,Ha Noi,,SILVER,ACTIVE
C-01822,Le Van Nam,lenam1822@gmail.com,0935083670,Ha Noi,,STANDARD,ACTIVE
C-01823,Bui Van Trung,buitrung1823@gmail.com,0957195117,Ha Noi,,STANDARD,ACTIVE
C-01824,Bui Van Linh,builinh1824@gmail.com,0947184836,Ha Noi,,STANDARD,ACTIVE
C-01825,Phan Van Quang,phanquang1825@gmail.com,0921481751,Ha Noi,,STANDARD,ACTIVE
C-01826,Phan Van Phuc,phanphuc1826@gmail.com,0935506295,Ha Noi,,DIAMOND,ACTIVE
C-01827,Dang Van Khanh,dangkhanh1827@gmail.com,0927853402,Ha Noi,,SILVER,ACTIVE
C-01828,Le Van Minh,leminh1828@gmail.com,0969751164,Ha Noi,,STANDARD,ACTIVE
C-01829,Nguyen Van Anh,nguyenanh1829@gmail.com,0933726048,Ha Noi,,STANDARD,ACTIVE
C-01830,Le Van Minh,leminh1830@gmail.com,0985675014,Ha Noi,,STANDARD,ACTIVE
C-01831,Vu Van Trung,vutrung1831@gmail.com,0911409851,Ha Noi,,STANDARD,ACTIVE
C-01832,Pham Van Quang,phamquang1832@gmail.com,0995546088,Ha Noi,,STANDARD,ACTIVE
C-01833,Pham Van Hieu,phamhieu1833@gmail.com,0946658174,Ha Noi,,STANDARD,ACTIVE
C-01834,Nguyen Van Hung,nguyenhung1834@gmail.com,0986446512,Ha Noi,,SILVER,ACTIVE
C-01835,Nguyen Van Cuong,nguyencuong1835@gmail.com,0953832952,Ha Noi,,STANDARD,ACTIVE
C-01836,Hoang Van Trung,hoangtrung1836@gmail.com,0988643147,Ha Noi,,STANDARD,ACTIVE
C-01837,Hoang Van Binh,hoangbinh1837@gmail.com,0951515966,Ha Noi,,SILVER,ACTIVE
C-01838,Le Van Binh,lebinh1838@gmail.com,0987093439,Ha Noi,,GOLD,ACTIVE
C-01839,Vu Van Khanh,vukhanh1839@gmail.com,0956058836,Ha Noi,,SILVER,ACTIVE
C-01840,Hoang Van Minh,hoangminh1840@gmail.com,0978130632,Ha Noi,,GOLD,ACTIVE
C-01841,Hoang Van Phuc,hoangphuc1841@gmail.com,0951261750,Ha Noi,,DIAMOND,ACTIVE
C-01842,Bui Van Hieu,buihieu1842@gmail.com,0956329565,Ha Noi,,GOLD,ACTIVE
C-01843,Vo Van Trung,votrung1843@gmail.com,0965082394,Ha Noi,,STANDARD,ACTIVE
C-01844,Hoang Van Cuong,hoangcuong1844@gmail.com,0918058269,Ha Noi,,STANDARD,ACTIVE
C-01845,Phan Van Anh,phananh1845@gmail.com,0983783160,Ha Noi,,STANDARD,ACTIVE
C-01846,Le Van Anh,leanh1846@gmail.com,0920905837,Ha Noi,,SILVER,ACTIVE
C-01847,Vu Van Hieu,vuhieu1847@gmail.com,0991201109,Ha Noi,,STANDARD,ACTIVE
C-01848,Nguyen Van Dung,nguyendung1848@gmail.com,0920188262,Ha Noi,,SILVER,ACTIVE
C-01849,Vu Van Linh,vulinh1849@gmail.com,0944616025,Ha Noi,,STANDARD,ACTIVE
C-01850,Pham Van Thanh,phamthanh1850@gmail.com,0988401042,Ha Noi,,GOLD,ACTIVE
C-01851,Dang Van Linh,danglinh1851@gmail.com,0935690159,Ha Noi,,STANDARD,ACTIVE
C-01852,Vo Van Cuong,vocuong1852@gmail.com,0942225506,Ha Noi,,STANDARD,ACTIVE
C-01853,Le Van Linh,lelinh1853@gmail.com,0915447032,Ha Noi,,DIAMOND,ACTIVE
C-01854,Phan Van Anh,phananh1854@gmail.com,0940384179,Ha Noi,,STANDARD,ACTIVE
C-01855,Vo Van Dung,vodung1855@gmail.com,0936283122,Ha Noi,,GOLD,ACTIVE
C-01856,Vo Van Nam,vonam1856@gmail.com,0973022566,Ha Noi,,STANDARD,ACTIVE
C-01857,Phan Van Khanh,phankhanh1857@gmail.com,0934014992,Ha Noi,,STANDARD,ACTIVE
C-01858,Hoang Van Nam,hoangnam1858@gmail.com,0913050631,Ha Noi,,STANDARD,ACTIVE
C-01859,Bui Van Thanh,buithanh1859@gmail.com,0972495118,Ha Noi,,STANDARD,ACTIVE
C-01860,Hoang Van Linh,hoanglinh1860@gmail.com,0937057421,Ha Noi,,GOLD,ACTIVE
C-01861,Vu Van Binh,vubinh1861@gmail.com,0995402757,Ha Noi,,STANDARD,ACTIVE
C-01862,Bui Van Anh,buianh1862@gmail.com,0950863578,Ha Noi,,STANDARD,ACTIVE
C-01863,Vo Van Quang,voquang1863@gmail.com,0993248471,Ha Noi,,SILVER,ACTIVE
C-01864,Nguyen Van Anh,nguyenanh1864@gmail.com,0955398932,Ha Noi,,STANDARD,ACTIVE
C-01865,Bui Van Trung,buitrung1865@gmail.com,0926286777,Ha Noi,,SILVER,ACTIVE
C-01866,Hoang Van Thanh,hoangthanh1866@gmail.com,0919302374,Ha Noi,,STANDARD,ACTIVE
C-01867,Bui Van Linh,builinh1867@gmail.com,0986168135,Ha Noi,,STANDARD,ACTIVE
C-01868,Bui Van Dung,buidung1868@gmail.com,0953951041,Ha Noi,,STANDARD,ACTIVE
C-01869,Dang Van Nam,dangnam1869@gmail.com,0913702836,Ha Noi,,GOLD,ACTIVE
C-01870,Vu Van Minh,vuminh1870@gmail.com,0997479171,Ha Noi,,STANDARD,ACTIVE
C-01871,Tran Van Son,transon1871@gmail.com,0964182398,Ha Noi,,STANDARD,ACTIVE
C-01872,Phan Van Hung,phanhung1872@gmail.com,0972264363,Ha Noi,,STANDARD,ACTIVE
C-01873,Vu Van Quang,vuquang1873@gmail.com,0920346174,Ha Noi,,STANDARD,ACTIVE
C-01874,Bui Van Linh,builinh1874@gmail.com,0956059484,Ha Noi,,SILVER,ACTIVE
C-01875,Phan Van Hieu,phanhieu1875@gmail.com,0972255269,Ha Noi,,STANDARD,ACTIVE
C-01876,Bui Van Khanh,buikhanh1876@gmail.com,0947295071,Ha Noi,,STANDARD,ACTIVE
C-01877,Tran Van Phuc,tranphuc1877@gmail.com,0935146015,Ha Noi,,STANDARD,ACTIVE
C-01878,Nguyen Van Quang,nguyenquang1878@gmail.com,0910301846,Ha Noi,,STANDARD,ACTIVE
C-01879,Bui Van Thanh,buithanh1879@gmail.com,0919764794,Ha Noi,,STANDARD,ACTIVE
C-01880,Dang Van Cuong,dangcuong1880@gmail.com,0974876100,Ha Noi,,SILVER,ACTIVE
C-01881,Vu Van Minh,vuminh1881@gmail.com,0918052683,Ha Noi,,GOLD,ACTIVE
C-01882,Dang Van Minh,dangminh1882@gmail.com,0932086212,Ha Noi,,STANDARD,ACTIVE
C-01883,Dang Van Hung,danghung1883@gmail.com,0993718584,Ha Noi,,STANDARD,ACTIVE
C-01884,Nguyen Van Binh,nguyenbinh1884@gmail.com,0983171759,Ha Noi,,GOLD,ACTIVE
C-01885,Vo Van Khanh,vokhanh1885@gmail.com,0963561511,Ha Noi,,GOLD,ACTIVE
C-01886,Bui Van Cuong,buicuong1886@gmail.com,0947575052,Ha Noi,,SILVER,ACTIVE
C-01887,Hoang Van Binh,hoangbinh1887@gmail.com,0992051625,Ha Noi,,STANDARD,ACTIVE
C-01888,Le Van Khanh,lekhanh1888@gmail.com,0942267612,Ha Noi,,STANDARD,ACTIVE
C-01889,Vo Van Khanh,vokhanh1889@gmail.com,0953777123,Ha Noi,,STANDARD,ACTIVE
C-01890,Phan Van Hung,phanhung1890@gmail.com,0946339743,Ha Noi,,STANDARD,ACTIVE
C-01891,Dang Van Cuong,dangcuong1891@gmail.com,0958694801,Ha Noi,,STANDARD,ACTIVE
C-01892,Nguyen Van Cuong,nguyencuong1892@gmail.com,0954575764,Ha Noi,,GOLD,ACTIVE
C-01893,Nguyen Van Son,nguyenson1893@gmail.com,0934909215,Ha Noi,,SILVER,ACTIVE
C-01894,Vu Van Nam,vunam1894@gmail.com,0978501802,Ha Noi,,STANDARD,ACTIVE
C-01895,Nguyen Van Quang,nguyenquang1895@gmail.com,0961060867,Ha Noi,,STANDARD,ACTIVE
C-01896,Vu Van Quang,vuquang1896@gmail.com,0983320166,Ha Noi,,STANDARD,ACTIVE
C-01897,Phan Van Phuc,phanphuc1897@gmail.com,0960233829,Ha Noi,,STANDARD,ACTIVE
C-01898,Le Van Phuc,lephuc1898@gmail.com,0982040111,Ha Noi,,GOLD,ACTIVE
C-01899,Pham Van Nam,phamnam1899@gmail.com,0972297407,Ha Noi,,STANDARD,ACTIVE
C-01900,Dang Van Nam,dangnam1900@gmail.com,0947498099,Ha Noi,,STANDARD,ACTIVE
C-01901,Le Van Dung,ledung1901@gmail.com,0916605254,Ha Noi,,GOLD,ACTIVE
C-01902,Nguyen Van Anh,nguyenanh1902@gmail.com,0966470275,Ha Noi,,STANDARD,ACTIVE
C-01903,Tran Van Hieu,tranhieu1903@gmail.com,0968140331,Ha Noi,,SILVER,ACTIVE
C-01904,Dang Van Phuc,dangphuc1904@gmail.com,0910757570,Ha Noi,,STANDARD,ACTIVE
C-01905,Bui Van Anh,buianh1905@gmail.com,0911696114,Ha Noi,,SILVER,ACTIVE
C-01906,Phan Van Quang,phanquang1906@gmail.com,0920158214,Ha Noi,,STANDARD,ACTIVE
C-01907,Tran Van Anh,trananh1907@gmail.com,0946163209,Ha Noi,,STANDARD,ACTIVE
C-01908,Nguyen Van Linh,nguyenlinh1908@gmail.com,0941249064,Ha Noi,,SILVER,ACTIVE
C-01909,Pham Van Minh,phamminh1909@gmail.com,0973698134,Ha Noi,,DIAMOND,ACTIVE
C-01910,Tran Van Khanh,trankhanh1910@gmail.com,0979762316,Ha Noi,,STANDARD,ACTIVE
C-01911,Tran Van Phuc,tranphuc1911@gmail.com,0993887178,Ha Noi,,STANDARD,ACTIVE
C-01912,Bui Van Minh,buiminh1912@gmail.com,0913988324,Ha Noi,,SILVER,ACTIVE
C-01913,Vu Van Trung,vutrung1913@gmail.com,0997221784,Ha Noi,,STANDARD,ACTIVE
C-01914,Phan Van Quang,phanquang1914@gmail.com,0965257120,Ha Noi,,STANDARD,ACTIVE
C-01915,Tran Van Linh,tranlinh1915@gmail.com,0966599736,Ha Noi,,STANDARD,ACTIVE
C-01916,Bui Van Trung,buitrung1916@gmail.com,0933302184,Ha Noi,,STANDARD,ACTIVE
C-01917,Pham Van Hung,phamhung1917@gmail.com,0995633437,Ha Noi,,STANDARD,ACTIVE
C-01918,Phan Van Son,phanson1918@gmail.com,0969413422,Ha Noi,,STANDARD,ACTIVE
C-01919,Tran Van Hung,tranhung1919@gmail.com,0944557036,Ha Noi,,STANDARD,ACTIVE
C-01920,Vu Van Minh,vuminh1920@gmail.com,0956075419,Ha Noi,,SILVER,ACTIVE
C-01921,Nguyen Van Dung,nguyendung1921@gmail.com,0925752812,Ha Noi,,STANDARD,ACTIVE
C-01922,Bui Van Dung,buidung1922@gmail.com,0937159981,Ha Noi,,STANDARD,ACTIVE
C-01923,Pham Van Anh,phamanh1923@gmail.com,0926722256,Ha Noi,,STANDARD,ACTIVE
C-01924,Pham Van Trung,phamtrung1924@gmail.com,0933887084,Ha Noi,,DIAMOND,ACTIVE
C-01925,Bui Van Minh,buiminh1925@gmail.com,0998439054,Ha Noi,,STANDARD,ACTIVE
C-01926,Bui Van Quang,buiquang1926@gmail.com,0969679625,Ha Noi,,STANDARD,ACTIVE
C-01927,Hoang Van Minh,hoangminh1927@gmail.com,0935345877,Ha Noi,,DIAMOND,ACTIVE
C-01928,Vu Van Hieu,vuhieu1928@gmail.com,0918726077,Ha Noi,,SILVER,ACTIVE
C-01929,Hoang Van Linh,hoanglinh1929@gmail.com,0943373857,Ha Noi,,STANDARD,ACTIVE
C-01930,Hoang Van Linh,hoanglinh1930@gmail.com,0994547522,Ha Noi,,STANDARD,ACTIVE
C-01931,Hoang Van Son,hoangson1931@gmail.com,0915730233,Ha Noi,,STANDARD,ACTIVE
C-01932,Tran Van Minh,tranminh1932@gmail.com,0997586710,Ha Noi,,STANDARD,ACTIVE
C-01933,Pham Van Nam,phamnam1933@gmail.com,0984184052,Ha Noi,,STANDARD,ACTIVE
C-01934,Hoang Van Linh,hoanglinh1934@gmail.com,0935634501,Ha Noi,,STANDARD,ACTIVE
C-01935,Pham Van Cuong,phamcuong1935@gmail.com,0979594836,Ha Noi,,STANDARD,ACTIVE
C-01936,Tran Van Linh,tranlinh1936@gmail.com,0946990011,Ha Noi,,SILVER,ACTIVE
C-01937,Tran Van Phuc,tranphuc1937@gmail.com,0920309918,Ha Noi,,STANDARD,ACTIVE
C-01938,Vo Van Thanh,vothanh1938@gmail.com,0971709860,Ha Noi,,GOLD,ACTIVE
C-01939,Vu Van Khanh,vukhanh1939@gmail.com,0984904353,Ha Noi,,STANDARD,ACTIVE
C-01940,Le Van Linh,lelinh1940@gmail.com,0961896556,Ha Noi,,STANDARD,ACTIVE
C-01941,Phan Van Khanh,phankhanh1941@gmail.com,0981339923,Ha Noi,,STANDARD,ACTIVE
C-01942,Dang Van Son,dangson1942@gmail.com,0971438470,Ha Noi,,STANDARD,ACTIVE
C-01943,Tran Van Hung,tranhung1943@gmail.com,0972596970,Ha Noi,,SILVER,ACTIVE
C-01944,Bui Van Trung,buitrung1944@gmail.com,0972647903,Ha Noi,,STANDARD,ACTIVE
C-01945,Dang Van Thanh,dangthanh1945@gmail.com,0918170481,Ha Noi,,GOLD,ACTIVE
C-01946,Tran Van Son,transon1946@gmail.com,0941734931,Ha Noi,,STANDARD,ACTIVE
C-01947,Nguyen Van Quang,nguyenquang1947@gmail.com,0921127548,Ha Noi,,STANDARD,ACTIVE
C-01948,Vu Van Binh,vubinh1948@gmail.com,0960390323,Ha Noi,,SILVER,ACTIVE
C-01949,Vo Van Hieu,vohieu1949@gmail.com,0977783359,Ha Noi,,SILVER,ACTIVE
C-01950,Nguyen Van Minh,nguyenminh1950@gmail.com,0910174229,Ha Noi,,SILVER,ACTIVE
C-01951,Phan Van Phuc,phanphuc1951@gmail.com,0986549707,Ha Noi,,SILVER,ACTIVE
C-01952,Tran Van Son,transon1952@gmail.com,0931429195,Ha Noi,,STANDARD,ACTIVE
C-01953,Vu Van Binh,vubinh1953@gmail.com,0939570252,Ha Noi,,STANDARD,ACTIVE
C-01954,Dang Van Binh,dangbinh1954@gmail.com,0956133060,Ha Noi,,GOLD,ACTIVE
C-01955,Tran Van Trung,trantrung1955@gmail.com,0930933453,Ha Noi,,STANDARD,ACTIVE
C-01956,Vo Van Linh,volinh1956@gmail.com,0915353714,Ha Noi,,SILVER,ACTIVE
C-01957,Dang Van Nam,dangnam1957@gmail.com,0921080502,Ha Noi,,STANDARD,ACTIVE
C-01958,Tran Van Anh,trananh1958@gmail.com,0971640134,Ha Noi,,STANDARD,ACTIVE
C-01959,Bui Van Minh,buiminh1959@gmail.com,0996480712,Ha Noi,,STANDARD,ACTIVE
C-01960,Bui Van Nam,buinam1960@gmail.com,0999193102,Ha Noi,,STANDARD,ACTIVE
C-01961,Phan Van Trung,phantrung1961@gmail.com,0961007216,Ha Noi,,DIAMOND,ACTIVE
C-01962,Hoang Van Trung,hoangtrung1962@gmail.com,0928559536,Ha Noi,,GOLD,ACTIVE
C-01963,Le Van Dung,ledung1963@gmail.com,0912357329,Ha Noi,,STANDARD,ACTIVE
C-01964,Nguyen Van Quang,nguyenquang1964@gmail.com,0920138045,Ha Noi,,STANDARD,ACTIVE
C-01965,Le Van Dung,ledung1965@gmail.com,0985207355,Ha Noi,,STANDARD,ACTIVE
C-01966,Pham Van Minh,phamminh1966@gmail.com,0918287415,Ha Noi,,STANDARD,ACTIVE
C-01967,Vo Van Quang,voquang1967@gmail.com,0954903896,Ha Noi,,STANDARD,ACTIVE
C-01968,Phan Van Son,phanson1968@gmail.com,0925914389,Ha Noi,,DIAMOND,ACTIVE
C-01969,Pham Van Quang,phamquang1969@gmail.com,0961515039,Ha Noi,,SILVER,ACTIVE
C-01970,Phan Van Quang,phanquang1970@gmail.com,0956957837,Ha Noi,,STANDARD,ACTIVE
C-01971,Tran Van Nam,trannam1971@gmail.com,0959174540,Ha Noi,,GOLD,ACTIVE
C-01972,Vo Van Cuong,vocuong1972@gmail.com,0918006800,Ha Noi,,STANDARD,ACTIVE
C-01973,Bui Van Dung,buidung1973@gmail.com,0976396296,Ha Noi,,STANDARD,ACTIVE
C-01974,Pham Van Thanh,phamthanh1974@gmail.com,0998728785,Ha Noi,,SILVER,ACTIVE
C-01975,Bui Van Cuong,buicuong1975@gmail.com,0947163031,Ha Noi,,GOLD,ACTIVE
C-01976,Nguyen Van Hung,nguyenhung1976@gmail.com,0925297291,Ha Noi,,STANDARD,ACTIVE
C-01977,Hoang Van Thanh,hoangthanh1977@gmail.com,0982015284,Ha Noi,,STANDARD,ACTIVE
C-01978,Phan Van Minh,phanminh1978@gmail.com,0994102279,Ha Noi,,STANDARD,ACTIVE
C-01979,Dang Van Hieu,danghieu1979@gmail.com,0948781004,Ha Noi,,STANDARD,ACTIVE
C-01980,Dang Van Quang,dangquang1980@gmail.com,0934509962,Ha Noi,,DIAMOND,ACTIVE
C-01981,Le Van Binh,lebinh1981@gmail.com,0934134393,Ha Noi,,GOLD,ACTIVE
C-01982,Tran Van Linh,tranlinh1982@gmail.com,0937054550,Ha Noi,,STANDARD,ACTIVE
C-01983,Hoang Van Son,hoangson1983@gmail.com,0973188800,Ha Noi,,STANDARD,ACTIVE
C-01984,Vo Van Dung,vodung1984@gmail.com,0972012844,Ha Noi,,STANDARD,ACTIVE
C-01985,Bui Van Linh,builinh1985@gmail.com,0981291764,Ha Noi,,STANDARD,ACTIVE
C-01986,Pham Van Phuc,phamphuc1986@gmail.com,0949516633,Ha Noi,,STANDARD,ACTIVE
C-01987,Le Van Thanh,lethanh1987@gmail.com,0954430128,Ha Noi,,STANDARD,ACTIVE
C-01988,Vo Van Anh,voanh1988@gmail.com,0943867555,Ha Noi,,SILVER,ACTIVE
C-01989,Pham Van Cuong,phamcuong1989@gmail.com,0968868052,Ha Noi,,STANDARD,ACTIVE
C-01990,Vo Van Minh,vominh1990@gmail.com,0990663613,Ha Noi,,STANDARD,ACTIVE
C-01991,Vu Van Anh,vuanh1991@gmail.com,0952331018,Ha Noi,,DIAMOND,ACTIVE
C-01992,Pham Van Dung,phamdung1992@gmail.com,0967590855,Ha Noi,,STANDARD,ACTIVE
C-01993,Pham Van Phuc,phamphuc1993@gmail.com,0930799198,Ha Noi,,STANDARD,ACTIVE
C-01994,Vu Van Quang,vuquang1994@gmail.com,0938625294,Ha Noi,,STANDARD,ACTIVE
C-01995,Nguyen Van Trung,nguyentrung1995@gmail.com,0912153702,Ha Noi,,STANDARD,ACTIVE
C-01996,Pham Van Binh,phambinh1996@gmail.com,0965645991,Ha Noi,,STANDARD,ACTIVE
C-01997,Vu Van Linh,vulinh1997@gmail.com,0914644776,Ha Noi,,GOLD,ACTIVE
C-01998,Pham Van Minh,phamminh1998@gmail.com,0935127547,Ha Noi,,STANDARD,ACTIVE
C-01999,Bui Van Son,buison1999@gmail.com,0992504880,Ha Noi,,STANDARD,ACTIVE
C-02000,Pham Van Thanh,phamthanh2000@gmail.com,0930717682,Ha Noi,,SILVER,ACTIVE
