orderId,customerId,orderDate,totalAmount,status
O-000001,C-00539,2025-06-01,2380000,SUCCESS
O-000002,C-01707,2025-06-06,2078000,SUCCESS
O-000003,C-00434,2025-06-10,2360000,SUCCESS
O-000004,C-01249,2025-06-15,2487000,SUCCESS
O-000005,C-01615,2025-06-23,1426000,SUCCESS
O-000006,C-01723,2025-06-30,1573000,SUCCESS
O-000007,C-01028,2025-06-15,3524000,FAILED
O-000008,C-01091,2025-06-04,3212000,SUCCESS
O-000009,C-01031,2025-06-09,3446000,SUCCESS
O-000010,C-01055,2025-06-22,868000,SUCCESS
O-000011,C-01606,2025-06-19,3362000,SUCCESS
O-000012,C-00107,2025-06-19,2480000,SUCCESS
O-000013,C-01341,2025-06-12,3684000,SUCCESS
O-000014,C-00456,2025-06-24,1789000,SUCCESS
O-000015,C-00255,2025-06-24,2043000,SUCCESS
O-000016,C-01128,2025-06-15,3397000,SUCCESS
O-000017,C-01174,2025-06-03,587000,SUCCESS
O-000018,C-01017,2025-06-18,4054000,SUCCESS
O-000019,C-00714,2025-06-18,3960000,SUCCESS
O-000020,C-01826,2025-06-04,2651000,SUCCESS
O-000021,C-00495,2025-06-21,2420000,SUCCESS
O-000022,C-00871,2025-06-22,118000,SUCCESS
O-000023,C-01658,2025-06-25,4684000,FAILED
O-000024,C-00417,2025-06-30,2660000,SUCCESS
O-000025,C-01105,2025-06-11,2592000,SUCCESS
O-000026,C-00288,2025-06-06,2246000,SUCCESS
O-000027,C-00177,2025-06-11,3970000,FAILED
O-000028,C-01477,2025-06-01,4340000,SUCCESS
O-000029,C-01370,2025-06-26,2545000,SUCCESS
O-000030,C-01957,2025-06-17,2676000,SUCCESS
O-000031,C-00896,2025-06-03,3265000,SUCCESS
O-000032,C-00735,2025-06-18,3914000,SUCCESS
O-000033,C-01788,2025-06-21,4545000,SUCCESS
O-000034,C-00682,2025-06-11,3182000,SUCCESS
O-000035,C-01255,2025-06-09,3182000,SUCCESS
O-000036,C-01987,2025-06-09,4951000,SUCCESS
O-000037,C-01973,2025-06-07,789000,SUCCESS
O-000038,C-01428,2025-06-16,2770000,SUCCESS
O-000039,C-01782,2025-06-09,191000,FAILED
O-000040,C-00830,2025-06-10,4666000,SUCCESS
O-000041,C-00839,2025-06-21,2807000,SUCCESS
O-000042,C-00170,2025-06-12,121000,SUCCESS
O-000043,C-01833,2025-06-30,2379000,SUCCESS
O-000044,C-01499,2025-06-08,2592000,SUCCESS
O-000045,C-00224,2025-06-27,510000,SUCCESS
O-000046,C-01753,2025-06-21,4484000,SUCCESS
O-000047,C-00495,2025-06-20,2353000,SUCCESS
O-000048,C-00604,2025-06-18,860000,SUCCESS
O-000049,C-01335,2025-06-29,137000,SUCCESS
O-000050,C-00244,2025-06-18,1999000,SUCCESS
O-000051,C-00543,2025-06-26,2153000,SUCCESS
O-000052,C-01807,2025-06-30,4410000,SUCCESS
O-000053,C-01801,2025-06-06,1065000,SUCCESS
O-000054,C-01569,2025-06-05,424000,SUCCESS
O-000055,C-01943,2025-06-26,1813000,FAILED
O-000056,C-00261,2025-06-29,1286000,SUCCESS
O-000057,C-00483,2025-06-25,524000,SUCCESS
O-000058,C-00439,2025-06-15,1485000,SUCCESS
O-000059,C-01094,2025-06-04,803000,SUCCESS
O-000060,C-00535,2025-06-06,3701000,SUCCESS
O-000061,C-01910,2025-06-14,368000,SUCCESS
O-000062,C-00854,2025-06-04,804000,FAILED
O-000063,C-00399,2025-06-02,4704000,SUCCESS
O-000064,C-01351,2025-06-19,2783000,SUCCESS
O-000065,C-00843,2025-06-23,3368000,SUCCESS
O-000066,C-01798,2025-06-22,1896000,SUCCESS
O-000067,C-00963,2025-06-26,3783000,SUCCESS
O-000068,C-00457,2025-06-29,1544000,SUCCESS
O-000069,C-01683,2025-06-16,2353000,SUCCESS
O-000070,C-00983,2025-06-02,2199000,SUCCESS
O-000071,C-01683,2025-06-02,332000,SUCCESS
O-000072,C-01661,2025-06-03,2923000,SUCCESS
O-000073,C-00817,2025-06-28,2002000,SUCCESS
O-000074,C-01405,2025-06-08,579000,SUCCESS
O-000075,C-00883,2025-06-29,4186000,SUCCESS
O-000076,C-00730,2025-06-24,4621000,SUCCESS
O-000077,C-01241,2025-06-08,1671000,SUCCESS
O-000078,C-00152,2025-06-13,3625000,SUCCESS
O-000079,C-00333,2025-06-20,3179000,FAILED
O-000080,C-00458,2025-06-05,4777000,FAILED
O-000081,C-00412,2025-06-12,3607000,FAILED
O-000082,C-00831,2025-06-12,1172000,SUCCESS
O-000083,C-00446,2025-06-05,1916000,SUCCESS
O-000084,C-00114,2025-06-04,356000,SUCCESS
O-000085,C-00986,2025-06-28,1080000,SUCCESS
O-000086,C-00087,2025-06-29,2152000,SUCCESS
O-000087,C-00942,2025-06-22,3709000,SUCCESS
O-000088,C-01476,2025-06-06,3589000,SUCCESS
O-000089,C-00336,2025-06-15,2427000,FAILED
O-000090,C-00274,2025-06-18,1599000,SUCCESS
O-000091,C-00391,2025-06-18,1572000,SUCCESS
O-000092,C-01971,2025-06-18,2973000,SUCCESS
O-000093,C-01593,2025-06-05,362000,SUCCESS
O-000094,C-01376,2025-06-13,1874000,SUCCESS
O-000095,C-01928,2025-06-28,2148000,SUCCESS
O-000096,C-01166,2025-06-05,794000,SUCCESS
O-000097,C-00493,2025-06-25,3969000,SUCCESS
O-000098,C-00691,2025-06-30,2152000,SUCCESS
O-000099,C-00708,2025-06-22,3602000,SUCCESS
O-000100,C-01857,2025-06-28,1714000,FAILED
O-000101,C-00392,2025-06-05,1283000,SUCCESS
O-000102,C-00092,2025-06-29,4798000,SUCCESS
O-000103,C-00899,2025-06-10,3247000,SUCCESS
O-000104,C-01200,2025-06-22,3547000,FAILED
O-000105,C-00843,2025-06-10,237000,FAILED
O-000106,C-01381,2025-06-11,1095000,SUCCESS
O-000107,C-00205,2025-06-23,147000,SUCCESS
O-000108,C-00147,2025-06-22,4302000,FAILED
O-000109,C-01064,2025-06-05,762000,SUCCESS
O-000110,C-01072,2025-06-27,1003000,SUCCESS
O-000111,C-01747,2025-06-23,1578000,SUCCESS
O-000112,C-01163,2025-06-05,2941000,SUCCESS
O-000113,C-01693,2025-06-25,2389000,SUCCESS
O-000114,C-01130,2025-06-26,1797000,SUCCESS
O-000115,C-00967,2025-06-01,3773000,SUCCESS
O-000116,C-00369,2025-06-10,3990000,SUCCESS
O-000117,C-01153,2025-06-08,4943000,SUCCESS
O-000118,C-00419,2025-06-21,2232000,SUCCESS
O-000119,C-01334,2025-06-03,4995000,SUCCESS
O-000120,C-01569,2025-06-30,4010000,SUCCESS
O-000121,C-00921,2025-06-04,4175000,SUCCESS
O-000122,C-01653,2025-06-18,4983000,SUCCESS
O-000123,C-01955,2025-06-21,2608000,SUCCESS
O-000124,C-01909,2025-06-30,4905000,SUCCESS
O-000125,C-01662,2025-06-18,2818000,SUCCESS
O-000126,C-00027,2025-06-14,2489000,SUCCESS
O-000127,C-00732,2025-06-06,1802000,SUCCESS
O-000128,C-00220,2025-06-28,1646000,SUCCESS
O-000129,C-00644,2025-06-02,4623000,SUCCESS
O-000130,C-00572,2025-06-10,2209000,SUCCESS
O-000131,C-01047,2025-06-25,815000,SUCCESS
O-000132,C-00842,2025-06-28,2324000,FAILED
O-000133,C-01048,2025-06-03,2499000,SUCCESS
O-000134,C-00987,2025-06-18,3154000,SUCCESS
O-000135,C-00152,2025-06-27,1234000,SUCCESS
O-000136,C-01295,2025-06-24,242000,SUCCESS
O-000137,C-00515,2025-06-07,2444000,SUCCESS
O-000138,C-00375,2025-06-12,2935000,SUCCESS
O-000139,C-01535,2025-06-27,4656000,SUCCESS
O-000140,C-01720,2025-06-10,1428000,SUCCESS
O-000141,C-00313,2025-06-22,3564000,SUCCESS
O-000142,C-01623,2025-06-27,3731000,SUCCESS
O-000143,C-01060,2025-06-24,3814000,SUCCESS
O-000144,C-00967,2025-06-08,4401000,SUCCESS
O-000145,C-01073,2025-06-25,841000,SUCCESS
O-000146,C-00613,2025-06-07,1139000,SUCCESS
O-000147,C-01222,2025-06-06,2388000,SUCCESS
O-000148,C-00680,2025-06-24,3261000,SUCCESS
O-000149,C-00113,2025-06-12,2707000,SUCCESS
O-000150,C-00979,2025-06-25,4471000,SUCCESS
O-000151,C-00463,2025-06-01,2196000,SUCCESS
O-000152,C-00701,2025-06-28,1026000,SUCCESS
O-000153,C-00037,2025-06-22,3992000,SUCCESS
O-000154,C-00781,2025-06-02,359000,FAILED
O-000155,C-01982,2025-06-30,3755000,SUCCESS
O-000156,C-00376,2025-06-26,2333000,FAILED
O-000157,C-01536,2025-06-28,4182000,SUCCESS
O-000158,C-00355,2025-06-10,4412000,SUCCESS
O-000159,C-00337,2025-06-22,2769000,SUCCESS
O-000160,C-01556,2025-06-07,2367000,SUCCESS
O-000161,C-01128,2025-06-30,3045000,SUCCESS
O-000162,C-00903,2025-06-18,4157000,SUCCESS
O-000163,C-01031,2025-06-10,2522000,SUCCESS
O-000164,C-00301,2025-06-02,4006000,SUCCESS
O-000165,C-01457,2025-06-14,2766000,SUCCESS
O-000166,C-00563,2025-06-08,2183000,SUCCESS
O-000167,C-01407,2025-06-03,1938000,SUCCESS
O-000168,C-01788,2025-06-21,350000,SUCCESS
O-000169,C-01439,2025-06-25,117000,SUCCESS
O-000170,C-00297,2025-06-17,2258000,SUCCESS
O-000171,C-00754,2025-06-04,3270000,SUCCESS
O-000172,C-00575,2025-06-07,2241000,SUCCESS
O-000173,C-00913,2025-06-04,3211000,SUCCESS
O-000174,C-01743,2025-06-13,3757000,SUCCESS
O-000175,C-00106,2025-06-03,2384000,SUCCESS
O-000176,C-00551,2025-06-04,1271000,SUCCESS
O-000177,C-01155,2025-06-28,2438000,SUCCESS
O-000178,C-00643,2025-06-20,3703000,SUCCESS
O-000179,C-01690,2025-06-17,756000,SUCCESS
O-000180,C-00231,2025-06-30,3909000,SUCCESS
O-000181,C-01228,2025-06-15,811000,SUCCESS
O-000182,C-01735,2025-06-11,665000,SUCCESS
O-000183,C-01655,2025-06-10,2077000,SUCCESS
O-000184,C-01245,2025-06-06,3640000,SUCCESS
O-000185,C-00601,2025-06-25,514000,SUCCESS
O-000186,C-00702,2025-06-18,2825000,FAILED
O-000187,C-00620,2025-06-26,3350000,SUCCESS
O-000188,C-00898,2025-06-01,1088000,FAILED
O-000189,C-01614,2025-06-14,3946000,SUCCESS
O-000190,C-01046,2025-06-03,3403000,SUCCESS
O-000191,C-01430,2025-06-16,1363000,SUCCESS
O-000192,C-01463,2025-06-10,3303000,SUCCESS
O-000193,C-00819,2025-06-18,1166000,SUCCESS
O-000194,C-01670,2025-06-01,2020000,SUCCESS
O-000195,C-00415,2025-06-13,2762000,SUCCESS
O-000196,C-01747,2025-06-07,1573000,SUCCESS
O-000197,C-00904,2025-06-08,3301000,FAILED
O-000198,C-01639,2025-06-19,1178000,SUCCESS
O-000199,C-01087,2025-06-05,189000,SUCCESS
O-000200,C-00463,2025-06-12,2171000,SUCCESS
O-000201,C-01366,2025-06-16,3390000,SUCCESS
O-000202,C-01312,2025-06-13,3092000,SUCCESS
O-000203,C-01314,2025-06-24,3931000,SUCCESS
O-000204,C-01756,2025-06-15,3016000,SUCCESS
O-000205,C-00992,2025-06-05,2955000,SUCCESS
O-000206,C-00080,2025-06-13,461000,SUCCESS
O-000207,C-00694,2025-06-11,126000,SUCCESS
O-000208,C-01497,2025-06-15,4169000,SUCCESS
O-000209,C-00590,2025-06-22,2914000,SUCCESS
O-000210,C-00288,2025-06-03,4342000,SUCCESS
O-000211,C-01446,2025-06-11,1452000,SUCCESS
O-000212,C-00974,2025-06-09,3616000,SUCCESS
O-000213,C-00983,2025-06-22,2541000,SUCCESS
O-000214,C-01128,2025-06-18,4028000,SUCCESS
O-000215,C-01593,2025-06-07,675000,SUCCESS
O-000216,C-01736,2025-06-30,3767000,SUCCESS
O-000217,C-00538,2025-06-18,494000,SUCCESS
O-000218,C-01325,2025-06-03,803000,SUCCESS
O-000219,C-00480,2025-06-01,3150000,SUCCESS
O-000220,C-01793,2025-06-17,132000,SUCCESS
O-000221,C-00864,2025-06-07,2022000,FAILED
O-000222,C-01044,2025-06-04,1986000,SUCCESS
O-000223,C-00017,2025-06-10,4132000,SUCCESS
O-000224,C-00170,2025-06-29,4595000,SUCCESS
O-000225,C-01317,2025-06-18,893000,SUCCESS
O-000226,C-00455,2025-06-20,1622000,SUCCESS
O-000227,C-00922,2025-06-03,3199000,SUCCESS
O-000228,C-00379,2025-06-13,3370000,SUCCESS
O-000229,C-01214,2025-06-11,1065000,FAILED
O-000230,C-01918,2025-06-07,4648000,SUCCESS
O-000231,C-00418,2025-06-12,3060000,SUCCESS
O-000232,C-01385,2025-06-01,844000,SUCCESS
O-000233,C-01321,2025-06-03,3159000,SUCCESS
O-000234,C-01095,2025-06-14,3690000,SUCCESS
O-000235,C-00785,2025-06-04,4810000,SUCCESS
O-000236,C-01325,2025-06-10,197000,SUCCESS
O-000237,C-01043,2025-06-21,955000,SUCCESS
O-000238,C-01781,2025-06-12,3719000,SUCCESS
O-000239,C-01259,2025-06-24,1953000,SUCCESS
O-000240,C-00077,2025-06-25,1858000,SUCCESS
O-000241,C-00130,2025-06-01,127000,SUCCESS
O-000242,C-00467,2025-06-10,4734000,SUCCESS
O-000243,C-01905,2025-06-03,2765000,FAILED
O-000244,C-00294,2025-06-10,2232000,FAILED
O-000245,C-00628,2025-06-01,4585000,SUCCESS
O-000246,C-00090,2025-06-22,4011000,SUCCESS
O-000247,C-01750,2025-06-10,2109000,SUCCESS
O-000248,C-01358,2025-06-19,3465000,SUCCESS
O-000249,C-00400,2025-06-03,3908000,SUCCESS
O-000250,C-00669,2025-06-27,511000,SUCCESS
O-000251,C-00982,2025-06-26,1382000,SUCCESS
O-000252,C-00904,2025-06-11,2381000,SUCCESS
O-000253,C-00227,2025-06-28,1418000,SUCCESS
O-000254,C-00671,2025-06-26,1142000,SUCCESS
O-000255,C-00449,2025-06-17,2295000,SUCCESS
O-000256,C-01989,2025-06-30,1817000,SUCCESS
O-000257,C-01737,2025-06-01,4218000,SUCCESS
O-000258,C-01322,2025-06-10,3135000,SUCCESS
O-000259,C-00812,2025-06-13,2072000,FAILED
O-000260,C-00618,2025-06-27,1016000,SUCCESS
O-000261,C-01714,2025-06-14,372000,SUCCESS
O-000262,C-01740,2025-06-30,2905000,SUCCESS
O-000263,C-00831,2025-06-03,4348000,SUCCESS
O-000264,C-01754,2025-06-15,3418000,SUCCESS
O-000265,C-00683,2025-06-10,4249000,SUCCESS
O-000266,C-01022,2025-06-14,816000,SUCCESS
O-000267,C-01664,2025-06-16,1515000,SUCCESS
O-000268,C-00539,2025-06-07,1937000,SUCCESS
O-000269,C-01873,2025-06-06,3878000,SUCCESS
O-000270,C-01825,2025-06-01,4205000,SUCCESS
O-000271,C-01638,2025-06-14,2986000,SUCCESS
O-000272,C-00423,2025-06-03,2188000,SUCCESS
O-000273,C-00949,2025-06-11,3138000,SUCCESS
O-000274,C-01230,2025-06-11,308000,SUCCESS
O-000275,C-01673,2025-06-23,1583000,SUCCESS
O-000276,C-01066,2025-06-21,1339000,SUCCESS
O-000277,C-01077,2025-06-12,176000,SUCCESS
O-000278,C-00436,2025-06-23,2200000,SUCCESS
O-000279,C-00430,2025-06-07,3996000,SUCCESS
O-000280,C-00309,2025-06-04,3580000,SUCCESS
O-000281,C-00364,2025-06-07,4858000,SUCCESS
O-000282,C-01217,2025-06-11,4207000,SUCCESS
O-000283,C-01459,2025-06-18,2567000,SUCCESS
O-000284,C-00528,2025-06-29,3153000,SUCCESS
O-000285,C-01248,2025-06-23,3913000,SUCCESS
O-000286,C-00732,2025-06-24,467000,SUCCESS
O-000287,C-01166,2025-06-13,1256000,SUCCESS
O-000288,C-01045,2025-06-05,3876000,SUCCESS
O-000289,C-00859,2025-06-22,3439000,FAILED
O-000290,C-01612,2025-06-27,3942000,SUCCESS
O-000291,C-00596,2025-06-22,3324000,SUCCESS
O-000292,C-00200,2025-06-14,4359000,SUCCESS
O-000293,C-01426,2025-06-20,2842000,SUCCESS
O-000294,C-00539,2025-06-06,4931000,SUCCESS
O-000295,C-00981,2025-06-06,100000,SUCCESS
O-000296,C-00163,2025-06-24,1163000,SUCCESS
O-000297,C-01996,2025-06-03,1128000,SUCCESS
O-000298,C-01083,2025-06-19,4436000,FAILED
O-000299,C-01216,2025-06-15,944000,SUCCESS
O-000300,C-00600,2025-06-30,3405000,SUCCESS
O-000301,C-00627,2025-06-10,4909000,SUCCESS
O-000302,C-00732,2025-06-04,1251000,SUCCESS
O-000303,C-01874,2025-06-12,1683000,SUCCESS
O-000304,C-00689,2025-06-22,1093000,SUCCESS
O-000305,C-00018,2025-06-30,206000,SUCCESS
O-000306,C-01774,2025-06-19,2195000,SUCCESS
O-000307,C-01405,2025-06-22,1639000,SUCCESS
O-000308,C-01382,2025-06-05,1906000,SUCCESS
O-000309,C-01870,2025-06-01,599000,SUCCESS
O-000310,C-01325,2025-06-21,2648000,SUCCESS
O-000311,C-01532,2025-06-14,2714000,SUCCESS
O-000312,C-01406,2025-06-04,3394000,SUCCESS
O-000313,C-00128,2025-06-17,2766000,SUCCESS
O-000314,C-01742,2025-06-17,3362000,SUCCESS
O-000315,C-00239,2025-06-09,3984000,SUCCESS
O-000316,C-01299,2025-06-13,4467000,FAILED
O-000317,C-00339,2025-06-02,345000,SUCCESS
O-000318,C-00786,2025-06-29,2017000,SUCCESS
O-000319,C-01488,2025-06-26,3102000,SUCCESS
O-000320,C-00124,2025-06-21,4519000,FAILED
O-000321,C-01665,2025-06-29,3249000,SUCCESS
O-000322,C-00141,2025-06-17,2584000,SUCCESS
O-000323,C-01650,2025-06-28,2644000,SUCCESS
O-000324,C-00754,2025-06-23,3365000,SUCCESS
O-000325,C-00870,2025-06-06,2276000,SUCCESS
O-000326,C-00387,2025-06-04,1345000,SUCCESS
O-000327,C-00178,2025-06-21,2008000,FAILED
O-000328,C-00956,2025-06-06,4265000,SUCCESS
O-000329,C-01580,2025-06-20,361000,SUCCESS
O-000330,C-01658,2025-06-17,2817000,SUCCESS
O-000331,C-00183,2025-06-21,2627000,SUCCESS
O-000332,C-01574,2025-06-06,4233000,SUCCESS
O-000333,C-00923,2025-06-14,3874000,SUCCESS
O-000334,C-00016,2025-06-02,4998000,SUCCESS
O-000335,C-01441,2025-06-11,1646000,SUCCESS
O-000336,C-00458,2025-06-26,2345000,SUCCESS
O-000337,C-01245,2025-06-07,1011000,SUCCESS
O-000338,C-00792,2025-06-07,4603000,SUCCESS
O-000339,C-00455,2025-06-07,816000,SUCCESS
O-000340,C-00149,2025-06-27,1612000,SUCCESS
O-000341,C-00142,2025-06-02,341000,SUCCESS
O-000342,C-01326,2025-06-01,3410000,SUCCESS
O-000343,C-00044,2025-06-14,2451000,SUCCESS
O-000344,C-00220,2025-06-15,3127000,SUCCESS
O-000345,C-01035,2025-06-02,2149000,SUCCESS
O-000346,C-00359,2025-06-15,961000,SUCCESS
O-000347,C-01758,2025-06-20,979000,FAILED
O-000348,C-01885,2025-06-06,1497000,SUCCESS
O-000349,C-00017,2025-06-21,2171000,FAILED
O-000350,C-01064,2025-06-10,3805000,SUCCESS
O-000351,C-01306,2025-06-08,365000,SUCCESS
O-000352,C-00792,2025-06-25,3606000,SUCCESS
O-000353,C-00838,2025-06-03,2191000,SUCCESS
O-000354,C-00504,2025-06-09,4441000,SUCCESS
O-000355,C-00268,2025-06-18,715000,SUCCESS
O-000356,C-00512,2025-06-27,3843000,SUCCESS
O-000357,C-01455,2025-06-21,4718000,SUCCESS
O-000358,C-00828,2025-06-08,4835000,SUCCESS
O-000359,C-01444,2025-06-12,2286000,SUCCESS
O-000360,C-01864,2025-06-28,4412000,SUCCESS
O-000361,C-01373,2025-06-11,1927000,SUCCESS
O-000362,C-00589,2025-06-04,1051000,SUCCESS
O-000363,C-01892,2025-06-22,1650000,SUCCESS
O-000364,C-01740,2025-06-21,3030000,SUCCESS
O-000365,C-00437,2025-06-04,2916000,SUCCESS
O-000366,C-00467,2025-06-05,868000,SUCCESS
O-000367,C-00286,2025-06-25,4185000,SUCCESS
O-000368,C-01622,2025-06-03,2450000,SUCCESS
O-000369,C-00292,2025-06-22,1854000,FAILED
O-000370,C-00285,2025-06-01,1950000,SUCCESS
O-000371,C-01027,2025-06-27,1799000,SUCCESS
O-000372,C-01178,2025-06-17,2201000,SUCCESS
O-000373,C-00948,2025-06-07,496000,SUCCESS
O-000374,C-01969,2025-06-30,4876000,SUCCESS
O-000375,C-00048,2025-06-01,371000,SUCCESS
O-000376,C-00144,2025-06-22,134000,SUCCESS
O-000377,C-00638,2025-06-27,3536000,SUCCESS
O-000378,C-00549,2025-06-24,4989000,SUCCESS
O-000379,C-00145,2025-06-30,622000,SUCCESS
O-000380,C-00164,2025-06-10,4007000,SUCCESS
O-000381,C-00537,2025-06-30,2971000,SUCCESS
O-000382,C-01189,2025-06-26,638000,SUCCESS
O-000383,C-00429,2025-06-02,3787000,SUCCESS
O-000384,C-01864,2025-06-17,2095000,FAILED
O-000385,C-01758,2025-06-30,4330000,SUCCESS
O-000386,C-01250,2025-06-25,588000,SUCCESS
O-000387,C-01748,2025-06-04,126000,SUCCESS
O-000388,C-00376,2025-06-07,1117000,SUCCESS
O-000389,C-00951,2025-06-23,2632000,SUCCESS
O-000390,C-00697,2025-06-06,3181000,SUCCESS
O-000391,C-01533,2025-06-18,1824000,SUCCESS
O-000392,C-01242,2025-06-01,4301000,SUCCESS
O-000393,C-00420,2025-06-11,1507000,SUCCESS
O-000394,C-01346,2025-06-04,3503000,SUCCESS
O-000395,C-00765,2025-06-21,2681000,SUCCESS
O-000396,C-00705,2025-06-06,678000,SUCCESS
O-000397,C-00868,2025-06-20,2738000,SUCCESS
O-000398,C-01816,2025-06-30,2447000,SUCCESS
O-000399,C-00146,2025-06-28,3831000,SUCCESS
O-000400,C-01218,2025-06-13,2998000,SUCCESS
O-000401,C-01381,2025-06-17,2523000,SUCCESS
O-000402,C-01346,2025-06-09,4734000,SUCCESS
O-000403,C-00389,2025-06-22,1170000,FAILED
O-000404,C-00999,2025-06-04,4478000,SUCCESS
O-000405,C-00065,2025-06-03,4412000,SUCCESS
O-000406,C-01592,2025-06-21,966000,SUCCESS
O-000407,C-01719,2025-06-01,553000,SUCCESS
O-000408,C-00110,2025-06-22,4313000,SUCCESS
O-000409,C-01047,2025-06-29,2865000,FAILED
O-000410,C-01283,2025-06-14,585000,SUCCESS
O-000411,C-01735,2025-06-16,3027000,SUCCESS
O-000412,C-00784,2025-06-01,1183000,SUCCESS
O-000413,C-00778,2025-06-01,1478000,SUCCESS
O-000414,C-00103,2025-06-08,2657000,SUCCESS
O-000415,C-00179,2025-06-25,2526000,SUCCESS
O-000416,C-00917,2025-06-26,1891000,SUCCESS
O-000417,C-00188,2025-06-03,229000,SUCCESS
O-000418,C-00298,2025-06-27,1723000,SUCCESS
O-000419,C-01134,2025-06-25,3271000,SUCCESS
O-000420,C-01670,2025-06-25,2359000,SUCCESS
O-000421,C-00577,2025-06-23,2300000,SUCCESS
O-000422,C-01877,2025-06-16,4559000,SUCCESS
O-000423,C-00202,2025-06-13,3332000,SUCCESS
O-000424,C-00991,2025-06-26,1010000,SUCCESS
O-000425,C-00279,2025-06-09,3254000,SUCCESS
O-000426,C-00243,2025-06-21,386000,SUCCESS
O-000427,C-00075,2025-06-10,1606000,SUCCESS
O-000428,C-01321,2025-06-19,3062000,SUCCESS
O-000429,C-01597,2025-06-15,3057000,FAILED
O-000430,C-01099,2025-06-03,4144000,SUCCESS
O-000431,C-00393,2025-06-05,3310000,SUCCESS
O-000432,C-01654,2025-06-02,1619000,SUCCESS
O-000433,C-01319,2025-06-08,600000,SUCCESS
O-000434,C-01409,2025-06-19,3084000,SUCCESS
O-000435,C-00293,2025-06-01,4650000,SUCCESS
O-000436,C-01471,2025-06-08,3083000,SUCCESS
O-000437,C-00446,2025-06-09,4009000,SUCCESS
O-000438,C-00618,2025-06-15,4368000,SUCCESS
O-000439,C-01773,2025-06-23,1014000,SUCCESS
O-000440,C-01856,2025-06-01,1910000,SUCCESS
O-000441,C-00508,2025-06-24,3715000,SUCCESS
O-000442,C-00799,2025-06-27,2001000,SUCCESS
O-000443,C-01527,2025-06-14,2977000,SUCCESS
O-000444,C-01177,2025-06-21,3019000,SUCCESS
O-000445,C-01405,2025-06-18,1558000,SUCCESS
O-000446,C-00957,2025-06-20,3208000,SUCCESS
O-000447,C-00951,2025-06-29,4509000,SUCCESS
O-000448,C-01309,2025-06-15,754000,SUCCESS
O-000449,C-00338,2025-06-17,3444000,SUCCESS
O-000450,C-00462,2025-06-03,2983000,SUCCESS
O-000451,C-01958,2025-06-26,843000,SUCCESS
O-000452,C-01611,2025-06-30,101000,SUCCESS
O-000453,C-00612,2025-06-19,4474000,SUCCESS
O-000454,C-01873,2025-06-16,4523000,SUCCESS
O-000455,C-01926,2025-06-13,3064000,SUCCESS
O-000456,C-00836,2025-06-20,241000,FAILED
O-000457,C-00891,2025-06-01,3793000,SUCCESS
O-000458,C-01736,2025-06-10,3705000,SUCCESS
O-000459,C-01478,2025-06-06,1785000,SUCCESS
O-000460,C-01500,2025-06-21,3874000,SUCCESS
O-000461,C-00194,2025-06-13,2155000,SUCCESS
O-000462,C-00164,2025-06-15,2917000,SUCCESS
O-000463,C-00141,2025-06-01,871000,SUCCESS
O-000464,C-00807,2025-06-07,4791000,FAILED
O-000465,C-00152,2025-06-18,3901000,SUCCESS
O-000466,C-01433,2025-06-17,4407000,SUCCESS
O-000467,C-00093,2025-06-19,2761000,SUCCESS
O-000468,C-01656,2025-06-15,2971000,SUCCESS
O-000469,C-01860,2025-06-14,633000,SUCCESS
O-000470,C-01988,2025-06-14,2654000,FAILED
O-000471,C-00072,2025-06-09,4634000,SUCCESS
O-000472,C-00083,2025-06-15,3046000,SUCCESS
O-000473,C-01089,2025-06-08,3237000,SUCCESS
O-000474,C-00926,2025-06-02,4569000,SUCCESS
O-000475,C-00914,2025-06-26,562000,FAILED
O-000476,C-00749,2025-06-18,4224000,FAILED
O-000477,C-01848,2025-06-22,1837000,SUCCESS
O-000478,C-00550,2025-06-17,3886000,FAILED
O-000479,C-01125,2025-06-14,4222000,SUCCESS
O-000480,C-01353,2025-06-02,3808000,SUCCESS
O-000481,C-00927,2025-06-14,4565000,FAILED
O-000482,C-01640,2025-06-20,2766000,SUCCESS
O-000483,C-01726,2025-06-05,3183000,SUCCESS
O-000484,C-00951,2025-06-16,3683000,SUCCESS
O-000485,C-00639,2025-06-08,1900000,SUCCESS
O-000486,C-01604,2025-06-29,1811000,SUCCESS
O-000487,C-01623,2025-06-28,2792000,SUCCESS
O-000488,C-00163,2025-06-06,1729000,SUCCESS
O-000489,C-00158,2025-06-07,3047000,SUCCESS
O-000490,C-00153,2025-06-07,2181000,SUCCESS
O-000491,C-00565,2025-06-10,1231000,SUCCESS
O-000492,C-01391,2025-06-22,2040000,SUCCESS
O-000493,C-00842,2025-06-04,3528000,SUCCESS
O-000494,C-01321,2025-06-29,610000,SUCCESS
O-000495,C-00925,2025-06-15,4292000,SUCCESS
O-000496,C-00319,2025-06-28,1185000,SUCCESS
O-000497,C-00460,2025-06-12,2809000,SUCCESS
O-000498,C-00526,2025-06-24,4073000,SUCCESS
O-000499,C-01737,2025-06-26,2369000,SUCCESS
O-000500,C-00786,2025-06-26,923000,SUCCESS
O-000501,C-00708,2025-06-10,2675000,SUCCESS
O-000502,C-00314,2025-06-30,4691000,SUCCESS
O-000503,C-00045,2025-06-15,2092000,FAILED
O-000504,C-01834,2025-06-14,1605000,SUCCESS
O-000505,C-00992,2025-06-26,2364000,SUCCESS
O-000506,C-01305,2025-06-05,883000,SUCCESS
O-000507,C-00481,2025-06-08,2560000,SUCCESS
O-000508,C-01476,2025-06-25,1397000,SUCCESS
O-000509,C-00286,2025-06-20,3737000,SUCCESS
O-000510,C-01292,2025-06-18,1370000,SUCCESS
O-000511,C-01648,2025-06-15,1131000,SUCCESS
O-000512,C-01353,2025-06-17,2638000,SUCCESS
O-000513,C-01143,2025-06-04,2651000,SUCCESS
O-000514,C-00813,2025-06-29,2398000,SUCCESS
O-000515,C-00386,2025-06-21,2616000,SUCCESS
O-000516,C-01837,2025-06-19,4874000,SUCCESS
O-000517,C-01953,2025-06-24,2034000,SUCCESS
O-000518,C-00490,2025-06-06,2210000,SUCCESS
O-000519,C-00784,2025-06-01,3055000,SUCCESS
O-000520,C-00453,2025-06-27,935000,SUCCESS
O-000521,C-00637,2025-06-08,156000,SUCCESS
O-000522,C-01329,2025-06-21,2172000,SUCCESS
O-000523,C-00652,2025-06-22,476000,SUCCESS
O-000524,C-01730,2025-06-15,1844000,SUCCESS
O-000525,C-01618,2025-06-30,2778000,SUCCESS
O-000526,C-01016,2025-06-30,2117000,SUCCESS
O-000527,C-00674,2025-06-13,405000,SUCCESS
O-000528,C-01287,2025-06-17,3802000,SUCCESS
O-000529,C-01329,2025-06-11,4341000,SUCCESS
O-000530,C-01578,2025-06-19,876000,SUCCESS
O-000531,C-01706,2025-06-06,2287000,FAILED
O-000532,C-00719,2025-06-19,1836000,SUCCESS
O-000533,C-01160,2025-06-12,1616000,FAILED
O-000534,C-00635,2025-06-05,1262000,SUCCESS
O-000535,C-01239,2025-06-11,3943000,SUCCESS
O-000536,C-01335,2025-06-15,3843000,SUCCESS
O-000537,C-01154,2025-06-03,988000,SUCCESS
O-000538,C-01261,2025-06-21,2995000,SUCCESS
O-000539,C-01247,2025-06-09,410000,SUCCESS
O-000540,C-01061,2025-06-09,1587000,SUCCESS
O-000541,C-00565,2025-06-13,4635000,SUCCESS
O-000542,C-00866,2025-06-25,482000,FAILED
O-000543,C-00929,2025-06-26,3599000,SUCCESS
O-000544,C-01458,2025-06-20,1102000,FAILED
O-000545,C-00042,2025-06-07,435000,SUCCESS
O-000546,C-01409,2025-06-29,1835000,SUCCESS
O-000547,C-01724,2025-06-06,4316000,SUCCESS
O-000548,C-01541,2025-06-26,4888000,SUCCESS
O-000549,C-00414,2025-06-01,3269000,FAILED
O-000550,C-00814,2025-06-07,2907000,SUCCESS
O-000551,C-00228,2025-06-01,3120000,SUCCESS
O-000552,C-01906,2025-06-10,4496000,SUCCESS
O-000553,C-01861,2025-06-27,4738000,FAILED
O-000554,C-01356,2025-06-26,4056000,SUCCESS
O-000555,C-00213,2025-06-18,1380000,SUCCESS
O-000556,C-01568,2025-06-05,2122000,SUCCESS
O-000557,C-00283,2025-06-19,4342000,SUCCESS
O-000558,C-00036,2025-06-13,1643000,SUCCESS
O-000559,C-01959,2025-06-01,2759000,SUCCESS
O-000560,C-00573,2025-06-08,422000,SUCCESS
O-000561,C-00505,2025-06-17,2327000,SUCCESS
O-000562,C-01001,2025-06-13,3056000,SUCCESS
O-000563,C-00901,2025-06-08,320000,SUCCESS
O-000564,C-00053,2025-06-27,159000,SUCCESS
O-000565,C-01808,2025-06-08,3523000,SUCCESS
O-000566,C-00614,2025-06-21,4040000,FAILED
O-000567,C-00471,2025-06-18,3680000,SUCCESS
O-000568,C-01106,2025-06-24,4429000,SUCCESS
O-000569,C-01762,2025-06-30,362000,SUCCESS
O-000570,C-00671,2025-06-07,4797000,SUCCESS
O-000571,C-00631,2025-06-11,1467000,SUCCESS
O-000572,C-01074,2025-06-03,579000,SUCCESS
O-000573,C-01210,2025-06-29,3520000,SUCCESS
O-000574,C-01510,2025-06-03,3604000,SUCCESS
O-000575,C-00860,2025-06-14,4585000,SUCCESS
O-000576,C-01206,2025-06-05,4342000,SUCCESS
O-000577,C-00222,2025-06-23,4583000,SUCCESS
O-000578,C-00883,2025-06-18,415000,SUCCESS
O-000579,C-01041,2025-06-15,2168000,SUCCESS
O-000580,C-00100,2025-06-18,4124000,SUCCESS
O-000581,C-00021,2025-06-02,2754000,SUCCESS
O-000582,C-00128,2025-06-10,2589000,FAILED
O-000583,C-00868,2025-06-04,1738000,SUCCESS
O-000584,C-01432,2025-06-23,2426000,SUCCESS
O-000585,C-01215,2025-06-17,4140000,SUCCESS
O-000586,C-00898,2025-06-20,4177000,SUCCESS
O-000587,C-01142,2025-06-19,311000,SUCCESS
O-000588,C-01753,2025-06-12,3177000,SUCCESS
O-000589,C-01842,2025-06-11,3234000,SUCCESS
O-000590,C-01842,2025-06-25,479000,SUCCESS
O-000591,C-01799,2025-06-13,2921000,SUCCESS
O-000592,C-01799,2025-06-20,3384000,SUCCESS
O-000593,C-00226,2025-06-29,1076000,SUCCESS
O-000594,C-01575,2025-06-16,1203000,SUCCESS
O-000595,C-01416,2025-06-16,4388000,SUCCESS
O-000596,C-01296,2025-06-25,140000,SUCCESS
O-000597,C-01375,2025-06-16,2764000,SUCCESS
O-000598,C-01943,2025-06-13,2046000,SUCCESS
O-000599,C-00156,2025-06-16,737000,SUCCESS
O-000600,C-01819,2025-06-08,2588000,SUCCESS
O-000601,C-01340,2025-06-12,4812000,SUCCESS
O-000602,C-00739,2025-06-08,3959000,SUCCESS
O-000603,C-01549,2025-06-10,464000,SUCCESS
O-000604,C-00196,2025-06-18,3077000,SUCCESS
O-000605,C-00521,2025-06-16,1477000,SUCCESS
O-000606,C-01595,2025-06-08,3439000,SUCCESS
O-000607,C-01545,2025-06-28,4255000,SUCCESS
O-000608,C-01643,2025-06-26,1805000,FAILED
O-000609,C-00617,2025-06-27,1894000,SUCCESS
O-000610,C-00327,2025-06-19,801000,SUCCESS
O-000611,C-01959,2025-06-16,211000,FAILED
O-000612,C-00924,2025-06-21,2040000,SUCCESS
O-000613,C-01768,2025-06-25,676000,SUCCESS
O-000614,C-00674,2025-06-08,4049000,SUCCESS
O-000615,C-01605,2025-06-13,3265000,SUCCESS
O-000616,C-00001,2025-06-15,2175000,SUCCESS
O-000617,C-01872,2025-06-02,1614000,SUCCESS
O-000618,C-01842,2025-06-04,4665000,SUCCESS
O-000619,C-01383,2025-06-01,774000,SUCCESS
O-000620,C-01809,2025-06-21,413000,SUCCESS
O-000621,C-01256,2025-06-10,1372000,SUCCESS
O-000622,C-01519,2025-06-12,1880000,SUCCESS
O-000623,C-01116,2025-06-06,1278000,FAILED
O-000624,C-01153,2025-06-09,3983000,SUCCESS
O-000625,C-00591,2025-06-06,1370000,SUCCESS
O-000626,C-01215,2025-06-21,3803000,SUCCESS
O-000627,C-01031,2025-06-28,307000,SUCCESS
O-000628,C-01674,2025-06-12,4189000,SUCCESS
O-000629,C-01635,2025-06-13,2646000,SUCCESS
O-000630,C-00642,2025-06-16,2859000,SUCCESS
O-000631,C-00746,2025-06-16,749000,SUCCESS
O-000632,C-00227,2025-06-14,597000,SUCCESS
O-000633,C-01754,2025-06-26,4316000,SUCCESS
O-000634,C-00866,2025-06-23,3875000,SUCCESS
O-000635,C-00137,2025-06-08,4820000,SUCCESS
O-000636,C-01868,2025-06-27,1229000,SUCCESS
O-000637,C-01578,2025-06-21,2911000,SUCCESS
O-000638,C-00711,2025-06-17,3234000,SUCCESS
O-000639,C-00092,2025-06-24,3481000,SUCCESS
O-000640,C-01784,2025-06-04,1282000,SUCCESS
O-000641,C-01677,2025-06-23,3612000,SUCCESS
O-000642,C-01918,2025-06-13,1779000,SUCCESS
O-000643,C-00996,2025-06-13,3718000,SUCCESS
O-000644,C-00438,2025-06-08,1644000,SUCCESS
O-000645,C-00089,2025-06-06,3920000,SUCCESS
O-000646,C-01066,2025-06-12,2772000,SUCCESS
O-000647,C-00259,2025-06-15,2819000,SUCCESS
O-000648,C-00304,2025-06-15,2573000,SUCCESS
O-000649,C-00342,2025-06-23,1144000,SUCCESS
O-000650,C-00275,2025-06-24,2142000,SUCCESS
O-000651,C-00494,2025-06-25,288000,SUCCESS
O-000652,C-01232,2025-06-05,2127000,SUCCESS
O-000653,C-00113,2025-06-04,3057000,FAILED
O-000654,C-00481,2025-06-12,3203000,SUCCESS
O-000655,C-00864,2025-06-12,3255000,FAILED
O-000656,C-01835,2025-06-22,733000,SUCCESS
O-000657,C-01463,2025-06-12,3133000,FAILED
O-000658,C-00071,2025-06-08,189000,SUCCESS
O-000659,C-01002,2025-06-24,155000,SUCCESS
O-000660,C-00179,2025-06-24,4679000,SUCCESS
O-000661,C-00032,2025-06-30,2872000,SUCCESS
O-000662,C-00543,2025-06-07,1711000,SUCCESS
O-000663,C-01838,2025-06-29,1283000,SUCCESS
O-000664,C-00772,2025-06-29,1191000,SUCCESS
O-000665,C-00411,2025-06-29,553000,SUCCESS
O-000666,C-00690,2025-06-20,3926000,SUCCESS
O-000667,C-00694,2025-06-24,2519000,SUCCESS
O-000668,C-00387,2025-06-23,2050000,SUCCESS
O-000669,C-00635,2025-06-05,4563000,SUCCESS
O-000670,C-00183,2025-06-10,2139000,SUCCESS
O-000671,C-00964,2025-06-07,572000,SUCCESS
O-000672,C-00703,2025-06-15,2723000,SUCCESS
O-000673,C-01442,2025-06-10,4420000,FAILED
O-000674,C-00399,2025-06-20,4958000,SUCCESS
O-000675,C-01939,2025-06-13,3108000,FAILED
O-000676,C-01272,2025-06-04,2298000,FAILED
O-000677,C-00548,2025-06-09,1461000,SUCCESS
O-000678,C-01554,2025-06-29,211000,SUCCESS
O-000679,C-00448,2025-06-09,3173000,SUCCESS
O-000680,C-00068,2025-06-02,1457000,SUCCESS
O-000681,C-01584,2025-06-04,177000,SUCCESS
O-000682,C-01949,2025-06-25,2131000,SUCCESS
O-000683,C-01799,2025-06-07,1099000,SUCCESS
O-000684,C-01857,2025-06-25,551000,FAILED
O-000685,C-00595,2025-06-04,4376000,SUCCESS
O-000686,C-01598,2025-06-21,3000000,SUCCESS
O-000687,C-01971,2025-06-04,4307000,SUCCESS
O-000688,C-01410,2025-06-23,3530000,SUCCESS
O-000689,C-01743,2025-06-03,383000,SUCCESS
O-000690,C-00229,2025-06-14,3732000,FAILED
O-000691,C-00484,2025-06-02,901000,SUCCESS
O-000692,C-01097,2025-06-04,2103000,SUCCESS
O-000693,C-01081,2025-06-24,3484000,SUCCESS
O-000694,C-01672,2025-06-13,4343000,SUCCESS
O-000695,C-01238,2025-06-20,2292000,SUCCESS
O-000696,C-00120,2025-06-04,2473000,FAILED
O-000697,C-01406,2025-06-13,3027000,SUCCESS
O-000698,C-00122,2025-06-27,2011000,SUCCESS
O-000699,C-00671,2025-06-14,1888000,SUCCESS
O-000700,C-01258,2025-06-21,1499000,SUCCESS
O-000701,C-00324,2025-06-21,3219000,SUCCESS
O-000702,C-00669,2025-06-28,2267000,FAILED
O-000703,C-01034,2025-06-24,4248000,SUCCESS
O-000704,C-01004,2025-06-29,1242000,SUCCESS
O-000705,C-00561,2025-06-30,1461000,SUCCESS
O-000706,C-01069,2025-06-28,2169000,FAILED
O-000707,C-01870,2025-06-14,4225000,SUCCESS
O-000708,C-01630,2025-06-18,4895000,SUCCESS
O-000709,C-01985,2025-06-30,1234000,FAILED
O-000710,C-00898,2025-06-25,4132000,SUCCESS
O-000711,C-01657,2025-06-23,3342000,FAILED
O-000712,C-00722,2025-06-26,1466000,SUCCESS
O-000713,C-01745,2025-06-18,1725000,FAILED
O-000714,C-01238,2025-06-25,557000,SUCCESS
O-000715,C-00943,2025-06-27,445000,FAILED
O-000716,C-00315,2025-06-15,595000,FAILED
O-000717,C-01504,2025-06-08,282000,SUCCESS
O-000718,C-01451,2025-06-28,205000,SUCCESS
O-000719,C-00855,2025-06-12,4506000,SUCCESS
O-000720,C-00955,2025-06-06,1184000,SUCCESS
O-000721,C-01985,2025-06-10,4369000,SUCCESS
O-000722,C-00067,2025-06-02,1350000,SUCCESS
O-000723,C-00027,2025-06-28,1140000,SUCCESS
O-000724,C-00034,2025-06-26,2540000,SUCCESS
O-000725,C-00365,2025-06-13,4053000,SUCCESS
O-000726,C-01435,2025-06-14,4115000,SUCCESS
O-000727,C-00325,2025-06-09,2669000,SUCCESS
O-000728,C-00393,2025-06-19,2400000,SUCCESS
O-000729,C-00767,2025-06-08,3208000,SUCCESS
O-000730,C-01153,2025-06-12,813000,FAILED
O-000731,C-01073,2025-06-01,3395000,SUCCESS
O-000732,C-00533,2025-06-17,1370000,SUCCESS
O-000733,C-00773,2025-06-25,1898000,SUCCESS
O-000734,C-01154,2025-06-13,694000,SUCCESS
O-000735,C-01440,2025-06-13,272000,SUCCESS
O-000736,C-01884,2025-06-01,4059000,SUCCESS
O-000737,C-00703,2025-06-26,1067000,SUCCESS
O-000738,C-01916,2025-06-24,1788000,SUCCESS
O-000739,C-01811,2025-06-26,2671000,FAILED
O-000740,C-01277,2025-06-25,4883000,SUCCESS
O-000741,C-00744,2025-06-16,809000,SUCCESS
O-000742,C-00320,2025-06-24,3036000,SUCCESS
O-000743,C-00229,2025-06-29,1768000,SUCCESS
O-000744,C-00614,2025-06-15,3808000,SUCCESS
O-000745,C-00797,2025-06-09,792000,FAILED
O-000746,C-01150,2025-06-26,3355000,SUCCESS
O-000747,C-00731,2025-06-22,3219000,SUCCESS
O-000748,C-01085,2025-06-01,1140000,SUCCESS
O-000749,C-00934,2025-06-10,2129000,SUCCESS
O-000750,C-01955,2025-06-02,4612000,SUCCESS
O-000751,C-01417,2025-06-02,1200000,SUCCESS
O-000752,C-00914,2025-06-11,251000,SUCCESS
O-000753,C-00970,2025-06-25,1545000,SUCCESS
O-000754,C-01456,2025-06-26,4020000,SUCCESS
O-000755,C-01528,2025-06-20,4475000,SUCCESS
O-000756,C-01362,2025-06-22,907000,SUCCESS
O-000757,C-01329,2025-06-23,1098000,SUCCESS
O-000758,C-00581,2025-06-25,1239000,FAILED
O-000759,C-01268,2025-06-27,4686000,SUCCESS
O-000760,C-00215,2025-06-16,2265000,SUCCESS
O-000761,C-01245,2025-06-07,2539000,SUCCESS
O-000762,C-00210,2025-06-14,1840000,SUCCESS
O-000763,C-00141,2025-06-07,4890000,SUCCESS
O-000764,C-00035,2025-06-15,2181000,SUCCESS
O-000765,C-00906,2025-06-17,672000,SUCCESS
O-000766,C-01584,2025-06-05,2343000,SUCCESS
O-000767,C-01628,2025-06-14,2539000,SUCCESS
O-000768,C-00373,2025-06-25,2108000,SUCCESS
O-000769,C-00704,2025-06-08,4877000,SUCCESS
O-000770,C-01939,2025-06-01,618000,SUCCESS
O-000771,C-01839,2025-06-21,2424000,SUCCESS
O-000772,C-00220,2025-06-18,533000,SUCCESS
O-000773,C-01320,2025-06-03,3107000,SUCCESS
O-000774,C-00940,2025-06-09,2909000,SUCCESS
O-000775,C-01503,2025-06-20,4387000,SUCCESS
O-000776,C-01752,2025-06-14,4834000,SUCCESS
O-000777,C-01874,2025-06-24,4602000,FAILED
O-000778,C-00140,2025-06-16,4202000,SUCCESS
O-000779,C-00983,2025-06-05,4677000,SUCCESS
O-000780,C-01953,2025-06-21,2066000,FAILED
O-000781,C-00384,2025-06-04,3010000,SUCCESS
O-000782,C-01966,2025-06-03,1388000,FAILED
O-000783,C-00436,2025-06-18,2510000,SUCCESS
O-000784,C-01731,2025-06-11,4736000,SUCCESS
O-000785,C-00037,2025-06-13,2564000,SUCCESS
O-000786,C-00928,2025-06-05,1610000,SUCCESS
O-000787,C-01600,2025-06-12,4904000,SUCCESS
O-000788,C-00604,2025-06-17,3639000,SUCCESS
O-000789,C-00026,2025-06-18,812000,SUCCESS
O-000790,C-02000,2025-06-22,460000,FAILED
O-000791,C-01800,2025-06-26,3156000,SUCCESS
O-000792,C-01486,2025-06-30,3116000,SUCCESS
O-000793,C-00747,2025-06-28,667000,SUCCESS
O-000794,C-01393,2025-06-23,4160000,SUCCESS
O-000795,C-00525,2025-06-06,635000,SUCCESS
O-000796,C-01317,2025-06-22,2462000,SUCCESS
O-000797,C-00905,2025-06-02,2236000,SUCCESS
O-000798,C-00754,2025-06-17,1626000,SUCCESS
O-000799,C-00591,2025-06-06,3715000,SUCCESS
O-000800,C-00409,2025-06-26,910000,SUCCESS
O-000801,C-01639,2025-06-29,4019000,SUCCESS
O-000802,C-00782,2025-06-03,1393000,SUCCESS
O-000803,C-00425,2025-06-01,1510000,SUCCESS
O-000804,C-01497,2025-06-13,160000,SUCCESS
O-000805,C-00542,2025-06-24,2582000,SUCCESS
O-000806,C-00118,2025-06-06,823000,FAILED
O-000807,C-00031,2025-06-12,167000,SUCCESS
O-000808,C-00544,2025-06-15,2043000,FAILED
O-000809,C-00290,2025-06-11,3279000,SUCCESS
O-000810,C-00994,2025-06-16,3885000,SUCCESS
O-000811,C-01543,2025-06-03,3701000,FAILED
O-000812,C-01908,2025-06-28,1269000,SUCCESS
O-000813,C-00164,2025-06-12,1334000,SUCCESS
O-000814,C-01577,2025-06-06,900000,SUCCESS
O-000815,C-00082,2025-06-04,1659000,SUCCESS
O-000816,C-00553,2025-06-08,2101000,SUCCESS
O-000817,C-00819,2025-06-09,468000,SUCCESS
O-000818,C-01272,2025-06-12,4536000,FAILED
O-000819,C-01778,2025-06-15,2483000,SUCCESS
O-000820,C-01511,2025-06-19,988000,SUCCESS
O-000821,C-00226,2025-06-28,4975000,SUCCESS
O-000822,C-01907,2025-06-28,2108000,SUCCESS
O-000823,C-00965,2025-06-23,2216000,SUCCESS
O-000824,C-01509,2025-06-15,1717000,SUCCESS
O-000825,C-01385,2025-06-04,1229000,SUCCESS
O-000826,C-00262,2025-06-24,335000,SUCCESS
O-000827,C-01298,2025-06-08,2537000,SUCCESS
O-000828,C-01296,2025-06-14,1201000,SUCCESS
O-000829,C-00933,2025-06-19,2390000,SUCCESS
O-000830,C-00611,2025-06-14,2382000,SUCCESS
O-000831,C-01724,2025-06-03,2595000,SUCCESS
O-000832,C-01445,2025-06-06,3525000,SUCCESS
O-000833,C-01667,2025-06-22,865000,SUCCESS
O-000834,C-01164,2025-06-03,3142000,FAILED
O-000835,C-01420,2025-06-25,4252000,SUCCESS
O-000836,C-00827,2025-06-17,1006000,SUCCESS
O-000837,C-00065,2025-06-21,2663000,SUCCESS
O-000838,C-01188,2025-06-01,659000,SUCCESS
O-000839,C-00427,2025-06-29,2021000,SUCCESS
O-000840,C-00026,2025-06-19,4401000,SUCCESS
O-000841,C-00883,2025-06-20,1530000,SUCCESS
O-000842,C-00182,2025-06-13,4265000,SUCCESS
O-000843,C-01443,2025-06-30,4978000,SUCCESS
O-000844,C-01558,2025-06-16,181000,SUCCESS
O-000845,C-00170,2025-06-23,1689000,FAILED
O-000846,C-01587,2025-06-25,667000,SUCCESS
O-000847,C-01127,2025-06-17,377000,SUCCESS
O-000848,C-01265,2025-06-26,1186000,SUCCESS
O-000849,C-01179,2025-06-17,739000,SUCCESS
O-000850,C-00457,2025-06-27,191000,SUCCESS
O-000851,C-01978,2025-06-08,1619000,SUCCESS
O-000852,C-01631,2025-06-15,3606000,SUCCESS
O-000853,C-01428,2025-06-21,4119000,SUCCESS
O-000854,C-00233,2025-06-14,3901000,SUCCESS
O-000855,C-01612,2025-06-14,3719000,FAILED
O-000856,C-01065,2025-06-29,2995000,SUCCESS
O-000857,C-00862,2025-06-29,3295000,SUCCESS
O-000858,C-00788,2025-06-09,1638000,SUCCESS
O-000859,C-00927,2025-06-20,3753000,SUCCESS
O-000860,C-00911,2025-06-19,1419000,SUCCESS
O-000861,C-00027,2025-06-17,1952000,SUCCESS
O-000862,C-01679,2025-06-18,3161000,SUCCESS
O-000863,C-01987,2025-06-28,1133000,SUCCESS
O-000864,C-00622,2025-06-26,3113000,SUCCESS
O-000865,C-00604,2025-06-27,2332000,SUCCESS
O-000866,C-00241,2025-06-10,1479000,SUCCESS
O-000867,C-00989,2025-06-01,392000,SUCCESS
O-000868,C-00807,2025-06-09,4824000,SUCCESS
O-000869,C-00568,2025-06-02,1351000,SUCCESS
O-000870,C-01931,2025-06-24,4157000,FAILED
O-000871,C-01464,2025-06-21,2210000,SUCCESS
O-000872,C-00243,2025-06-13,855000,SUCCESS
O-000873,C-01936,2025-06-11,3307000,SUCCESS
O-000874,C-01957,2025-06-10,3772000,SUCCESS
O-000875,C-00022,2025-06-09,2947000,SUCCESS
O-000876,C-00735,2025-06-30,883000,SUCCESS
O-000877,C-00640,2025-06-02,4769000,SUCCESS
O-000878,C-00395,2025-06-30,442000,SUCCESS
O-000879,C-01506,2025-06-13,2201000,SUCCESS
O-000880,C-00505,2025-06-19,3334000,SUCCESS
O-000881,C-00697,2025-06-20,281000,SUCCESS
O-000882,C-01863,2025-06-05,1519000,SUCCESS
O-000883,C-01036,2025-06-07,4705000,FAILED
O-000884,C-01801,2025-06-11,2014000,FAILED
O-000885,C-01913,2025-06-14,2324000,SUCCESS
O-000886,C-00279,2025-06-17,4213000,SUCCESS
O-000887,C-01588,2025-06-10,1777000,SUCCESS
O-000888,C-01088,2025-06-26,1143000,SUCCESS
O-000889,C-00067,2025-06-30,4557000,SUCCESS
O-000890,C-01724,2025-06-02,4189000,SUCCESS
O-000891,C-00676,2025-06-20,1483000,SUCCESS
O-000892,C-01482,2025-06-29,3917000,SUCCESS
O-000893,C-01622,2025-06-19,4587000,SUCCESS
O-000894,C-01600,2025-06-26,729000,SUCCESS
O-000895,C-01525,2025-06-26,3900000,SUCCESS
O-000896,C-01677,2025-06-21,3694000,SUCCESS
O-000897,C-01646,2025-06-16,4797000,SUCCESS
O-000898,C-01840,2025-06-25,3942000,SUCCESS
O-000899,C-00086,2025-06-18,1562000,SUCCESS
O-000900,C-00574,2025-06-26,2159000,SUCCESS
O-000901,C-01729,2025-06-17,416000,SUCCESS
O-000902,C-00973,2025-06-16,1385000,SUCCESS
O-000903,C-00250,2025-06-20,3888000,SUCCESS
O-000904,C-00586,2025-06-29,1062000,SUCCESS
O-000905,C-01997,2025-06-02,4040000,SUCCESS
O-000906,C-00720,2025-06-03,195000,SUCCESS
O-000907,C-01894,2025-06-14,4632000,SUCCESS
O-000908,C-00508,2025-06-17,1037000,SUCCESS
O-000909,C-01886,2025-06-08,2281000,SUCCESS
O-000910,C-01286,2025-06-13,658000,FAILED
O-000911,C-01301,2025-06-01,1998000,SUCCESS
O-000912,C-01129,2025-06-24,4466000,SUCCESS
O-000913,C-01840,2025-06-29,3714000,SUCCESS
O-000914,C-00889,2025-06-22,4540000,SUCCESS
O-000915,C-00852,2025-06-17,2640000,SUCCESS
O-000916,C-01938,2025-06-02,2317000,SUCCESS
O-000917,C-00169,2025-06-22,4054000,FAILED
O-000918,C-01171,2025-06-10,3729000,SUCCESS
O-000919,C-00511,2025-06-02,1045000,SUCCESS
O-000920,C-01716,2025-06-14,1071000,SUCCESS
O-000921,C-00129,2025-06-01,3131000,SUCCESS
O-000922,C-00313,2025-06-07,1424000,FAILED
O-000923,C-01688,2025-06-05,4210000,SUCCESS
O-000924,C-01516,2025-06-27,2055000,SUCCESS
O-000925,C-01475,2025-06-20,4409000,SUCCESS
O-000926,C-01541,2025-06-28,2683000,SUCCESS
O-000927,C-01707,2025-06-21,1102000,FAILED
O-000928,C-00788,2025-06-16,3986000,SUCCESS
O-000929,C-00851,2025-06-27,4756000,FAILED
O-000930,C-01549,2025-06-06,3518000,SUCCESS
O-000931,C-00639,2025-06-10,4016000,SUCCESS
O-000932,C-00759,2025-06-24,4566000,SUCCESS
O-000933,C-00364,2025-06-16,2208000,SUCCESS
O-000934,C-01372,2025-06-29,2761000,SUCCESS
O-000935,C-01239,2025-06-07,2920000,SUCCESS
O-000936,C-01225,2025-06-09,1817000,SUCCESS
O-000937,C-00121,2025-06-07,1533000,FAILED
O-000938,C-01061,2025-06-06,4625000,SUCCESS
O-000939,C-00717,2025-06-25,1593000,SUCCESS
O-000940,C-00491,2025-06-11,3987000,FAILED
O-000941,C-01922,2025-06-03,3204000,SUCCESS
O-000942,C-00555,2025-06-04,2998000,SUCCESS
O-000943,C-01857,2025-06-01,2856000,SUCCESS
O-000944,C-00896,2025-06-21,896000,SUCCESS
O-000945,C-01124,2025-06-15,1561000,SUCCESS
O-000946,C-00837,2025-06-15,3071000,SUCCESS
O-000947,C-01521,2025-06-13,2287000,SUCCESS
O-000948,C-00393,2025-06-28,1649000,SUCCESS
O-000949,C-01664,2025-06-21,787000,SUCCESS
O-000950,C-00159,2025-06-15,3314000,SUCCESS
O-000951,C-01946,2025-06-15,359000,SUCCESS
O-000952,C-00191,2025-06-10,1174000,SUCCESS
O-000953,C-01697,2025-06-08,532000,SUCCESS
O-000954,C-00427,2025-06-13,4786000,SUCCESS
O-000955,C-01476,2025-06-26,4406000,SUCCESS
O-000956,C-00962,2025-06-30,3743000,SUCCESS
O-000957,C-00347,2025-06-14,2829000,SUCCESS
O-000958,C-00852,2025-06-22,2545000,SUCCESS
O-000959,C-01205,2025-06-01,3017000,SUCCESS
O-000960,C-01155,2025-06-17,2449000,SUCCESS
O-000961,C-00626,2025-06-19,4496000,SUCCESS
O-000962,C-01185,2025-06-20,3345000,SUCCESS
O-000963,C-00388,2025-06-08,1586000,SUCCESS
O-000964,C-01061,2025-06-28,1924000,SUCCESS
O-000965,C-01930,2025-06-26,2000000,SUCCESS
O-000966,C-01755,2025-06-25,1523000,SUCCESS
O-000967,C-00765,2025-06-20,1186000,SUCCESS
O-000968,C-00236,2025-06-29,2517000,SUCCESS
O-000969,C-00130,2025-06-25,2628000,SUCCESS
O-000970,C-01108,2025-06-17,3805000,SUCCESS
O-000971,C-01340,2025-06-21,121000,SUCCESS
O-000972,C-00928,2025-06-27,4168000,SUCCESS
O-000973,C-01232,2025-06-22,2745000,SUCCESS
O-000974,C-01089,2025-06-09,2109000,SUCCESS
O-000975,C-00345,2025-06-15,3420000,SUCCESS
O-000976,C-00302,2025-06-18,4008000,FAILED
O-000977,C-01707,2025-06-15,618000,SUCCESS
O-000978,C-00696,2025-06-19,3644000,SUCCESS
O-000979,C-00571,2025-06-29,4404000,SUCCESS
O-000980,C-01464,2025-06-13,4790000,SUCCESS
O-000981,C-01683,2025-06-13,169000,SUCCESS
O-000982,C-00255,2025-06-13,953000,SUCCESS
O-000983,C-00800,2025-06-12,1009000,SUCCESS
O-000984,C-00288,2025-06-19,2636000,SUCCESS
O-000985,C-01097,2025-06-12,2150000,SUCCESS
O-000986,C-00646,2025-06-07,3537000,SUCCESS
O-000987,C-00812,2025-06-01,816000,SUCCESS
O-000988,C-01626,2025-06-05,1035000,SUCCESS
O-000989,C-01408,2025-06-10,4049000,SUCCESS
O-000990,C-00747,2025-06-21,1614000,SUCCESS
O-000991,C-00277,2025-06-09,1020000,SUCCESS
O-000992,C-00301,2025-06-19,2545000,SUCCESS
O-000993,C-00479,2025-06-03,3533000,SUCCESS
O-000994,C-00304,2025-06-01,2461000,SUCCESS
O-000995,C-01084,2025-06-02,1446000,SUCCESS
O-000996,C-01850,2025-06-05,4052000,FAILED
O-000997,C-00822,2025-06-02,2720000,SUCCESS
O-000998,C-00584,2025-06-21,4020000,SUCCESS
O-000999,C-01005,2025-06-30,3558000,SUCCESS
O-001000,C-00189,2025-06-16,3161000,SUCCESS
O-001001,C-00539,2025-06-27,252000,FAILED
O-001002,C-00371,2025-06-14,2603000,SUCCESS
O-001003,C-00257,2025-06-23,3861000,SUCCESS
O-001004,C-01702,2025-06-18,114000,SUCCESS
O-001005,C-00914,2025-06-28,2687000,SUCCESS
O-001006,C-00117,2025-06-16,2264000,SUCCESS
O-001007,C-00959,2025-06-29,3842000,FAILED
O-001008,C-00455,2025-06-05,3988000,SUCCESS
O-001009,C-01899,2025-06-23,2869000,SUCCESS
O-001010,C-01135,2025-06-22,1109000,SUCCESS
O-001011,C-00547,2025-06-28,744000,SUCCESS
O-001012,C-01111,2025-06-20,4192000,SUCCESS
O-001013,C-01749,2025-06-20,614000,SUCCESS
O-001014,C-01950,2025-06-24,2087000,SUCCESS
O-001015,C-00321,2025-06-12,4209000,SUCCESS
O-001016,C-01972,2025-06-24,4141000,SUCCESS
O-001017,C-01622,2025-06-23,3611000,SUCCESS
O-001018,C-01118,2025-06-22,4937000,SUCCESS
O-001019,C-00197,2025-06-08,4875000,SUCCESS
O-001020,C-00940,2025-06-03,264000,SUCCESS
O-001021,C-01867,2025-06-24,4544000,SUCCESS
O-001022,C-01555,2025-06-25,1006000,SUCCESS
O-001023,C-01738,2025-06-17,3671000,SUCCESS
O-001024,C-01779,2025-06-08,3795000,SUCCESS
O-001025,C-00383,2025-06-25,2053000,SUCCESS
O-001026,C-01469,2025-06-30,1199000,SUCCESS
O-001027,C-00126,2025-06-23,2882000,SUCCESS
O-001028,C-01174,2025-06-22,1251000,SUCCESS
O-001029,C-01111,2025-06-10,4722000,SUCCESS
O-001030,C-00171,2025-06-06,3519000,FAILED
O-001031,C-00885,2025-06-03,2752000,SUCCESS
O-001032,C-00146,2025-06-11,4717000,SUCCESS
O-001033,C-01929,2025-06-21,4630000,FAILED
O-001034,C-01702,2025-06-05,2375000,SUCCESS
O-001035,C-00373,2025-06-20,360000,SUCCESS
O-001036,C-01333,2025-06-16,236000,SUCCESS
O-001037,C-01699,2025-06-22,1408000,SUCCESS
O-001038,C-01523,2025-06-06,4607000,SUCCESS
O-001039,C-01000,2025-06-24,1649000,SUCCESS
O-001040,C-00493,2025-06-29,3490000,SUCCESS
O-001041,C-00564,2025-06-10,4649000,SUCCESS
O-001042,C-01094,2025-06-04,3572000,SUCCESS
O-001043,C-00361,2025-06-19,2290000,FAILED
O-001044,C-00096,2025-06-07,326000,SUCCESS
O-001045,C-01077,2025-06-22,3656000,SUCCESS
O-001046,C-00192,2025-06-12,1857000,SUCCESS
O-001047,C-01816,2025-06-12,4096000,SUCCESS
O-001048,C-00114,2025-06-20,3225000,SUCCESS
O-001049,C-01582,2025-06-20,474000,SUCCESS
O-001050,C-00089,2025-06-15,3119000,SUCCESS
O-001051,C-00758,2025-06-28,3031000,SUCCESS
O-001052,C-00793,2025-06-21,3718000,SUCCESS
O-001053,C-00237,2025-06-03,2343000,SUCCESS
O-001054,C-01710,2025-06-26,1799000,FAILED
O-001055,C-01911,2025-06-12,3857000,SUCCESS
O-001056,C-00578,2025-06-11,582000,SUCCESS
O-001057,C-01296,2025-06-20,236000,SUCCESS
O-001058,C-00212,2025-06-16,4292000,SUCCESS
O-001059,C-01570,2025-06-16,2700000,FAILED
O-001060,C-01247,2025-06-20,950000,SUCCESS
O-001061,C-01396,2025-06-03,313000,SUCCESS
O-001062,C-01034,2025-06-05,559000,SUCCESS
O-001063,C-01467,2025-06-21,1132000,SUCCESS
O-001064,C-00086,2025-06-21,3252000,FAILED
O-001065,C-00225,2025-06-08,3007000,SUCCESS
O-001066,C-01477,2025-06-06,2341000,SUCCESS
O-001067,C-01151,2025-06-20,3514000,SUCCESS
O-001068,C-01944,2025-06-29,2388000,SUCCESS
O-001069,C-00119,2025-06-08,4014000,SUCCESS
O-001070,C-01679,2025-06-02,3603000,SUCCESS
O-001071,C-01563,2025-06-12,4224000,FAILED
O-001072,C-01641,2025-06-06,3666000,SUCCESS
O-001073,C-00603,2025-06-16,1631000,SUCCESS
O-001074,C-00678,2025-06-11,1398000,SUCCESS
O-001075,C-00893,2025-06-04,1659000,SUCCESS
O-001076,C-01582,2025-06-14,1133000,SUCCESS
O-001077,C-00034,2025-06-27,4398000,SUCCESS
O-001078,C-01481,2025-06-01,992000,SUCCESS
O-001079,C-01175,2025-06-12,144000,SUCCESS
O-001080,C-00323,2025-06-02,4394000,SUCCESS
O-001081,C-00655,2025-06-07,3549000,SUCCESS
O-001082,C-00647,2025-06-29,3863000,SUCCESS
O-001083,C-01559,2025-06-23,1023000,SUCCESS
O-001084,C-00911,2025-06-12,3670000,SUCCESS
O-001085,C-00158,2025-06-23,3986000,SUCCESS
O-001086,C-00803,2025-06-17,4946000,SUCCESS
O-001087,C-01571,2025-06-12,4633000,SUCCESS
O-001088,C-01955,2025-06-08,1370000,SUCCESS
O-001089,C-00795,2025-06-14,4690000,SUCCESS
O-001090,C-00326,2025-06-20,4806000,SUCCESS
O-001091,C-00383,2025-06-14,1797000,SUCCESS
O-001092,C-00332,2025-06-28,1958000,SUCCESS
O-001093,C-00224,2025-06-07,2343000,SUCCESS
O-001094,C-01884,2025-06-29,2315000,SUCCESS
O-001095,C-00973,2025-06-11,3186000,SUCCESS
O-001096,C-00552,2025-06-28,741000,SUCCESS
O-001097,C-00893,2025-06-25,4820000,SUCCESS
O-001098,C-00524,2025-06-13,745000,SUCCESS
O-001099,C-00681,2025-06-24,4800000,SUCCESS
O-001100,C-01759,2025-06-19,695000,SUCCESS
O-001101,C-00791,2025-06-18,2922000,SUCCESS
O-001102,C-01252,2025-06-10,4550000,FAILED
O-001103,C-00791,2025-06-02,4570000,SUCCESS
O-001104,C-00673,2025-06-28,3104000,SUCCESS
O-001105,C-00773,2025-06-14,1192000,SUCCESS
O-001106,C-01685,2025-06-06,463000,SUCCESS
O-001107,C-00548,2025-06-03,184000,FAILED
O-001108,C-01328,2025-06-14,3023000,SUCCESS
O-001109,C-01163,2025-06-13,2615000,SUCCESS
O-001110,C-00835,2025-06-14,1274000,SUCCESS
O-001111,C-00979,2025-06-01,173000,SUCCESS
O-001112,C-00707,2025-06-28,636000,SUCCESS
O-001113,C-00337,2025-06-24,1338000,SUCCESS
O-001114,C-00609,2025-06-22,3683000,FAILED
O-001115,C-01949,2025-06-25,2515000,SUCCESS
O-001116,C-00549,2025-06-18,2092000,SUCCESS
O-001117,C-01539,2025-06-06,594000,SUCCESS
O-001118,C-00040,2025-06-16,4007000,SUCCESS
O-001119,C-00439,2025-06-06,4851000,SUCCESS
O-001120,C-00119,2025-06-04,184000,SUCCESS
O-001121,C-00461,2025-06-11,4805000,SUCCESS
O-001122,C-01699,2025-06-17,534000,SUCCESS
O-001123,C-00628,2025-06-08,617000,SUCCESS
O-001124,C-01449,2025-06-09,424000,SUCCESS
O-001125,C-01811,2025-06-25,4749000,SUCCESS
O-001126,C-01848,2025-06-14,4243000,SUCCESS
O-001127,C-01699,2025-06-21,2118000,FAILED
O-001128,C-01601,2025-06-21,4264000,FAILED
O-001129,C-00502,2025-06-07,3152000,SUCCESS
O-001130,C-00285,2025-06-16,4154000,SUCCESS
O-001131,C-01136,2025-06-23,1224000,SUCCESS
O-001132,C-00197,2025-06-20,3493000,SUCCESS
O-001133,C-00019,2025-06-28,3846000,SUCCESS
O-001134,C-01079,2025-06-27,717000,SUCCESS
O-001135,C-01132,2025-06-07,3783000,SUCCESS
O-001136,C-00753,2025-06-08,1302000,SUCCESS
O-001137,C-01689,2025-06-18,1687000,SUCCESS
O-001138,C-00461,2025-06-09,1497000,SUCCESS
O-001139,C-01738,2025-06-21,971000,SUCCESS
O-001140,C-01845,2025-06-02,3721000,SUCCESS
O-001141,C-00798,2025-06-22,1007000,SUCCESS
O-001142,C-00356,2025-06-18,1492000,SUCCESS
O-001143,C-00505,2025-06-23,559000,SUCCESS
O-001144,C-00382,2025-06-11,2077000,FAILED
O-001145,C-00255,2025-06-02,2287000,SUCCESS
O-001146,C-00222,2025-06-01,459000,SUCCESS
O-001147,C-00239,2025-06-30,4268000,SUCCESS
O-001148,C-01691,2025-06-26,3538000,SUCCESS
O-001149,C-01622,2025-06-25,1467000,SUCCESS
O-001150,C-00780,2025-06-14,974000,SUCCESS
O-001151,C-01897,2025-06-14,2526000,SUCCESS
O-001152,C-00229,2025-06-05,3515000,FAILED
O-001153,C-00983,2025-06-08,764000,SUCCESS
O-001154,C-01002,2025-06-02,3932000,SUCCESS
O-001155,C-01402,2025-06-15,2439000,SUCCESS
O-001156,C-01714,2025-06-15,999000,SUCCESS
O-001157,C-00054,2025-06-08,1356000,SUCCESS
O-001158,C-01365,2025-06-10,4354000,SUCCESS
O-001159,C-01259,2025-06-24,441000,SUCCESS
O-001160,C-01206,2025-06-07,4302000,SUCCESS
O-001161,C-01017,2025-06-20,2409000,SUCCESS
O-001162,C-00540,2025-06-29,4193000,SUCCESS
O-001163,C-00615,2025-06-24,2780000,SUCCESS
O-001164,C-00235,2025-06-16,2087000,SUCCESS
O-001165,C-01465,2025-06-19,1629000,SUCCESS
O-001166,C-00983,2025-06-04,2035000,SUCCESS
O-001167,C-01771,2025-06-20,1412000,FAILED
O-001168,C-00003,2025-06-13,1343000,SUCCESS
O-001169,C-01649,2025-06-04,2455000,SUCCESS
O-001170,C-01220,2025-06-17,1324000,SUCCESS
O-001171,C-01923,2025-06-10,3719000,SUCCESS
O-001172,C-01920,2025-06-06,1066000,SUCCESS
O-001173,C-01153,2025-06-07,1829000,SUCCESS
O-001174,C-00735,2025-06-12,3989000,SUCCESS
O-001175,C-01384,2025-06-22,3318000,SUCCESS
O-001176,C-00058,2025-06-25,3171000,SUCCESS
O-001177,C-01997,2025-06-01,512000,SUCCESS
O-001178,C-01714,2025-06-25,3105000,SUCCESS
O-001179,C-01028,2025-06-09,1713000,SUCCESS
O-001180,C-00204,2025-06-21,3117000,FAILED
O-001181,C-00493,2025-06-22,1953000,SUCCESS
O-001182,C-01188,2025-06-21,410000,SUCCESS
O-001183,C-01403,2025-06-07,4197000,SUCCESS
O-001184,C-00995,2025-06-08,418000,SUCCESS
O-001185,C-00634,2025-06-03,225000,SUCCESS
O-001186,C-00942,2025-06-04,3303000,SUCCESS
O-001187,C-01322,2025-06-17,2528000,SUCCESS
O-001188,C-00342,2025-06-29,4140000,SUCCESS
O-001189,C-01836,2025-06-10,1655000,SUCCESS
O-001190,C-00255,2025-06-07,2191000,SUCCESS
O-001191,C-01481,2025-06-13,2969000,SUCCESS
O-001192,C-01932,2025-06-03,3586000,SUCCESS
O-001193,C-01612,2025-06-21,3770000,SUCCESS
O-001194,C-00704,2025-06-10,3749000,SUCCESS
O-001195,C-01273,2025-06-15,1180000,SUCCESS
O-001196,C-01441,2025-06-13,2759000,SUCCESS
O-001197,C-00321,2025-06-30,3460000,SUCCESS
O-001198,C-01681,2025-06-28,798000,SUCCESS
O-001199,C-00429,2025-06-02,1304000,FAILED
O-001200,C-01974,2025-06-25,4729000,SUCCESS
O-001201,C-01728,2025-06-09,3211000,SUCCESS
O-001202,C-01368,2025-06-15,3797000,SUCCESS
O-001203,C-00089,2025-06-26,3509000,SUCCESS
O-001204,C-00903,2025-06-21,2199000,SUCCESS
O-001205,C-00736,2025-06-21,636000,FAILED
O-001206,C-01887,2025-06-06,4069000,SUCCESS
O-001207,C-00703,2025-06-07,230000,SUCCESS
O-001208,C-01271,2025-06-03,4670000,FAILED
O-001209,C-00827,2025-06-14,199000,SUCCESS
O-001210,C-01863,2025-06-25,322000,SUCCESS
O-001211,C-00591,2025-06-23,3549000,SUCCESS
O-001212,C-00056,2025-06-30,2782000,SUCCESS
O-001213,C-01079,2025-06-26,1099000,SUCCESS
O-001214,C-00290,2025-06-24,202000,SUCCESS
O-001215,C-01552,2025-06-17,3263000,SUCCESS
O-001216,C-00636,2025-06-13,4852000,SUCCESS
O-001217,C-00439,2025-06-03,458000,FAILED
O-001218,C-00998,2025-06-16,2248000,SUCCESS
O-001219,C-01790,2025-06-13,3982000,SUCCESS
O-001220,C-01416,2025-06-15,2408000,SUCCESS
O-001221,C-01104,2025-06-30,3272000,SUCCESS
O-001222,C-01413,2025-06-23,2613000,FAILED
O-001223,C-00059,2025-06-16,4829000,SUCCESS
O-001224,C-00380,2025-06-21,2453000,SUCCESS
O-001225,C-00307,2025-06-16,567000,SUCCESS
O-001226,C-01060,2025-06-27,4500000,SUCCESS
O-001227,C-00484,2025-06-08,1068000,SUCCESS
O-001228,C-00994,2025-06-07,1274000,SUCCESS
O-001229,C-00965,2025-06-07,370000,SUCCESS
O-001230,C-01918,2025-06-15,1049000,SUCCESS
O-001231,C-01105,2025-06-09,2282000,SUCCESS
O-001232,C-00797,2025-06-08,4459000,FAILED
O-001233,C-01049,2025-06-19,4206000,SUCCESS
O-001234,C-01025,2025-06-19,211000,SUCCESS
O-001235,C-01024,2025-06-18,1521000,SUCCESS
O-001236,C-01272,2025-06-18,1614000,SUCCESS
O-001237,C-00942,2025-06-12,2798000,SUCCESS
O-001238,C-01230,2025-06-12,1563000,SUCCESS
O-001239,C-01361,2025-06-05,1685000,FAILED
O-001240,C-01850,2025-06-04,2154000,SUCCESS
O-001241,C-01558,2025-06-29,1292000,SUCCESS
O-001242,C-01037,2025-06-18,626000,SUCCESS
O-001243,C-01978,2025-06-20,4727000,SUCCESS
O-001244,C-00459,2025-06-29,513000,SUCCESS
O-001245,C-00222,2025-06-07,2766000,SUCCESS
O-001246,C-01421,2025-06-25,3010000,SUCCESS
O-001247,C-01462,2025-06-02,1661000,FAILED
O-001248,C-00425,2025-06-28,4799000,SUCCESS
O-001249,C-01397,2025-06-30,2060000,SUCCESS
O-001250,C-01149,2025-06-18,3563000,SUCCESS
O-001251,C-00475,2025-06-22,2454000,SUCCESS
O-001252,C-01365,2025-06-07,4175000,SUCCESS
O-001253,C-01039,2025-06-04,2585000,SUCCESS
O-001254,C-00645,2025-06-27,3058000,SUCCESS
O-001255,C-00333,2025-06-11,1166000,SUCCESS
O-001256,C-00601,2025-06-22,3239000,SUCCESS
O-001257,C-00732,2025-06-28,931000,SUCCESS
O-001258,C-00046,2025-06-18,2501000,SUCCESS
O-001259,C-00232,2025-06-04,1378000,SUCCESS
O-001260,C-00126,2025-06-30,4160000,SUCCESS
O-001261,C-02000,2025-06-18,3972000,SUCCESS
O-001262,C-00829,2025-06-01,739000,SUCCESS
O-001263,C-01701,2025-06-21,1926000,SUCCESS
O-001264,C-00315,2025-06-08,3489000,SUCCESS
O-001265,C-00932,2025-06-17,4741000,SUCCESS
O-001266,C-01516,2025-06-20,4748000,SUCCESS
O-001267,C-01984,2025-06-04,1641000,SUCCESS
O-001268,C-01387,2025-06-08,177000,SUCCESS
O-001269,C-01580,2025-06-18,4628000,SUCCESS
O-001270,C-01996,2025-06-02,571000,SUCCESS
O-001271,C-00744,2025-06-20,3515000,SUCCESS
O-001272,C-01930,2025-06-05,4261000,SUCCESS
O-001273,C-00566,2025-06-22,295000,SUCCESS
O-001274,C-01552,2025-06-02,1117000,SUCCESS
O-001275,C-00313,2025-06-20,842000,SUCCESS
O-001276,C-00720,2025-06-14,1121000,SUCCESS
O-001277,C-00271,2025-06-19,4747000,SUCCESS
O-001278,C-00744,2025-06-02,2394000,SUCCESS
O-001279,C-00784,2025-06-03,2475000,SUCCESS
O-001280,C-00139,2025-06-13,966000,SUCCESS
O-001281,C-01706,2025-06-18,541000,SUCCESS
O-001282,C-00665,2025-06-12,1766000,SUCCESS
O-001283,C-00917,2025-06-13,3330000,FAILED
O-001284,C-00811,2025-06-30,951000,SUCCESS
O-001285,C-01019,2025-06-07,3554000,SUCCESS
O-001286,C-01254,2025-06-24,1047000,SUCCESS
O-001287,C-01687,2025-06-14,2536000,SUCCESS
O-001288,C-00782,2025-06-30,4775000,SUCCESS
O-001289,C-00518,2025-06-06,3421000,SUCCESS
O-001290,C-00949,2025-06-26,4883000,SUCCESS
O-001291,C-01043,2025-06-29,4457000,SUCCESS
O-001292,C-01265,2025-06-05,495000,SUCCESS
O-001293,C-01412,2025-06-14,1489000,SUCCESS
O-001294,C-00618,2025-06-15,2151000,SUCCESS
O-001295,C-01982,2025-06-19,2715000,SUCCESS
O-001296,C-01186,2025-06-24,2018000,SUCCESS
O-001297,C-01161,2025-06-06,1369000,SUCCESS
O-001298,C-00124,2025-06-14,1361000,SUCCESS
O-001299,C-00808,2025-06-03,2857000,FAILED
O-001300,C-01289,2025-06-29,3536000,SUCCESS
O-001301,C-00671,2025-06-13,3509000,SUCCESS
O-001302,C-00863,2025-06-23,3463000,SUCCESS
O-001303,C-01498,2025-06-14,2174000,FAILED
O-001304,C-00073,2025-06-23,1352000,SUCCESS
O-001305,C-01432,2025-06-07,3497000,SUCCESS
O-001306,C-00431,2025-06-04,2961000,SUCCESS
O-001307,C-01125,2025-06-07,4157000,SUCCESS
O-001308,C-01910,2025-06-02,3250000,SUCCESS
O-001309,C-01447,2025-06-09,2196000,SUCCESS
O-001310,C-01836,2025-06-10,3223000,SUCCESS
O-001311,C-01726,2025-06-10,3817000,SUCCESS
O-001312,C-00230,2025-06-13,1741000,SUCCESS
O-001313,C-01689,2025-06-21,3688000,SUCCESS
O-001314,C-00755,2025-06-18,2611000,SUCCESS
O-001315,C-01033,2025-06-25,3515000,SUCCESS
O-001316,C-01005,2025-06-30,1906000,SUCCESS
O-001317,C-00870,2025-06-03,4088000,SUCCESS
O-001318,C-00181,2025-06-26,1513000,SUCCESS
O-001319,C-00620,2025-06-10,4774000,SUCCESS
O-001320,C-00496,2025-06-24,2507000,FAILED
O-001321,C-01372,2025-06-27,162000,SUCCESS
O-001322,C-00384,2025-06-15,4591000,SUCCESS
O-001323,C-00638,2025-06-10,1572000,SUCCESS
O-001324,C-00204,2025-06-19,2334000,SUCCESS
O-001325,C-00950,2025-06-18,3832000,SUCCESS
O-001326,C-01280,2025-06-25,1046000,SUCCESS
O-001327,C-01134,2025-06-25,458000,SUCCESS
O-001328,C-01303,2025-06-17,1026000,SUCCESS
O-001329,C-00830,2025-06-25,1456000,SUCCESS
O-001330,C-00515,2025-06-08,3781000,SUCCESS
O-001331,C-00480,2025-06-13,1307000,SUCCESS
O-001332,C-00122,2025-06-03,2760000,SUCCESS
O-001333,C-00079,2025-06-15,3226000,SUCCESS
O-001334,C-01021,2025-06-28,1246000,SUCCESS
O-001335,C-00103,2025-06-17,1611000,SUCCESS
O-001336,C-01978,2025-06-20,3642000,SUCCESS
O-001337,C-00026,2025-06-26,1172000,SUCCESS
O-001338,C-00442,2025-06-12,2624000,FAILED
O-001339,C-01213,2025-06-23,3496000,SUCCESS
O-001340,C-00662,2025-06-21,1048000,SUCCESS
O-001341,C-01138,2025-06-25,4661000,SUCCESS
O-001342,C-01405,2025-06-19,4706000,SUCCESS
O-001343,C-00799,2025-06-24,2203000,SUCCESS
O-001344,C-00969,2025-06-11,4662000,SUCCESS
O-001345,C-01478,2025-06-01,3921000,SUCCESS
O-001346,C-01130,2025-06-01,1521000,SUCCESS
O-001347,C-00577,2025-06-29,2027000,SUCCESS
O-001348,C-00167,2025-06-11,3846000,SUCCESS
O-001349,C-01731,2025-06-09,2292000,SUCCESS
O-001350,C-00324,2025-06-01,978000,SUCCESS
O-001351,C-01344,2025-06-23,1299000,SUCCESS
O-001352,C-01920,2025-06-30,4208000,SUCCESS
O-001353,C-01175,2025-06-24,1993000,SUCCESS
O-001354,C-00703,2025-06-21,3462000,SUCCESS
O-001355,C-01831,2025-06-23,3325000,SUCCESS
O-001356,C-00883,2025-06-25,760000,SUCCESS
O-001357,C-00198,2025-06-16,3851000,SUCCESS
O-001358,C-01348,2025-06-05,3737000,SUCCESS
O-001359,C-00189,2025-06-21,3153000,SUCCESS
O-001360,C-00250,2025-06-04,4199000,SUCCESS
O-001361,C-00084,2025-06-07,3226000,SUCCESS
O-001362,C-01921,2025-06-07,1190000,SUCCESS
O-001363,C-00337,2025-06-27,3208000,SUCCESS
O-001364,C-01298,2025-06-29,1801000,SUCCESS
O-001365,C-01273,2025-06-06,1329000,SUCCESS
O-001366,C-01613,2025-06-21,364000,SUCCESS
O-001367,C-00965,2025-06-30,2829000,SUCCESS
O-001368,C-01165,2025-06-03,4843000,SUCCESS
O-001369,C-00253,2025-06-03,4149000,FAILED
O-001370,C-00323,2025-06-18,106000,SUCCESS
O-001371,C-00695,2025-06-15,3173000,SUCCESS
O-001372,C-00466,2025-06-14,2672000,SUCCESS
O-001373,C-01744,2025-06-21,4876000,SUCCESS
O-001374,C-01885,2025-06-11,3557000,SUCCESS
O-001375,C-00920,2025-06-30,1043000,SUCCESS
O-001376,C-00274,2025-06-04,1643000,SUCCESS
O-001377,C-00495,2025-06-04,892000,SUCCESS
O-001378,C-00145,2025-06-02,1274000,SUCCESS
O-001379,C-00058,2025-06-28,1802000,SUCCESS
O-001380,C-01705,2025-06-24,4887000,SUCCESS
O-001381,C-01503,2025-06-23,3760000,SUCCESS
O-001382,C-00496,2025-06-19,4742000,SUCCESS
O-001383,C-01309,2025-06-18,352000,SUCCESS
O-001384,C-00822,2025-06-17,4769000,SUCCESS
O-001385,C-01854,2025-06-25,320000,SUCCESS
O-001386,C-01106,2025-06-10,2888000,SUCCESS
O-001387,C-00068,2025-06-15,3991000,SUCCESS
O-001388,C-00818,2025-06-25,1283000,SUCCESS
O-001389,C-01795,2025-06-16,4804000,FAILED
O-001390,C-01933,2025-06-15,2008000,SUCCESS
O-001391,C-01361,2025-06-11,678000,SUCCESS
O-001392,C-00506,2025-06-14,2979000,SUCCESS
O-001393,C-00211,2025-06-02,4362000,SUCCESS
O-001394,C-00629,2025-06-02,3398000,SUCCESS
O-001395,C-00054,2025-06-29,4013000,SUCCESS
O-001396,C-00994,2025-06-01,947000,SUCCESS
O-001397,C-01975,2025-06-06,4727000,SUCCESS
O-001398,C-01536,2025-06-23,3285000,SUCCESS
O-001399,C-00194,2025-06-23,4216000,SUCCESS
O-001400,C-01897,2025-06-23,687000,SUCCESS
O-001401,C-01876,2025-06-22,3028000,FAILED
O-001402,C-01055,2025-06-03,1469000,SUCCESS
O-001403,C-00701,2025-06-19,174000,SUCCESS
O-001404,C-00078,2025-06-16,762000,FAILED
O-001405,C-00287,2025-06-03,2524000,SUCCESS
O-001406,C-01128,2025-06-16,4691000,SUCCESS
O-001407,C-00529,2025-06-04,2880000,SUCCESS
O-001408,C-01168,2025-06-24,4280000,SUCCESS
O-001409,C-01205,2025-06-13,271000,SUCCESS
O-001410,C-00739,2025-06-21,949000,SUCCESS
O-001411,C-00776,2025-06-06,168000,SUCCESS
O-001412,C-01743,2025-06-14,1593000,SUCCESS
O-001413,C-01582,2025-06-17,1314000,SUCCESS
O-001414,C-00663,2025-06-21,414000,SUCCESS
O-001415,C-01647,2025-06-06,2539000,FAILED
O-001416,C-00166,2025-06-19,2477000,SUCCESS
O-001417,C-00605,2025-06-03,1929000,SUCCESS
O-001418,C-01372,2025-06-06,2874000,FAILED
O-001419,C-01527,2025-06-19,3274000,SUCCESS
O-001420,C-01416,2025-06-01,1238000,SUCCESS
O-001421,C-01257,2025-06-29,1961000,SUCCESS
O-001422,C-00764,2025-06-16,3591000,SUCCESS
O-001423,C-01689,2025-06-25,2431000,SUCCESS
O-001424,C-01871,2025-06-03,1172000,SUCCESS
O-001425,C-00731,2025-06-16,537000,SUCCESS
O-001426,C-00762,2025-06-05,453000,SUCCESS
O-001427,C-00338,2025-06-24,544000,SUCCESS
O-001428,C-01265,2025-06-09,592000,SUCCESS
O-001429,C-00728,2025-06-08,3545000,SUCCESS
O-001430,C-00106,2025-06-12,3217000,SUCCESS
O-001431,C-00368,2025-06-15,511000,SUCCESS
O-001432,C-00915,2025-06-28,128000,SUCCESS
O-001433,C-01227,2025-06-23,1440000,SUCCESS
O-001434,C-00352,2025-06-06,1506000,FAILED
O-001435,C-01847,2025-06-18,855000,SUCCESS
O-001436,C-01752,2025-06-26,2896000,SUCCESS
O-001437,C-01048,2025-06-22,2596000,SUCCESS
O-001438,C-01403,2025-06-27,1766000,FAILED
O-001439,C-00914,2025-06-22,3267000,SUCCESS
O-001440,C-00548,2025-06-26,4413000,SUCCESS
O-001441,C-01593,2025-06-10,1531000,SUCCESS
O-001442,C-01259,2025-06-18,4171000,SUCCESS
O-001443,C-00778,2025-06-26,2844000,SUCCESS
O-001444,C-00286,2025-06-29,1526000,SUCCESS
O-001445,C-01211,2025-06-20,3395000,SUCCESS
O-001446,C-01215,2025-06-28,1182000,SUCCESS
O-001447,C-01744,2025-06-16,1151000,SUCCESS
O-001448,C-01266,2025-06-23,3877000,SUCCESS
O-001449,C-01437,2025-06-17,521000,FAILED
O-001450,C-00603,2025-06-27,2329000,SUCCESS
O-001451,C-00085,2025-06-22,4366000,SUCCESS
O-001452,C-01117,2025-06-13,4029000,SUCCESS
O-001453,C-01462,2025-06-19,2647000,SUCCESS
O-001454,C-01598,2025-06-26,624000,SUCCESS
O-001455,C-00282,2025-06-04,1601000,SUCCESS
O-001456,C-00443,2025-06-30,618000,FAILED
O-001457,C-00683,2025-06-03,1556000,SUCCESS
O-001458,C-00442,2025-06-06,2964000,SUCCESS
O-001459,C-01834,2025-06-22,424000,SUCCESS
O-001460,C-00452,2025-06-24,2593000,SUCCESS
O-001461,C-00026,2025-06-17,2912000,SUCCESS
O-001462,C-00504,2025-06-07,1313000,FAILED
O-001463,C-01130,2025-06-16,4421000,SUCCESS
O-001464,C-00209,2025-06-28,378000,SUCCESS
O-001465,C-01337,2025-06-26,2260000,SUCCESS
O-001466,C-00688,2025-06-09,2662000,SUCCESS
O-001467,C-00246,2025-06-17,1433000,SUCCESS
O-001468,C-01211,2025-06-23,3149000,SUCCESS
O-001469,C-01184,2025-06-25,2515000,SUCCESS
O-001470,C-01425,2025-06-22,550000,SUCCESS
O-001471,C-01719,2025-06-02,3926000,SUCCESS
O-001472,C-00207,2025-06-02,2513000,SUCCESS
O-001473,C-01981,2025-06-28,739000,FAILED
O-001474,C-00359,2025-06-27,2092000,SUCCESS
O-001475,C-01625,2025-06-02,3664000,SUCCESS
O-001476,C-00584,2025-06-17,274000,SUCCESS
O-001477,C-00916,2025-06-01,1908000,SUCCESS
O-001478,C-01657,2025-06-01,4321000,SUCCESS
O-001479,C-00056,2025-06-21,3421000,SUCCESS
O-001480,C-00095,2025-06-12,3570000,SUCCESS
O-001481,C-01764,2025-06-02,3488000,SUCCESS
O-001482,C-00047,2025-06-12,1149000,SUCCESS
O-001483,C-00731,2025-06-16,4350000,SUCCESS
O-001484,C-01451,2025-06-29,3026000,SUCCESS
O-001485,C-01106,2025-06-24,3564000,SUCCESS
O-001486,C-01055,2025-06-06,3466000,SUCCESS
O-001487,C-01585,2025-06-12,2303000,SUCCESS
O-001488,C-00976,2025-06-17,179000,SUCCESS
O-001489,C-00082,2025-06-18,1797000,SUCCESS
O-001490,C-00374,2025-06-14,2462000,FAILED
O-001491,C-00949,2025-06-22,3659000,SUCCESS
O-001492,C-00563,2025-06-22,4088000,SUCCESS
O-001493,C-00718,2025-06-30,3173000,SUCCESS
O-001494,C-00188,2025-06-02,2792000,SUCCESS
O-001495,C-00210,2025-06-29,560000,SUCCESS
O-001496,C-01548,2025-06-07,856000,SUCCESS
O-001497,C-00446,2025-06-22,3755000,SUCCESS
O-001498,C-00091,2025-06-29,1047000,SUCCESS
O-001499,C-01035,2025-06-14,1538000,SUCCESS
O-001500,C-01671,2025-06-10,1558000,SUCCESS
O-001501,C-00017,2025-06-25,3383000,SUCCESS
O-001502,C-01340,2025-06-28,4652000,SUCCESS
O-001503,C-00897,2025-06-04,2729000,SUCCESS
O-001504,C-01553,2025-06-24,1469000,SUCCESS
O-001505,C-00753,2025-06-19,1193000,SUCCESS
O-001506,C-00636,2025-06-20,3096000,SUCCESS
O-001507,C-00471,2025-06-14,1159000,SUCCESS
O-001508,C-00062,2025-06-18,3405000,SUCCESS
O-001509,C-00563,2025-06-05,296000,SUCCESS
O-001510,C-00388,2025-06-27,4763000,SUCCESS
O-001511,C-01582,2025-06-29,590000,SUCCESS
O-001512,C-01424,2025-06-10,849000,SUCCESS
O-001513,C-01855,2025-06-17,3144000,SUCCESS
O-001514,C-01028,2025-06-09,317000,SUCCESS
O-001515,C-01167,2025-06-06,2053000,FAILED
O-001516,C-00440,2025-06-07,3976000,SUCCESS
O-001517,C-01068,2025-06-03,3982000,SUCCESS
O-001518,C-00151,2025-06-23,386000,SUCCESS
O-001519,C-01967,2025-06-09,3232000,SUCCESS
O-001520,C-00425,2025-06-10,3165000,SUCCESS
O-001521,C-01341,2025-06-09,3008000,SUCCESS
O-001522,C-00296,2025-06-27,669000,SUCCESS
O-001523,C-00855,2025-06-15,3339000,SUCCESS
O-001524,C-00333,2025-06-21,3930000,SUCCESS
O-001525,C-01482,2025-06-26,2535000,SUCCESS
O-001526,C-01752,2025-06-03,2492000,SUCCESS
O-001527,C-00072,2025-06-13,4765000,SUCCESS
O-001528,C-01852,2025-06-08,2778000,SUCCESS
O-001529,C-00059,2025-06-25,4344000,SUCCESS
O-001530,C-01288,2025-06-07,4692000,SUCCESS
O-001531,C-01410,2025-06-09,860000,SUCCESS
O-001532,C-01355,2025-06-28,2947000,SUCCESS
O-001533,C-01577,2025-06-06,2066000,SUCCESS
O-001534,C-00557,2025-06-05,2904000,SUCCESS
O-001535,C-01280,2025-06-25,2057000,FAILED
O-001536,C-00542,2025-06-15,4684000,SUCCESS
O-001537,C-00984,2025-06-26,1266000,SUCCESS
O-001538,C-00436,2025-06-29,1629000,SUCCESS
O-001539,C-00272,2025-06-19,3026000,SUCCESS
O-001540,C-00991,2025-06-29,3246000,SUCCESS
O-001541,C-00247,2025-06-30,2603000,SUCCESS
O-001542,C-01621,2025-06-26,1168000,SUCCESS
O-001543,C-01134,2025-06-29,4597000,SUCCESS
O-001544,C-01720,2025-06-16,2456000,SUCCESS
O-001545,C-01472,2025-06-20,4892000,SUCCESS
O-001546,C-01291,2025-06-26,313000,SUCCESS
O-001547,C-01159,2025-06-06,2119000,FAILED
O-001548,C-01158,2025-06-29,3508000,FAILED
O-001549,C-00197,2025-06-24,2401000,SUCCESS
O-001550,C-01200,2025-06-07,1552000,SUCCESS
O-001551,C-01697,2025-06-17,2082000,SUCCESS
O-001552,C-01919,2025-06-09,3944000,SUCCESS
O-001553,C-01113,2025-06-04,1744000,SUCCESS
O-001554,C-00590,2025-06-05,664000,SUCCESS
O-001555,C-00202,2025-06-11,362000,SUCCESS
O-001556,C-01080,2025-06-13,183000,SUCCESS
O-001557,C-00332,2025-06-24,3922000,SUCCESS
O-001558,C-00641,2025-06-08,2538000,SUCCESS
O-001559,C-01739,2025-06-14,4273000,SUCCESS
O-001560,C-00023,2025-06-30,1579000,FAILED
O-001561,C-00034,2025-06-27,4721000,SUCCESS
O-001562,C-00756,2025-06-28,1664000,SUCCESS
O-001563,C-01390,2025-06-10,1100000,SUCCESS
O-001564,C-00064,2025-06-19,961000,SUCCESS
O-001565,C-00055,2025-06-16,1655000,SUCCESS
O-001566,C-00755,2025-06-30,3228000,FAILED
O-001567,C-00467,2025-06-07,3603000,SUCCESS
O-001568,C-01372,2025-06-12,2190000,SUCCESS
O-001569,C-00788,2025-06-22,1305000,SUCCESS
O-001570,C-00127,2025-06-13,3393000,SUCCESS
O-001571,C-01385,2025-06-26,1750000,SUCCESS
O-001572,C-00287,2025-06-07,3174000,SUCCESS
O-001573,C-00940,2025-06-12,4879000,SUCCESS
O-001574,C-01667,2025-06-14,1242000,SUCCESS
O-001575,C-01012,2025-06-11,2995000,SUCCESS
O-001576,C-00673,2025-06-10,3463000,SUCCESS
O-001577,C-01941,2025-06-11,4304000,SUCCESS
O-001578,C-00448,2025-06-18,1098000,SUCCESS
O-001579,C-01507,2025-06-14,596000,FAILED
O-001580,C-00899,2025-06-15,1631000,SUCCESS
O-001581,C-00021,2025-06-05,3077000,FAILED
O-001582,C-01699,2025-06-18,3524000,FAILED
O-001583,C-01318,2025-06-20,1084000,SUCCESS
O-001584,C-01083,2025-06-13,1576000,SUCCESS
O-001585,C-01755,2025-06-18,2883000,FAILED
O-001586,C-00907,2025-06-01,601000,SUCCESS
O-001587,C-00778,2025-06-15,4383000,SUCCESS
O-001588,C-00547,2025-06-21,854000,SUCCESS
O-001589,C-01691,2025-06-06,4459000,SUCCESS
O-001590,C-01045,2025-06-17,2847000,SUCCESS
O-001591,C-00102,2025-06-07,2310000,SUCCESS
O-001592,C-00303,2025-06-12,4541000,FAILED
O-001593,C-01379,2025-06-23,3484000,SUCCESS
O-001594,C-00511,2025-06-17,3459000,SUCCESS
O-001595,C-00281,2025-06-29,2061000,SUCCESS
O-001596,C-01779,2025-06-03,4485000,FAILED
O-001597,C-00312,2025-06-10,3599000,SUCCESS
O-001598,C-01871,2025-06-27,3944000,SUCCESS
O-001599,C-01637,2025-06-04,2348000,SUCCESS
O-001600,C-01203,2025-06-10,3273000,SUCCESS
O-001601,C-01868,2025-06-10,1440000,SUCCESS
O-001602,C-00946,2025-06-19,2428000,SUCCESS
O-001603,C-01992,2025-06-20,1541000,SUCCESS
O-001604,C-00120,2025-06-05,783000,SUCCESS
O-001605,C-01451,2025-06-24,1895000,FAILED
O-001606,C-01671,2025-06-14,3456000,SUCCESS
O-001607,C-01572,2025-06-11,367000,SUCCESS
O-001608,C-00056,2025-06-03,1182000,SUCCESS
O-001609,C-00616,2025-06-11,1316000,SUCCESS
O-001610,C-01068,2025-06-11,2464000,SUCCESS
O-001611,C-01483,2025-06-16,3802000,FAILED
O-001612,C-01833,2025-06-03,1113000,SUCCESS
O-001613,C-01758,2025-06-08,3364000,SUCCESS
O-001614,C-01494,2025-06-26,1962000,SUCCESS
O-001615,C-01687,2025-06-15,2709000,SUCCESS
O-001616,C-01543,2025-06-04,4148000,SUCCESS
O-001617,C-01786,2025-06-17,3635000,SUCCESS
O-001618,C-01780,2025-06-08,1893000,SUCCESS
O-001619,C-00770,2025-06-14,4875000,SUCCESS
O-001620,C-00090,2025-06-24,484000,FAILED
O-001621,C-01443,2025-06-03,2158000,SUCCESS
O-001622,C-00168,2025-06-12,4839000,SUCCESS
O-001623,C-00122,2025-06-03,2828000,SUCCESS
O-001624,C-01300,2025-06-26,3165000,FAILED
O-001625,C-01496,2025-06-03,505000,SUCCESS
O-001626,C-00788,2025-06-08,4646000,SUCCESS
O-001627,C-00977,2025-06-15,647000,SUCCESS
O-001628,C-01234,2025-06-07,2843000,SUCCESS
O-001629,C-01664,2025-06-13,381000,FAILED
O-001630,C-01456,2025-06-11,478000,SUCCESS
O-001631,C-01680,2025-06-07,2310000,SUCCESS
O-001632,C-00348,2025-06-02,1528000,SUCCESS
O-001633,C-01921,2025-06-14,2757000,SUCCESS
O-001634,C-01975,2025-06-01,4581000,SUCCESS
O-001635,C-01522,2025-06-18,2335000,SUCCESS
O-001636,C-00575,2025-06-29,4436000,SUCCESS
O-001637,C-01920,2025-06-25,3490000,SUCCESS
O-001638,C-00550,2025-06-12,4402000,FAILED
O-001639,C-01172,2025-06-29,819000,SUCCESS
O-001640,C-00991,2025-06-22,1959000,SUCCESS
O-001641,C-00130,2025-06-03,1301000,SUCCESS
O-001642,C-01841,2025-06-06,4203000,FAILED
O-001643,C-00252,2025-06-19,3379000,SUCCESS
O-001644,C-01589,2025-06-09,1741000,SUCCESS
O-001645,C-01779,2025-06-02,1169000,SUCCESS
O-001646,C-00082,2025-06-17,2697000,SUCCESS
O-001647,C-01202,2025-06-04,776000,SUCCESS
O-001648,C-01897,2025-06-07,1335000,SUCCESS
O-001649,C-01985,2025-06-22,3198000,FAILED
O-001650,C-00110,2025-06-06,841000,SUCCESS
O-001651,C-00705,2025-06-15,3151000,SUCCESS
O-001652,C-01547,2025-06-30,753000,SUCCESS
O-001653,C-00004,2025-06-18,824000,SUCCESS
O-001654,C-00653,2025-06-12,1539000,SUCCESS
O-001655,C-01974,2025-06-27,4082000,SUCCESS
O-001656,C-00025,2025-06-30,988000,FAILED
O-001657,C-00263,2025-06-20,2879000,FAILED
O-001658,C-00824,2025-06-22,1025000,SUCCESS
O-001659,C-00681,2025-06-19,3684000,FAILED
O-001660,C-01105,2025-06-10,2796000,SUCCESS
O-001661,C-01638,2025-06-22,1129000,SUCCESS
O-001662,C-00618,2025-06-20,3848000,SUCCESS
O-001663,C-01469,2025-06-04,1531000,SUCCESS
O-001664,C-01157,2025-06-12,4176000,SUCCESS
O-001665,C-01169,2025-06-20,4780000,FAILED
O-001666,C-00323,2025-06-19,2155000,SUCCESS
O-001667,C-01259,2025-06-28,3969000,SUCCESS
O-001668,C-01242,2025-06-27,3567000,SUCCESS
O-001669,C-01227,2025-06-21,2798000,FAILED
O-001670,C-01504,2025-06-17,3079000,SUCCESS
O-001671,C-00028,2025-06-17,2951000,SUCCESS
O-001672,C-00816,2025-06-18,4200000,SUCCESS
O-001673,C-00190,2025-06-25,367000,SUCCESS
O-001674,C-00599,2025-06-06,396000,SUCCESS
O-001675,C-00901,2025-06-03,4551000,SUCCESS
O-001676,C-00672,2025-06-27,885000,SUCCESS
O-001677,C-01720,2025-06-09,4825000,SUCCESS
O-001678,C-01098,2025-06-23,485000,SUCCESS
O-001679,C-00580,2025-06-06,2274000,SUCCESS
O-001680,C-01331,2025-06-08,1199000,SUCCESS
O-001681,C-00086,2025-06-26,3564000,FAILED
O-001682,C-00438,2025-06-26,1895000,FAILED
O-001683,C-00442,2025-06-30,2551000,SUCCESS
O-001684,C-00674,2025-06-25,4558000,SUCCESS
O-001685,C-00727,2025-06-23,1970000,SUCCESS
O-001686,C-01423,2025-06-13,2252000,SUCCESS
O-001687,C-00611,2025-06-26,1714000,SUCCESS
O-001688,C-00282,2025-06-10,2912000,SUCCESS
O-001689,C-00802,2025-06-14,201000,SUCCESS
O-001690,C-00863,2025-06-10,4963000,SUCCESS
O-001691,C-01503,2025-06-14,1148000,SUCCESS
O-001692,C-00921,2025-06-16,1000000,SUCCESS
O-001693,C-00859,2025-06-09,3843000,SUCCESS
O-001694,C-01326,2025-06-20,3347000,SUCCESS
O-001695,C-00805,2025-06-14,915000,FAILED
O-001696,C-00816,2025-06-17,2739000,SUCCESS
O-001697,C-00408,2025-06-17,2222000,SUCCESS
O-001698,C-01296,2025-06-18,4648000,SUCCESS
O-001699,C-01739,2025-06-27,2340000,SUCCESS
O-001700,C-01268,2025-06-03,4409000,SUCCESS
O-001701,C-00234,2025-06-30,4714000,SUCCESS
O-001702,C-01297,2025-06-23,4466000,SUCCESS
O-001703,C-00626,2025-06-13,924000,SUCCESS
O-001704,C-00788,2025-06-09,3524000,SUCCESS
O-001705,C-01914,2025-06-15,4184000,SUCCESS
O-001706,C-01415,2025-06-19,198000,SUCCESS
O-001707,C-00528,2025-06-18,2615000,SUCCESS
O-001708,C-00049,2025-06-20,1618000,SUCCESS
O-001709,C-00455,2025-06-17,4886000,SUCCESS
O-001710,C-01540,2025-06-05,644000,FAILED
O-001711,C-00767,2025-06-10,2374000,SUCCESS
O-001712,C-01029,2025-06-19,1191000,SUCCESS
O-001713,C-00666,2025-06-21,2797000,SUCCESS
O-001714,C-00279,2025-06-14,965000,SUCCESS
O-001715,C-01288,2025-06-09,793000,SUCCESS
O-001716,C-00207,2025-06-30,2382000,FAILED
O-001717,C-00302,2025-06-17,3529000,SUCCESS
O-001718,C-00819,2025-06-18,3389000,SUCCESS
O-001719,C-01294,2025-06-30,1516000,SUCCESS
O-001720,C-00772,2025-06-19,3891000,SUCCESS
O-001721,C-00675,2025-06-10,1388000,SUCCESS
O-001722,C-01510,2025-06-11,2678000,SUCCESS
O-001723,C-00415,2025-06-16,2523000,SUCCESS
O-001724,C-00763,2025-06-21,1972000,SUCCESS
O-001725,C-00326,2025-06-04,2923000,SUCCESS
O-001726,C-01880,2025-06-30,537000,SUCCESS
O-001727,C-00732,2025-06-16,1201000,SUCCESS
O-001728,C-01497,2025-06-24,4055000,SUCCESS
O-001729,C-00791,2025-06-22,4459000,FAILED
O-001730,C-01779,2025-06-12,742000,SUCCESS
O-001731,C-00051,2025-06-04,2896000,SUCCESS
O-001732,C-01784,2025-06-19,608000,SUCCESS
O-001733,C-00911,2025-06-16,3981000,SUCCESS
O-001734,C-01781,2025-06-11,1752000,SUCCESS
O-001735,C-01788,2025-06-06,3685000,SUCCESS
O-001736,C-00437,2025-06-20,3800000,SUCCESS
O-001737,C-01203,2025-06-17,1489000,SUCCESS
O-001738,C-00985,2025-06-05,4473000,FAILED
O-001739,C-00647,2025-06-15,3872000,SUCCESS
O-001740,C-00500,2025-06-25,1040000,SUCCESS
O-001741,C-00413,2025-06-07,456000,SUCCESS
O-001742,C-00094,2025-06-19,3478000,SUCCESS
O-001743,C-00766,2025-06-15,109000,SUCCESS
O-001744,C-01706,2025-06-24,4768000,SUCCESS
O-001745,C-01186,2025-06-13,961000,SUCCESS
O-001746,C-00761,2025-06-19,3017000,SUCCESS
O-001747,C-01872,2025-06-07,1772000,SUCCESS
O-001748,C-00500,2025-06-08,3361000,SUCCESS
O-001749,C-00994,2025-06-21,1685000,SUCCESS
O-001750,C-00511,2025-06-09,2605000,SUCCESS
O-001751,C-00201,2025-06-15,3208000,SUCCESS
O-001752,C-00563,2025-06-07,398000,SUCCESS
O-001753,C-01389,2025-06-03,2501000,SUCCESS
O-001754,C-01499,2025-06-17,1788000,SUCCESS
O-001755,C-00053,2025-06-10,3382000,SUCCESS
O-001756,C-00869,2025-06-09,4115000,SUCCESS
O-001757,C-00019,2025-06-26,985000,SUCCESS
O-001758,C-01452,2025-06-24,1466000,SUCCESS
O-001759,C-00344,2025-06-09,3384000,SUCCESS
O-001760,C-01999,2025-06-25,1360000,SUCCESS
O-001761,C-00549,2025-06-22,2144000,SUCCESS
O-001762,C-00612,2025-06-19,3865000,SUCCESS
O-001763,C-00956,2025-06-06,2131000,SUCCESS
O-001764,C-00570,2025-06-10,3260000,SUCCESS
O-001765,C-00635,2025-06-01,2552000,FAILED
O-001766,C-01002,2025-06-25,4027000,SUCCESS
O-001767,C-00467,2025-06-04,3124000,FAILED
O-001768,C-00834,2025-06-03,4353000,SUCCESS
O-001769,C-00939,2025-06-27,977000,SUCCESS
O-001770,C-01408,2025-06-01,1492000,SUCCESS
O-001771,C-00359,2025-06-24,1021000,SUCCESS
O-001772,C-00677,2025-06-19,1339000,SUCCESS
O-001773,C-01657,2025-06-13,277000,SUCCESS
O-001774,C-00005,2025-06-03,4033000,SUCCESS
O-001775,C-01556,2025-06-07,2775000,SUCCESS
O-001776,C-01530,2025-06-16,4784000,FAILED
O-001777,C-01963,2025-06-07,3058000,SUCCESS
O-001778,C-01629,2025-06-28,4597000,SUCCESS
O-001779,C-01470,2025-06-19,878000,FAILED
O-001780,C-01883,2025-06-06,4496000,SUCCESS
O-001781,C-00334,2025-06-13,477000,SUCCESS
O-001782,C-01493,2025-06-02,1556000,SUCCESS
O-001783,C-00275,2025-06-05,2775000,SUCCESS
O-001784,C-01065,2025-06-28,3918000,SUCCESS
O-001785,C-00567,2025-06-20,692000,SUCCESS
O-001786,C-01463,2025-06-20,817000,SUCCESS
O-001787,C-01698,2025-06-25,1287000,FAILED
O-001788,C-01710,2025-06-11,3467000,SUCCESS
O-001789,C-01138,2025-06-09,1863000,SUCCESS
O-001790,C-00111,2025-06-27,2641000,SUCCESS
O-001791,C-01843,2025-06-09,1169000,SUCCESS
O-001792,C-00197,2025-06-25,3795000,SUCCESS
O-001793,C-01828,2025-06-12,577000,SUCCESS
O-001794,C-01326,2025-06-13,4314000,SUCCESS
O-001795,C-01196,2025-06-01,2241000,SUCCESS
O-001796,C-01965,2025-06-05,1929000,SUCCESS
O-001797,C-01512,2025-06-10,2776000,SUCCESS
O-001798,C-01093,2025-06-16,2812000,SUCCESS
O-001799,C-01485,2025-06-20,3940000,SUCCESS
O-001800,C-00198,2025-06-23,796000,SUCCESS
O-001801,C-00472,2025-06-27,1828000,SUCCESS
O-001802,C-01001,2025-06-30,3290000,SUCCESS
O-001803,C-00722,2025-06-19,2694000,SUCCESS
O-001804,C-00243,2025-06-13,2752000,SUCCESS
O-001805,C-00981,2025-06-18,2273000,SUCCESS
O-001806,C-01176,2025-06-10,888000,SUCCESS
O-001807,C-00664,2025-06-09,2585000,SUCCESS
O-001808,C-01223,2025-06-05,3861000,SUCCESS
O-001809,C-00768,2025-06-02,3545000,SUCCESS
O-001810,C-00652,2025-06-14,4479000,SUCCESS
O-001811,C-00013,2025-06-17,4668000,SUCCESS
O-001812,C-01940,2025-06-27,1228000,SUCCESS
O-001813,C-01559,2025-06-21,4074000,SUCCESS
O-001814,C-01394,2025-06-28,2237000,SUCCESS
O-001815,C-01829,2025-06-16,3741000,SUCCESS
O-001816,C-00281,2025-06-06,3839000,FAILED
O-001817,C-01904,2025-06-27,1955000,SUCCESS
O-001818,C-00084,2025-06-11,2031000,SUCCESS
O-001819,C-00807,2025-06-07,4041000,SUCCESS
O-001820,C-00009,2025-06-11,3999000,SUCCESS
O-001821,C-01999,2025-06-26,4623000,SUCCESS
O-001822,C-01375,2025-06-21,3715000,SUCCESS
O-001823,C-00894,2025-06-14,4133000,FAILED
O-001824,C-00361,2025-06-22,4049000,SUCCESS
O-001825,C-01058,2025-06-29,3341000,SUCCESS
O-001826,C-01703,2025-06-19,3856000,SUCCESS
O-001827,C-00339,2025-06-18,2675000,SUCCESS
O-001828,C-01930,2025-06-28,3366000,SUCCESS
O-001829,C-01388,2025-06-19,1140000,SUCCESS
O-001830,C-01099,2025-06-27,4063000,SUCCESS
O-001831,C-01499,2025-06-06,1763000,SUCCESS
O-001832,C-01106,2025-06-08,626000,FAILED
O-001833,C-00254,2025-06-14,4247000,SUCCESS
O-001834,C-01793,2025-06-09,1364000,SUCCESS
O-001835,C-01467,2025-06-11,3755000,SUCCESS
O-001836,C-00440,2025-06-26,3785000,SUCCESS
O-001837,C-01390,2025-06-21,4939000,SUCCESS
O-001838,C-01139,2025-06-02,1742000,SUCCESS
O-001839,C-00559,2025-06-26,1407000,SUCCESS
O-001840,C-01713,2025-06-22,1557000,SUCCESS
O-001841,C-01783,2025-06-27,4007000,SUCCESS
O-001842,C-00371,2025-06-06,4934000,SUCCESS
O-001843,C-00292,2025-06-17,212000,FAILED
O-001844,C-01209,2025-06-03,1289000,SUCCESS
O-001845,C-00975,2025-06-27,707000,SUCCESS
O-001846,C-01450,2025-06-02,4439000,SUCCESS
O-001847,C-01360,2025-06-11,1670000,SUCCESS
O-001848,C-00858,2025-06-01,1766000,SUCCESS
O-001849,C-00615,2025-06-15,3473000,SUCCESS
O-001850,C-00119,2025-06-06,2478000,SUCCESS
O-001851,C-01175,2025-06-15,2036000,SUCCESS
O-001852,C-01394,2025-06-22,3719000,SUCCESS
O-001853,C-01355,2025-06-01,4199000,SUCCESS
O-001854,C-00258,2025-06-10,1070000,SUCCESS
O-001855,C-01246,2025-06-22,2940000,SUCCESS
O-001856,C-00243,2025-06-08,1034000,SUCCESS
O-001857,C-01891,2025-06-06,1688000,SUCCESS
O-001858,C-01504,2025-06-26,3958000,SUCCESS
O-001859,C-00082,2025-06-21,4360000,FAILED
O-001860,C-01340,2025-06-08,2957000,FAILED
O-001861,C-01380,2025-06-27,1893000,FAILED
O-001862,C-00914,2025-06-27,4642000,SUCCESS
O-001863,C-01829,2025-06-21,2591000,SUCCESS
O-001864,C-00720,2025-06-24,3062000,SUCCESS
O-001865,C-01342,2025-06-16,2971000,SUCCESS
O-001866,C-00942,2025-06-11,4767000,SUCCESS
O-001867,C-00366,2025-06-15,1948000,SUCCESS
O-001868,C-00634,2025-06-02,3796000,SUCCESS
O-001869,C-00701,2025-06-08,922000,SUCCESS
O-001870,C-01850,2025-06-28,3969000,SUCCESS
O-001871,C-01333,2025-06-08,2766000,SUCCESS
O-001872,C-01644,2025-06-07,367000,SUCCESS
O-001873,C-01326,2025-06-17,159000,SUCCESS
O-001874,C-01710,2025-06-15,941000,FAILED
O-001875,C-00079,2025-06-05,2578000,SUCCESS
O-001876,C-00327,2025-06-20,4039000,SUCCESS
O-001877,C-00601,2025-06-01,3019000,SUCCESS
O-001878,C-00278,2025-06-27,4803000,SUCCESS
O-001879,C-01644,2025-06-10,4176000,SUCCESS
O-001880,C-01717,2025-06-16,3265000,SUCCESS
O-001881,C-00169,2025-06-01,4677000,SUCCESS
O-001882,C-01331,2025-06-04,132000,SUCCESS
O-001883,C-01345,2025-06-06,4592000,SUCCESS
O-001884,C-00376,2025-06-01,3834000,FAILED
O-001885,C-01766,2025-06-10,3945000,SUCCESS
O-001886,C-00660,2025-06-06,1199000,SUCCESS
O-001887,C-01128,2025-06-11,3661000,SUCCESS
O-001888,C-01318,2025-06-23,3493000,FAILED
O-001889,C-00042,2025-06-15,4530000,SUCCESS
O-001890,C-01501,2025-06-01,4244000,SUCCESS
O-001891,C-00567,2025-06-17,3329000,SUCCESS
O-001892,C-00205,2025-06-15,3111000,SUCCESS
O-001893,C-01048,2025-06-06,2811000,SUCCESS
O-001894,C-01323,2025-06-22,2940000,SUCCESS
O-001895,C-01012,2025-06-14,4720000,FAILED
O-001896,C-01411,2025-06-11,3673000,SUCCESS
O-001897,C-00141,2025-06-17,3418000,SUCCESS
O-001898,C-01740,2025-06-08,2214000,SUCCESS
O-001899,C-00353,2025-06-17,2480000,SUCCESS
O-001900,C-00685,2025-06-05,865000,SUCCESS
O-001901,C-00550,2025-06-23,845000,SUCCESS
O-001902,C-00594,2025-06-17,1475000,SUCCESS
O-001903,C-00085,2025-06-02,1711000,SUCCESS
O-001904,C-00637,2025-06-16,1038000,SUCCESS
O-001905,C-01919,2025-06-02,3732000,SUCCESS
O-001906,C-01447,2025-06-04,3173000,SUCCESS
O-001907,C-00761,2025-06-23,3710000,SUCCESS
O-001908,C-00535,2025-06-21,2742000,SUCCESS
O-001909,C-01694,2025-06-09,712000,SUCCESS
O-001910,C-01670,2025-06-08,1663000,FAILED
O-001911,C-00199,2025-06-20,4724000,SUCCESS
O-001912,C-01298,2025-06-20,1558000,SUCCESS
O-001913,C-00406,2025-06-14,4990000,SUCCESS
O-001914,C-00217,2025-06-22,850000,SUCCESS
O-001915,C-01858,2025-06-11,3940000,SUCCESS
O-001916,C-00351,2025-06-29,3238000,SUCCESS
O-001917,C-01461,2025-06-24,1240000,SUCCESS
O-001918,C-00748,2025-06-08,1419000,SUCCESS
O-001919,C-00742,2025-06-26,2219000,SUCCESS
O-001920,C-00543,2025-06-29,2060000,SUCCESS
O-001921,C-00621,2025-06-16,3505000,FAILED
O-001922,C-00818,2025-06-09,3283000,SUCCESS
O-001923,C-01409,2025-06-29,1738000,SUCCESS
O-001924,C-00121,2025-06-27,4388000,SUCCESS
O-001925,C-00959,2025-06-16,1765000,SUCCESS
O-001926,C-00538,2025-06-16,4049000,SUCCESS
O-001927,C-01775,2025-06-27,2434000,FAILED
O-001928,C-01407,2025-06-11,4469000,FAILED
O-001929,C-01710,2025-06-03,4513000,SUCCESS
O-001930,C-01341,2025-06-29,1119000,SUCCESS
O-001931,C-01829,2025-06-25,4484000,SUCCESS
O-001932,C-00857,2025-06-29,1053000,SUCCESS
O-001933,C-01850,2025-06-22,339000,SUCCESS
O-001934,C-00566,2025-06-01,159000,SUCCESS
O-001935,C-00528,2025-06-10,1958000,SUCCESS
O-001936,C-01635,2025-06-22,3894000,SUCCESS
O-001937,C-01436,2025-06-18,2254000,SUCCESS
O-001938,C-01218,2025-06-12,4187000,FAILED
O-001939,C-00374,2025-06-03,2284000,SUCCESS
O-001940,C-01536,2025-06-24,4891000,SUCCESS
O-001941,C-00216,2025-06-20,2487000,SUCCESS
O-001942,C-01263,2025-06-04,1720000,SUCCESS
O-001943,C-01909,2025-06-19,3910000,SUCCESS
O-001944,C-00847,2025-06-02,2151000,SUCCESS
O-001945,C-01407,2025-06-02,3079000,SUCCESS
O-001946,C-00697,2025-06-05,2043000,SUCCESS
O-001947,C-01793,2025-06-13,1143000,SUCCESS
O-001948,C-01214,2025-06-03,1105000,FAILED
O-001949,C-00269,2025-06-17,2842000,SUCCESS
O-001950,C-00552,2025-06-05,4620000,SUCCESS
O-001951,C-00052,2025-06-13,3062000,SUCCESS
O-001952,C-00598,2025-06-10,4854000,SUCCESS
O-001953,C-01247,2025-06-05,360000,SUCCESS
O-001954,C-01936,2025-06-03,2351000,SUCCESS
O-001955,C-00298,2025-06-26,1559000,SUCCESS
O-001956,C-00617,2025-06-28,3343000,SUCCESS
O-001957,C-01027,2025-06-27,1706000,SUCCESS
O-001958,C-01514,2025-06-25,4066000,SUCCESS
O-001959,C-01551,2025-06-15,3759000,SUCCESS
O-001960,C-01566,2025-06-01,4598000,SUCCESS
O-001961,C-00439,2025-06-29,3463000,SUCCESS
O-001962,C-00417,2025-06-17,4072000,SUCCESS
O-001963,C-01042,2025-06-18,3172000,SUCCESS
O-001964,C-01908,2025-06-01,3478000,SUCCESS
O-001965,C-00407,2025-06-16,2947000,SUCCESS
O-001966,C-00588,2025-06-22,2437000,SUCCESS
O-001967,C-01946,2025-06-24,3525000,SUCCESS
O-001968,C-01757,2025-06-17,3267000,SUCCESS
O-001969,C-01984,2025-06-06,4307000,SUCCESS
O-001970,C-01972,2025-06-02,3069000,SUCCESS
O-001971,C-01171,2025-06-20,1207000,SUCCESS
O-001972,C-01944,2025-06-26,1675000,SUCCESS
O-001973,C-01557,2025-06-02,1067000,SUCCESS
O-001974,C-01605,2025-06-16,4763000,SUCCESS
O-001975,C-01293,2025-06-29,1473000,SUCCESS
O-001976,C-01141,2025-06-30,4801000,SUCCESS
O-001977,C-00918,2025-06-11,4519000,SUCCESS
O-001978,C-01968,2025-06-02,3444000,SUCCESS
O-001979,C-01396,2025-06-03,1980000,SUCCESS
O-001980,C-00625,2025-06-06,3245000,SUCCESS
O-001981,C-00450,2025-06-18,3684000,SUCCESS
O-001982,C-00068,2025-06-14,2079000,SUCCESS
O-001983,C-00295,2025-06-30,3263000,SUCCESS
O-001984,C-01785,2025-06-01,2721000,SUCCESS
O-001985,C-00218,2025-06-14,4265000,SUCCESS
O-001986,C-00419,2025-06-14,4354000,SUCCESS
O-001987,C-01645,2025-06-17,4110000,SUCCESS
O-001988,C-01456,2025-06-08,1792000,SUCCESS
O-001989,C-01738,2025-06-01,3481000,SUCCESS
O-001990,C-00605,2025-06-19,3560000,SUCCESS
O-001991,C-01657,2025-06-19,2312000,SUCCESS
O-001992,C-00586,2025-06-20,2324000,FAILED
O-001993,C-01379,2025-06-04,3001000,SUCCESS
O-001994,C-00962,2025-06-11,413000,SUCCESS
O-001995,C-01426,2025-06-17,2209000,SUCCESS
O-001996,C-01059,2025-06-09,1088000,SUCCESS
O-001997,C-01810,2025-06-30,3987000,SUCCESS
O-001998,C-01726,2025-06-03,3456000,SUCCESS
O-001999,C-00665,2025-06-28,1747000,SUCCESS
O-002000,C-00596,2025-06-01,4506000,SUCCESS
O-002001,C-01875,2025-06-06,531000,SUCCESS
O-002002,C-00923,2025-06-11,573000,SUCCESS
O-002003,C-00683,2025-06-20,3913000,SUCCESS
O-002004,C-01400,2025-06-20,4918000,SUCCESS
O-002005,C-00042,2025-06-19,2616000,SUCCESS
O-002006,C-00248,2025-06-06,3605000,SUCCESS
O-002007,C-00565,2025-06-07,4547000,SUCCESS
O-002008,C-00124,2025-06-08,4161000,SUCCESS
O-002009,C-01763,2025-06-12,4909000,SUCCESS
O-002010,C-01300,2025-06-14,973000,SUCCESS
O-002011,C-00232,2025-06-05,1116000,FAILED
O-002012,C-01288,2025-06-30,3920000,SUCCESS
O-002013,C-00348,2025-06-09,1336000,SUCCESS
O-002014,C-01821,2025-06-18,3989000,SUCCESS
O-002015,C-00219,2025-06-14,1414000,SUCCESS
O-002016,C-01738,2025-06-20,2895000,SUCCESS
O-002017,C-01955,2025-06-23,1956000,SUCCESS
O-002018,C-01493,2025-06-22,443000,SUCCESS
O-002019,C-01146,2025-06-10,4037000,SUCCESS
O-002020,C-01170,2025-06-22,4338000,SUCCESS
O-002021,C-01292,2025-06-29,2770000,SUCCESS
O-002022,C-00170,2025-06-13,3004000,FAILED
O-002023,C-00080,2025-06-04,614000,SUCCESS
O-002024,C-01844,2025-06-25,2720000,SUCCESS
O-002025,C-00586,2025-06-15,3404000,SUCCESS
O-002026,C-00297,2025-06-15,3497000,FAILED
O-002027,C-01987,2025-06-09,1492000,SUCCESS
O-002028,C-01771,2025-06-07,2610000,SUCCESS
O-002029,C-01096,2025-06-01,2687000,SUCCESS
O-002030,C-01151,2025-06-22,3551000,SUCCESS
O-002031,C-00068,2025-06-13,2101000,SUCCESS
O-002032,C-01878,2025-06-16,1403000,FAILED
O-002033,C-00165,2025-06-14,859000,SUCCESS
O-002034,C-01947,2025-06-13,4130000,SUCCESS
O-002035,C-00939,2025-06-23,4157000,SUCCESS
O-002036,C-00040,2025-06-14,4981000,SUCCESS
O-002037,C-01749,2025-06-22,2772000,FAILED
O-002038,C-00912,2025-06-08,3604000,SUCCESS
O-002039,C-01948,2025-06-27,2635000,SUCCESS
O-002040,C-00382,2025-06-21,4407000,SUCCESS
O-002041,C-00839,2025-06-06,1416000,SUCCESS
O-002042,C-00896,2025-06-01,1917000,SUCCESS
O-002043,C-00697,2025-06-18,3375000,SUCCESS
O-002044,C-00449,2025-06-01,1688000,SUCCESS
O-002045,C-01691,2025-06-22,3012000,SUCCESS
O-002046,C-01665,2025-06-22,4912000,SUCCESS
O-002047,C-01008,2025-06-03,485000,SUCCESS
O-002048,C-00122,2025-06-25,2511000,SUCCESS
O-002049,C-00345,2025-06-08,2895000,SUCCESS
O-002050,C-00199,2025-06-19,722000,FAILED
O-002051,C-00052,2025-06-21,2887000,SUCCESS
O-002052,C-01810,2025-06-25,4446000,SUCCESS
O-002053,C-01481,2025-06-05,4353000,SUCCESS
O-002054,C-00412,2025-06-28,1606000,SUCCESS
O-002055,C-01318,2025-06-29,4479000,SUCCESS
O-002056,C-00719,2025-06-06,1940000,FAILED
O-002057,C-00446,2025-06-19,2483000,SUCCESS
O-002058,C-01522,2025-06-26,1052000,SUCCESS
O-002059,C-00736,2025-06-29,2974000,SUCCESS
O-002060,C-00895,2025-06-21,3095000,SUCCESS
O-002061,C-00787,2025-06-16,673000,SUCCESS
O-002062,C-01962,2025-06-26,1154000,SUCCESS
O-002063,C-00359,2025-06-30,1271000,SUCCESS
O-002064,C-01921,2025-06-27,3487000,SUCCESS
O-002065,C-01442,2025-06-25,3734000,SUCCESS
O-002066,C-01631,2025-06-02,4539000,SUCCESS
O-002067,C-00778,2025-06-26,2835000,FAILED
O-002068,C-01673,2025-06-16,3361000,SUCCESS
O-002069,C-01839,2025-06-18,3275000,SUCCESS
O-002070,C-00796,2025-06-29,4042000,SUCCESS
O-002071,C-00502,2025-06-30,3194000,SUCCESS
O-002072,C-01212,2025-06-13,3981000,SUCCESS
O-002073,C-01642,2025-06-03,2471000,SUCCESS
O-002074,C-01308,2025-06-01,3601000,SUCCESS
O-002075,C-01992,2025-06-10,1075000,SUCCESS
O-002076,C-00901,2025-06-14,3636000,SUCCESS
O-002077,C-00885,2025-06-26,260000,SUCCESS
O-002078,C-01839,2025-06-08,2536000,FAILED
O-002079,C-00864,2025-06-12,294000,SUCCESS
O-002080,C-00012,2025-06-10,356000,FAILED
O-002081,C-00608,2025-06-15,2667000,SUCCESS
O-002082,C-00976,2025-06-24,1604000,SUCCESS
O-002083,C-00746,2025-06-05,693000,SUCCESS
O-002084,C-01709,2025-06-04,2033000,SUCCESS
O-002085,C-01242,2025-06-08,1983000,SUCCESS
O-002086,C-01596,2025-06-16,1317000,SUCCESS
O-002087,C-00381,2025-06-05,3461000,SUCCESS
O-002088,C-00182,2025-06-28,3435000,SUCCESS
O-002089,C-01671,2025-06-27,2219000,SUCCESS
O-002090,C-00122,2025-06-06,2139000,SUCCESS
O-002091,C-01194,2025-06-28,4606000,SUCCESS
O-002092,C-00614,2025-06-07,2212000,SUCCESS
O-002093,C-00392,2025-06-09,3415000,SUCCESS
O-002094,C-00236,2025-06-29,3148000,SUCCESS
O-002095,C-01858,2025-06-07,4315000,SUCCESS
O-002096,C-01114,2025-06-17,115000,SUCCESS
O-002097,C-01507,2025-06-09,869000,SUCCESS
O-002098,C-01685,2025-06-30,3629000,SUCCESS
O-002099,C-00661,2025-06-05,3648000,SUCCESS
O-002100,C-01494,2025-06-20,980000,SUCCESS
O-002101,C-01522,2025-06-24,4177000,SUCCESS
O-002102,C-00237,2025-06-01,368000,FAILED
O-002103,C-00273,2025-06-30,594000,SUCCESS
O-002104,C-00187,2025-06-06,4354000,SUCCESS
O-002105,C-00151,2025-06-07,4904000,SUCCESS
O-002106,C-01712,2025-06-23,265000,SUCCESS
O-002107,C-01658,2025-06-19,2654000,SUCCESS
O-002108,C-00983,2025-06-21,3039000,FAILED
O-002109,C-00877,2025-06-13,2233000,SUCCESS
O-002110,C-00185,2025-06-26,996000,SUCCESS
O-002111,C-00432,2025-06-13,2504000,SUCCESS
O-002112,C-01195,2025-06-28,4152000,SUCCESS
O-002113,C-00141,2025-06-13,1106000,SUCCESS
O-002114,C-00467,2025-06-26,357000,SUCCESS
O-002115,C-01548,2025-06-27,149000,SUCCESS
O-002116,C-01455,2025-06-18,2213000,FAILED
O-002117,C-01850,2025-06-02,1982000,SUCCESS
O-002118,C-01241,2025-06-08,3957000,FAILED
O-002119,C-01637,2025-06-26,2425000,SUCCESS
O-002120,C-01272,2025-06-28,4668000,SUCCESS
O-002121,C-00814,2025-06-30,4240000,SUCCESS
O-002122,C-01471,2025-06-12,2187000,SUCCESS
O-002123,C-01990,2025-06-13,3163000,SUCCESS
O-002124,C-01485,2025-06-02,542000,SUCCESS
O-002125,C-01428,2025-06-07,3053000,FAILED
O-002126,C-01335,2025-06-13,539000,SUCCESS
O-002127,C-00512,2025-06-16,4465000,SUCCESS
O-002128,C-01837,2025-06-23,607000,SUCCESS
O-002129,C-01834,2025-06-12,531000,FAILED
O-002130,C-01506,2025-06-08,4162000,SUCCESS
O-002131,C-01583,2025-06-20,3459000,SUCCESS
O-002132,C-01671,2025-06-18,3000000,SUCCESS
O-002133,C-00871,2025-06-11,4201000,SUCCESS
O-002134,C-01809,2025-06-13,3656000,SUCCESS
O-002135,C-00577,2025-06-02,895000,SUCCESS
O-002136,C-00112,2025-06-06,2317000,SUCCESS
O-002137,C-00220,2025-06-29,4394000,SUCCESS
O-002138,C-00925,2025-06-24,3266000,SUCCESS
O-002139,C-00249,2025-06-16,3547000,FAILED
O-002140,C-01540,2025-06-11,3818000,SUCCESS
O-002141,C-00779,2025-06-12,3844000,SUCCESS
O-002142,C-01021,2025-06-17,3247000,SUCCESS
O-002143,C-00623,2025-06-27,2917000,SUCCESS
O-002144,C-01253,2025-06-26,3625000,SUCCESS
O-002145,C-01000,2025-06-11,4683000,SUCCESS
O-002146,C-01453,2025-06-24,1822000,SUCCESS
O-002147,C-00077,2025-06-28,2496000,SUCCESS
O-002148,C-01695,2025-06-10,615000,SUCCESS
O-002149,C-01163,2025-06-27,2337000,FAILED
O-002150,C-00462,2025-06-13,4438000,SUCCESS
O-002151,C-01546,2025-06-21,3266000,SUCCESS
O-002152,C-01384,2025-06-17,3959000,SUCCESS
O-002153,C-00361,2025-06-02,1494000,SUCCESS
O-002154,C-00654,2025-06-16,3763000,SUCCESS
O-002155,C-00997,2025-06-24,1824000,SUCCESS
O-002156,C-00596,2025-06-01,4244000,FAILED
O-002157,C-01527,2025-06-08,775000,SUCCESS
O-002158,C-01189,2025-06-19,4084000,SUCCESS
O-002159,C-01396,2025-06-08,1680000,SUCCESS
O-002160,C-01120,2025-06-15,305000,FAILED
O-002161,C-00537,2025-06-25,1921000,SUCCESS
O-002162,C-00195,2025-06-30,1923000,SUCCESS
O-002163,C-00939,2025-06-28,4311000,SUCCESS
O-002164,C-01207,2025-06-22,1132000,SUCCESS
O-002165,C-01338,2025-06-24,2353000,FAILED
O-002166,C-01875,2025-06-18,633000,SUCCESS
O-002167,C-01786,2025-06-24,2472000,SUCCESS
O-002168,C-01457,2025-06-03,463000,SUCCESS
O-002169,C-01953,2025-06-29,1756000,SUCCESS
O-002170,C-01893,2025-06-01,2978000,SUCCESS
O-002171,C-01859,2025-06-26,4198000,SUCCESS
O-002172,C-01574,2025-06-26,1727000,SUCCESS
O-002173,C-00309,2025-06-28,2921000,SUCCESS
O-002174,C-01541,2025-06-12,911000,SUCCESS
O-002175,C-00163,2025-06-17,1753000,SUCCESS
O-002176,C-00547,2025-06-29,3882000,SUCCESS
O-002177,C-01765,2025-06-23,3191000,SUCCESS
O-002178,C-00457,2025-06-14,502000,SUCCESS
O-002179,C-01983,2025-06-10,1468000,SUCCESS
O-002180,C-00601,2025-06-30,2548000,SUCCESS
O-002181,C-01974,2025-06-29,4079000,FAILED
O-002182,C-00571,2025-06-13,4619000,SUCCESS
O-002183,C-00724,2025-06-03,885000,SUCCESS
O-002184,C-01985,2025-06-02,2337000,SUCCESS
O-002185,C-00953,2025-06-03,1631000,SUCCESS
O-002186,C-00821,2025-06-12,1647000,SUCCESS
O-002187,C-00618,2025-06-21,3641000,SUCCESS
O-002188,C-00914,2025-06-25,1141000,SUCCESS
O-002189,C-00447,2025-06-13,1013000,FAILED
O-002190,C-00431,2025-06-14,1908000,SUCCESS
O-002191,C-00919,2025-06-11,360000,SUCCESS
O-002192,C-01319,2025-06-13,1911000,SUCCESS
O-002193,C-00293,2025-06-28,4189000,SUCCESS
O-002194,C-01144,2025-06-18,1659000,SUCCESS
O-002195,C-01218,2025-06-03,2204000,SUCCESS
O-002196,C-00550,2025-06-25,4522000,SUCCESS
O-002197,C-01208,2025-06-08,1277000,FAILED
O-002198,C-00412,2025-06-29,4507000,SUCCESS
O-002199,C-00870,2025-06-10,4599000,SUCCESS
O-002200,C-01993,2025-06-25,2317000,SUCCESS
O-002201,C-01795,2025-06-23,2373000,SUCCESS
O-002202,C-01847,2025-06-17,4587000,SUCCESS
O-002203,C-00343,2025-06-03,1199000,SUCCESS
O-002204,C-00334,2025-06-16,1835000,SUCCESS
O-002205,C-00407,2025-06-05,4296000,SUCCESS
O-002206,C-00398,2025-06-19,1002000,SUCCESS
O-002207,C-01093,2025-06-18,1106000,SUCCESS
O-002208,C-00402,2025-06-24,4423000,SUCCESS
O-002209,C-01693,2025-06-23,2890000,SUCCESS
O-002210,C-01813,2025-06-08,1744000,SUCCESS
O-002211,C-00284,2025-06-27,4936000,SUCCESS
O-002212,C-01820,2025-06-08,3327000,SUCCESS
O-002213,C-00231,2025-06-15,3111000,SUCCESS
O-002214,C-00758,2025-06-16,4760000,SUCCESS
O-002215,C-01115,2025-06-01,1856000,FAILED
O-002216,C-00454,2025-06-20,2786000,SUCCESS
O-002217,C-00195,2025-06-28,4281000,SUCCESS
O-002218,C-01649,2025-06-28,3122000,SUCCESS
O-002219,C-00640,2025-06-13,4007000,SUCCESS
O-002220,C-00664,2025-06-03,1317000,SUCCESS
O-002221,C-00183,2025-06-11,541000,SUCCESS
O-002222,C-00458,2025-06-18,3480000,SUCCESS
O-002223,C-01737,2025-06-13,2391000,SUCCESS
O-002224,C-00003,2025-06-11,1756000,SUCCESS
O-002225,C-01510,2025-06-17,1238000,SUCCESS
O-002226,C-00317,2025-06-28,4690000,SUCCESS
O-002227,C-00682,2025-06-22,1054000,SUCCESS
O-002228,C-01069,2025-06-28,3610000,SUCCESS
O-002229,C-01562,2025-06-19,3187000,SUCCESS
O-002230,C-01339,2025-06-18,3039000,SUCCESS
O-002231,C-01593,2025-06-09,2292000,SUCCESS
O-002232,C-01920,2025-06-07,1396000,SUCCESS
O-002233,C-01407,2025-06-29,701000,SUCCESS
O-002234,C-01655,2025-06-05,1943000,SUCCESS
O-002235,C-00992,2025-06-21,1244000,SUCCESS
O-002236,C-01010,2025-06-03,2785000,SUCCESS
O-002237,C-01459,2025-06-29,4026000,SUCCESS
O-002238,C-00829,2025-06-10,3927000,SUCCESS
O-002239,C-00846,2025-06-25,1071000,SUCCESS
O-002240,C-01113,2025-06-29,3383000,FAILED
O-002241,C-01327,2025-06-01,4958000,SUCCESS
O-002242,C-00025,2025-06-02,3151000,SUCCESS
O-002243,C-01613,2025-06-15,2937000,SUCCESS
O-002244,C-01531,2025-06-14,1513000,SUCCESS
O-002245,C-00574,2025-06-15,1030000,SUCCESS
O-002246,C-00253,2025-06-18,676000,SUCCESS
O-002247,C-01602,2025-06-28,281000,SUCCESS
O-002248,C-00769,2025-06-05,939000,SUCCESS
O-002249,C-00442,2025-06-01,3876000,SUCCESS
O-002250,C-00391,2025-06-06,3994000,SUCCESS
O-002251,C-00817,2025-06-27,1010000,SUCCESS
O-002252,C-01766,2025-06-26,2249000,SUCCESS
O-002253,C-01104,2025-06-02,3160000,SUCCESS
O-002254,C-00545,2025-06-29,280000,SUCCESS
O-002255,C-01187,2025-06-15,2509000,SUCCESS
O-002256,C-01373,2025-06-03,1252000,SUCCESS
O-002257,C-01545,2025-06-16,4478000,SUCCESS
O-002258,C-01522,2025-06-24,1951000,SUCCESS
O-002259,C-00370,2025-06-10,1179000,SUCCESS
O-002260,C-00450,2025-06-21,335000,SUCCESS
O-002261,C-00862,2025-06-09,911000,SUCCESS
O-002262,C-01813,2025-06-22,3532000,SUCCESS
O-002263,C-00285,2025-06-26,647000,SUCCESS
O-002264,C-00094,2025-06-08,3252000,SUCCESS
O-002265,C-01138,2025-06-29,795000,SUCCESS
O-002266,C-00764,2025-06-11,2835000,SUCCESS
O-002267,C-00848,2025-06-11,2115000,FAILED
O-002268,C-01868,2025-06-05,1197000,SUCCESS
O-002269,C-01609,2025-06-25,476000,SUCCESS
O-002270,C-01053,2025-06-28,4496000,SUCCESS
O-002271,C-00117,2025-06-04,3809000,SUCCESS
O-002272,C-00638,2025-06-26,1453000,SUCCESS
O-002273,C-00336,2025-06-12,1938000,SUCCESS
O-002274,C-00502,2025-06-08,4353000,SUCCESS
O-002275,C-00301,2025-06-21,2599000,SUCCESS
O-002276,C-01284,2025-06-29,3064000,SUCCESS
O-002277,C-00545,2025-06-28,1420000,SUCCESS
O-002278,C-00591,2025-06-07,2496000,SUCCESS
O-002279,C-01599,2025-06-10,670000,SUCCESS
O-002280,C-00087,2025-06-29,2815000,SUCCESS
O-002281,C-00425,2025-06-11,523000,SUCCESS
O-002282,C-01535,2025-06-07,3705000,SUCCESS
O-002283,C-00559,2025-06-14,1493000,SUCCESS
O-002284,C-01596,2025-06-03,3098000,SUCCESS
O-002285,C-00522,2025-06-02,3137000,SUCCESS
O-002286,C-00976,2025-06-25,919000,SUCCESS
O-002287,C-01032,2025-06-06,4125000,SUCCESS
O-002288,C-00382,2025-06-12,4516000,SUCCESS
O-002289,C-01366,2025-06-24,955000,SUCCESS
O-002290,C-01556,2025-06-04,4363000,FAILED
O-002291,C-01487,2025-06-22,2940000,SUCCESS
O-002292,C-01119,2025-06-10,2736000,SUCCESS
O-002293,C-00709,2025-06-17,2525000,SUCCESS
O-002294,C-01321,2025-06-30,4467000,SUCCESS
O-002295,C-01403,2025-06-26,4151000,SUCCESS
O-002296,C-00483,2025-06-26,654000,SUCCESS
O-002297,C-01598,2025-06-09,530000,SUCCESS
O-002298,C-01010,2025-06-03,2124000,SUCCESS
O-002299,C-00385,2025-06-05,1927000,SUCCESS
O-002300,C-00304,2025-06-11,4701000,SUCCESS
O-002301,C-00716,2025-06-24,3026000,SUCCESS
O-002302,C-00906,2025-06-15,4184000,FAILED
O-002303,C-01916,2025-06-14,2967000,SUCCESS
O-002304,C-01429,2025-06-21,1016000,SUCCESS
O-002305,C-01329,2025-06-29,2690000,SUCCESS
O-002306,C-00510,2025-06-20,2987000,SUCCESS
O-002307,C-01882,2025-06-12,1060000,SUCCESS
O-002308,C-00182,2025-06-20,1191000,SUCCESS
O-002309,C-01195,2025-06-21,2488000,SUCCESS
O-002310,C-01626,2025-06-14,1905000,SUCCESS
O-002311,C-00727,2025-06-01,3198000,SUCCESS
O-002312,C-01937,2025-06-16,2600000,SUCCESS
O-002313,C-01515,2025-06-11,4341000,SUCCESS
O-002314,C-00563,2025-06-19,585000,SUCCESS
O-002315,C-00031,2025-06-18,3051000,SUCCESS
O-002316,C-00683,2025-06-14,4534000,SUCCESS
O-002317,C-00127,2025-06-15,1633000,SUCCESS
O-002318,C-00386,2025-06-27,402000,SUCCESS
O-002319,C-01491,2025-06-04,1322000,SUCCESS
O-002320,C-01843,2025-06-03,369000,SUCCESS
O-002321,C-01913,2025-06-10,3669000,SUCCESS
O-002322,C-00288,2025-06-12,2465000,FAILED
O-002323,C-01474,2025-06-30,2557000,SUCCESS
O-002324,C-01658,2025-06-26,960000,SUCCESS
O-002325,C-00241,2025-06-05,4730000,SUCCESS
O-002326,C-00138,2025-06-21,2120000,SUCCESS
O-002327,C-01563,2025-06-24,1731000,SUCCESS
O-002328,C-00060,2025-06-20,2265000,SUCCESS
O-002329,C-01767,2025-06-28,1848000,SUCCESS
O-002330,C-01716,2025-06-11,1719000,SUCCESS
O-002331,C-01750,2025-06-28,4911000,SUCCESS
O-002332,C-01714,2025-06-14,2853000,SUCCESS
O-002333,C-01467,2025-06-14,3021000,SUCCESS
O-002334,C-01454,2025-06-08,1926000,SUCCESS
O-002335,C-01579,2025-06-08,4822000,FAILED
O-002336,C-01669,2025-06-12,1461000,SUCCESS
O-002337,C-00239,2025-06-12,2310000,SUCCESS
O-002338,C-01667,2025-06-06,531000,SUCCESS
O-002339,C-00714,2025-06-26,342000,SUCCESS
O-002340,C-01814,2025-06-03,1364000,SUCCESS
O-002341,C-01531,2025-06-06,4523000,SUCCESS
O-002342,C-01211,2025-06-23,1185000,FAILED
O-002343,C-01761,2025-06-25,3128000,SUCCESS
O-002344,C-01293,2025-06-10,4492000,SUCCESS
O-002345,C-01530,2025-06-03,4017000,SUCCESS
O-002346,C-00431,2025-06-19,4241000,SUCCESS
O-002347,C-00191,2025-06-05,700000,SUCCESS
O-002348,C-00950,2025-06-01,2384000,SUCCESS
O-002349,C-01513,2025-06-19,4844000,FAILED
O-002350,C-00345,2025-06-17,4127000,SUCCESS
O-002351,C-01574,2025-06-01,681000,SUCCESS
O-002352,C-00968,2025-06-12,2366000,SUCCESS
O-002353,C-00354,2025-06-12,1270000,SUCCESS
O-002354,C-00699,2025-06-21,2178000,SUCCESS
O-002355,C-00724,2025-06-28,4018000,SUCCESS
O-002356,C-01938,2025-06-25,1053000,SUCCESS
O-002357,C-00531,2025-06-09,924000,SUCCESS
O-002358,C-01498,2025-06-22,1823000,SUCCESS
O-002359,C-00566,2025-06-18,3985000,SUCCESS
O-002360,C-00807,2025-06-15,135000,SUCCESS
O-002361,C-00887,2025-06-11,3386000,SUCCESS
O-002362,C-00842,2025-06-29,4901000,SUCCESS
O-002363,C-01309,2025-06-17,1387000,SUCCESS
O-002364,C-00294,2025-06-03,3653000,SUCCESS
O-002365,C-00015,2025-06-07,3120000,SUCCESS
O-002366,C-01266,2025-06-04,4474000,SUCCESS
O-002367,C-01684,2025-06-13,1092000,SUCCESS
O-002368,C-01878,2025-06-22,4662000,SUCCESS
O-002369,C-01864,2025-06-14,2511000,SUCCESS
O-002370,C-00659,2025-06-14,4293000,SUCCESS
O-002371,C-00063,2025-06-16,4210000,SUCCESS
O-002372,C-01265,2025-06-10,2925000,SUCCESS
O-002373,C-00492,2025-06-15,2235000,SUCCESS
O-002374,C-00852,2025-06-09,4897000,SUCCESS
O-002375,C-00257,2025-06-15,2086000,SUCCESS
O-002376,C-00704,2025-06-04,1916000,SUCCESS
O-002377,C-00172,2025-06-16,3713000,FAILED
O-002378,C-01250,2025-06-26,4649000,SUCCESS
O-002379,C-00482,2025-06-17,4791000,SUCCESS
O-002380,C-00154,2025-06-04,1052000,SUCCESS
O-002381,C-00904,2025-06-29,2735000,SUCCESS
O-002382,C-01655,2025-06-19,4468000,SUCCESS
O-002383,C-01465,2025-06-23,942000,SUCCESS
O-002384,C-01724,2025-06-04,4126000,SUCCESS
O-002385,C-01393,2025-06-10,1736000,SUCCESS
O-002386,C-01337,2025-06-25,757000,SUCCESS
O-002387,C-00822,2025-06-01,1073000,SUCCESS
O-002388,C-01781,2025-06-02,1842000,SUCCESS
O-002389,C-01726,2025-06-14,1849000,SUCCESS
O-002390,C-00858,2025-06-23,1361000,SUCCESS
O-002391,C-01134,2025-06-25,4334000,SUCCESS
O-002392,C-00101,2025-06-03,1675000,SUCCESS
O-002393,C-00427,2025-06-22,3337000,SUCCESS
O-002394,C-01821,2025-06-02,4663000,SUCCESS
O-002395,C-01903,2025-06-09,1634000,SUCCESS
O-002396,C-01857,2025-06-16,4812000,SUCCESS
O-002397,C-00421,2025-06-03,2332000,SUCCESS
O-002398,C-01003,2025-06-08,2044000,SUCCESS
O-002399,C-00694,2025-06-25,389000,FAILED
O-002400,C-01014,2025-06-30,837000,SUCCESS
O-002401,C-01508,2025-06-10,3791000,FAILED
O-002402,C-00819,2025-06-21,2516000,SUCCESS
O-002403,C-00962,2025-06-04,2136000,SUCCESS
O-002404,C-01958,2025-06-03,4047000,SUCCESS
O-002405,C-01002,2025-06-06,4983000,SUCCESS
O-002406,C-00652,2025-06-18,2849000,SUCCESS
O-002407,C-01436,2025-06-20,3750000,SUCCESS
O-002408,C-01717,2025-06-08,3731000,FAILED
O-002409,C-00893,2025-06-01,4456000,SUCCESS
O-002410,C-01500,2025-06-08,4452000,SUCCESS
O-002411,C-01441,2025-06-29,4270000,SUCCESS
O-002412,C-00032,2025-06-23,2401000,SUCCESS
O-002413,C-01160,2025-06-08,4627000,SUCCESS
O-002414,C-01924,2025-06-19,4846000,SUCCESS
O-002415,C-00152,2025-06-08,3777000,SUCCESS
O-002416,C-00226,2025-06-04,3546000,SUCCESS
O-002417,C-00759,2025-06-08,1277000,SUCCESS
O-002418,C-01464,2025-06-03,2999000,SUCCESS
O-002419,C-01266,2025-06-26,2448000,SUCCESS
O-002420,C-01864,2025-06-04,128000,SUCCESS
O-002421,C-00139,2025-06-12,3456000,FAILED
O-002422,C-00332,2025-06-21,2732000,SUCCESS
O-002423,C-01636,2025-06-03,3566000,SUCCESS
O-002424,C-01878,2025-06-24,4627000,SUCCESS
O-002425,C-01079,2025-06-15,3093000,SUCCESS
O-002426,C-00731,2025-06-20,1563000,SUCCESS
O-002427,C-01784,2025-06-20,4172000,SUCCESS
O-002428,C-00845,2025-06-19,3300000,SUCCESS
O-002429,C-01370,2025-06-03,2360000,SUCCESS
O-002430,C-01044,2025-06-20,1881000,SUCCESS
O-002431,C-00140,2025-06-16,3000000,SUCCESS
O-002432,C-00874,2025-06-22,3196000,SUCCESS
O-002433,C-01967,2025-06-07,2947000,FAILED
O-002434,C-00327,2025-06-26,2707000,SUCCESS
O-002435,C-00773,2025-06-08,1187000,SUCCESS
O-002436,C-00189,2025-06-19,3474000,SUCCESS
O-002437,C-00534,2025-06-20,389000,SUCCESS
O-002438,C-00417,2025-06-14,952000,SUCCESS
O-002439,C-00589,2025-06-10,2159000,SUCCESS
O-002440,C-01042,2025-06-08,1462000,SUCCESS
O-002441,C-00532,2025-06-28,2375000,SUCCESS
O-002442,C-00318,2025-06-05,3352000,SUCCESS
O-002443,C-01529,2025-06-01,2993000,FAILED
O-002444,C-01536,2025-06-27,4142000,SUCCESS
O-002445,C-00814,2025-06-23,257000,SUCCESS
O-002446,C-01805,2025-06-04,3335000,SUCCESS
O-002447,C-01510,2025-06-26,1219000,SUCCESS
O-002448,C-00766,2025-06-05,1373000,SUCCESS
O-002449,C-00430,2025-06-17,3803000,SUCCESS
O-002450,C-01671,2025-06-10,3606000,SUCCESS
O-002451,C-00094,2025-06-03,3335000,SUCCESS
O-002452,C-00929,2025-06-28,1178000,SUCCESS
O-002453,C-00928,2025-06-02,4091000,SUCCESS
O-002454,C-01529,2025-06-16,2556000,SUCCESS
O-002455,C-01515,2025-06-10,1899000,SUCCESS
O-002456,C-01098,2025-06-07,513000,SUCCESS
O-002457,C-00198,2025-06-08,3988000,SUCCESS
O-002458,C-01756,2025-06-21,903000,SUCCESS
O-002459,C-00390,2025-06-01,330000,SUCCESS
O-002460,C-00530,2025-06-15,369000,SUCCESS
O-002461,C-01388,2025-06-02,131000,SUCCESS
O-002462,C-00754,2025-06-18,3321000,SUCCESS
O-002463,C-00220,2025-06-01,3097000,SUCCESS
O-002464,C-00004,2025-06-19,4591000,SUCCESS
O-002465,C-00295,2025-06-21,1832000,SUCCESS
O-002466,C-00253,2025-06-20,4323000,SUCCESS
O-002467,C-00018,2025-06-21,3261000,SUCCESS
O-002468,C-00771,2025-06-08,2467000,FAILED
O-002469,C-00720,2025-06-21,1685000,FAILED
O-002470,C-01330,2025-06-15,4141000,SUCCESS
O-002471,C-01469,2025-06-20,683000,SUCCESS
O-002472,C-01327,2025-06-04,3066000,SUCCESS
O-002473,C-00368,2025-06-04,4447000,SUCCESS
O-002474,C-00892,2025-06-18,807000,SUCCESS
O-002475,C-00525,2025-06-22,3607000,SUCCESS
O-002476,C-01486,2025-06-28,4468000,SUCCESS
O-002477,C-00534,2025-06-03,1984000,SUCCESS
O-002478,C-01235,2025-06-06,1247000,SUCCESS
O-002479,C-00177,2025-06-13,1894000,SUCCESS
O-002480,C-01393,2025-06-28,2042000,SUCCESS
O-002481,C-01404,2025-06-08,3425000,SUCCESS
O-002482,C-00495,2025-06-22,825000,SUCCESS
O-002483,C-01309,2025-06-03,3510000,SUCCESS
O-002484,C-00049,2025-06-29,4132000,SUCCESS
O-002485,C-01452,2025-06-23,3625000,SUCCESS
O-002486,C-00674,2025-06-08,4483000,SUCCESS
O-002487,C-01066,2025-06-15,3449000,SUCCESS
O-002488,C-01600,2025-06-08,4792000,SUCCESS
O-002489,C-00285,2025-06-08,3154000,SUCCESS
O-002490,C-00716,2025-06-14,1864000,SUCCESS
O-002491,C-00976,2025-06-14,896000,SUCCESS
O-002492,C-00428,2025-06-20,2537000,SUCCESS
O-002493,C-00484,2025-06-28,3535000,FAILED
O-002494,C-01195,2025-06-30,4329000,SUCCESS
O-002495,C-00496,2025-06-22,1460000,SUCCESS
O-002496,C-01168,2025-06-21,272000,SUCCESS
O-002497,C-00441,2025-06-06,3469000,SUCCESS
O-002498,C-00460,2025-06-12,2277000,SUCCESS
O-002499,C-00500,2025-06-04,1660000,SUCCESS
O-002500,C-00587,2025-06-09,2470000,SUCCESS
