detailId,orderId,productId,quantity,unitPrice,subtotal
D-000001,O-001852,P-01443,4,448000,1792000
D-000002,O-001323,P-03869,2,1215000,2430000
D-000003,O-000764,P-03326,4,238000,952000
D-000004,O-000028,P-00304,4,2756000,11024000
D-000005,O-000453,P-03669,1,1029000,1029000
D-000006,O-000996,P-00726,4,1107000,4428000
D-000007,O-000485,P-01294,4,763000,3052000
D-000008,O-000313,P-03714,1,2090000,2090000
D-000009,O-001911,P-03268,3,349000,1047000
D-000010,O-002492,P-03052,5,2333000,11665000
D-000011,O-001222,P-02021,4,734000,2936000
D-000012,O-000165,P-03533,4,1374000,5496000
D-000013,O-001266,P-01573,3,2364000,7092000
D-000014,O-001402,P-01851,4,2061000,8244000
D-000015,O-000414,P-01415,4,2895000,11580000
D-000016,O-001793,P-02368,5,1177000,5885000
D-000017,O-001130,P-00732,2,425000,850000
D-000018,O-000254,P-00576,3,717000,2151000
D-000019,O-001787,P-04775,5,1421000,7105000
D-000020,O-000169,P-00911,4,368000,1472000
D-000021,O-000812,P-00128,3,755000,2265000
D-000022,O-000705,P-02307,4,1147000,4588000
D-000023,O-000989,P-03850,1,2036000,2036000
D-000024,O-002156,P-03640,1,2599000,2599000
D-000025,O-000768,P-03411,1,347000,347000
D-000026,O-002095,P-04558,2,2891000,5782000
D-000027,O-001323,P-03762,5,1187000,5935000
D-000028,O-001869,P-03777,3,1608000,4824000
D-000029,O-000619,P-03030,3,1037000,3111000
D-000030,O-000400,P-02359,2,236000,472000
D-000031,O-002299,P-02854,2,2676000,5352000
D-000032,O-001599,P-03685,5,2333000,11665000
D-000033,O-001303,P-01582,1,2069000,2069000
D-000034,O-002240,P-02356,3,2150000,6450000
D-000035,O-002403,P-02215,2,1715000,3430000
D-000036,O-000751,P-02503,5,2414000,12070000
D-000037,O-000480,P-04820,3,378000,1134000
D-000038,O-001192,P-03077,2,1847000,3694000
D-000039,O-001812,P-00700,2,2855000,5710000
D-000040,O-001004,P-00824,4,1467000,5868000
D-000041,O-001035,P-01261,5,852000,4260000
D-000042,O-000235,P-02835,4,2037000,8148000
D-000043,O-000124,P-03728,3,1762000,5286000
D-000044,O-000375,P-01129,1,2345000,2345000
D-000045,O-001609,P-04097,3,1685000,5055000
D-000046,O-001077,P-03151,4,1226000,4904000
D-000047,O-001980,P-04452,2,1181000,2362000
D-000048,O-000979,P-00154,3,1723000,5169000
D-000049,O-001362,P-00288,4,1865000,7460000
D-000050,O-001291,P-03153,3,174000,522000
D-000051,O-001099,P-02619,1,1964000,1964000
D-000052,O-001892,P-04602,5,76000,380000
D-000053,O-002279,P-03758,3,2269000,6807000
D-000054,O-002112,P-04862,5,275000,1375000
D-000055,O-002071,P-02934,2,251000,502000
D-000056,O-000822,P-04950,2,959000,1918000
D-000057,O-001363,P-03539,5,823000,4115000
D-000058,O-001302,P-01906,2,2222000,4444000
D-000059,O-000601,P-03171,4,685000,2740000
D-000060,O-001192,P-00630,4,2619000,10476000
D-000061,O-000777,P-02177,5,1546000,7730000
D-000062,O-001570,P-00861,5,1321000,6605000
D-000063,O-000213,P-01191,4,1102000,4408000
D-000064,O-001723,P-02461,5,78000,390000
D-000065,O-001167,P-04292,5,234000,1170000
D-000066,O-002116,P-04513,2,1268000,2536000
D-000067,O-001703,P-01934,5,85000,425000
D-000068,O-000620,P-04052,1,2542000,2542000
D-000069,O-001429,P-02855,2,205000,410000
D-000070,O-001994,P-00644,5,2239000,11195000
D-000071,O-000488,P-03284,1,1238000,1238000
D-000072,O-001176,P-01989,5,1728000,8640000
D-000073,O-001666,P-03162,2,2834000,5668000
D-000074,O-002204,P-04719,1,75000,75000
D-000075,O-000054,P-03991,5,997000,4985000
D-000076,O-000433,P-03111,2,2354000,4708000
D-000077,O-000128,P-00579,2,807000,1614000
D-000078,O-001577,P-00175,1,1614000,1614000
D-000079,O-001797,P-00339,3,1643000,4929000
D-000080,O-000796,P-01280,5,865000,4325000
D-000081,O-001941,P-01046,5,769000,3845000
D-000082,O-001714,P-00618,3,1064000,3192000
D-000083,O-000315,P-01260,1,1582000,1582000
D-000084,O-001595,P-03729,4,1411000,5644000
D-000085,O-001142,P-01868,5,661000,3305000
D-000086,O-002443,P-00071,5,1001000,5005000
D-000087,O-001021,P-03113,2,1864000,3728000
D-000088,O-000125,P-03601,1,2337000,2337000
D-000089,O-000266,P-03654,3,2688000,8064000
D-000090,O-000728,P-04571,5,2249000,11245000
D-000091,O-001671,P-04915,2,1924000,3848000
D-000092,O-001395,P-03202,3,2628000,7884000
D-000093,O-002357,P-03235,4,2413000,9652000
D-000094,O-000649,P-01724,2,2594000,5188000
D-000095,O-000631,P-00677,3,2824000,8472000
D-000096,O-001971,P-01414,3,105000,315000
D-000097,O-001398,P-02178,2,2073000,4146000
D-000098,O-002248,P-02606,3,1550000,4650000
D-000099,O-001973,P-02982,5,212000,1060000
D-000100,O-002407,P-00969,3,1927000,5781000
D-000101,O-001975,P-00184,2,2828000,5656000
D-000102,O-001132,P-04784,2,2745000,5490000
D-000103,O-001189,P-04605,5,1854000,9270000
D-000104,O-000125,P-00150,3,2856000,8568000
D-000105,O-002166,P-03131,1,796000,796000
D-000106,O-001389,P-00954,4,1479000,5916000
D-000107,O-002151,P-04553,5,640000,3200000
D-000108,O-000868,P-04897,2,192000,384000
D-000109,O-000585,P-03204,2,410000,820000
D-000110,O-001198,P-03345,2,975000,1950000
D-000111,O-001654,P-03004,1,370000,370000
D-000112,O-000294,P-00464,4,2568000,10272000
D-000113,O-000124,P-04779,4,1934000,7736000
D-000114,O-001531,P-00408,4,356000,1424000
D-000115,O-000929,P-04315,3,1861000,5583000
D-000116,O-000678,P-00125,1,2712000,2712000
D-000117,O-001606,P-02599,1,1857000,1857000
D-000118,O-000003,P-02401,4,1270000,5080000
D-000119,O-000283,P-03245,3,1564000,4692000
D-000120,O-001439,P-01396,2,1756000,3512000
D-000121,O-001666,P-04867,2,2732000,5464000
D-000122,O-001072,P-03023,3,1644000,4932000
D-000123,O-000212,P-01953,2,2117000,4234000
D-000124,O-000805,P-02317,1,1836000,1836000
D-000125,O-000009,P-04913,3,455000,1365000
D-000126,O-000831,P-03721,2,1069000,2138000
D-000127,O-001574,P-03073,1,1231000,1231000
D-000128,O-001999,P-01363,2,1478000,2956000
D-000129,O-002327,P-03676,4,2482000,9928000
D-000130,O-002217,P-03584,1,1100000,1100000
D-000131,O-001811,P-03641,4,2815000,11260000
D-000132,O-000535,P-04803,1,1724000,1724000
D-000133,O-000564,P-00515,5,2040000,10200000
D-000134,O-000822,P-01156,2,982000,1964000
D-000135,O-001902,P-00436,4,2154000,8616000
D-000136,O-000647,P-00387,5,765000,3825000
D-000137,O-001998,P-04509,5,418000,2090000
D-000138,O-002049,P-03356,2,386000,772000
D-000139,O-000584,P-02608,3,839000,2517000
D-000140,O-000465,P-02409,2,2427000,4854000
D-000141,O-001121,P-04309,5,506000,2530000
D-000142,O-001161,P-00007,3,897000,2691000
D-000143,O-000889,P-01920,1,1281000,1281000
D-000144,O-000121,P-00872,2,2191000,4382000
D-000145,O-001714,P-04515,2,2639000,5278000
D-000146,O-000983,P-00775,5,356000,1780000
D-000147,O-001675,P-03704,3,1555000,4665000
D-000148,O-000453,P-01765,4,742000,2968000
D-000149,O-001038,P-03099,4,1204000,4816000
D-000150,O-000510,P-00223,2,1325000,2650000
D-000151,O-001497,P-03173,1,1490000,1490000
D-000152,O-001223,P-01735,3,2314000,6942000
D-000153,O-002054,P-03639,1,2687000,2687000
D-000154,O-000895,P-04360,5,2622000,13110000
D-000155,O-000571,P-03922,2,1157000,2314000
D-000156,O-001033,P-04797,3,2011000,6033000
D-000157,O-001927,P-04728,5,451000,2255000
D-000158,O-001037,P-02745,5,1986000,9930000
D-000159,O-002381,P-00349,1,2774000,2774000
D-000160,O-001049,P-03947,1,125000,125000
D-000161,O-000306,P-01503,1,2958000,2958000
D-000162,O-000795,P-04182,3,1558000,4674000
D-000163,O-001659,P-03045,4,1282000,5128000
D-000164,O-000801,P-03384,3,268000,804000
D-000165,O-002124,P-04482,4,681000,2724000
D-000166,O-002207,P-00819,2,1568000,3136000
D-000167,O-000686,P-04866,4,2601000,10404000
D-000168,O-002071,P-02241,3,1573000,4719000
D-000169,O-000168,P-01225,4,681000,2724000
D-000170,O-000848,P-01136,5,2967000,14835000
D-000171,O-002401,P-02370,2,2654000,5308000
D-000172,O-001153,P-03765,5,1201000,6005000
D-000173,O-002136,P-03491,5,1062000,5310000
D-000174,O-000648,P-02150,3,2506000,7518000
D-000175,O-002098,P-04607,2,1813000,3626000
D-000176,O-002486,P-03858,1,369000,369000
D-000177,O-001484,P-03114,2,1963000,3926000
D-000178,O-000973,P-03257,4,2176000,8704000
D-000179,O-002310,P-03674,3,2217000,6651000
D-000180,O-001388,P-01868,5,1178000,5890000
D-000181,O-002062,P-04715,4,494000,1976000
D-000182,O-001642,P-02968,5,1978000,9890000
D-000183,O-000118,P-01394,5,2853000,14265000
D-000184,O-001303,P-04824,3,1952000,5856000
D-000185,O-001324,P-03988,2,2156000,4312000
D-000186,O-001757,P-04044,3,883000,2649000
D-000187,O-000053,P-03370,5,1680000,8400000
D-000188,O-002044,P-00553,2,2890000,5780000
D-000189,O-001776,P-04868,5,2028000,10140000
D-000190,O-000973,P-01301,3,1257000,3771000
D-000191,O-002174,P-00586,2,2583000,5166000
D-000192,O-001203,P-02870,4,1781000,7124000
D-000193,O-001774,P-04542,2,280000,560000
D-000194,O-001028,P-00563,3,2524000,7572000
D-000195,O-001534,P-00117,1,2057000,2057000
D-000196,O-001443,P-02999,5,2526000,12630000
D-000197,O-001851,P-00583,1,771000,771000
D-000198,O-002039,P-02951,3,2158000,6474000
D-000199,O-002491,P-00311,4,544000,2176000
D-000200,O-002221,P-01037,3,2143000,6429000
D-000201,O-002453,P-02056,1,361000,361000
D-000202,O-002215,P-01759,4,686000,2744000
D-000203,O-002430,P-02978,1,1452000,1452000
D-000204,O-000010,P-01546,2,872000,1744000
D-000205,O-002496,P-00890,2,798000,1596000
D-000206,O-001919,P-01773,4,645000,2580000
D-000207,O-000951,P-03816,1,819000,819000
D-000208,O-001890,P-02033,5,1051000,5255000
D-000209,O-000225,P-04461,3,1510000,4530000
D-000210,O-001696,P-00393,5,2127000,10635000
D-000211,O-000115,P-04129,2,1022000,2044000
D-000212,O-001501,P-04491,1,951000,951000
D-000213,O-001082,P-01801,2,925000,1850000
D-000214,O-002157,P-04514,5,704000,3520000
D-000215,O-001382,P-03226,2,1485000,2970000
D-000216,O-001895,P-00595,4,2693000,10772000
D-000217,O-000433,P-04613,5,1199000,5995000
D-000218,O-000203,P-03805,4,955000,3820000
D-000219,O-001119,P-02862,4,2216000,8864000
D-000220,O-000274,P-01903,3,1880000,5640000
D-000221,O-000720,P-03015,1,1096000,1096000
D-000222,O-002425,P-02153,1,100000,100000
D-000223,O-001082,P-03399,3,2096000,6288000
D-000224,O-001675,P-02530,1,2579000,2579000
D-000225,O-000551,P-00326,2,2128000,4256000
D-000226,O-000122,P-02683,2,2140000,4280000
D-000227,O-002193,P-04357,3,2935000,8805000
D-000228,O-001631,P-00349,1,2879000,2879000
D-000229,O-001611,P-01722,4,1340000,5360000
D-000230,O-000260,P-04001,3,153000,459000
D-000231,O-001336,P-03137,1,338000,338000
D-000232,O-002353,P-01883,1,1093000,1093000
D-000233,O-001085,P-01479,4,623000,2492000
D-000234,O-000657,P-01143,4,2496000,9984000
D-000235,O-000762,P-02524,1,2430000,2430000
D-000236,O-001695,P-01066,5,2945000,14725000
D-000237,O-001111,P-03866,2,1734000,3468000
D-000238,O-001547,P-04885,3,1586000,4758000
D-000239,O-001418,P-00600,1,333000,333000
D-000240,O-000650,P-00271,3,489000,1467000
D-000241,O-001598,P-00317,1,917000,917000
D-000242,O-000663,P-04253,2,960000,1920000
D-000243,O-000169,P-03192,5,1404000,7020000
D-000244,O-000118,P-04145,3,2457000,7371000
D-000245,O-000087,P-02752,5,1134000,5670000
D-000246,O-000830,P-03112,2,1041000,2082000
D-000247,O-001657,P-01917,1,1684000,1684000
D-000248,O-000807,P-01695,1,2027000,2027000
D-000249,O-001936,P-01839,5,2056000,10280000
D-000250,O-001618,P-01967,5,653000,3265000
D-000251,O-000017,P-03119,2,2205000,4410000
D-000252,O-001850,P-03728,2,1801000,3602000
D-000253,O-001632,P-02803,2,1784000,3568000
D-000254,O-001095,P-03605,3,2257000,6771000
D-000255,O-002267,P-02759,5,340000,1700000
D-000256,O-001987,P-02691,3,1121000,3363000
D-000257,O-000545,P-03581,4,561000,2244000
D-000258,O-000432,P-03017,3,2099000,6297000
D-000259,O-001951,P-02140,3,119000,357000
D-000260,O-001506,P-00804,5,1086000,5430000
D-000261,O-000515,P-01540,1,1642000,1642000
D-000262,O-002424,P-00968,2,2613000,5226000
D-000263,O-001418,P-03800,3,1466000,4398000
D-000264,O-001242,P-03782,2,285000,570000
D-000265,O-000477,P-03961,1,2082000,2082000
D-000266,O-000812,P-04761,4,925000,3700000
D-000267,O-002327,P-03231,3,1120000,3360000
D-000268,O-002175,P-00748,5,2200000,11000000
D-000269,O-000474,P-02189,5,2225000,11125000
D-000270,O-001170,P-03707,1,2628000,2628000
D-000271,O-000831,P-01782,3,428000,1284000
D-000272,O-002263,P-03833,2,2204000,4408000
D-000273,O-001040,P-01667,3,1490000,4470000
D-000274,O-000279,P-01218,2,2696000,5392000
D-000275,O-001656,P-00379,5,1207000,6035000
D-000276,O-001609,P-03756,4,102000,408000
D-000277,O-000973,P-03196,4,239000,956000
D-000278,O-001008,P-01530,1,1379000,1379000
D-000279,O-001958,P-02001,3,1719000,5157000
D-000280,O-000235,P-00571,1,2952000,2952000
D-000281,O-000392,P-00316,1,1290000,1290000
D-000282,O-000564,P-01913,4,1996000,7984000
D-000283,O-001713,P-04379,2,883000,1766000
D-000284,O-000728,P-01160,5,545000,2725000
D-000285,O-001472,P-04414,4,1282000,5128000
D-000286,O-000485,P-00047,5,2036000,10180000
D-000287,O-000866,P-03791,4,667000,2668000
D-000288,O-001444,P-02936,2,323000,646000
D-000289,O-000947,P-01748,4,1294000,5176000
D-000290,O-002127,P-04117,5,512000,2560000
D-000291,O-002000,P-04456,1,1021000,1021000
D-000292,O-000378,P-01313,2,1548000,3096000
D-000293,O-000380,P-01624,3,2330000,6990000
D-000294,O-000775,P-00258,2,2513000,5026000
D-000295,O-001500,P-04478,3,1054000,3162000
D-000296,O-000829,P-02432,2,584000,1168000
D-000297,O-000905,P-00099,3,1422000,4266000
D-000298,O-001716,P-04611,2,244000,488000
D-000299,O-002470,P-03227,1,1593000,1593000
D-000300,O-002310,P-00464,3,78000,234000
D-000301,O-002301,P-03856,5,2905000,14525000
D-000302,O-001684,P-04151,1,2199000,2199000
D-000303,O-000036,P-01058,4,2276000,9104000
D-000304,O-000696,P-02567,1,1337000,1337000
D-000305,O-000683,P-04631,1,2210000,2210000
D-000306,O-000154,P-03464,2,1795000,3590000
D-000307,O-001326,P-04507,4,681000,2724000
D-000308,O-001685,P-02090,5,249000,1245000
D-000309,O-000543,P-03814,2,1874000,3748000
D-000310,O-002098,P-01760,4,965000,3860000
D-000311,O-002376,P-03822,2,654000,1308000
D-000312,O-002046,P-00712,5,807000,4035000
D-000313,O-001479,P-00389,3,1598000,4794000
D-000314,O-000638,P-01342,1,1697000,1697000
D-000315,O-000076,P-03768,5,2327000,11635000
D-000316,O-000530,P-02899,2,1073000,2146000
D-000317,O-000886,P-00777,3,2578000,7734000
D-000318,O-001379,P-03934,2,2265000,4530000
D-000319,O-001086,P-02068,1,2089000,2089000
D-000320,O-000665,P-02704,3,759000,2277000
D-000321,O-000660,P-03986,5,238000,1190000
D-000322,O-002031,P-04733,2,1532000,3064000
D-000323,O-001732,P-02015,4,80000,320000
D-000324,O-001009,P-00968,2,342000,684000
D-000325,O-000310,P-04181,5,1644000,8220000
D-000326,O-000551,P-04832,5,2319000,11595000
D-000327,O-000351,P-04128,5,159000,795000
D-000328,O-001211,P-02498,2,2682000,5364000
D-000329,O-000828,P-01296,2,359000,718000
D-000330,O-000081,P-02806,1,528000,528000
D-000331,O-001085,P-04985,4,320000,1280000
D-000332,O-001192,P-02588,3,1391000,4173000
D-000333,O-001384,P-01029,2,2776000,5552000
D-000334,O-001560,P-01906,2,265000,530000
D-000335,O-002401,P-03522,4,169000,676000
D-000336,O-001601,P-04977,1,1333000,1333000
D-000337,O-000948,P-03802,4,1302000,5208000
D-000338,O-000311,P-02604,3,1076000,3228000
D-000339,O-000856,P-03094,2,1980000,3960000
D-000340,O-000065,P-02330,2,2734000,5468000
D-000341,O-000990,P-00432,4,2860000,11440000
D-000342,O-001331,P-03071,2,724000,1448000
D-000343,O-002133,P-04959,4,279000,1116000
D-000344,O-000016,P-02166,2,1483000,2966000
D-000345,O-002153,P-01292,2,2474000,4948000
D-000346,O-000014,P-04436,2,2171000,4342000
D-000347,O-001216,P-02464,3,2144000,6432000
D-000348,O-002285,P-01428,2,1875000,3750000
D-000349,O-002198,P-04186,2,897000,1794000
D-000350,O-001946,P-01283,5,2561000,12805000
D-000351,O-000605,P-04802,1,1142000,1142000
D-000352,O-001919,P-01146,4,1936000,7744000
D-000353,O-000141,P-00449,2,2602000,5204000
D-000354,O-000935,P-03861,5,1886000,9430000
D-000355,O-001548,P-03393,5,1006000,5030000
D-000356,O-000846,P-03983,2,401000,802000
D-000357,O-001235,P-02159,4,1385000,5540000
D-000358,O-001230,P-04602,4,2667000,10668000
D-000359,O-000911,P-04596,5,1121000,5605000
D-000360,O-000253,P-03882,1,2183000,2183000
D-000361,O-000219,P-00148,4,2451000,9804000
D-000362,O-000019,P-00748,4,1870000,7480000
D-000363,O-001933,P-00838,5,1332000,6660000
D-000364,O-002069,P-03199,5,2129000,10645000
D-000365,O-001200,P-03573,3,2559000,7677000
D-000366,O-000707,P-02764,2,2576000,5152000
D-000367,O-001983,P-03580,4,62000,248000
D-000368,O-000998,P-01533,5,2675000,13375000
D-000369,O-001056,P-03151,4,59000,236000
D-000370,O-000779,P-03852,5,1861000,9305000
D-000371,O-002053,P-00067,3,549000,1647000
D-000372,O-000315,P-04652,5,2432000,12160000
D-000373,O-001594,P-01026,5,1511000,7555000
D-000374,O-001039,P-01790,5,1754000,8770000
D-000375,O-001440,P-03864,3,2092000,6276000
D-000376,O-001196,P-00114,1,2044000,2044000
D-000377,O-000982,P-02259,4,584000,2336000
D-000378,O-001586,P-03036,5,92000,460000
D-000379,O-000430,P-03461,5,2531000,12655000
D-000380,O-000992,P-01725,4,2259000,9036000
D-000381,O-001036,P-04461,2,1522000,3044000
D-000382,O-002019,P-03214,5,1058000,5290000
D-000383,O-000853,P-04289,2,339000,678000
D-000384,O-001196,P-01288,5,398000,1990000
D-000385,O-000695,P-02530,1,1270000,1270000
D-000386,O-000125,P-00759,4,242000,968000
D-000387,O-002271,P-01764,1,1547000,1547000
D-000388,O-000979,P-00862,2,683000,1366000
D-000389,O-001656,P-02334,4,1597000,6388000
D-000390,O-002011,P-04476,1,1672000,1672000
D-000391,O-000214,P-02099,3,1481000,4443000
D-000392,O-002188,P-00846,1,2466000,2466000
D-000393,O-001521,P-03128,5,1626000,8130000
D-000394,O-001666,P-04115,5,2382000,11910000
D-000395,O-001368,P-04442,5,275000,1375000
D-000396,O-001487,P-04180,5,2821000,14105000
D-000397,O-001323,P-01262,3,2053000,6159000
D-000398,O-002266,P-02813,1,2849000,2849000
D-000399,O-001818,P-01658,3,2844000,8532000
D-000400,O-001211,P-04703,3,2395000,7185000
D-000401,O-002343,P-02234,1,1435000,1435000
D-000402,O-001709,P-02432,3,1832000,5496000
D-000403,O-001028,P-02972,4,2389000,9556000
D-000404,O-000653,P-00012,5,1887000,9435000
D-000405,O-001833,P-02703,1,2919000,2919000
D-000406,O-000781,P-02111,5,1177000,5885000
D-000407,O-001388,P-03614,5,2716000,13580000
D-000408,O-001151,P-00096,3,653000,1959000
D-000409,O-001088,P-01341,1,1314000,1314000
D-000410,O-001539,P-03339,3,1671000,5013000
D-000411,O-002181,P-03426,5,952000,4760000
D-000412,O-002025,P-01067,2,2451000,4902000
D-000413,O-002121,P-01468,3,1089000,3267000
D-000414,O-000817,P-01132,2,2775000,5550000
D-000415,O-001960,P-04616,2,2835000,5670000
D-000416,O-000583,P-03146,4,1901000,7604000
D-000417,O-001480,P-00974,2,1489000,2978000
D-000418,O-001258,P-00169,3,1346000,4038000
D-000419,O-000725,P-04218,3,187000,561000
D-000420,O-000497,P-03583,1,1563000,1563000
D-000421,O-002105,P-03297,3,2500000,7500000
D-000422,O-000722,P-01945,3,61000,183000
D-000423,O-001019,P-04185,4,1352000,5408000
D-000424,O-001770,P-03100,4,704000,2816000
D-000425,O-000801,P-04590,4,116000,464000
D-000426,O-001011,P-03365,3,1108000,3324000
D-000427,O-002182,P-02006,5,55000,275000
D-000428,O-001538,P-02443,2,1602000,3204000
D-000429,O-000167,P-04718,1,2025000,2025000
D-000430,O-001781,P-03910,5,1277000,6385000
D-000431,O-000448,P-04077,5,2999000,14995000
D-000432,O-001495,P-00467,5,2016000,10080000
D-000433,O-001617,P-02667,1,581000,581000
D-000434,O-000223,P-01531,2,1088000,2176000
D-000435,O-001035,P-00776,4,1605000,6420000
D-000436,O-002307,P-01031,1,2407000,2407000
D-000437,O-001057,P-02683,4,869000,3476000
D-000438,O-000132,P-00736,1,2975000,2975000
D-000439,O-001999,P-03830,4,64000,256000
D-000440,O-000527,P-00883,4,643000,2572000
D-000441,O-002000,P-04203,3,1605000,4815000
D-000442,O-001174,P-01961,1,225000,225000
D-000443,O-000751,P-01061,2,2115000,4230000
D-000444,O-001629,P-04638,5,1676000,8380000
D-000445,O-000481,P-02194,5,796000,3980000
D-000446,O-000828,P-04750,2,2683000,5366000
D-000447,O-000648,P-01637,2,2799000,5598000
D-000448,O-001810,P-00233,2,1121000,2242000
D-000449,O-001571,P-04522,2,2396000,4792000
D-000450,O-002197,P-03660,1,1134000,1134000
D-000451,O-001433,P-03459,2,2304000,4608000
D-000452,O-001173,P-04661,1,2258000,2258000
D-000453,O-000222,P-01514,4,628000,2512000
D-000454,O-001717,P-01008,5,2969000,14845000
D-000455,O-000307,P-04619,2,2257000,4514000
D-000456,O-000754,P-04940,2,912000,1824000
D-000457,O-001306,P-04544,1,1136000,1136000
D-000458,O-002412,P-03576,5,2434000,12170000
D-000459,O-002302,P-02987,5,2199000,10995000
D-000460,O-000395,P-03416,4,876000,3504000
D-000461,O-002443,P-00360,2,1422000,2844000
D-000462,O-000542,P-02116,1,1377000,1377000
D-000463,O-001761,P-01801,1,289000,289000
D-000464,O-000793,P-03129,5,1497000,7485000
D-000465,O-000638,P-01890,4,1656000,6624000
D-000466,O-002063,P-01682,4,1262000,5048000
D-000467,O-000830,P-03867,5,283000,1415000
D-000468,O-001544,P-01788,4,356000,1424000
D-000469,O-002425,P-03348,5,1340000,6700000
D-000470,O-000675,P-00022,4,2336000,9344000
D-000471,O-002452,P-03977,5,207000,1035000
D-000472,O-000588,P-03296,4,2315000,9260000
D-000473,O-000469,P-01435,4,475000,1900000
D-000474,O-001257,P-02701,5,2347000,11735000
D-000475,O-001941,P-04127,5,2787000,13935000
D-000476,O-000666,P-00847,4,2336000,9344000
D-000477,O-002329,P-01697,5,2508000,12540000
D-000478,O-000369,P-02732,1,1919000,1919000
D-000479,O-002227,P-00540,5,1320000,6600000
D-000480,O-001759,P-03209,2,2695000,5390000
D-000481,O-000332,P-01760,4,2405000,9620000
D-000482,O-000081,P-04743,3,1524000,4572000
D-000483,O-002142,P-02724,4,325000,1300000
D-000484,O-000901,P-03102,3,2161000,6483000
D-000485,O-001911,P-03357,2,2544000,5088000
D-000486,O-001940,P-01043,3,108000,324000
D-000487,O-002312,P-02826,1,1196000,1196000
D-000488,O-001503,P-01664,1,2272000,2272000
D-000489,O-000974,P-02162,1,1282000,1282000
D-000490,O-001162,P-01415,3,366000,1098000
D-000491,O-001298,P-02323,4,1648000,6592000
D-000492,O-002085,P-04458,2,333000,666000
D-000493,O-000212,P-04123,5,1920000,9600000
D-000494,O-001200,P-00717,2,2226000,4452000
D-000495,O-000456,P-03894,4,1026000,4104000
D-000496,O-000873,P-03386,4,1126000,4504000
D-000497,O-002298,P-03251,1,1629000,1629000
D-000498,O-001802,P-03258,1,641000,641000
D-000499,O-000708,P-00900,4,2109000,8436000
D-000500,O-001575,P-00648,1,1105000,1105000
D-000501,O-000816,P-00993,2,517000,1034000
D-000502,O-001232,P-02973,5,1462000,7310000
D-000503,O-000293,P-00121,3,963000,2889000
D-000504,O-000466,P-01213,5,727000,3635000
D-000505,O-002328,P-03234,5,2983000,14915000
D-000506,O-000891,P-01336,2,230000,460000
D-000507,O-001757,P-00470,2,1654000,3308000
D-000508,O-000510,P-01801,3,1280000,3840000
D-000509,O-000883,P-00316,5,602000,3010000
D-000510,O-001797,P-04797,4,584000,2336000
D-000511,O-002463,P-01617,1,2124000,2124000
D-000512,O-001652,P-01327,5,1729000,8645000
D-000513,O-001210,P-03101,5,1804000,9020000
D-000514,O-000064,P-01078,4,1155000,4620000
D-000515,O-000680,P-00755,5,2345000,11725000
D-000516,O-000038,P-02515,5,1231000,6155000
D-000517,O-001114,P-03508,1,2668000,2668000
D-000518,O-000708,P-01611,1,939000,939000
D-000519,O-000986,P-01845,5,51000,255000
D-000520,O-000964,P-00430,5,869000,4345000
D-000521,O-000257,P-00929,5,2493000,12465000
D-000522,O-002005,P-04426,5,1912000,9560000
D-000523,O-001545,P-01406,3,1470000,4410000
D-000524,O-001304,P-01768,2,659000,1318000
D-000525,O-001201,P-04502,5,2346000,11730000
D-000526,O-001223,P-02559,3,2580000,7740000
D-000527,O-000501,P-01252,5,1712000,8560000
D-000528,O-000947,P-01250,1,373000,373000
D-000529,O-001353,P-03309,1,2788000,2788000
D-000530,O-001363,P-00907,5,885000,4425000
D-000531,O-001862,P-02816,4,754000,3016000
D-000532,O-002485,P-03818,4,2993000,11972000
D-000533,O-001953,P-01886,1,2303000,2303000
D-000534,O-001701,P-04850,3,1368000,4104000
D-000535,O-000025,P-04559,2,1737000,3474000
D-000536,O-000929,P-02401,4,537000,2148000
D-000537,O-001497,P-01122,4,2992000,11968000
D-000538,O-001718,P-01279,2,879000,1758000
D-000539,O-000953,P-00354,4,1894000,7576000
D-000540,O-000448,P-01587,5,1522000,7610000
D-000541,O-002261,P-02598,4,481000,1924000
D-000542,O-000324,P-04027,2,932000,1864000
D-000543,O-000941,P-01822,3,1798000,5394000
D-000544,O-002085,P-04074,4,797000,3188000
D-000545,O-001800,P-02536,4,1136000,4544000
D-000546,O-001232,P-03271,4,112000,448000
D-000547,O-000388,P-00911,2,488000,976000
D-000548,O-002142,P-01665,5,2319000,11595000
D-000549,O-000884,P-00530,4,2357000,9428000
D-000550,O-000697,P-03565,5,2775000,13875000
D-000551,O-002097,P-01050,2,978000,1956000
D-000552,O-001651,P-02158,5,2843000,14215000
D-000553,O-001926,P-00075,1,2172000,2172000
D-000554,O-000279,P-02054,2,1849000,3698000
D-000555,O-002190,P-02737,3,724000,2172000
D-000556,O-002432,P-00669,3,2149000,6447000
D-000557,O-001843,P-02862,1,2933000,2933000
D-000558,O-001202,P-01184,5,2155000,10775000
D-000559,O-001746,P-00294,2,1944000,3888000
D-000560,O-000620,P-02110,3,1580000,4740000
D-000561,O-001018,P-01471,5,1001000,5005000
D-000562,O-000083,P-02882,5,1845000,9225000
D-000563,O-002156,P-03984,2,2578000,5156000
D-000564,O-001265,P-02526,1,2558000,2558000
D-000565,O-002346,P-02650,3,1572000,4716000
D-000566,O-002277,P-02246,4,567000,2268000
D-000567,O-002438,P-04351,3,827000,2481000
D-000568,O-000500,P-02507,2,2876000,5752000
D-000569,O-000402,P-02832,4,1810000,7240000
D-000570,O-000184,P-00328,2,931000,1862000
D-000571,O-001017,P-00294,1,2101000,2101000
D-000572,O-000271,P-02475,4,2702000,10808000
D-000573,O-002172,P-00810,1,1248000,1248000
D-000574,O-001127,P-00909,4,1094000,4376000
D-000575,O-001681,P-04379,2,595000,1190000
D-000576,O-001334,P-03875,2,619000,1238000
D-000577,O-001965,P-03054,2,2923000,5846000
D-000578,O-000915,P-01965,4,1352000,5408000
D-000579,O-000514,P-02110,5,451000,2255000
D-000580,O-000676,P-04555,2,748000,1496000
D-000581,O-000816,P-04664,5,2092000,10460000
D-000582,O-001401,P-00653,3,2469000,7407000
D-000583,O-002054,P-04773,2,2705000,5410000
D-000584,O-002277,P-00975,4,1886000,7544000
D-000585,O-002425,P-00254,1,1864000,1864000
D-000586,O-001787,P-03714,5,1954000,9770000
D-000587,O-001246,P-03447,1,2290000,2290000
D-000588,O-000775,P-00324,5,1573000,7865000
D-000589,O-000473,P-04699,4,2229000,8916000
D-000590,O-001302,P-04694,3,2962000,8886000
D-000591,O-000006,P-02518,2,1785000,3570000
D-000592,O-000358,P-04878,1,2865000,2865000
D-000593,O-000436,P-00041,2,671000,1342000
D-000594,O-001005,P-02846,4,2685000,10740000
D-000595,O-001242,P-02832,5,859000,4295000
D-000596,O-001288,P-02645,1,2942000,2942000
D-000597,O-000478,P-00217,2,1371000,2742000
D-000598,O-001590,P-00786,1,1386000,1386000
D-000599,O-001414,P-03687,1,2954000,2954000
D-000600,O-001622,P-03117,5,1007000,5035000
D-000601,O-000025,P-02137,1,2224000,2224000
D-000602,O-001166,P-01315,3,1048000,3144000
D-000603,O-001195,P-01140,2,682000,1364000
D-000604,O-002481,P-04791,5,2584000,12920000
D-000605,O-000387,P-01105,3,864000,2592000
D-000606,O-002197,P-01799,1,539000,539000
D-000607,O-002394,P-01402,5,245000,1225000
D-000608,O-002419,P-04133,5,1936000,9680000
D-000609,O-001415,P-01716,2,642000,1284000
D-000610,O-001059,P-02742,4,693000,2772000
D-000611,O-002317,P-04785,5,1220000,6100000
D-000612,O-002252,P-04993,2,994000,1988000
D-000613,O-001020,P-04953,5,2675000,13375000
D-000614,O-001731,P-04997,2,1544000,3088000
D-000615,O-002212,P-02872,2,2239000,4478000
D-000616,O-001949,P-04211,3,2755000,8265000
D-000617,O-000215,P-00326,5,318000,1590000
D-000618,O-001990,P-04171,4,2003000,8012000
D-000619,O-001852,P-03351,3,814000,2442000
D-000620,O-000116,P-02029,4,1391000,5564000
D-000621,O-001900,P-04857,1,2269000,2269000
D-000622,O-000652,P-04797,5,886000,4430000
D-000623,O-001767,P-03184,4,2797000,11188000
D-000624,O-000016,P-00551,1,956000,956000
D-000625,O-002444,P-00612,3,2386000,7158000
D-000626,O-002212,P-01750,3,1283000,3849000
D-000627,O-002161,P-01486,5,1019000,5095000
D-000628,O-001967,P-04769,2,1749000,3498000
D-000629,O-001990,P-00527,1,113000,113000
D-000630,O-001067,P-04202,2,2304000,4608000
D-000631,O-001907,P-03946,4,1657000,6628000
D-000632,O-000805,P-04282,3,1570000,4710000
D-000633,O-000670,P-00056,4,855000,3420000
D-000634,O-002493,P-04249,5,1420000,7100000
D-000635,O-001941,P-01450,5,274000,1370000
D-000636,O-002244,P-00103,4,2146000,8584000
D-000637,O-000170,P-03345,3,143000,429000
D-000638,O-000405,P-01314,4,389000,1556000
D-000639,O-001287,P-01788,4,851000,3404000
D-000640,O-002476,P-02358,3,1659000,4977000
D-000641,O-000689,P-02397,3,2351000,7053000
D-000642,O-001647,P-04907,2,1375000,2750000
D-000643,O-002314,P-03701,1,2945000,2945000
D-000644,O-002012,P-00359,4,102000,408000
D-000645,O-000769,P-02150,4,1618000,6472000
D-000646,O-000120,P-00618,1,1837000,1837000
D-000647,O-001133,P-01152,2,839000,1678000
D-000648,O-001637,P-01173,3,1802000,5406000
D-000649,O-001800,P-00553,3,1781000,5343000
D-000650,O-001135,P-02545,3,175000,525000
D-000651,O-001377,P-03415,1,2470000,2470000
D-000652,O-002401,P-02296,4,2310000,9240000
D-000653,O-001986,P-04961,5,1633000,8165000
D-000654,O-001650,P-04303,4,1496000,5984000
D-000655,O-000332,P-00692,5,1300000,6500000
D-000656,O-000656,P-04610,1,1793000,1793000
D-000657,O-000831,P-03482,3,2076000,6228000
D-000658,O-001977,P-02600,4,1704000,6816000
D-000659,O-001517,P-01240,2,1355000,2710000
D-000660,O-000462,P-03890,4,1850000,7400000
D-000661,O-000972,P-00549,5,262000,1310000
D-000662,O-001083,P-00780,4,105000,420000
D-000663,O-000130,P-03487,3,2429000,7287000
D-000664,O-001631,P-03947,1,1203000,1203000
D-000665,O-002384,P-00005,4,1115000,4460000
D-000666,O-001622,P-00385,4,2066000,8264000
D-000667,O-001829,P-01924,5,314000,1570000
D-000668,O-002387,P-04387,3,1525000,4575000
D-000669,O-000140,P-03886,3,2315000,6945000
D-000670,O-000040,P-03225,1,1252000,1252000
D-000671,O-001484,P-02110,1,1400000,1400000
D-000672,O-001374,P-04001,5,1178000,5890000
D-000673,O-001707,P-01600,1,551000,551000
D-000674,O-002061,P-01850,5,1747000,8735000
D-000675,O-000977,P-00256,1,1678000,1678000
D-000676,O-000958,P-01108,2,183000,366000
D-000677,O-000985,P-04889,1,2765000,2765000
D-000678,O-000331,P-04107,2,2524000,5048000
D-000679,O-000158,P-02958,5,2984000,14920000
D-000680,O-001039,P-02553,1,1329000,1329000
D-000681,O-002376,P-04932,2,73000,146000
D-000682,O-002259,P-02956,2,1197000,2394000
D-000683,O-000539,P-00544,1,1546000,1546000
D-000684,O-001940,P-04787,2,2419000,4838000
D-000685,O-000629,P-04346,2,693000,1386000
D-000686,O-000462,P-03857,5,1404000,7020000
D-000687,O-001811,P-02039,1,2552000,2552000
D-000688,O-001623,P-01807,2,1547000,3094000
D-000689,O-001104,P-04269,2,712000,1424000
D-000690,O-001688,P-02032,4,1539000,6156000
D-000691,O-002075,P-03813,2,513000,1026000
D-000692,O-002274,P-00753,5,2169000,10845000
D-000693,O-001142,P-02168,5,2341000,11705000
D-000694,O-001747,P-00262,1,633000,633000
D-000695,O-000580,P-02304,1,83000,83000
D-000696,O-001574,P-04393,3,173000,519000
D-000697,O-001013,P-03251,1,2539000,2539000
D-000698,O-001771,P-03688,3,1804000,5412000
D-000699,O-001680,P-04675,4,1748000,6992000
D-000700,O-001516,P-02572,4,797000,3188000
D-000701,O-001238,P-01898,4,2120000,8480000
D-000702,O-000763,P-01759,4,1744000,6976000
D-000703,O-000282,P-04917,5,2861000,14305000
D-000704,O-000274,P-00042,1,273000,273000
D-000705,O-000862,P-00988,2,666000,1332000
D-000706,O-000408,P-00189,5,2360000,11800000
D-000707,O-001367,P-02357,3,400000,1200000
D-000708,O-000178,P-01744,5,1014000,5070000
D-000709,O-001844,P-03491,3,293000,879000
D-000710,O-001957,P-01156,5,1911000,9555000
D-000711,O-001136,P-04054,4,308000,1232000
D-000712,O-002393,P-00835,3,2778000,8334000
D-000713,O-000130,P-02720,3,180000,540000
D-000714,O-000337,P-00696,1,281000,281000
D-000715,O-000898,P-01568,1,1612000,1612000
D-000716,O-000978,P-02743,5,931000,4655000
D-000717,O-000051,P-03814,1,2808000,2808000
D-000718,O-002327,P-03596,2,2368000,4736000
D-000719,O-000160,P-00868,2,165000,330000
D-000720,O-000850,P-03028,2,2470000,4940000
D-000721,O-001912,P-01520,3,1344000,4032000
D-000722,O-000296,P-04811,2,1330000,2660000
D-000723,O-001649,P-02916,2,328000,656000
D-000724,O-000687,P-00162,1,2515000,2515000
D-000725,O-000897,P-03318,5,1371000,6855000
D-000726,O-002232,P-01672,1,2024000,2024000
D-000727,O-001714,P-01061,4,1845000,7380000
D-000728,O-001575,P-02172,5,2729000,13645000
D-000729,O-001186,P-01818,5,859000,4295000
D-000730,O-001739,P-00735,1,2600000,2600000
D-000731,O-002228,P-00871,3,1436000,4308000
D-000732,O-001247,P-04372,3,867000,2601000
D-000733,O-000844,P-03021,5,2855000,14275000
D-000734,O-001973,P-04793,4,383000,1532000
D-000735,O-002406,P-04932,3,2399000,7197000
D-000736,O-000653,P-04892,2,2454000,4908000
D-000737,O-000983,P-00893,2,773000,1546000
D-000738,O-000159,P-02758,2,2272000,4544000
D-000739,O-001310,P-01466,2,434000,868000
D-000740,O-001804,P-02204,2,2821000,5642000
D-000741,O-002108,P-01195,3,2761000,8283000
D-000742,O-001778,P-02600,5,2062000,10310000
D-000743,O-000799,P-00367,5,1155000,5775000
D-000744,O-000948,P-03400,2,662000,1324000
D-000745,O-001136,P-03719,5,1990000,9950000
D-000746,O-001167,P-02110,2,1745000,3490000
D-000747,O-001519,P-03038,2,2166000,4332000
D-000748,O-000975,P-02563,4,2410000,9640000
D-000749,O-001712,P-02586,5,2061000,10305000
D-000750,O-001849,P-03702,5,140000,700000
D-000751,O-000613,P-00300,4,929000,3716000
D-000752,O-000015,P-02713,3,1503000,4509000
D-000753,O-001014,P-00731,1,897000,897000
D-000754,O-000901,P-00942,2,1806000,3612000
D-000755,O-001371,P-02825,1,1892000,1892000
D-000756,O-001595,P-03867,1,2167000,2167000
D-000757,O-001180,P-01262,3,459000,1377000
D-000758,O-000307,P-01031,5,1299000,6495000
D-000759,O-002220,P-00451,2,1464000,2928000
D-000760,O-002451,P-04002,3,1507000,4521000
D-000761,O-001473,P-01096,1,2976000,2976000
D-000762,O-001965,P-00780,1,2808000,2808000
D-000763,O-000946,P-01959,3,335000,1005000
D-000764,O-002420,P-03875,2,2259000,4518000
D-000765,O-001294,P-04424,1,1511000,1511000
D-000766,O-001530,P-01110,2,816000,1632000
D-000767,O-001478,P-03212,1,1540000,1540000
D-000768,O-000965,P-00123,3,531000,1593000
D-000769,O-001839,P-01601,2,1044000,2088000
D-000770,O-001440,P-02208,5,1044000,5220000
D-000771,O-000808,P-02518,5,2561000,12805000
D-000772,O-001985,P-01362,1,1749000,1749000
D-000773,O-000968,P-01360,1,2305000,2305000
D-000774,O-002011,P-04642,4,1775000,7100000
D-000775,O-001193,P-03340,2,2155000,4310000
D-000776,O-002179,P-03606,1,2227000,2227000
D-000777,O-001057,P-04563,1,1830000,1830000
D-000778,O-000954,P-03028,1,1078000,1078000
D-000779,O-001766,P-02364,4,2752000,11008000
D-000780,O-002489,P-03352,5,781000,3905000
D-000781,O-002289,P-01396,5,213000,1065000
D-000782,O-002448,P-02215,3,896000,2688000
D-000783,O-000295,P-03662,5,2468000,12340000
D-000784,O-000334,P-04181,2,2121000,4242000
D-000785,O-001583,P-01892,4,2822000,11288000
D-000786,O-001070,P-03197,3,1963000,5889000
D-000787,O-000414,P-03302,5,1567000,7835000
D-000788,O-002067,P-04501,5,1615000,8075000
D-000789,O-001452,P-02975,4,2231000,8924000
D-000790,O-001867,P-04128,1,2537000,2537000
D-000791,O-000060,P-00749,4,504000,2016000
D-000792,O-002289,P-00722,4,2438000,9752000
D-000793,O-001695,P-03839,2,1332000,2664000
D-000794,O-001325,P-04455,3,1859000,5577000
D-000795,O-000644,P-02934,1,721000,721000
D-000796,O-001088,P-02269,2,2637000,5274000
D-000797,O-000462,P-03798,5,1581000,7905000
D-000798,O-000062,P-04617,3,1213000,3639000
D-000799,O-001865,P-00744,4,1406000,5624000
D-000800,O-002336,P-04392,4,436000,1744000
D-000801,O-001514,P-02811,3,2977000,8931000
D-000802,O-000761,P-04640,4,1918000,7672000
D-000803,O-001528,P-01322,5,1857000,9285000
D-000804,O-002500,P-02506,2,1913000,3826000
D-000805,O-000583,P-02842,4,104000,416000
D-000806,O-001168,P-03726,5,1545000,7725000
D-000807,O-000769,P-00763,2,2731000,5462000
D-000808,O-002493,P-01666,4,1772000,7088000
D-000809,O-001144,P-00196,1,716000,716000
D-000810,O-001685,P-03219,2,1588000,3176000
D-000811,O-002375,P-00516,2,2479000,4958000
D-000812,O-001933,P-00287,5,2814000,14070000
D-000813,O-001766,P-04854,3,2096000,6288000
D-000814,O-001011,P-02653,1,1652000,1652000
D-000815,O-000510,P-01752,2,807000,1614000
D-000816,O-000111,P-03890,5,1410000,7050000
D-000817,O-001905,P-01345,5,439000,2195000
D-000818,O-001565,P-01661,1,1970000,1970000
D-000819,O-001415,P-04902,2,886000,1772000
D-000820,O-000076,P-03345,2,1247000,2494000
D-000821,O-001498,P-01501,4,484000,1936000
D-000822,O-000341,P-03021,5,2391000,11955000
D-000823,O-001039,P-01990,1,2396000,2396000
D-000824,O-000772,P-00828,2,2565000,5130000
D-000825,O-002314,P-04830,4,483000,1932000
D-000826,O-002334,P-04080,2,1761000,3522000
D-000827,O-002116,P-04017,3,1659000,4977000
D-000828,O-001457,P-03719,4,1607000,6428000
D-000829,O-001717,P-01770,4,624000,2496000
D-000830,O-000592,P-01787,1,1677000,1677000
D-000831,O-000511,P-01763,2,2801000,5602000
D-000832,O-001902,P-02373,2,2348000,4696000
D-000833,O-000116,P-04018,1,2667000,2667000
D-000834,O-001777,P-03053,5,1860000,9300000
D-000835,O-000350,P-03911,5,1962000,9810000
D-000836,O-000772,P-03525,2,920000,1840000
D-000837,O-000582,P-03102,5,1777000,8885000
D-000838,O-000164,P-04564,1,611000,611000
D-000839,O-002340,P-02406,2,1891000,3782000
D-000840,O-002073,P-01712,2,397000,794000
D-000841,O-001019,P-01569,3,2910000,8730000
D-000842,O-001008,P-01019,1,1905000,1905000
D-000843,O-001509,P-04411,4,644000,2576000
D-000844,O-000617,P-01900,3,388000,1164000
D-000845,O-002472,P-02918,5,2563000,12815000
D-000846,O-001765,P-01701,5,2720000,13600000
D-000847,O-000129,P-04504,3,2469000,7407000
D-000848,O-001685,P-01613,2,2988000,5976000
D-000849,O-002131,P-00168,2,2771000,5542000
D-000850,O-000300,P-04507,2,1792000,3584000
D-000851,O-001738,P-03210,1,96000,96000
D-000852,O-000142,P-00902,1,1932000,1932000
D-000853,O-000312,P-04796,2,1626000,3252000
D-000854,O-000307,P-01379,4,1540000,6160000
D-000855,O-000505,P-03904,4,1965000,7860000
D-000856,O-001601,P-01000,2,2194000,4388000
D-000857,O-000357,P-00615,3,104000,312000
D-000858,O-001724,P-04062,1,1598000,1598000
D-000859,O-000354,P-00159,3,2657000,7971000
D-000860,O-002039,P-04833,2,799000,1598000
D-000861,O-002342,P-02412,4,124000,496000
D-000862,O-001534,P-00956,5,697000,3485000
D-000863,O-000107,P-04341,4,1435000,5740000
D-000864,O-000634,P-02129,2,1520000,3040000
D-000865,O-001151,P-01469,2,1445000,2890000
D-000866,O-000993,P-01090,2,303000,606000
D-000867,O-002001,P-01884,5,296000,1480000
D-000868,O-002153,P-00582,1,2535000,2535000
D-000869,O-001760,P-04500,1,302000,302000
D-000870,O-001998,P-00291,3,860000,2580000
D-000871,O-000661,P-01383,1,2798000,2798000
D-000872,O-002340,P-04522,4,1872000,7488000
D-000873,O-002394,P-02088,5,2584000,12920000
D-000874,O-000754,P-03266,5,2150000,10750000
D-000875,O-000253,P-02967,3,292000,876000
D-000876,O-000054,P-04996,3,2724000,8172000
D-000877,O-000931,P-01112,5,1568000,7840000
D-000878,O-000971,P-03634,1,239000,239000
D-000879,O-000101,P-03435,3,2461000,7383000
D-000880,O-001750,P-01597,2,1209000,2418000
D-000881,O-000032,P-03328,4,1504000,6016000
D-000882,O-001647,P-04710,2,1304000,2608000
D-000883,O-000434,P-01493,1,2095000,2095000
D-000884,O-001198,P-00077,2,1454000,2908000
D-000885,O-000690,P-00769,2,339000,678000
D-000886,O-002387,P-03797,3,990000,2970000
D-000887,O-000786,P-03538,4,1477000,5908000
D-000888,O-001789,P-00310,3,1378000,4134000
D-000889,O-000937,P-00919,4,1270000,5080000
D-000890,O-001815,P-04135,1,2000000,2000000
D-000891,O-002298,P-02605,5,1070000,5350000
D-000892,O-000776,P-03979,1,2046000,2046000
D-000893,O-001915,P-03138,2,1625000,3250000
D-000894,O-000971,P-01749,2,1863000,3726000
D-000895,O-000220,P-02012,5,954000,4770000
D-000896,O-000718,P-02608,5,421000,2105000
D-000897,O-002489,P-03212,4,2456000,9824000
D-000898,O-000468,P-00953,4,1300000,5200000
D-000899,O-000963,P-03824,1,821000,821000
D-000900,O-000081,P-00875,3,1479000,4437000
D-000901,O-000522,P-04849,1,307000,307000
D-000902,O-001912,P-04902,1,542000,542000
D-000903,O-000486,P-02488,3,2167000,6501000
D-000904,O-000477,P-01439,1,1027000,1027000
D-000905,O-001958,P-03880,1,2852000,2852000
D-000906,O-001311,P-03699,2,652000,1304000
D-000907,O-002241,P-02826,2,1780000,3560000
D-000908,O-001874,P-02152,1,897000,897000
D-000909,O-000294,P-01968,5,1877000,9385000
D-000910,O-000950,P-04745,3,2238000,6714000
D-000911,O-002177,P-01359,2,2186000,4372000
D-000912,O-002368,P-01229,1,1672000,1672000
D-000913,O-001190,P-00492,4,1749000,6996000
D-000914,O-000985,P-02828,3,2756000,8268000
D-000915,O-001684,P-01615,1,2219000,2219000
D-000916,O-000502,P-01289,5,653000,3265000
D-000917,O-001004,P-01946,2,116000,232000
D-000918,O-001759,P-00919,1,1082000,1082000
D-000919,O-000418,P-02890,2,2596000,5192000
D-000920,O-001804,P-02113,3,1429000,4287000
D-000921,O-001317,P-02523,4,2134000,8536000
D-000922,O-001425,P-02244,3,2786000,8358000
D-000923,O-002245,P-00915,4,721000,2884000
D-000924,O-001776,P-04768,1,2861000,2861000
D-000925,O-001197,P-02279,5,2104000,10520000
D-000926,O-000194,P-04226,4,903000,3612000
D-000927,O-000763,P-02762,5,1944000,9720000
D-000928,O-001377,P-03264,3,448000,1344000
D-000929,O-002100,P-02713,1,2085000,2085000
D-000930,O-001461,P-02224,2,903000,1806000
D-000931,O-000448,P-03126,3,787000,2361000
D-000932,O-000886,P-03867,2,1085000,2170000
D-000933,O-001163,P-03620,3,467000,1401000
D-000934,O-002416,P-02830,5,2200000,11000000
D-000935,O-000468,P-02019,1,388000,388000
D-000936,O-000737,P-00283,1,1489000,1489000
D-000937,O-000723,P-00727,2,2814000,5628000
D-000938,O-001128,P-03695,5,1875000,9375000
D-000939,O-001921,P-01662,2,1521000,3042000
D-000940,O-000006,P-01121,1,2696000,2696000
D-000941,O-002464,P-00532,3,179000,537000
D-000942,O-002199,P-00987,1,2674000,2674000
D-000943,O-001406,P-01115,5,2415000,12075000
D-000944,O-000152,P-04216,4,1755000,7020000
D-000945,O-001204,P-03404,2,511000,1022000
D-000946,O-001451,P-03747,4,2345000,9380000
D-000947,O-000968,P-00738,3,2516000,7548000
D-000948,O-001057,P-02886,3,1218000,3654000
D-000949,O-002234,P-04848,4,631000,2524000
D-000950,O-002367,P-00590,5,1073000,5365000
D-000951,O-002274,P-00504,5,517000,2585000
D-000952,O-000312,P-01042,1,1873000,1873000
D-000953,O-001185,P-00642,1,891000,891000
D-000954,O-000083,P-04951,2,2935000,5870000
D-000955,O-000376,P-00967,1,2057000,2057000
D-000956,O-000789,P-00310,5,2070000,10350000
D-000957,O-001973,P-01568,1,2512000,2512000
D-000958,O-001988,P-01305,5,721000,3605000
D-000959,O-000361,P-02042,4,2980000,11920000
D-000960,O-001256,P-01125,4,635000,2540000
D-000961,O-002043,P-00120,2,2761000,5522000
D-000962,O-000450,P-02496,4,2296000,9184000
D-000963,O-000496,P-01992,2,2368000,4736000
D-000964,O-002045,P-01146,1,709000,709000
D-000965,O-002457,P-04672,1,2850000,2850000
D-000966,O-002338,P-00172,5,614000,3070000
D-000967,O-002136,P-02031,1,1952000,1952000
D-000968,O-001193,P-04999,4,2918000,11672000
D-000969,O-001014,P-01796,3,767000,2301000
D-000970,O-001500,P-03238,4,2428000,9712000
D-000971,O-001215,P-00077,1,353000,353000
D-000972,O-000186,P-03154,2,594000,1188000
D-000973,O-000351,P-03907,4,1495000,5980000
D-000974,O-000247,P-04791,4,2008000,8032000
D-000975,O-001931,P-04853,3,962000,2886000
D-000976,O-001871,P-01200,1,1915000,1915000
D-000977,O-002316,P-02222,2,1422000,2844000
D-000978,O-002428,P-02971,2,998000,1996000
D-000979,O-002111,P-01274,3,2337000,7011000
D-000980,O-002330,P-04426,4,2888000,11552000
D-000981,O-001253,P-03399,5,1682000,8410000
D-000982,O-002364,P-03751,5,2542000,12710000
D-000983,O-000717,P-03626,2,2693000,5386000
D-000984,O-001290,P-02553,3,2086000,6258000
D-000985,O-000081,P-00184,5,1205000,6025000
D-000986,O-001164,P-02459,3,475000,1425000
D-000987,O-000204,P-00844,5,244000,1220000
D-000988,O-002400,P-04831,5,309000,1545000
D-000989,O-000696,P-00332,4,526000,2104000
D-000990,O-000832,P-04674,1,377000,377000
D-000991,O-000743,P-00693,4,1895000,7580000
D-000992,O-000504,P-02460,3,2847000,8541000
D-000993,O-001468,P-01138,5,2846000,14230000
D-000994,O-001470,P-04576,1,2971000,2971000
D-000995,O-001834,P-04030,4,1661000,6644000
D-000996,O-002148,P-02300,1,1055000,1055000
D-000997,O-001284,P-00766,4,1414000,5656000
D-000998,O-001139,P-03337,4,2774000,11096000
D-000999,O-002128,P-03574,2,2649000,5298000
D-001000,O-001785,P-02941,1,1075000,1075000
D-001001,O-000589,P-01404,4,2435000,9740000
D-001002,O-001588,P-04472,2,1491000,2982000
D-001003,O-000279,P-02952,4,2179000,8716000
D-001004,O-002133,P-02379,5,1423000,7115000
D-001005,O-000549,P-03128,2,1582000,3164000
D-001006,O-000869,P-04950,2,718000,1436000
D-001007,O-000266,P-02590,1,1188000,1188000
D-001008,O-001871,P-04269,2,1336000,2672000
D-001009,O-000137,P-02679,2,2439000,4878000
D-001010,O-001601,P-04740,1,112000,112000
D-001011,O-001053,P-00907,1,1359000,1359000
D-001012,O-000811,P-03653,4,1960000,7840000
D-001013,O-000451,P-03473,3,1983000,5949000
D-001014,O-001266,P-02954,1,1620000,1620000
D-001015,O-002423,P-00080,2,547000,1094000
D-001016,O-001908,P-01809,5,1736000,8680000
D-001017,O-001357,P-02921,5,2411000,12055000
D-001018,O-000485,P-02847,2,356000,712000
D-001019,O-001329,P-03907,4,1209000,4836000
D-001020,O-002087,P-04215,1,1078000,1078000
D-001021,O-000907,P-00632,5,2236000,11180000
D-001022,O-000694,P-04071,3,2948000,8844000
D-001023,O-000957,P-03388,2,2680000,5360000
D-001024,O-000160,P-01655,3,280000,840000
D-001025,O-000104,P-01728,1,2848000,2848000
D-001026,O-000626,P-02525,5,1240000,6200000
D-001027,O-000280,P-00861,1,150000,150000
D-001028,O-000335,P-00113,2,82000,164000
D-001029,O-002295,P-03733,4,2779000,11116000
D-001030,O-001763,P-04948,3,511000,1533000
D-001031,O-000673,P-00220,3,2505000,7515000
D-001032,O-000023,P-01800,4,637000,2548000
D-001033,O-001474,P-03734,5,2717000,13585000
D-001034,O-001209,P-01318,4,1055000,4220000
D-001035,O-000844,P-02407,3,1880000,5640000
D-001036,O-001349,P-01794,5,2016000,10080000
D-001037,O-000895,P-01212,4,2957000,11828000
D-001038,O-002459,P-00284,3,2446000,7338000
D-001039,O-001881,P-02852,5,1685000,8425000
D-001040,O-000279,P-03493,1,742000,742000
D-001041,O-001000,P-02608,3,683000,2049000
D-001042,O-002221,P-04433,5,164000,820000
D-001043,O-001244,P-02580,1,2964000,2964000
D-001044,O-000909,P-04187,3,1555000,4665000
D-001045,O-000193,P-00873,3,1066000,3198000
D-001046,O-002152,P-00582,5,2124000,10620000
D-001047,O-001680,P-00905,2,562000,1124000
D-001048,O-001774,P-02748,3,1631000,4893000
D-001049,O-001410,P-04778,5,202000,1010000
D-001050,O-001825,P-02518,3,2571000,7713000
D-001051,O-000400,P-00299,4,205000,820000
D-001052,O-000809,P-02178,2,1843000,3686000
D-001053,O-002314,P-00434,2,416000,832000
D-001054,O-001561,P-04181,5,1902000,9510000
D-001055,O-001701,P-00067,5,2693000,13465000
D-001056,O-002363,P-00711,3,1340000,4020000
D-001057,O-001049,P-03067,2,375000,750000
D-001058,O-001469,P-04706,5,619000,3095000
D-001059,O-000786,P-02738,4,1020000,4080000
D-001060,O-000409,P-04308,2,564000,1128000
D-001061,O-001689,P-03231,5,2316000,11580000
D-001062,O-000565,P-00654,1,2818000,2818000
D-001063,O-001477,P-01701,1,1671000,1671000
D-001064,O-002493,P-01165,3,829000,2487000
D-001065,O-002442,P-01646,1,1577000,1577000
D-001066,O-002021,P-02525,1,602000,602000
D-001067,O-001501,P-04890,3,1523000,4569000
D-001068,O-002286,P-04727,1,1198000,1198000
D-001069,O-001214,P-04001,2,1166000,2332000
D-001070,O-001141,P-04156,4,617000,2468000
D-001071,O-000947,P-00179,4,297000,1188000
D-001072,O-001848,P-03631,1,1142000,1142000
D-001073,O-001788,P-02397,5,148000,740000
D-001074,O-001626,P-02376,1,1394000,1394000
D-001075,O-000505,P-00180,1,1074000,1074000
D-001076,O-000972,P-03946,4,699000,2796000
D-001077,O-000869,P-04390,1,1818000,1818000
D-001078,O-000262,P-02116,2,191000,382000
D-001079,O-000990,P-04228,4,617000,2468000
D-001080,O-000257,P-03646,4,2807000,11228000
D-001081,O-001055,P-02845,5,2107000,10535000
D-001082,O-002055,P-02844,3,742000,2226000
D-001083,O-000629,P-00551,2,2186000,4372000
D-001084,O-000003,P-03847,4,2846000,11384000
D-001085,O-000051,P-03179,1,1629000,1629000
D-001086,O-002389,P-04440,5,460000,2300000
D-001087,O-001316,P-04531,1,2885000,2885000
D-001088,O-002294,P-04283,5,288000,1440000
D-001089,O-001065,P-02300,3,2937000,8811000
D-001090,O-001428,P-02021,4,2844000,11376000
D-001091,O-000333,P-01444,1,1021000,1021000
D-001092,O-000932,P-01856,2,1712000,3424000
D-001093,O-001430,P-02310,1,742000,742000
D-001094,O-002037,P-02420,3,2141000,6423000
D-001095,O-001025,P-02751,2,2895000,5790000
D-001096,O-002204,P-02056,3,1951000,5853000
D-001097,O-000271,P-04358,2,2555000,5110000
D-001098,O-001603,P-02609,4,2381000,9524000
D-001099,O-000170,P-02469,5,699000,3495000
D-001100,O-000707,P-04331,5,1704000,8520000
D-001101,O-000649,P-03346,3,1398000,4194000
D-001102,O-000997,P-00929,4,638000,2552000
D-001103,O-001246,P-01765,2,1135000,2270000
D-001104,O-001550,P-00200,5,853000,4265000
D-001105,O-000729,P-01384,5,408000,2040000
D-001106,O-000985,P-00022,1,653000,653000
D-001107,O-001463,P-02715,3,759000,2277000
D-001108,O-000636,P-00670,3,1778000,5334000
D-001109,O-000127,P-04056,4,2616000,10464000
D-001110,O-000224,P-03757,4,952000,3808000
D-001111,O-001066,P-02363,5,776000,3880000
D-001112,O-001971,P-04854,2,2734000,5468000
D-001113,O-001728,P-01590,5,1106000,5530000
D-001114,O-001352,P-04002,1,80000,80000
D-001115,O-000167,P-04567,5,1465000,7325000
D-001116,O-001310,P-01260,2,2640000,5280000
D-001117,O-002153,P-03513,3,613000,1839000
D-001118,O-002349,P-03884,3,1445000,4335000
D-001119,O-001999,P-03651,3,225000,675000
D-001120,O-002043,P-02054,5,1084000,5420000
D-001121,O-000751,P-04274,1,2456000,2456000
D-001122,O-000864,P-00653,3,270000,810000
D-001123,O-002371,P-01190,2,1238000,2476000
D-001124,O-001743,P-04076,4,1008000,4032000
D-001125,O-001755,P-04847,3,204000,612000
D-001126,O-000257,P-00726,2,2512000,5024000
D-001127,O-002226,P-03746,2,352000,704000
D-001128,O-001508,P-01491,1,1316000,1316000
D-001129,O-000827,P-00661,1,2649000,2649000
D-001130,O-000501,P-02272,5,1211000,6055000
D-001131,O-002002,P-00436,4,1178000,4712000
D-001132,O-001645,P-00691,1,1822000,1822000
D-001133,O-002456,P-03155,2,734000,1468000
D-001134,O-001410,P-04941,4,2298000,9192000
D-001135,O-002453,P-00288,4,1502000,6008000
D-001136,O-002239,P-03531,3,1660000,4980000
D-001137,O-001300,P-03464,5,2269000,11345000
D-001138,O-000751,P-01594,1,1246000,1246000
D-001139,O-002469,P-00193,4,823000,3292000
D-001140,O-000271,P-03706,1,1508000,1508000
D-001141,O-002441,P-00315,5,157000,785000
D-001142,O-001522,P-00527,1,2901000,2901000
D-001143,O-001022,P-01118,3,113000,339000
D-001144,O-000982,P-01271,2,2342000,4684000
D-001145,O-000104,P-01787,3,321000,963000
D-001146,O-001123,P-02594,5,1094000,5470000
D-001147,O-000562,P-00179,5,1744000,8720000
D-001148,O-000190,P-02992,1,896000,896000
D-001149,O-001042,P-04227,2,2575000,5150000
D-001150,O-001263,P-00841,2,882000,1764000
D-001151,O-000722,P-01684,4,2179000,8716000
D-001152,O-002037,P-03717,1,611000,611000
D-001153,O-001408,P-04359,4,2361000,9444000
D-001154,O-002169,P-02851,5,2546000,12730000
D-001155,O-001737,P-01636,3,1600000,4800000
D-001156,O-000636,P-01512,1,1337000,1337000
D-001157,O-001396,P-04140,4,453000,1812000
D-001158,O-001952,P-02940,2,1117000,2234000
D-001159,O-002178,P-01811,2,1875000,3750000
D-001160,O-001981,P-00141,5,1696000,8480000
D-001161,O-001955,P-04970,2,1463000,2926000
D-001162,O-001926,P-02614,2,2524000,5048000
D-001163,O-001523,P-03425,5,2202000,11010000
D-001164,O-001866,P-00537,5,1776000,8880000
D-001165,O-002132,P-03087,2,384000,768000
D-001166,O-000760,P-04775,3,1207000,3621000
D-001167,O-001172,P-00377,1,1263000,1263000
D-001168,O-001754,P-00895,1,1864000,1864000
D-001169,O-001755,P-02451,4,2265000,9060000
D-001170,O-000620,P-03170,5,80000,400000
D-001171,O-000895,P-01460,3,1830000,5490000
D-001172,O-002279,P-03629,2,98000,196000
D-001173,O-002163,P-01881,1,2744000,2744000
D-001174,O-001364,P-03328,3,2279000,6837000
D-001175,O-002185,P-00632,5,2532000,12660000
D-001176,O-001408,P-02684,4,1820000,7280000
D-001177,O-001313,P-01845,2,1221000,2442000
D-001178,O-002457,P-02331,5,1635000,8175000
D-001179,O-000302,P-00480,5,1333000,6665000
D-001180,O-000197,P-03259,1,2210000,2210000
D-001181,O-000944,P-04795,1,2352000,2352000
D-001182,O-000673,P-00663,1,2189000,2189000
D-001183,O-000696,P-03085,5,1080000,5400000
D-001184,O-002440,P-00500,3,2949000,8847000
D-001185,O-001909,P-00403,1,2943000,2943000
D-001186,O-000666,P-00308,2,1319000,2638000
D-001187,O-001950,P-02806,4,633000,2532000
D-001188,O-000594,P-02450,5,737000,3685000
D-001189,O-000427,P-02479,2,1993000,3986000
D-001190,O-000072,P-03231,3,170000,510000
D-001191,O-001861,P-04374,2,2387000,4774000
D-001192,O-000029,P-02255,2,2715000,5430000
D-001193,O-000982,P-04864,4,1865000,7460000
D-001194,O-002325,P-02106,3,2213000,6639000
D-001195,O-000566,P-04545,2,2810000,5620000
D-001196,O-000841,P-01535,4,1652000,6608000
D-001197,O-001034,P-01653,4,99000,396000
D-001198,O-001782,P-01214,1,175000,175000
D-001199,O-000431,P-03878,2,1548000,3096000
D-001200,O-002202,P-04116,5,2254000,11270000
D-001201,O-001484,P-04205,5,2986000,14930000
D-001202,O-001543,P-01042,5,2703000,13515000
D-001203,O-001538,P-02425,1,838000,838000
D-001204,O-002245,P-02054,3,1918000,5754000
D-001205,O-002323,P-03063,4,103000,412000
D-001206,O-001336,P-03308,5,2632000,13160000
D-001207,O-001532,P-02403,5,594000,2970000
D-001208,O-002136,P-02345,5,1352000,6760000
D-001209,O-001381,P-01156,4,1959000,7836000
D-001210,O-001236,P-00369,5,2587000,12935000
D-001211,O-000265,P-01068,5,342000,1710000
D-001212,O-002280,P-04488,1,2746000,2746000
D-001213,O-001783,P-00154,1,1502000,1502000
D-001214,O-001450,P-04686,1,1041000,1041000
D-001215,O-002400,P-02658,1,1097000,1097000
D-001216,O-002107,P-03290,3,1223000,3669000
D-001217,O-000771,P-01462,2,2189000,4378000
D-001218,O-001082,P-03673,2,1292000,2584000
D-001219,O-002115,P-02465,4,1386000,5544000
D-001220,O-001050,P-00496,4,1648000,6592000
D-001221,O-000399,P-03391,1,978000,978000
D-001222,O-000569,P-00254,2,1333000,2666000
D-001223,O-001457,P-02532,2,1348000,2696000
D-001224,O-002089,P-00622,1,2229000,2229000
D-001225,O-001823,P-01543,3,1263000,3789000
D-001226,O-000209,P-03417,1,1275000,1275000
D-001227,O-001082,P-03068,3,270000,810000
D-001228,O-001356,P-01537,5,2338000,11690000
D-001229,O-001277,P-03658,5,1032000,5160000
D-001230,O-001153,P-04330,2,609000,1218000
D-001231,O-001334,P-00965,3,2839000,8517000
D-001232,O-001691,P-01332,1,2806000,2806000
D-001233,O-002499,P-02148,5,843000,4215000
D-001234,O-001534,P-00736,3,715000,2145000
D-001235,O-001526,P-03001,3,675000,2025000
D-001236,O-001415,P-03953,3,1995000,5985000
D-001237,O-001115,P-03678,5,587000,2935000
D-001238,O-000406,P-04676,5,1722000,8610000
D-001239,O-002450,P-03639,5,2255000,11275000
D-001240,O-002201,P-03864,1,2009000,2009000
D-001241,O-001192,P-03754,2,2971000,5942000
D-001242,O-002161,P-00171,5,1419000,7095000
D-001243,O-001544,P-00903,4,1400000,5600000
D-001244,O-000190,P-01621,5,2354000,11770000
D-001245,O-000588,P-01444,3,1752000,5256000
D-001246,O-001829,P-00489,5,2680000,13400000
D-001247,O-001751,P-04602,3,1633000,4899000
D-001248,O-000785,P-02760,1,704000,704000
D-001249,O-001107,P-02629,5,1255000,6275000
D-001250,O-000971,P-04498,2,2345000,4690000
D-001251,O-001429,P-04610,3,1545000,4635000
D-001252,O-001535,P-04547,3,2196000,6588000
D-001253,O-000239,P-01849,2,1145000,2290000
D-001254,O-000845,P-01160,1,810000,810000
D-001255,O-000944,P-02383,4,117000,468000
D-001256,O-001024,P-03726,2,2337000,4674000
D-001257,O-000682,P-00940,4,826000,3304000
D-001258,O-001750,P-00055,3,652000,1956000
D-001259,O-000666,P-03148,5,1638000,8190000
D-001260,O-000972,P-02062,1,1283000,1283000
D-001261,O-000976,P-03221,3,2712000,8136000
D-001262,O-001841,P-02887,3,1856000,5568000
D-001263,O-000203,P-01628,3,658000,1974000
D-001264,O-000838,P-04251,2,2277000,4554000
D-001265,O-001910,P-04176,1,2319000,2319000
D-001266,O-001106,P-03619,4,1007000,4028000
D-001267,O-001159,P-00955,1,980000,980000
D-001268,O-001794,P-04101,5,979000,4895000
D-001269,O-001492,P-03357,4,2268000,9072000
D-001270,O-000054,P-02763,5,2801000,14005000
D-001271,O-002100,P-00620,2,2311000,4622000
D-001272,O-002222,P-04667,3,434000,1302000
D-001273,O-001444,P-02177,4,2032000,8128000
D-001274,O-002280,P-04243,5,631000,3155000
D-001275,O-000124,P-02929,1,1380000,1380000
D-001276,O-000568,P-01929,5,2514000,12570000
D-001277,O-002491,P-02693,2,1363000,2726000
D-001278,O-002430,P-01967,4,1568000,6272000
D-001279,O-000165,P-02355,5,2704000,13520000
D-001280,O-002185,P-02877,2,1875000,3750000
D-001281,O-000988,P-00816,5,1244000,6220000
D-001282,O-000910,P-03207,5,1741000,8705000
D-001283,O-001642,P-02560,4,2895000,11580000
D-001284,O-002147,P-03847,2,1420000,2840000
D-001285,O-000169,P-02589,4,808000,3232000
D-001286,O-000363,P-02960,4,594000,2376000
D-001287,O-000631,P-02146,2,2138000,4276000
D-001288,O-000519,P-04332,1,2297000,2297000
D-001289,O-001632,P-04741,3,1936000,5808000
D-001290,O-001204,P-03171,3,757000,2271000
D-001291,O-002061,P-04477,2,1286000,2572000
D-001292,O-002412,P-02238,4,1808000,7232000
D-001293,O-000915,P-04002,3,1265000,3795000
D-001294,O-001039,P-02905,5,694000,3470000
D-001295,O-001743,P-01400,5,1583000,7915000
D-001296,O-000332,P-00382,3,1983000,5949000
D-001297,O-001145,P-01157,3,847000,2541000
D-001298,O-001958,P-02838,5,2426000,12130000
D-001299,O-000623,P-04774,4,566000,2264000
D-001300,O-000612,P-01350,2,912000,1824000
D-001301,O-000769,P-03377,1,2712000,2712000
D-001302,O-001433,P-03475,2,1714000,3428000
D-001303,O-001131,P-03815,3,934000,2802000
D-001304,O-001861,P-05000,4,730000,2920000
D-001305,O-002102,P-01621,1,1364000,1364000
D-001306,O-001409,P-00682,4,361000,1444000
D-001307,O-001394,P-00404,4,952000,3808000
D-001308,O-001092,P-00171,4,2649000,10596000
D-001309,O-000511,P-01859,3,1366000,4098000
D-001310,O-001544,P-00579,1,87000,87000
D-001311,O-000227,P-02980,3,540000,1620000
D-001312,O-000474,P-00789,5,984000,4920000
D-001313,O-002109,P-04437,3,1419000,4257000
D-001314,O-001530,P-03062,1,749000,749000
D-001315,O-001264,P-01060,3,2251000,6753000
D-001316,O-000367,P-01337,1,1797000,1797000
D-001317,O-002032,P-01744,2,1891000,3782000
D-001318,O-002457,P-03614,5,2446000,12230000
D-001319,O-000209,P-01248,5,725000,3625000
D-001320,O-001753,P-01777,3,528000,1584000
D-001321,O-000997,P-01939,2,2966000,5932000
D-001322,O-002280,P-04005,3,1421000,4263000
D-001323,O-000835,P-01328,4,1623000,6492000
D-001324,O-000747,P-04037,5,184000,920000
D-001325,O-000636,P-02524,2,50000,100000
D-001326,O-002427,P-03836,2,2307000,4614000
D-001327,O-002002,P-02411,5,1943000,9715000
D-001328,O-000157,P-02663,2,2564000,5128000
D-001329,O-001919,P-00738,4,249000,996000
D-001330,O-001407,P-04590,4,2811000,11244000
D-001331,O-001237,P-01047,4,2126000,8504000
D-001332,O-000337,P-02236,2,70000,140000
D-001333,O-000644,P-01374,5,1180000,5900000
D-001334,O-002305,P-02441,4,2113000,8452000
D-001335,O-000403,P-03669,1,2752000,2752000
D-001336,O-001446,P-01206,2,838000,1676000
D-001337,O-000795,P-00285,1,1763000,1763000
D-001338,O-001742,P-04118,5,1294000,6470000
D-001339,O-000646,P-02177,3,786000,2358000
D-001340,O-000335,P-00972,5,548000,2740000
D-001341,O-002088,P-03758,2,406000,812000
D-001342,O-000151,P-03512,1,296000,296000
D-001343,O-002450,P-01435,5,2540000,12700000
D-001344,O-001932,P-04094,1,465000,465000
D-001345,O-001052,P-01074,4,1622000,6488000
D-001346,O-000008,P-04039,2,1423000,2846000
D-001347,O-000681,P-02034,1,2756000,2756000
D-001348,O-000160,P-03675,1,331000,331000
D-001349,O-000160,P-04919,3,2174000,6522000
D-001350,O-002312,P-03671,3,395000,1185000
D-001351,O-000499,P-04965,2,1355000,2710000
D-001352,O-002260,P-03255,3,1482000,4446000
D-001353,O-001940,P-00335,3,1294000,3882000
D-001354,O-001352,P-00001,4,2749000,10996000
D-001355,O-000854,P-02823,3,771000,2313000
D-001356,O-002386,P-01598,5,2589000,12945000
D-001357,O-000533,P-03780,1,2771000,2771000
D-001358,O-002300,P-02194,5,1485000,7425000
D-001359,O-000755,P-02105,2,219000,438000
D-001360,O-000665,P-03490,2,694000,1388000
D-001361,O-000762,P-01545,3,302000,906000
D-001362,O-001494,P-00313,5,2821000,14105000
D-001363,O-001353,P-01582,1,229000,229000
D-001364,O-000412,P-03401,4,283000,1132000
D-001365,O-001467,P-00766,4,737000,2948000
D-001366,O-001213,P-00691,3,1850000,5550000
D-001367,O-001021,P-02586,2,2792000,5584000
D-001368,O-000255,P-00241,2,1249000,2498000
D-001369,O-000898,P-04110,4,1295000,5180000
D-001370,O-000044,P-03157,5,2486000,12430000
D-001371,O-001058,P-02881,4,1229000,4916000
D-001372,O-000816,P-02448,1,606000,606000
D-001373,O-000418,P-03260,5,1204000,6020000
D-001374,O-000039,P-00433,4,2290000,9160000
D-001375,O-002449,P-04827,2,2299000,4598000
D-001376,O-002198,P-01027,5,2180000,10900000
D-001377,O-001384,P-00443,1,2707000,2707000
D-001378,O-000736,P-03353,1,1678000,1678000
D-001379,O-001285,P-01127,2,1035000,2070000
D-001380,O-000101,P-04180,1,2726000,2726000
D-001381,O-001240,P-00156,2,2185000,4370000
D-001382,O-001341,P-02567,3,956000,2868000
D-001383,O-002074,P-02899,3,681000,2043000
D-001384,O-001555,P-02270,1,2280000,2280000
D-001385,O-000722,P-04773,2,1125000,2250000
D-001386,O-000005,P-01371,5,1071000,5355000
D-001387,O-001710,P-04493,2,2005000,4010000
D-001388,O-001538,P-02086,1,2927000,2927000
D-001389,O-000237,P-00326,2,1916000,3832000
D-001390,O-001489,P-02692,4,2159000,8636000
D-001391,O-000963,P-00784,5,1601000,8005000
D-001392,O-002068,P-03971,3,1242000,3726000
D-001393,O-001693,P-04825,4,2551000,10204000
D-001394,O-002327,P-02586,2,528000,1056000
D-001395,O-001665,P-04828,4,449000,1796000
D-001396,O-000756,P-02589,5,1503000,7515000
D-001397,O-000743,P-02170,2,405000,810000
D-001398,O-002314,P-00268,5,1034000,5170000
D-001399,O-002473,P-00687,3,1986000,5958000
D-001400,O-002122,P-03309,3,2097000,6291000
D-001401,O-002359,P-00381,1,1947000,1947000
D-001402,O-002191,P-00417,1,2023000,2023000
D-001403,O-000958,P-01697,5,1534000,7670000
D-001404,O-002129,P-04737,3,214000,642000
D-001405,O-002097,P-00695,1,2630000,2630000
D-001406,O-001970,P-02453,3,2355000,7065000
D-001407,O-001122,P-00069,4,115000,460000
D-001408,O-002365,P-02414,3,2455000,7365000
D-001409,O-000956,P-02324,3,408000,1224000
D-001410,O-002137,P-03287,4,616000,2464000
D-001411,O-000271,P-00607,4,1597000,6388000
D-001412,O-000230,P-03651,3,1033000,3099000
D-001413,O-000186,P-03052,1,2506000,2506000
D-001414,O-000748,P-00458,4,975000,3900000
D-001415,O-001771,P-03276,3,435000,1305000
D-001416,O-002337,P-02664,1,73000,73000
D-001417,O-001817,P-01099,4,773000,3092000
D-001418,O-001888,P-02785,3,596000,1788000
D-001419,O-000266,P-04163,4,2435000,9740000
D-001420,O-001399,P-02314,5,222000,1110000
D-001421,O-001075,P-02791,2,2563000,5126000
D-001422,O-002363,P-04795,3,697000,2091000
D-001423,O-002005,P-01296,2,184000,368000
D-001424,O-000342,P-00385,3,1530000,4590000
D-001425,O-002248,P-02466,3,1559000,4677000
D-001426,O-000314,P-00447,4,1931000,7724000
D-001427,O-000495,P-00747,4,2090000,8360000
D-001428,O-000720,P-03677,2,1961000,3922000
D-001429,O-000227,P-00394,4,2091000,8364000
D-001430,O-001458,P-00830,1,797000,797000
D-001431,O-000653,P-02625,1,451000,451000
D-001432,O-000746,P-02592,4,1202000,4808000
D-001433,O-001073,P-00376,4,1240000,4960000
D-001434,O-000940,P-00739,5,1778000,8890000
D-001435,O-000431,P-00900,3,115000,345000
D-001436,O-002150,P-02198,5,949000,4745000
D-001437,O-001068,P-02537,4,718000,2872000
D-001438,O-001747,P-02736,3,1416000,4248000
D-001439,O-001806,P-04582,2,1373000,2746000
D-001440,O-001001,P-01533,1,2473000,2473000
D-001441,O-000377,P-03730,5,1442000,7210000
D-001442,O-001703,P-01254,4,2555000,10220000
D-001443,O-001646,P-02614,4,2818000,11272000
D-001444,O-000878,P-00205,4,1547000,6188000
D-001445,O-002401,P-01929,5,586000,2930000
D-001446,O-002125,P-03309,1,1813000,1813000
D-001447,O-002127,P-01331,1,2476000,2476000
D-001448,O-001591,P-04273,1,2949000,2949000
D-001449,O-001051,P-00597,2,562000,1124000
D-001450,O-001693,P-03908,3,2784000,8352000
D-001451,O-000614,P-02273,1,2740000,2740000
D-001452,O-001406,P-00068,5,1145000,5725000
D-001453,O-000361,P-01127,1,181000,181000
D-001454,O-001320,P-00717,3,1544000,4632000
D-001455,O-000982,P-04741,4,1456000,5824000
D-001456,O-001276,P-04778,5,2861000,14305000
D-001457,O-000451,P-00627,1,1655000,1655000
D-001458,O-002151,P-03515,4,2346000,9384000
D-001459,O-001418,P-00739,1,213000,213000
D-001460,O-000899,P-02429,5,1227000,6135000
D-001461,O-000375,P-01132,3,1729000,5187000
D-001462,O-002463,P-00153,5,1741000,8705000
D-001463,O-000609,P-01645,2,458000,916000
D-001464,O-001907,P-02210,5,1627000,8135000
D-001465,O-001518,P-03178,3,2797000,8391000
D-001466,O-001227,P-03408,2,176000,352000
D-001467,O-002330,P-02240,2,2908000,5816000
D-001468,O-002122,P-01855,2,261000,522000
D-001469,O-000987,P-01662,5,1365000,6825000
D-001470,O-001204,P-02817,5,1738000,8690000
D-001471,O-000605,P-00374,3,2574000,7722000
D-001472,O-001403,P-00979,3,1217000,3651000
D-001473,O-000245,P-01112,2,127000,254000
D-001474,O-001133,P-00606,3,2737000,8211000
D-001475,O-000027,P-02314,2,2593000,5186000
D-001476,O-001787,P-04219,1,2379000,2379000
D-001477,O-001467,P-01360,3,1481000,4443000
D-001478,O-000593,P-02513,4,2413000,9652000
D-001479,O-001979,P-03403,2,1249000,2498000
D-001480,O-002384,P-01869,5,185000,925000
D-001481,O-002298,P-01617,5,2896000,14480000
D-001482,O-001116,P-00344,2,1759000,3518000
D-001483,O-000330,P-00478,5,949000,4745000
D-001484,O-001248,P-00518,5,2139000,10695000
D-001485,O-001993,P-00359,4,1785000,7140000
D-001486,O-001693,P-02193,2,2541000,5082000
D-001487,O-000830,P-00030,4,1995000,7980000
D-001488,O-000900,P-02208,1,1285000,1285000
D-001489,O-001685,P-04232,3,1854000,5562000
D-001490,O-001682,P-00187,3,1520000,4560000
D-001491,O-001395,P-04260,1,1686000,1686000
D-001492,O-001589,P-04656,4,78000,312000
D-001493,O-001619,P-01868,4,1180000,4720000
D-001494,O-000557,P-00457,5,1012000,5060000
D-001495,O-000468,P-02059,4,2203000,8812000
D-001496,O-002132,P-03759,2,1931000,3862000
D-001497,O-000275,P-01106,5,2576000,12880000
D-001498,O-000357,P-01457,2,172000,344000
D-001499,O-000262,P-00144,1,698000,698000
D-001500,O-002002,P-01972,1,2906000,2906000
D-001501,O-000434,P-04222,1,1184000,1184000
D-001502,O-000681,P-04354,2,430000,860000
D-001503,O-002029,P-04911,5,523000,2615000
D-001504,O-001120,P-00971,1,1161000,1161000
D-001505,O-002121,P-01503,3,444000,1332000
D-001506,O-000799,P-04302,1,2956000,2956000
D-001507,O-001471,P-04022,1,1295000,1295000
D-001508,O-001920,P-02526,2,432000,864000
D-001509,O-001249,P-04621,2,285000,570000
D-001510,O-000541,P-04432,2,1315000,2630000
D-001511,O-002046,P-00550,3,102000,306000
D-001512,O-002333,P-02722,2,2015000,4030000
D-001513,O-000927,P-01628,2,2487000,4974000
D-001514,O-000831,P-03600,2,1516000,3032000
D-001515,O-000600,P-02215,3,796000,2388000
D-001516,O-000931,P-02616,4,1706000,6824000
D-001517,O-000630,P-01381,5,1037000,5185000
D-001518,O-002089,P-03292,2,1829000,3658000
D-001519,O-000154,P-00780,4,1149000,4596000
D-001520,O-000814,P-01995,1,2436000,2436000
D-001521,O-001100,P-00367,3,750000,2250000
D-001522,O-001393,P-03159,3,1433000,4299000
D-001523,O-000211,P-02691,2,82000,164000
D-001524,O-002430,P-00174,4,2331000,9324000
D-001525,O-002073,P-00438,2,676000,1352000
D-001526,O-002057,P-01629,3,993000,2979000
D-001527,O-002494,P-00236,5,1135000,5675000
D-001528,O-000041,P-04137,1,1702000,1702000
D-001529,O-001166,P-02223,1,1585000,1585000
D-001530,O-000439,P-04295,4,2788000,11152000
D-001531,O-001536,P-00784,4,2735000,10940000
D-001532,O-000967,P-02166,4,2831000,11324000
D-001533,O-000738,P-02773,5,313000,1565000
D-001534,O-002076,P-03015,2,2813000,5626000
D-001535,O-000923,P-03426,4,1394000,5576000
D-001536,O-000098,P-04312,4,219000,876000
D-001537,O-000894,P-03472,2,2429000,4858000
D-001538,O-001790,P-00226,3,1274000,3822000
D-001539,O-001313,P-01124,4,380000,1520000
D-001540,O-002421,P-02240,5,1934000,9670000
D-001541,O-001243,P-01521,1,1933000,1933000
D-001542,O-000446,P-00987,5,65000,325000
D-001543,O-001966,P-03078,4,1050000,4200000
D-001544,O-002239,P-03975,3,309000,927000
D-001545,O-001487,P-00566,5,2462000,12310000
D-001546,O-001277,P-04369,2,1398000,2796000
D-001547,O-000275,P-00979,3,2775000,8325000
D-001548,O-000587,P-00709,4,1008000,4032000
D-001549,O-001698,P-02491,5,559000,2795000
D-001550,O-001204,P-01082,1,657000,657000
D-001551,O-000569,P-04967,5,1716000,8580000
D-001552,O-001361,P-00323,4,467000,1868000
D-001553,O-002496,P-00595,1,2615000,2615000
D-001554,O-001275,P-03622,2,2965000,5930000
D-001555,O-002001,P-00288,3,1658000,4974000
D-001556,O-000344,P-00832,3,507000,1521000
D-001557,O-002145,P-04581,4,2321000,9284000
D-001558,O-002220,P-01898,3,1671000,5013000
D-001559,O-001286,P-01747,3,2504000,7512000
D-001560,O-002478,P-01728,2,2915000,5830000
D-001561,O-002044,P-03466,5,2134000,10670000
D-001562,O-001826,P-02456,2,555000,1110000
D-001563,O-000336,P-00540,2,1265000,2530000
D-001564,O-000682,P-00123,5,2387000,11935000
D-001565,O-001017,P-04825,3,1483000,4449000
D-001566,O-002056,P-00091,3,2568000,7704000
D-001567,O-001606,P-01357,2,2432000,4864000
D-001568,O-000166,P-01899,1,1476000,1476000
D-001569,O-001113,P-01871,3,1241000,3723000
D-001570,O-000347,P-02317,2,1832000,3664000
D-001571,O-001828,P-01940,4,2823000,11292000
D-001572,O-000241,P-00093,1,2701000,2701000
D-001573,O-001621,P-04171,1,1005000,1005000
D-001574,O-002085,P-00081,1,2784000,2784000
D-001575,O-001999,P-01857,4,1489000,5956000
D-001576,O-001803,P-04117,5,1304000,6520000
D-001577,O-000437,P-01499,3,1619000,4857000
D-001578,O-001974,P-03538,1,1481000,1481000
D-001579,O-002160,P-00797,4,1533000,6132000
D-001580,O-002380,P-00337,4,2552000,10208000
D-001581,O-000467,P-04612,1,952000,952000
D-001582,O-000023,P-00547,5,1136000,5680000
D-001583,O-001157,P-00281,3,1383000,4149000
D-001584,O-000178,P-01981,3,2558000,7674000
D-001585,O-001743,P-03063,3,1591000,4773000
D-001586,O-000355,P-02598,4,1280000,5120000
D-001587,O-000366,P-03351,5,1557000,7785000
D-001588,O-000407,P-01426,3,2944000,8832000
D-001589,O-002203,P-04499,2,2804000,5608000
D-001590,O-001509,P-01216,4,2510000,10040000
D-001591,O-002405,P-01845,1,1998000,1998000
D-001592,O-001258,P-02706,1,1852000,1852000
D-001593,O-002256,P-04429,5,340000,1700000
D-001594,O-001470,P-02923,2,2058000,4116000
D-001595,O-000527,P-04367,1,971000,971000
D-001596,O-000851,P-02994,2,736000,1472000
D-001597,O-002364,P-03509,3,2282000,6846000
D-001598,O-000969,P-03594,3,2037000,6111000
D-001599,O-002473,P-02073,5,1247000,6235000
D-001600,O-000965,P-00060,4,804000,3216000
D-001601,O-001804,P-02683,2,1013000,2026000
D-001602,O-000780,P-03095,3,917000,2751000
D-001603,O-000982,P-00710,3,1677000,5031000
D-001604,O-001020,P-03942,5,2537000,12685000
D-001605,O-001700,P-01024,3,1173000,3519000
D-001606,O-000663,P-02929,3,955000,2865000
D-001607,O-000528,P-02810,3,2200000,6600000
D-001608,O-001406,P-03896,3,351000,1053000
D-001609,O-000894,P-01297,3,1192000,3576000
D-001610,O-001647,P-01028,5,1976000,9880000
D-001611,O-000911,P-02904,3,747000,2241000
D-001612,O-002113,P-03357,3,130000,390000
D-001613,O-001401,P-02914,5,252000,1260000
D-001614,O-001578,P-00850,4,2389000,9556000
D-001615,O-001612,P-04605,2,1069000,2138000
D-001616,O-001529,P-00169,4,1369000,5476000
D-001617,O-000486,P-03666,3,1389000,4167000
D-001618,O-000136,P-03911,5,80000,400000
D-001619,O-000141,P-03942,4,1964000,7856000
D-001620,O-001486,P-04391,5,1293000,6465000
D-001621,O-001459,P-02022,4,815000,3260000
D-001622,O-000645,P-04167,2,563000,1126000
D-001623,O-001621,P-04029,4,1696000,6784000
D-001624,O-000541,P-04805,3,529000,1587000
D-001625,O-000160,P-01537,4,1836000,7344000
D-001626,O-001331,P-02295,4,806000,3224000
D-001627,O-000049,P-01665,3,1192000,3576000
D-001628,O-001958,P-02387,5,2609000,13045000
D-001629,O-000113,P-01805,3,1056000,3168000
D-001630,O-000652,P-03439,1,2649000,2649000
D-001631,O-001328,P-00055,3,2968000,8904000
D-001632,O-001955,P-03948,1,2701000,2701000
D-001633,O-001959,P-04207,1,1601000,1601000
D-001634,O-000653,P-03358,2,993000,1986000
D-001635,O-002442,P-02843,5,1701000,8505000
D-001636,O-001426,P-04758,5,1195000,5975000
D-001637,O-000072,P-04705,5,2835000,14175000
D-001638,O-000002,P-02595,5,2677000,13385000
D-001639,O-001295,P-00801,5,159000,795000
D-001640,O-001876,P-01471,3,443000,1329000
D-001641,O-002425,P-03925,4,2639000,10556000
D-001642,O-001533,P-00964,2,1929000,3858000
D-001643,O-001965,P-00363,4,2897000,11588000
D-001644,O-001915,P-02580,4,2705000,10820000
D-001645,O-002187,P-03381,3,1254000,3762000
D-001646,O-000289,P-02229,2,2984000,5968000
D-001647,O-000098,P-04040,5,689000,3445000
D-001648,O-001592,P-01635,3,2807000,8421000
D-001649,O-001070,P-00349,1,1899000,1899000
D-001650,O-000460,P-00569,5,1335000,6675000
D-001651,O-000276,P-01760,1,521000,521000
D-001652,O-001442,P-01076,5,686000,3430000
D-001653,O-001024,P-04233,5,95000,475000
D-001654,O-000462,P-01414,4,2800000,11200000
D-001655,O-001510,P-04388,1,1720000,1720000
D-001656,O-001307,P-04183,5,1330000,6650000
D-001657,O-001770,P-02004,1,2849000,2849000
D-001658,O-002441,P-04772,4,2136000,8544000
D-001659,O-000699,P-00797,4,2420000,9680000
D-001660,O-001353,P-03565,4,2005000,8020000
D-001661,O-001391,P-01896,1,2987000,2987000
D-001662,O-001601,P-02757,4,339000,1356000
D-001663,O-000527,P-02280,1,256000,256000
D-001664,O-000821,P-03708,5,1164000,5820000
D-001665,O-002384,P-00363,4,517000,2068000
D-001666,O-002043,P-00772,5,2350000,11750000
D-001667,O-001139,P-04964,1,1576000,1576000
D-001668,O-001464,P-01591,5,1525000,7625000
D-001669,O-001253,P-00583,4,2534000,10136000
D-001670,O-002493,P-00597,5,2682000,13410000
D-001671,O-001351,P-02701,4,378000,1512000
D-001672,O-000953,P-00711,2,2299000,4598000
D-001673,O-000204,P-01668,5,1333000,6665000
D-001674,O-000412,P-04827,3,962000,2886000
D-001675,O-001724,P-03274,3,1656000,4968000
D-001676,O-001189,P-01505,3,2379000,7137000
D-001677,O-000071,P-01153,5,1224000,6120000
D-001678,O-000287,P-01434,4,91000,364000
D-001679,O-000039,P-00025,2,500000,1000000
D-001680,O-000771,P-00299,2,2473000,4946000
D-001681,O-000020,P-01516,4,987000,3948000
D-001682,O-000936,P-03271,5,2774000,13870000
D-001683,O-002199,P-04172,5,1527000,7635000
D-001684,O-001658,P-01182,1,1564000,1564000
D-001685,O-001591,P-00779,1,277000,277000
D-001686,O-001345,P-03148,5,304000,1520000
D-001687,O-001145,P-01276,3,662000,1986000
D-001688,O-001593,P-02655,4,2154000,8616000
D-001689,O-001149,P-02179,1,2114000,2114000
D-001690,O-000539,P-04079,2,2510000,5020000
D-001691,O-001235,P-03807,1,1790000,1790000
D-001692,O-001571,P-04858,3,1291000,3873000
D-001693,O-001087,P-04999,3,663000,1989000
D-001694,O-000930,P-01049,1,176000,176000
D-001695,O-000522,P-02194,2,2520000,5040000
D-001696,O-001352,P-01648,5,297000,1485000
D-001697,O-001641,P-01456,1,1650000,1650000
D-001698,O-001957,P-02957,4,955000,3820000
D-001699,O-001312,P-00720,5,1533000,7665000
D-001700,O-001382,P-04797,5,1067000,5335000
D-001701,O-001828,P-04718,4,2786000,11144000
D-001702,O-000175,P-04436,4,1421000,5684000
D-001703,O-001291,P-00937,3,599000,1797000
D-001704,O-001582,P-02969,5,2967000,14835000
D-001705,O-002389,P-04717,5,1080000,5400000
D-001706,O-001683,P-03764,4,1210000,4840000
D-001707,O-001268,P-01392,5,2410000,12050000
D-001708,O-002298,P-01112,2,2626000,5252000
D-001709,O-000247,P-02933,5,1151000,5755000
D-001710,O-000083,P-01548,3,1075000,3225000
D-001711,O-000086,P-04258,3,336000,1008000
D-001712,O-001186,P-02272,2,1286000,2572000
D-001713,O-000361,P-00463,4,1052000,4208000
D-001714,O-000811,P-01110,3,894000,2682000
D-001715,O-002486,P-03107,2,2403000,4806000
D-001716,O-002360,P-00399,4,2777000,11108000
D-001717,O-002432,P-04763,3,1133000,3399000
D-001718,O-002365,P-02023,1,2948000,2948000
D-001719,O-001228,P-02416,4,1340000,5360000
D-001720,O-000505,P-03120,4,2638000,10552000
D-001721,O-000335,P-03398,5,1768000,8840000
D-001722,O-002021,P-02728,3,1016000,3048000
D-001723,O-000206,P-02866,2,1186000,2372000
D-001724,O-000541,P-02259,1,1872000,1872000
D-001725,O-001979,P-00357,1,806000,806000
D-001726,O-002379,P-01065,2,363000,726000
D-001727,O-001338,P-00442,3,1094000,3282000
D-001728,O-000584,P-04750,1,1732000,1732000
D-001729,O-001678,P-04045,2,1580000,3160000
D-001730,O-002154,P-01469,2,2306000,4612000
D-001731,O-001185,P-03559,3,1952000,5856000
D-001732,O-000397,P-02759,3,2793000,8379000
D-001733,O-002093,P-01155,4,838000,3352000
D-001734,O-000758,P-02076,1,754000,754000
D-001735,O-001060,P-04271,2,339000,678000
D-001736,O-001279,P-00752,2,1916000,3832000
D-001737,O-001489,P-01085,2,2180000,4360000
D-001738,O-001312,P-01055,2,2018000,4036000
D-001739,O-001880,P-02701,1,1135000,1135000
D-001740,O-000109,P-04416,1,242000,242000
D-001741,O-002181,P-02722,5,2139000,10695000
D-001742,O-001629,P-00371,1,2660000,2660000
D-001743,O-001096,P-01118,5,2871000,14355000
D-001744,O-001616,P-00568,2,2731000,5462000
D-001745,O-000572,P-02674,5,2284000,11420000
D-001746,O-002162,P-01242,1,2690000,2690000
D-001747,O-001294,P-00216,3,2493000,7479000
D-001748,O-001645,P-02627,3,1705000,5115000
D-001749,O-000932,P-03799,4,118000,472000
D-001750,O-001953,P-01027,1,1340000,1340000
D-001751,O-000387,P-01171,4,2542000,10168000
D-001752,O-000896,P-02647,2,350000,700000
D-001753,O-001970,P-03627,2,191000,382000
D-001754,O-001485,P-01882,3,225000,675000
D-001755,O-001226,P-02331,2,2670000,5340000
D-001756,O-001204,P-04430,5,454000,2270000
D-001757,O-000906,P-04921,4,822000,3288000
D-001758,O-000663,P-01947,4,1303000,5212000
D-001759,O-000941,P-01932,5,1804000,9020000
D-001760,O-000245,P-04069,3,682000,2046000
D-001761,O-001070,P-04187,1,2977000,2977000
D-001762,O-000932,P-04766,2,258000,516000
D-001763,O-000968,P-03455,3,2659000,7977000
D-001764,O-000259,P-00696,5,2343000,11715000
D-001765,O-002165,P-00144,4,312000,1248000
D-001766,O-001658,P-00501,2,884000,1768000
D-001767,O-000701,P-02474,4,2959000,11836000
D-001768,O-002097,P-00554,3,2610000,7830000
D-001769,O-000001,P-02047,3,1390000,4170000
D-001770,O-000409,P-03527,4,1724000,6896000
D-001771,O-001652,P-01148,4,54000,216000
D-001772,O-000487,P-03943,4,1452000,5808000
D-001773,O-001871,P-01952,3,2056000,6168000
D-001774,O-000543,P-02272,1,468000,468000
D-001775,O-002073,P-03273,1,275000,275000
D-001776,O-000963,P-02798,3,348000,1044000
D-001777,O-002077,P-02278,5,412000,2060000
D-001778,O-000131,P-02403,4,2636000,10544000
D-001779,O-001327,P-01705,2,717000,1434000
D-001780,O-002360,P-01686,4,2469000,9876000
D-001781,O-002372,P-03710,4,1399000,5596000
D-001782,O-002470,P-00389,5,1931000,9655000
D-001783,O-001536,P-04630,5,2961000,14805000
D-001784,O-001650,P-04214,4,606000,2424000
D-001785,O-001989,P-03518,2,1695000,3390000
D-001786,O-000282,P-01790,4,1000000,4000000
D-001787,O-002248,P-04058,3,1932000,5796000
D-001788,O-002078,P-00095,3,2383000,7149000
D-001789,O-001568,P-02033,2,1648000,3296000
D-001790,O-001797,P-01722,3,1298000,3894000
D-001791,O-001969,P-03413,4,1461000,5844000
D-001792,O-002285,P-04089,5,2595000,12975000
D-001793,O-000152,P-04518,1,1419000,1419000
D-001794,O-001276,P-01843,3,2173000,6519000
D-001795,O-001029,P-00989,1,1476000,1476000
D-001796,O-002370,P-01672,3,536000,1608000
D-001797,O-002118,P-01800,1,1433000,1433000
D-001798,O-001826,P-02900,3,603000,1809000
D-001799,O-002214,P-02820,4,2866000,11464000
D-001800,O-001228,P-02723,4,2149000,8596000
D-001801,O-000319,P-04492,1,1799000,1799000
D-001802,O-000655,P-00114,2,2872000,5744000
D-001803,O-001631,P-04947,5,857000,4285000
D-001804,O-001564,P-03363,4,2619000,10476000
D-001805,O-000875,P-00299,5,458000,2290000
D-001806,O-001219,P-03460,1,1830000,1830000
D-001807,O-000855,P-00733,1,504000,504000
D-001808,O-001680,P-04928,4,1618000,6472000
D-001809,O-000812,P-01610,4,2678000,10712000
D-001810,O-000163,P-01820,3,2630000,7890000
D-001811,O-000174,P-01565,2,1446000,2892000
D-001812,O-001550,P-02866,1,622000,622000
D-001813,O-002497,P-03793,4,2258000,9032000
D-001814,O-001653,P-01528,1,318000,318000
D-001815,O-001281,P-00056,5,2292000,11460000
D-001816,O-002138,P-00315,1,2741000,2741000
D-001817,O-000420,P-02509,3,2936000,8808000
D-001818,O-001200,P-02867,5,847000,4235000
D-001819,O-002005,P-03645,4,1430000,5720000
D-001820,O-000152,P-02272,4,338000,1352000
D-001821,O-000415,P-01969,5,2128000,10640000
D-001822,O-000147,P-03367,1,2247000,2247000
D-001823,O-001723,P-03744,4,494000,1976000
D-001824,O-000243,P-02735,5,112000,560000
D-001825,O-000396,P-04067,1,1829000,1829000
D-001826,O-002097,P-02836,4,2705000,10820000
D-001827,O-001312,P-03565,2,1168000,2336000
D-001828,O-001544,P-01401,1,1782000,1782000
D-001829,O-002080,P-02589,3,469000,1407000
D-001830,O-000375,P-00990,2,1328000,2656000
D-001831,O-001958,P-01735,3,906000,2718000
D-001832,O-002166,P-00451,2,2727000,5454000
D-001833,O-001724,P-03794,4,2962000,11848000
D-001834,O-001748,P-03287,1,457000,457000
D-001835,O-000793,P-00012,1,2675000,2675000
D-001836,O-000159,P-03674,3,1747000,5241000
D-001837,O-000689,P-00385,3,870000,2610000
D-001838,O-001267,P-03968,1,2624000,2624000
D-001839,O-002035,P-03729,4,2024000,8096000
D-001840,O-002211,P-01238,3,1326000,3978000
D-001841,O-001138,P-03836,5,1470000,7350000
D-001842,O-002125,P-04534,3,1958000,5874000
D-001843,O-002287,P-03223,4,1718000,6872000
D-001844,O-001189,P-01916,1,2557000,2557000
D-001845,O-000227,P-04001,1,2445000,2445000
D-001846,O-001140,P-03692,5,535000,2675000
D-001847,O-000344,P-04866,2,738000,1476000
D-001848,O-002113,P-02715,1,319000,319000
D-001849,O-000520,P-00136,3,1266000,3798000
D-001850,O-000928,P-04676,3,649000,1947000
D-001851,O-001389,P-00101,1,108000,108000
D-001852,O-000799,P-02349,1,2767000,2767000
D-001853,O-001463,P-02486,4,949000,3796000
D-001854,O-001261,P-04729,3,114000,342000
D-001855,O-001715,P-04131,1,2754000,2754000
D-001856,O-001728,P-04703,5,1081000,5405000
D-001857,O-000189,P-01085,1,1793000,1793000
D-001858,O-001396,P-04331,4,1373000,5492000
D-001859,O-000857,P-03258,5,2980000,14900000
D-001860,O-001572,P-00442,1,994000,994000
D-001861,O-000207,P-04165,1,339000,339000
D-001862,O-001192,P-02289,2,2626000,5252000
D-001863,O-001853,P-03002,1,2367000,2367000
D-001864,O-002011,P-00625,1,1331000,1331000
D-001865,O-002363,P-03134,5,2764000,13820000
D-001866,O-002143,P-01291,4,2614000,10456000
D-001867,O-001862,P-00785,5,1827000,9135000
D-001868,O-000807,P-03663,2,1302000,2604000
D-001869,O-000583,P-03108,3,2550000,7650000
D-001870,O-000155,P-00118,5,999000,4995000
D-001871,O-000040,P-02328,1,1356000,1356000
D-001872,O-001124,P-04880,1,1378000,1378000
D-001873,O-001393,P-03479,3,76000,228000
D-001874,O-002015,P-02501,2,470000,940000
D-001875,O-000869,P-02614,2,1452000,2904000
D-001876,O-002280,P-03996,1,73000,73000
D-001877,O-000374,P-01890,3,678000,2034000
D-001878,O-001726,P-00718,2,2427000,4854000
D-001879,O-002254,P-02591,3,1550000,4650000
D-001880,O-001044,P-00690,4,982000,3928000
D-001881,O-001800,P-02436,5,2323000,11615000
D-001882,O-002358,P-04036,1,2758000,2758000
D-001883,O-001601,P-03024,1,875000,875000
D-001884,O-000060,P-00795,3,499000,1497000
D-001885,O-002056,P-00777,1,1371000,1371000
D-001886,O-001630,P-04334,5,1307000,6535000
D-001887,O-002012,P-03044,5,1233000,6165000
D-001888,O-002407,P-03109,3,2128000,6384000
D-001889,O-001553,P-03936,3,2463000,7389000
D-001890,O-000247,P-02151,3,865000,2595000
D-001891,O-000641,P-03343,3,262000,786000
D-001892,O-001137,P-00494,5,2638000,13190000
D-001893,O-001303,P-01005,2,120000,240000
D-001894,O-001657,P-00157,2,2159000,4318000
D-001895,O-001811,P-03628,4,1186000,4744000
D-001896,O-000218,P-01257,5,1190000,5950000
D-001897,O-001317,P-01329,2,1258000,2516000
D-001898,O-002018,P-00794,1,422000,422000
D-001899,O-000525,P-01663,4,2304000,9216000
D-001900,O-001905,P-02147,3,1587000,4761000
D-001901,O-002238,P-02267,2,468000,936000
D-001902,O-001131,P-00700,5,2262000,11310000
D-001903,O-000266,P-00352,2,2985000,5970000
D-001904,O-000823,P-02871,4,1447000,5788000
D-001905,O-001395,P-00141,2,1912000,3824000
D-001906,O-000964,P-02475,5,262000,1310000
D-001907,O-000361,P-03579,4,2353000,9412000
D-001908,O-001381,P-02260,2,2232000,4464000
D-001909,O-001356,P-03626,4,2659000,10636000
D-001910,O-000926,P-02742,2,500000,1000000
D-001911,O-000888,P-00498,3,1636000,4908000
D-001912,O-001189,P-03528,2,1161000,2322000
D-001913,O-000918,P-02653,4,2102000,8408000
D-001914,O-001910,P-02495,1,2922000,2922000
D-001915,O-000575,P-03334,5,1959000,9795000
D-001916,O-001002,P-04332,4,2007000,8028000
D-001917,O-002123,P-04773,2,1411000,2822000
D-001918,O-001114,P-01434,5,2149000,10745000
D-001919,O-002185,P-04254,5,1456000,7280000
D-001920,O-001118,P-03473,5,1179000,5895000
D-001921,O-000805,P-00900,3,1756000,5268000
D-001922,O-001162,P-01026,4,1208000,4832000
D-001923,O-002359,P-03987,3,369000,1107000
D-001924,O-000898,P-04584,5,1482000,7410000
D-001925,O-000839,P-03494,1,1288000,1288000
D-001926,O-001127,P-03854,4,782000,3128000
D-001927,O-001360,P-03346,2,277000,554000
D-001928,O-001050,P-04253,5,2984000,14920000
D-001929,O-001577,P-00662,4,1882000,7528000
D-001930,O-000005,P-00500,1,2821000,2821000
D-001931,O-000945,P-03577,2,90000,180000
D-001932,O-001589,P-01640,4,1852000,7408000
D-001933,O-001719,P-03601,3,2495000,7485000
D-001934,O-002216,P-01551,3,2547000,7641000
D-001935,O-001922,P-01489,1,1085000,1085000
D-001936,O-001420,P-01913,1,370000,370000
D-001937,O-001835,P-02835,5,777000,3885000
D-001938,O-001245,P-03180,5,1055000,5275000
D-001939,O-000355,P-03664,4,1235000,4940000
D-001940,O-001406,P-01574,2,1497000,2994000
D-001941,O-000965,P-03646,3,2981000,8943000
D-001942,O-002166,P-02244,2,2821000,5642000
D-001943,O-001463,P-00233,2,976000,1952000
D-001944,O-001110,P-02048,2,2883000,5766000
D-001945,O-000721,P-03010,3,2209000,6627000
D-001946,O-002164,P-03526,4,1130000,4520000
D-001947,O-001353,P-04685,5,2601000,13005000
D-001948,O-002084,P-01979,3,1836000,5508000
D-001949,O-000051,P-01859,1,952000,952000
D-001950,O-000988,P-00523,1,1705000,1705000
D-001951,O-000364,P-04764,5,798000,3990000
D-001952,O-001075,P-03388,1,2929000,2929000
D-001953,O-001164,P-01329,1,940000,940000
D-001954,O-000225,P-01009,5,2783000,13915000
D-001955,O-001138,P-03954,1,699000,699000
D-001956,O-000695,P-00222,1,1763000,1763000
D-001957,O-001412,P-00267,5,2331000,11655000
D-001958,O-001850,P-01742,1,2245000,2245000
D-001959,O-001719,P-03045,3,1057000,3171000
D-001960,O-002360,P-03356,5,1369000,6845000
D-001961,O-000196,P-04439,5,662000,3310000
D-001962,O-000275,P-03514,2,2242000,4484000
D-001963,O-000662,P-02391,1,1213000,1213000
D-001964,O-002120,P-04860,1,1285000,1285000
D-001965,O-001178,P-00119,1,1449000,1449000
D-001966,O-002466,P-02633,3,526000,1578000
D-001967,O-000223,P-02685,3,1379000,4137000
D-001968,O-000181,P-02741,1,2582000,2582000
D-001969,O-001706,P-03473,1,743000,743000
D-001970,O-001568,P-00649,3,1180000,3540000
D-001971,O-002233,P-03753,3,2513000,7539000
D-001972,O-002283,P-03171,2,1620000,3240000
D-001973,O-001642,P-03615,4,2868000,11472000
D-001974,O-002467,P-01387,1,482000,482000
D-001975,O-002328,P-00800,4,284000,1136000
D-001976,O-001872,P-01923,1,1684000,1684000
D-001977,O-000063,P-00957,2,1516000,3032000
D-001978,O-001645,P-00382,1,170000,170000
D-001979,O-001073,P-00680,1,1948000,1948000
D-001980,O-001983,P-03831,5,578000,2890000
D-001981,O-000873,P-02408,5,1130000,5650000
D-001982,O-001017,P-01744,1,2599000,2599000
D-001983,O-000334,P-00199,4,2012000,8048000
D-001984,O-000593,P-00567,5,1351000,6755000
D-001985,O-001922,P-01373,2,2889000,5778000
D-001986,O-000295,P-01045,2,682000,1364000
D-001987,O-000258,P-00903,4,1229000,4916000
D-001988,O-001388,P-00874,2,58000,116000
D-001989,O-000868,P-02663,1,1118000,1118000
D-001990,O-000984,P-03529,3,2959000,8877000
D-001991,O-002134,P-03235,3,928000,2784000
D-001992,O-001558,P-01501,3,2735000,8205000
D-001993,O-000873,P-00473,4,145000,580000
D-001994,O-001416,P-02387,4,503000,2012000
D-001995,O-002324,P-00934,4,2889000,11556000
D-001996,O-001964,P-01812,1,2988000,2988000
D-001997,O-000178,P-00834,5,2184000,10920000
D-001998,O-002225,P-03860,5,2475000,12375000
D-001999,O-002454,P-01534,5,1111000,5555000
D-002000,O-000955,P-01987,2,1077000,2154000
D-002001,O-001096,P-00341,4,554000,2216000
D-002002,O-002079,P-04486,1,2040000,2040000
D-002003,O-000742,P-02219,5,575000,2875000
D-002004,O-000432,P-01720,3,504000,1512000
D-002005,O-000437,P-02943,1,1479000,1479000
D-002006,O-000016,P-04228,4,2561000,10244000
D-002007,O-000824,P-01351,5,2558000,12790000
D-002008,O-001857,P-01437,2,1065000,2130000
D-002009,O-001854,P-01402,2,2603000,5206000
D-002010,O-000675,P-04093,2,498000,996000
D-002011,O-000510,P-00065,4,2958000,11832000
D-002012,O-000645,P-00246,2,2595000,5190000
D-002013,O-002084,P-00025,4,1819000,7276000
D-002014,O-001954,P-00984,1,2862000,2862000
D-002015,O-002335,P-00177,4,2518000,10072000
D-002016,O-001073,P-04717,2,2826000,5652000
D-002017,O-002000,P-02777,1,2067000,2067000
D-002018,O-002306,P-03794,3,1322000,3966000
D-002019,O-001343,P-01504,1,336000,336000
D-002020,O-001585,P-02556,3,445000,1335000
D-002021,O-001258,P-02468,3,1090000,3270000
D-002022,O-001232,P-02372,5,2472000,12360000
D-002023,O-002467,P-01246,5,1515000,7575000
D-002024,O-001794,P-01338,4,810000,3240000
D-002025,O-000639,P-01805,3,1013000,3039000
D-002026,O-000724,P-04853,3,946000,2838000
D-002027,O-001212,P-02122,3,2998000,8994000
D-002028,O-000572,P-00170,2,1520000,3040000
D-002029,O-000071,P-01219,4,331000,1324000
D-002030,O-001339,P-00711,2,1407000,2814000
D-002031,O-001672,P-00354,5,533000,2665000
D-002032,O-000909,P-00675,4,1815000,7260000
D-002033,O-000557,P-02899,4,1602000,6408000
D-002034,O-000127,P-00699,3,476000,1428000
D-002035,O-001023,P-02033,4,2822000,11288000
D-002036,O-000349,P-04935,1,70000,70000
D-002037,O-000487,P-02339,5,921000,4605000
D-002038,O-000429,P-03151,1,153000,153000
D-002039,O-001329,P-00894,4,2975000,11900000
D-002040,O-001094,P-02585,3,2221000,6663000
D-002041,O-000826,P-03759,2,2435000,4870000
D-002042,O-002419,P-00078,4,999000,3996000
D-002043,O-001439,P-04306,3,251000,753000
D-002044,O-002321,P-01433,4,1308000,5232000
D-002045,O-000176,P-00414,4,2326000,9304000
D-002046,O-002365,P-02709,4,2596000,10384000
D-002047,O-000881,P-02464,4,473000,1892000
D-002048,O-002437,P-03172,4,1702000,6808000
D-002049,O-001562,P-02697,4,909000,3636000
D-002050,O-000528,P-00690,2,927000,1854000
D-002051,O-002312,P-02539,4,1605000,6420000
D-002052,O-001463,P-00861,5,419000,2095000
D-002053,O-002421,P-02614,5,1666000,8330000
D-002054,O-001013,P-04004,4,1842000,7368000
D-002055,O-000737,P-04371,1,1458000,1458000
D-002056,O-001294,P-00905,5,1491000,7455000
D-002057,O-001592,P-01500,5,834000,4170000
D-002058,O-001515,P-00375,3,2764000,8292000
D-002059,O-000360,P-01151,4,2774000,11096000
D-002060,O-001337,P-02821,4,208000,832000
D-002061,O-000551,P-04564,3,385000,1155000
D-002062,O-001171,P-03467,3,2295000,6885000
D-002063,O-001211,P-00269,1,1781000,1781000
D-002064,O-001687,P-02596,1,545000,545000
D-002065,O-001274,P-03331,3,1359000,4077000
D-002066,O-001272,P-04905,2,262000,524000
D-002067,O-001689,P-01121,2,2867000,5734000
D-002068,O-001340,P-04986,4,1384000,5536000
D-002069,O-001585,P-03363,2,2651000,5302000
D-002070,O-002269,P-04859,1,1162000,1162000
D-002071,O-001551,P-00079,5,2347000,11735000
D-002072,O-000105,P-00307,2,1548000,3096000
D-002073,O-000810,P-03085,5,2584000,12920000
D-002074,O-001258,P-04820,5,1216000,6080000
D-002075,O-001536,P-04230,5,1336000,6680000
D-002076,O-001329,P-03543,1,1591000,1591000
D-002077,O-001563,P-00654,3,2835000,8505000
D-002078,O-000223,P-02907,1,933000,933000
D-002079,O-001775,P-02856,3,554000,1662000
D-002080,O-000477,P-01848,2,226000,452000
D-002081,O-002354,P-03176,2,2614000,5228000
D-002082,O-001442,P-02029,3,2032000,6096000
D-002083,O-000512,P-01139,3,623000,1869000
D-002084,O-002301,P-01873,2,151000,302000
D-002085,O-002094,P-00829,5,992000,4960000
D-002086,O-000400,P-00712,2,965000,1930000
D-002087,O-001563,P-01438,1,1978000,1978000
D-002088,O-001988,P-02708,1,2905000,2905000
D-002089,O-001045,P-04238,5,272000,1360000
D-002090,O-002071,P-00925,1,801000,801000
D-002091,O-000274,P-02951,3,678000,2034000
D-002092,O-002046,P-02311,4,137000,548000
D-002093,O-001232,P-02224,1,2971000,2971000
D-002094,O-001252,P-03652,3,174000,522000
D-002095,O-000105,P-04385,2,1080000,2160000
D-002096,O-001577,P-01756,3,688000,2064000
D-002097,O-001470,P-01703,5,396000,1980000
D-002098,O-001381,P-01537,3,551000,1653000
D-002099,O-000657,P-01794,2,1034000,2068000
D-002100,O-000779,P-02304,4,2027000,8108000
D-002101,O-002428,P-00809,3,1287000,3861000
D-002102,O-000480,P-02911,1,887000,887000
D-002103,O-001122,P-04486,5,1930000,9650000
D-002104,O-002057,P-00091,3,2213000,6639000
D-002105,O-002157,P-00058,1,1326000,1326000
D-002106,O-001922,P-02620,2,2403000,4806000
D-002107,O-000359,P-03191,5,2244000,11220000
D-002108,O-001690,P-04766,1,324000,324000
D-002109,O-001975,P-03524,3,988000,2964000
D-002110,O-001333,P-03741,4,2512000,10048000
D-002111,O-000798,P-00903,2,2085000,4170000
D-002112,O-001959,P-00752,3,214000,642000
D-002113,O-000401,P-03616,1,539000,539000
D-002114,O-000343,P-04949,4,1154000,4616000
D-002115,O-000495,P-03056,5,1737000,8685000
D-002116,O-001596,P-04680,5,730000,3650000
D-002117,O-000630,P-00300,3,1620000,4860000
D-002118,O-002139,P-02663,2,2895000,5790000
D-002119,O-002356,P-02956,4,1610000,6440000
D-002120,O-002479,P-02843,4,1720000,6880000
D-002121,O-001957,P-01454,5,1451000,7255000
D-002122,O-000281,P-02068,5,2796000,13980000
D-002123,O-001551,P-02871,4,1755000,7020000
D-002124,O-000678,P-01226,2,2511000,5022000
D-002125,O-001306,P-04242,3,89000,267000
D-002126,O-002076,P-02342,1,1090000,1090000
D-002127,O-001251,P-01104,1,2848000,2848000
D-002128,O-002444,P-04278,5,589000,2945000
D-002129,O-001623,P-00881,5,2623000,13115000
D-002130,O-002328,P-02943,4,2731000,10924000
D-002131,O-000497,P-00855,3,704000,2112000
D-002132,O-000902,P-02781,4,1600000,6400000
D-002133,O-000495,P-01597,4,1356000,5424000
D-002134,O-000934,P-01173,3,2984000,8952000
D-002135,O-001131,P-02057,3,2643000,7929000
D-002136,O-001027,P-04942,4,1214000,4856000
D-002137,O-000051,P-03604,2,1308000,2616000
D-002138,O-000643,P-00383,3,2198000,6594000
D-002139,O-001047,P-03771,1,279000,279000
D-002140,O-001797,P-01597,5,857000,4285000
D-002141,O-000869,P-02782,1,1232000,1232000
D-002142,O-000202,P-04841,3,357000,1071000
D-002143,O-002414,P-03568,3,687000,2061000
D-002144,O-002367,P-00243,4,1124000,4496000
D-002145,O-001871,P-01303,2,680000,1360000
D-002146,O-000322,P-04854,3,1993000,5979000
D-002147,O-000962,P-00598,1,652000,652000
D-002148,O-001920,P-03868,3,2234000,6702000
D-002149,O-001313,P-01048,4,226000,904000
D-002150,O-000491,P-02149,4,1199000,4796000
D-002151,O-001272,P-00114,1,2740000,2740000
D-002152,O-002271,P-00777,2,1136000,2272000
D-002153,O-001585,P-04950,2,1808000,3616000
D-002154,O-001844,P-01752,4,1100000,4400000
D-002155,O-000724,P-04241,1,2647000,2647000
D-002156,O-000716,P-04036,3,2202000,6606000
D-002157,O-001797,P-02385,5,1869000,9345000
D-002158,O-001647,P-01846,1,1550000,1550000
D-002159,O-000925,P-02466,2,1105000,2210000
D-002160,O-001227,P-00346,5,2840000,14200000
D-002161,O-001679,P-02941,3,1686000,5058000
D-002162,O-002126,P-01317,1,747000,747000
D-002163,O-002220,P-03721,3,2051000,6153000
D-002164,O-001719,P-04505,5,1940000,9700000
D-002165,O-000175,P-04792,3,2003000,6009000
D-002166,O-000972,P-00533,2,2481000,4962000
D-002167,O-001888,P-03283,4,2498000,9992000
D-002168,O-001720,P-03890,3,2767000,8301000
D-002169,O-001138,P-04365,2,1596000,3192000
D-002170,O-001425,P-01197,1,2879000,2879000
D-002171,O-000034,P-03185,1,2214000,2214000
D-002172,O-001922,P-00169,2,2873000,5746000
D-002173,O-002055,P-03975,5,2077000,10385000
D-002174,O-002358,P-00050,4,1618000,6472000
D-002175,O-000644,P-00905,2,1672000,3344000
D-002176,O-002050,P-03579,4,2860000,11440000
D-002177,O-000347,P-02148,4,2907000,11628000
D-002178,O-001212,P-02922,1,558000,558000
D-002179,O-001927,P-01841,2,2568000,5136000
D-002180,O-000576,P-01404,4,2716000,10864000
D-002181,O-002027,P-04463,5,2260000,11300000
D-002182,O-001131,P-01111,2,1321000,2642000
D-002183,O-000859,P-03771,4,2324000,9296000
D-002184,O-000477,P-00337,3,1416000,4248000
D-002185,O-001312,P-04523,5,1964000,9820000
D-002186,O-002251,P-02097,1,1369000,1369000
D-002187,O-001828,P-00040,1,1148000,1148000
D-002188,O-001701,P-03085,3,237000,711000
D-002189,O-002264,P-03752,4,1735000,6940000
D-002190,O-000446,P-03722,4,2972000,11888000
D-002191,O-002291,P-04207,1,1158000,1158000
D-002192,O-002465,P-02690,1,2420000,2420000
D-002193,O-002367,P-03794,3,430000,1290000
D-002194,O-001342,P-02926,4,2039000,8156000
D-002195,O-001812,P-00113,5,1770000,8850000
D-002196,O-002203,P-00960,2,1858000,3716000
D-002197,O-001441,P-02641,5,2340000,11700000
D-002198,O-002036,P-03291,1,711000,711000
D-002199,O-000992,P-03175,4,2244000,8976000
D-002200,O-001737,P-02224,2,2687000,5374000
D-002201,O-001706,P-03268,1,1960000,1960000
D-002202,O-001072,P-01464,4,2427000,9708000
D-002203,O-001397,P-00972,3,1700000,5100000
D-002204,O-000028,P-02741,4,2730000,10920000
D-002205,O-002017,P-03528,1,290000,290000
D-002206,O-002429,P-04448,4,79000,316000
D-002207,O-001294,P-01023,3,2335000,7005000
D-002208,O-001588,P-01250,2,1060000,2120000
D-002209,O-001088,P-01750,5,2886000,14430000
D-002210,O-002280,P-03032,3,2648000,7944000
D-002211,O-000192,P-00581,5,1602000,8010000
D-002212,O-002335,P-04126,1,215000,215000
D-002213,O-000290,P-00239,5,322000,1610000
D-002214,O-001495,P-03629,2,2384000,4768000
D-002215,O-001036,P-00073,3,480000,1440000
D-002216,O-001347,P-02545,5,2406000,12030000
D-002217,O-000761,P-00906,5,1165000,5825000
D-002218,O-000462,P-03357,5,2374000,11870000
D-002219,O-001869,P-04554,4,1974000,7896000
D-002220,O-001226,P-01937,5,792000,3960000
D-002221,O-002181,P-04278,3,83000,249000
D-002222,O-001376,P-01292,1,977000,977000
D-002223,O-001592,P-03011,5,1938000,9690000
D-002224,O-000058,P-04679,4,458000,1832000
D-002225,O-002030,P-01919,3,462000,1386000
D-002226,O-001550,P-03566,5,2607000,13035000
D-002227,O-000847,P-01767,2,72000,144000
D-002228,O-001406,P-04619,1,710000,710000
D-002229,O-001087,P-00664,3,2105000,6315000
D-002230,O-001662,P-04797,2,1200000,2400000
D-002231,O-001873,P-01772,4,2781000,11124000
D-002232,O-001484,P-01317,3,442000,1326000
D-002233,O-002198,P-01712,5,2107000,10535000
D-002234,O-000480,P-04415,2,1158000,2316000
D-002235,O-000755,P-02275,2,1817000,3634000
D-002236,O-000032,P-01922,4,2289000,9156000
D-002237,O-000271,P-01043,5,1812000,9060000
D-002238,O-001022,P-03027,3,568000,1704000
D-002239,O-001017,P-03681,5,1379000,6895000
D-002240,O-001505,P-04256,3,582000,1746000
D-002241,O-000114,P-01472,5,316000,1580000
D-002242,O-002212,P-00538,4,1588000,6352000
D-002243,O-001335,P-03134,5,2527000,12635000
D-002244,O-000286,P-04294,1,1509000,1509000
D-002245,O-000679,P-00198,3,1596000,4788000
D-002246,O-002115,P-00506,2,836000,1672000
D-002247,O-002241,P-01859,2,2118000,4236000
D-002248,O-000157,P-03979,1,1852000,1852000
D-002249,O-000355,P-02978,2,224000,448000
D-002250,O-000384,P-00971,4,1668000,6672000
D-002251,O-001695,P-02220,4,2866000,11464000
D-002252,O-000730,P-01987,5,2409000,12045000
D-002253,O-001535,P-02483,3,1261000,3783000
D-002254,O-001085,P-00351,5,840000,4200000
D-002255,O-000555,P-02888,3,1907000,5721000
D-002256,O-002077,P-04488,3,544000,1632000
D-002257,O-001111,P-03864,2,2556000,5112000
D-002258,O-000714,P-03305,1,525000,525000
D-002259,O-000414,P-04767,1,2083000,2083000
D-002260,O-001463,P-02205,1,1893000,1893000
D-002261,O-000224,P-00102,2,1823000,3646000
D-002262,O-001588,P-02658,2,1123000,2246000
D-002263,O-000417,P-02843,2,918000,1836000
D-002264,O-002032,P-02176,5,761000,3805000
D-002265,O-001761,P-00984,5,763000,3815000
D-002266,O-002350,P-00893,2,2429000,4858000
D-002267,O-001261,P-00973,4,572000,2288000
D-002268,O-001616,P-04542,5,631000,3155000
D-002269,O-000020,P-00685,3,2902000,8706000
D-002270,O-002123,P-01074,2,2103000,4206000
D-002271,O-000512,P-01823,3,1662000,4986000
D-002272,O-001760,P-01705,3,1907000,5721000
D-002273,O-000862,P-01537,4,1748000,6992000
D-002274,O-000419,P-02236,1,1988000,1988000
D-002275,O-000361,P-01479,5,2925000,14625000
D-002276,O-000384,P-00321,1,2804000,2804000
D-002277,O-001023,P-03661,4,973000,3892000
D-002278,O-002325,P-01601,5,998000,4990000
D-002279,O-001470,P-01090,1,2134000,2134000
D-002280,O-000603,P-00150,4,296000,1184000
D-002281,O-000006,P-01703,1,584000,584000
D-002282,O-000298,P-04942,1,725000,725000
D-002283,O-001235,P-02517,1,261000,261000
D-002284,O-000750,P-02334,5,1925000,9625000
D-002285,O-002011,P-02619,3,268000,804000
D-002286,O-001647,P-01122,2,138000,276000
D-002287,O-002478,P-04785,4,2992000,11968000
D-002288,O-001478,P-00196,2,2884000,5768000
D-002289,O-002311,P-02416,5,884000,4420000
D-002290,O-000970,P-00006,5,1947000,9735000
D-002291,O-001368,P-03754,4,1244000,4976000
D-002292,O-002212,P-00595,5,586000,2930000
D-002293,O-001163,P-03409,2,88000,176000
D-002294,O-000990,P-03927,3,450000,1350000
D-002295,O-002097,P-03592,3,1286000,3858000
D-002296,O-000408,P-01012,3,1671000,5013000
D-002297,O-000662,P-02808,3,1121000,3363000
D-002298,O-000546,P-02083,2,2657000,5314000
D-002299,O-000465,P-00463,5,1410000,7050000
D-002300,O-001699,P-01674,4,1819000,7276000
D-002301,O-000589,P-02412,2,1221000,2442000
D-002302,O-001659,P-02409,5,274000,1370000
D-002303,O-001491,P-02039,4,326000,1304000
D-002304,O-000616,P-00019,1,1559000,1559000
D-002305,O-001782,P-04094,3,1937000,5811000
D-002306,O-002443,P-03966,3,568000,1704000
D-002307,O-000472,P-01914,5,2476000,12380000
D-002308,O-000635,P-02492,2,531000,1062000
D-002309,O-000730,P-03797,5,415000,2075000
D-002310,O-000634,P-01440,4,2576000,10304000
D-002311,O-001184,P-04322,5,1666000,8330000
D-002312,O-002430,P-03173,4,2710000,10840000
D-002313,O-001891,P-04576,2,134000,268000
D-002314,O-002123,P-02838,4,1446000,5784000
D-002315,O-000804,P-03904,1,2034000,2034000
D-002316,O-002058,P-00280,3,2488000,7464000
D-002317,O-000321,P-04763,4,2060000,8240000
D-002318,O-001834,P-01368,2,2650000,5300000
D-002319,O-000020,P-02937,5,1102000,5510000
D-002320,O-001580,P-02866,3,922000,2766000
D-002321,O-000178,P-04182,3,604000,1812000
D-002322,O-002248,P-02101,4,1610000,6440000
D-002323,O-000430,P-03976,5,931000,4655000
D-002324,O-000243,P-03419,3,1480000,4440000
D-002325,O-001045,P-00456,5,1976000,9880000
D-002326,O-000142,P-00490,1,1500000,1500000
D-002327,O-002270,P-03350,4,2765000,11060000
D-002328,O-000852,P-03751,4,1182000,4728000
D-002329,O-002106,P-00203,5,1792000,8960000
D-002330,O-002337,P-03388,3,2701000,8103000
D-002331,O-001825,P-04981,2,2067000,4134000
D-002332,O-001106,P-02001,3,829000,2487000
D-002333,O-002102,P-00180,1,1366000,1366000
D-002334,O-000335,P-00724,2,1216000,2432000
D-002335,O-001380,P-01021,1,2146000,2146000
D-002336,O-002169,P-02700,1,280000,280000
D-002337,O-001809,P-00793,4,2177000,8708000
D-002338,O-002338,P-00514,3,1806000,5418000
D-002339,O-000296,P-02402,3,1611000,4833000
D-002340,O-002202,P-03312,1,1244000,1244000
D-002341,O-002328,P-02821,1,2524000,2524000
D-002342,O-001383,P-02766,3,677000,2031000
D-002343,O-000405,P-00612,4,2086000,8344000
D-002344,O-001980,P-02395,1,1427000,1427000
D-002345,O-000599,P-03823,4,1421000,5684000
D-002346,O-000451,P-00872,1,1711000,1711000
D-002347,O-001435,P-02520,4,750000,3000000
D-002348,O-002188,P-01823,4,2929000,11716000
D-002349,O-000417,P-00758,2,361000,722000
D-002350,O-000271,P-02914,2,2886000,5772000
D-002351,O-001002,P-00371,1,2076000,2076000
D-002352,O-001900,P-03040,1,2297000,2297000
D-002353,O-002320,P-00540,4,2097000,8388000
D-002354,O-001964,P-01864,4,1649000,6596000
D-002355,O-001821,P-04809,3,393000,1179000
D-002356,O-001133,P-04097,3,564000,1692000
D-002357,O-002151,P-01692,5,2241000,11205000
D-002358,O-000170,P-03665,4,1015000,4060000
D-002359,O-002486,P-01809,1,1149000,1149000
D-002360,O-000052,P-03587,1,1374000,1374000
D-002361,O-000959,P-02034,3,1515000,4545000
D-002362,O-001081,P-03078,1,2482000,2482000
D-002363,O-000828,P-04731,4,1926000,7704000
D-002364,O-002402,P-01657,4,2916000,11664000
D-002365,O-001032,P-03890,1,1578000,1578000
D-002366,O-001619,P-03341,5,2834000,14170000
D-002367,O-000202,P-01623,1,2321000,2321000
D-002368,O-000348,P-04762,3,1616000,4848000
D-002369,O-000871,P-04971,2,917000,1834000
D-002370,O-000065,P-02926,5,1654000,8270000
D-002371,O-001566,P-03749,4,610000,2440000
D-002372,O-002011,P-01233,2,1742000,3484000
D-002373,O-002074,P-03580,3,1996000,5988000
D-002374,O-001244,P-02647,1,2667000,2667000
D-002375,O-001388,P-00124,4,622000,2488000
D-002376,O-002041,P-01879,4,1573000,6292000
D-002377,O-000202,P-02825,2,2470000,4940000
D-002378,O-000260,P-01299,5,1578000,7890000
D-002379,O-000019,P-01808,3,1304000,3912000
D-002380,O-002127,P-01044,1,1235000,1235000
D-002381,O-001962,P-01644,1,506000,506000
D-002382,O-002323,P-00762,2,2356000,4712000
D-002383,O-000916,P-02690,5,2442000,12210000
D-002384,O-001232,P-03559,5,871000,4355000
D-002385,O-000348,P-04789,1,174000,174000
D-002386,O-001683,P-00808,5,451000,2255000
D-002387,O-001061,P-01209,4,924000,3696000
D-002388,O-001263,P-04497,2,1991000,3982000
D-002389,O-001349,P-01791,4,2786000,11144000
D-002390,O-001711,P-00824,2,2543000,5086000
D-002391,O-000736,P-04038,2,2315000,4630000
D-002392,O-000387,P-03522,4,902000,3608000
D-002393,O-002282,P-02477,4,2646000,10584000
D-002394,O-000047,P-03487,1,1805000,1805000
D-002395,O-001747,P-00053,2,2808000,5616000
D-002396,O-001874,P-03739,2,2045000,4090000
D-002397,O-002122,P-02890,2,2794000,5588000
D-002398,O-000475,P-03136,2,971000,1942000
D-002399,O-001500,P-02312,1,2695000,2695000
D-002400,O-001893,P-02774,3,1500000,4500000
D-002401,O-000679,P-04007,5,903000,4515000
D-002402,O-002390,P-01051,1,565000,565000
D-002403,O-000224,P-03937,1,813000,813000
D-002404,O-002236,P-04855,2,493000,986000
D-002405,O-001934,P-04075,5,2355000,11775000
D-002406,O-001986,P-02265,5,1170000,5850000
D-002407,O-000274,P-00735,3,1799000,5397000
D-002408,O-001979,P-04433,1,1370000,1370000
D-002409,O-001212,P-04549,1,2299000,2299000
D-002410,O-000220,P-00292,1,2640000,2640000
D-002411,O-002112,P-04573,5,1525000,7625000
D-002412,O-000637,P-04203,3,2279000,6837000
D-002413,O-001316,P-02264,4,1867000,7468000
D-002414,O-002168,P-03648,1,539000,539000
D-002415,O-000192,P-03975,3,2290000,6870000
D-002416,O-000296,P-00548,2,564000,1128000
D-002417,O-000019,P-04957,2,2985000,5970000
D-002418,O-002465,P-02540,4,1360000,5440000
D-002419,O-002229,P-02191,3,1786000,5358000
D-002420,O-000971,P-01513,1,2844000,2844000
D-002421,O-001997,P-00253,3,2779000,8337000
D-002422,O-000759,P-02870,4,315000,1260000
D-002423,O-001854,P-03881,1,91000,91000
D-002424,O-001276,P-02528,2,2779000,5558000
D-002425,O-001217,P-01395,3,1537000,4611000
D-002426,O-001692,P-03508,2,362000,724000
D-002427,O-000766,P-01635,3,1064000,3192000
D-002428,O-001611,P-02739,1,2819000,2819000
D-002429,O-000434,P-02715,5,668000,3340000
D-002430,O-000860,P-00039,4,1573000,6292000
D-002431,O-000824,P-00979,3,980000,2940000
D-002432,O-000302,P-04696,5,2738000,13690000
D-002433,O-000862,P-00992,4,2496000,9984000
D-002434,O-000326,P-00650,3,145000,435000
D-002435,O-000987,P-03290,1,2418000,2418000
D-002436,O-002007,P-00567,4,2085000,8340000
D-002437,O-002291,P-02313,1,2050000,2050000
D-002438,O-000915,P-03633,2,1991000,3982000
D-002439,O-001387,P-04928,5,198000,990000
D-002440,O-000410,P-01868,3,1385000,4155000
D-002441,O-002016,P-00453,4,398000,1592000
D-002442,O-000910,P-00005,2,997000,1994000
D-002443,O-001663,P-00876,5,2924000,14620000
D-002444,O-000983,P-04117,4,2191000,8764000
D-002445,O-001497,P-02912,2,846000,1692000
D-002446,O-002400,P-00560,5,2348000,11740000
D-002447,O-002202,P-00222,1,162000,162000
D-002448,O-001720,P-04367,5,2164000,10820000
D-002449,O-000873,P-04912,1,421000,421000
D-002450,O-000481,P-04333,1,2155000,2155000
D-002451,O-002367,P-00427,3,2068000,6204000
D-002452,O-000422,P-04528,2,218000,436000
D-002453,O-001871,P-03255,2,2449000,4898000
D-002454,O-000804,P-03486,4,1514000,6056000
D-002455,O-000156,P-00661,3,1462000,4386000
D-002456,O-000383,P-03654,3,2440000,7320000
D-002457,O-000880,P-04231,1,1275000,1275000
D-002458,O-001739,P-02746,2,1328000,2656000
D-002459,O-000633,P-00304,4,413000,1652000
D-002460,O-001582,P-02943,1,1493000,1493000
D-002461,O-001174,P-00047,5,2353000,11765000
D-002462,O-000283,P-03059,4,1238000,4952000
D-002463,O-000124,P-00679,3,2442000,7326000
D-002464,O-002453,P-04795,1,1446000,1446000
D-002465,O-001543,P-03984,3,728000,2184000
D-002466,O-002317,P-04623,5,411000,2055000
D-002467,O-000636,P-03678,3,662000,1986000
D-002468,O-001981,P-03219,3,893000,2679000
D-002469,O-000628,P-04773,3,973000,2919000
D-002470,O-000856,P-00347,2,2225000,4450000
D-002471,O-000553,P-01016,2,2405000,4810000
D-002472,O-000809,P-03929,4,2898000,11592000
D-002473,O-000731,P-03625,3,905000,2715000
D-002474,O-000700,P-01041,1,1669000,1669000
D-002475,O-002461,P-04860,5,2019000,10095000
D-002476,O-002092,P-03914,3,2186000,6558000
D-002477,O-001830,P-00318,1,598000,598000
D-002478,O-000452,P-04591,1,852000,852000
D-002479,O-000799,P-02224,4,309000,1236000
D-002480,O-000013,P-01905,3,2225000,6675000
D-002481,O-000154,P-04958,1,988000,988000
D-002482,O-001685,P-02610,2,1897000,3794000
D-002483,O-002278,P-04846,5,1384000,6920000
D-002484,O-000425,P-04356,1,1856000,1856000
D-002485,O-000015,P-00474,3,967000,2901000
D-002486,O-002448,P-01496,2,2013000,4026000
D-002487,O-001161,P-03529,2,1105000,2210000
D-002488,O-000503,P-04537,1,177000,177000
D-002489,O-002357,P-04733,3,1493000,4479000
D-002490,O-002492,P-03818,2,494000,988000
D-002491,O-001715,P-02777,2,1515000,3030000
D-002492,O-001501,P-00429,3,269000,807000
D-002493,O-000680,P-00363,1,1230000,1230000
D-002494,O-001326,P-00577,5,276000,1380000
D-002495,O-001358,P-03088,5,433000,2165000
D-002496,O-000487,P-04522,3,795000,2385000
D-002497,O-000532,P-02006,5,176000,880000
D-002498,O-000761,P-02080,1,2853000,2853000
D-002499,O-000979,P-00094,1,1651000,1651000
D-002500,O-001059,P-01294,2,1086000,2172000
