productId,name,brand,category,price,stock,description
P-00001,Razer Balo V2,Razer,Balo,4280000,239,San pham chat luong cao
P-00002,Razer Ong Nhom Premium,Razer,Ong Nhom,1950000,221,San pham chat luong cao
P-00003,Anker Dong Ho Sport,Anker,Dong Ho,748000,164,San pham chat luong cao
P-00004,Apple Quat Mini Sport,Apple,Quat Mini,4203000,58,San pham chat luong cao
P-00005,Logitech Balo Sport,Logitech,Balo,807000,132,San pham chat luong cao
P-00006,Asus Giay Classic,Asus,Giay,4231000,495,San pham chat luong cao
P-00007,Asus Cap Sac Ultra,Asus,Cap Sac,582000,335,San pham chat luong cao
P-00008,HP Monitor Sport,HP,Monitor,246000,320,San pham chat luong cao
P-00009,Razer Quat Mini Plus,Razer,Quat Mini,3892000,258,San pham chat luong cao
P-00010,Apple Tai Nghe Plus,Apple,Tai Nghe,2560000,405,San pham chat luong cao
P-00011,Asus Giay Mini,Asus,Giay,937000,143,San pham chat luong cao
P-00012,Logitech Laptop Sport,Logitech,Laptop,1486000,280,San pham chat luong cao
P-00013,Samsung Monitor XL,Samsung,Monitor,4749000,486,San pham chat luong cao
P-00014,JBL Giay V2,JBL,Giay,4472000,441,San pham chat luong cao
P-00015,Apple Dong Ho Premium,Apple,Dong Ho,3318000,453,San pham chat luong cao
P-00016,Apple May Anh Plus,Apple,May Anh,3260000,422,San pham chat luong cao
P-00017,Samsung Quat Mini XL,Samsung,Quat Mini,1018000,52,San pham chat luong cao
P-00018,Anker Cap Sac Sport,Anker,Cap Sac,736000,112,San pham chat luong cao
P-00019,Xiaomi May Anh Plus,Xiaomi,May Anh,3474000,154,San pham chat luong cao
P-00020,Samsung Cap Sac XL,Samsung,Cap Sac,2040000,321,San pham chat luong cao
P-00021,JBL Balo Premium,JBL,Balo,1033000,140,San pham chat luong cao
P-00022,Anker Dong Ho V2,Anker,Dong Ho,134000,228,San pham chat luong cao
P-00023,Samsung Tai Nghe Ultra,Samsung,Tai Nghe,1909000,493,San pham chat luong cao
P-00024,HP Webcam Ultra,HP,Webcam,200000,107,San pham chat luong cao
P-00025,JBL Ong Nhom Ultra,JBL,Ong Nhom,2249000,99,San pham chat luong cao
P-00026,Razer May Anh V2,Razer,May Anh,3652000,161,San pham chat luong cao
P-00027,Anker Webcam Plus,Anker,Webcam,4462000,445,San pham chat luong cao
P-00028,Razer Ong Nhom Mini,Razer,Ong Nhom,4307000,490,San pham chat luong cao
P-00029,Logitech Loa V2,Logitech,Loa,2366000,358,San pham chat luong cao
P-00030,Logitech Kinh Mat Mini,Logitech,Kinh Mat,2773000,367,San pham chat luong cao
P-00031,Razer Kinh Mat Mini,Razer,Kinh Mat,4233000,289,San pham chat luong cao
P-00032,Samsung Quat Mini Premium,Samsung,Quat Mini,2604000,172,San pham chat luong cao
P-00033,HP Monitor V2,HP,Monitor,4407000,497,San pham chat luong cao
P-00034,JBL USB Hub Classic,JBL,USB Hub,3343000,272,San pham chat luong cao
P-00035,Asus Chuot Gaming Classic,Asus,Chuot Gaming,3391000,45,San pham chat luong cao
P-00036,Samsung Op Lung Plus,Samsung,Op Lung,778000,493,San pham chat luong cao
P-00037,Razer Tablet V2,Razer,Tablet,3686000,164,San pham chat luong cao
P-00038,Sony Quat Mini V2,Sony,Quat Mini,682000,273,San pham chat luong cao
P-00039,Xiaomi May Anh Pro Max,Xiaomi,May Anh,3838000,150,San pham chat luong cao
P-00040,Razer Kinh Mat Ultra,Razer,Kinh Mat,2532000,163,San pham chat luong cao
P-00041,Logitech Quat Mini Mini,Logitech,Quat Mini,2277000,455,San pham chat luong cao
P-00042,HP May Anh XL,HP,May Anh,4396000,256,San pham chat luong cao
P-00043,JBL USB Hub V2,JBL,USB Hub,260000,246,San pham chat luong cao
P-00044,Anker Balo Sport,Anker,Balo,4161000,418,San pham chat luong cao
P-00045,JBL Balo Mini,JBL,Balo,2555000,342,San pham chat luong cao
P-00046,Logitech Ban Phim Pro Max,Logitech,Ban Phim,1875000,44,San pham chat luong cao
P-00047,Asus Balo Plus,Asus,Balo,3162000,59,San pham chat luong cao
P-00048,Xiaomi Balo Ultra,Xiaomi,Balo,4119000,177,San pham chat luong cao
P-00049,Sony Op Lung Ultra,Sony,Op Lung,3857000,232,San pham chat luong cao
P-00050,HP Quat Mini Plus,HP,Quat Mini,1424000,236,San pham chat luong cao
P-00051,Apple Giay Pro Max,Apple,Giay,2386000,363,San pham chat luong cao
P-00052,Asus Op Lung Lite,Asus,Op Lung,417000,314,San pham chat luong cao
P-00053,Anker Dong Ho Lite,Anker,Dong Ho,417000,470,San pham chat luong cao
P-00054,Anker Quat Mini Premium,Anker,Quat Mini,4914000,432,San pham chat luong cao
P-00055,JBL Quat Mini Premium,JBL,Quat Mini,1397000,465,San pham chat luong cao
P-00056,Logitech Kinh Mat Classic,Logitech,Kinh Mat,2428000,147,San pham chat luong cao
P-00057,Asus Giay XL,Asus,Giay,688000,103,San pham chat luong cao
P-00058,Apple Op Lung Classic,Apple,Op Lung,2512000,319,San pham chat luong cao
P-00059,Razer Tablet Premium,Razer,Tablet,718000,312,San pham chat luong cao
P-00060,Samsung Balo XL,Samsung,Balo,1057000,373,San pham chat luong cao
P-00061,Sony Cap Sac V2,Sony,Cap Sac,841000,403,San pham chat luong cao
P-00062,Razer Tai Nghe Ultra,Razer,Tai Nghe,352000,238,San pham chat luong cao
P-00063,Apple Ong Nhom Lite,Apple,Ong Nhom,3284000,316,San pham chat luong cao
P-00064,Razer Tai Nghe V2,Razer,Tai Nghe,2084000,231,San pham chat luong cao
P-00065,Anker Ao Thun Pro Max,Anker,Ao Thun,275000,284,San pham chat luong cao
P-00066,Sony Monitor Lite,Sony,Monitor,2201000,431,San pham chat luong cao
P-00067,Asus Ao Thun Sport,Asus,Ao Thun,2142000,255,San pham chat luong cao
P-00068,Apple Dong Ho Classic,Apple,Dong Ho,4844000,438,San pham chat luong cao
P-00069,Razer Sac Du Phong Mini,Razer,Sac Du Phong,1580000,141,San pham chat luong cao
P-00070,Xiaomi Tai Nghe Pro Max,Xiaomi,Tai Nghe,441000,226,San pham chat luong cao
P-00071,Sony Dong Ho XL,Sony,Dong Ho,3185000,128,San pham chat luong cao
P-00072,HP Tai Nghe Premium,HP,Tai Nghe,3241000,320,San pham chat luong cao
P-00073,Razer Giay Lite,Razer,Giay,3580000,301,San pham chat luong cao
P-00074,Razer Tablet Sport,Razer,Tablet,3327000,312,San pham chat luong cao
P-00075,JBL Kinh Mat XL,JBL,Kinh Mat,4363000,252,San pham chat luong cao
P-00076,Asus Quat Mini Pro Max,Asus,Quat Mini,2354000,252,San pham chat luong cao
P-00077,Asus Webcam Classic,Asus,Webcam,2676000,324,San pham chat luong cao
P-00078,Asus Op Lung Pro Max,Asus,Op Lung,4803000,172,San pham chat luong cao
P-00079,Asus Ban Phim Mini,Asus,Ban Phim,4018000,423,San pham chat luong cao
P-00080,Sony Ban Phim Mini,Sony,Ban Phim,4169000,42,San pham chat luong cao
P-00081,Samsung Tablet Plus,Samsung,Tablet,4653000,199,San pham chat luong cao
P-00082,HP Tablet V2,HP,Tablet,2736000,287,San pham chat luong cao
P-00083,Samsung May Anh Plus,Samsung,May Anh,1897000,169,San pham chat luong cao
P-00084,Logitech USB Hub XL,Logitech,USB Hub,1914000,341,San pham chat luong cao
P-00085,Samsung May Anh Mini,Samsung,May Anh,833000,342,San pham chat luong cao
P-00086,Sony Dong Ho Lite,Sony,Dong Ho,1274000,327,San pham chat luong cao
P-00087,Anker Sac Du Phong Classic,Anker,Sac Du Phong,172000,54,San pham chat luong cao
P-00088,Logitech Ban Phim V2,Logitech,Ban Phim,2236000,73,San pham chat luong cao
P-00089,Anker Tablet Ultra,Anker,Tablet,3165000,42,San pham chat luong cao
P-00090,Anker Op Lung Ultra,Anker,Op Lung,1983000,288,San pham chat luong cao
P-00091,Razer Webcam Pro Max,Razer,Webcam,3154000,183,San pham chat luong cao
P-00092,Anker Webcam Premium,Anker,Webcam,1121000,155,San pham chat luong cao
P-00093,Razer Tablet Plus,Razer,Tablet,3969000,452,San pham chat luong cao
P-00094,Sony Chuot Gaming Classic,Sony,Chuot Gaming,52000,261,San pham chat luong cao
P-00095,HP Quat Mini V2,HP,Quat Mini,4726000,46,San pham chat luong cao
P-00096,HP Cap Sac XL,HP,Cap Sac,257000,90,San pham chat luong cao
P-00097,Samsung Loa Plus,Samsung,Loa,2642000,77,San pham chat luong cao
P-00098,Razer Ao Thun Sport,Razer,Ao Thun,1175000,247,San pham chat luong cao
P-00099,Anker Monitor Classic,Anker,Monitor,1865000,114,San pham chat luong cao
P-00100,Razer Ban Phim Classic,Razer,Ban Phim,392000,425,San pham chat luong cao
P-00101,Apple Giay Plus,Apple,Giay,2684000,139,San pham chat luong cao
P-00102,Sony Quat Mini Ultra,Sony,Quat Mini,924000,219,San pham chat luong cao
P-00103,Anker Laptop Plus,Anker,Laptop,3921000,320,San pham chat luong cao
P-00104,Xiaomi Sac Du Phong Sport,Xiaomi,Sac Du Phong,70000,412,San pham chat luong cao
P-00105,Anker Kinh Mat Classic,Anker,Kinh Mat,4137000,486,San pham chat luong cao
P-00106,Logitech Monitor Sport,Logitech,Monitor,1208000,154,San pham chat luong cao
P-00107,Samsung Sac Du Phong Pro Max,Samsung,Sac Du Phong,4297000,59,San pham chat luong cao
P-00108,Sony Chuot Gaming Mini,Sony,Chuot Gaming,3640000,88,San pham chat luong cao
P-00109,Xiaomi Op Lung Premium,Xiaomi,Op Lung,2687000,284,San pham chat luong cao
P-00110,Anker USB Hub XL,Anker,USB Hub,1584000,426,San pham chat luong cao
P-00111,Apple Loa Ultra,Apple,Loa,970000,437,San pham chat luong cao
P-00112,Asus Loa Lite,Asus,Loa,3961000,37,San pham chat luong cao
P-00113,Anker Dong Ho V2,Anker,Dong Ho,209000,67,San pham chat luong cao
P-00114,HP Balo V2,HP,Balo,2220000,99,San pham chat luong cao
P-00115,Razer Ban Phim Classic,Razer,Ban Phim,2749000,458,San pham chat luong cao
P-00116,Xiaomi Chuot Gaming Classic,Xiaomi,Chuot Gaming,965000,69,San pham chat luong cao
P-00117,Xiaomi Giay Pro Max,Xiaomi,Giay,1256000,323,San pham chat luong cao
P-00118,Razer Tai Nghe Mini,Razer,Tai Nghe,288000,475,San pham chat luong cao
P-00119,Logitech Ong Nhom Classic,Logitech,Ong Nhom,1864000,241,San pham chat luong cao
P-00120,Logitech Cap Sac Pro Max,Logitech,Cap Sac,1811000,154,San pham chat luong cao
P-00121,Samsung Op Lung Classic,Samsung,Op Lung,1775000,356,San pham chat luong cao
P-00122,HP Tai Nghe Classic,HP,Tai Nghe,3687000,231,San pham chat luong cao
P-00123,Razer Chuot Gaming Ultra,Razer,Chuot Gaming,2989000,66,San pham chat luong cao
P-00124,Logitech Sac Du Phong Ultra,Logitech,Sac Du Phong,572000,118,San pham chat luong cao
P-00125,JBL USB Hub Pro Max,JBL,USB Hub,4315000,427,San pham chat luong cao
P-00126,Samsung Ong Nhom Sport,Samsung,Ong Nhom,4378000,123,San pham chat luong cao
P-00127,Sony Monitor Mini,Sony,Monitor,2339000,316,San pham chat luong cao
P-00128,Sony Tai Nghe Premium,Sony,Tai Nghe,977000,472,San pham chat luong cao
P-00129,Razer Op Lung Pro Max,Razer,Op Lung,3210000,444,San pham chat luong cao
P-00130,Anker Loa Plus,Anker,Loa,2408000,50,San pham chat luong cao
P-00131,Asus Tai Nghe Classic,Asus,Tai Nghe,3398000,226,San pham chat luong cao
P-00132,Samsung Chuot Gaming Pro Max,Samsung,Chuot Gaming,4747000,186,San pham chat luong cao
P-00133,Samsung USB Hub Ultra,Samsung,USB Hub,258000,133,San pham chat luong cao
P-00134,Samsung Webcam Mini,Samsung,Webcam,3623000,221,San pham chat luong cao
P-00135,JBL Ong Nhom V2,JBL,Ong Nhom,2560000,118,San pham chat luong cao
P-00136,Anker Cap Sac V2,Anker,Cap Sac,3310000,115,San pham chat luong cao
P-00137,Samsung Dong Ho Pro Max,Samsung,Dong Ho,3581000,278,San pham chat luong cao
P-00138,Anker Kinh Mat V2,Anker,Kinh Mat,4784000,83,San pham chat luong cao
P-00139,Samsung Dong Ho Classic,Samsung,Dong Ho,2209000,438,San pham chat luong cao
P-00140,Sony Monitor Premium,Sony,Monitor,2841000,108,San pham chat luong cao
P-00141,Xiaomi Loa XL,Xiaomi,Loa,1296000,374,San pham chat luong cao
P-00142,Apple Op Lung Lite,Apple,Op Lung,3606000,455,San pham chat luong cao
P-00143,Sony Cap Sac Classic,Sony,Cap Sac,2300000,47,San pham chat luong cao
P-00144,Sony Ao Thun Ultra,Sony,Ao Thun,4871000,344,San pham chat luong cao
P-00145,Xiaomi Quat Mini Pro Max,Xiaomi,Quat Mini,4055000,369,San pham chat luong cao
P-00146,Xiaomi May Anh XL,Xiaomi,May Anh,4731000,233,San pham chat luong cao
P-00147,Samsung Chuot Gaming Premium,Samsung,Chuot Gaming,1848000,79,San pham chat luong cao
P-00148,Logitech Webcam Classic,Logitech,Webcam,4549000,484,San pham chat luong cao
P-00149,Xiaomi Tai Nghe Mini,Xiaomi,Tai Nghe,1950000,304,San pham chat luong cao
P-00150,Apple Quat Mini V2,Apple,Quat Mini,830000,220,San pham chat luong cao
P-00151,Apple Ong Nhom Ultra,Apple,Ong Nhom,2307000,49,San pham chat luong cao
P-00152,Logitech Quat Mini XL,Logitech,Quat Mini,4645000,153,San pham chat luong cao
P-00153,Anker Giay V2,Anker,Giay,1707000,47,San pham chat luong cao
P-00154,Sony USB Hub Lite,Sony,USB Hub,3876000,367,San pham chat luong cao
P-00155,Sony Chuot Gaming Classic,Sony,Chuot Gaming,75000,270,San pham chat luong cao
P-00156,Anker Quat Mini Lite,Anker,Quat Mini,1708000,225,San pham chat luong cao
P-00157,Samsung Monitor Lite,Samsung,Monitor,4540000,336,San pham chat luong cao
P-00158,Samsung Giay Plus,Samsung,Giay,4534000,58,San pham chat luong cao
P-00159,JBL Ong Nhom Classic,JBL,Ong Nhom,2138000,19,San pham chat luong cao
P-00160,Apple Loa V2,Apple,Loa,4344000,346,San pham chat luong cao
P-00161,Sony Sac Du Phong XL,Sony,Sac Du Phong,2278000,119,San pham chat luong cao
P-00162,HP Ao Thun Lite,HP,Ao Thun,558000,466,San pham chat luong cao
P-00163,JBL Tablet XL,JBL,Tablet,3846000,210,San pham chat luong cao
P-00164,Asus Op Lung Ultra,Asus,Op Lung,878000,450,San pham chat luong cao
P-00165,Sony Giay Plus,Sony,Giay,2530000,297,San pham chat luong cao
P-00166,Sony Chuot Gaming Pro Max,Sony,Chuot Gaming,3114000,341,San pham chat luong cao
P-00167,Razer Ban Phim Lite,Razer,Ban Phim,2392000,81,San pham chat luong cao
P-00168,Samsung Tai Nghe Pro Max,Samsung,Tai Nghe,3756000,27,San pham chat luong cao
P-00169,Asus Balo Mini,Asus,Balo,4205000,448,San pham chat luong cao
P-00170,HP Dong Ho Sport,HP,Dong Ho,1054000,29,San pham chat luong cao
P-00171,Sony Giay Pro Max,Sony,Giay,1165000,175,San pham chat luong cao
P-00172,JBL Sac Du Phong V2,JBL,Sac Du Phong,3512000,23,San pham chat luong cao
P-00173,Xiaomi Laptop Lite,Xiaomi,Laptop,883000,181,San pham chat luong cao
P-00174,Razer Giay XL,Razer,Giay,1658000,220,San pham chat luong cao
P-00175,Samsung Balo V2,Samsung,Balo,1517000,421,San pham chat luong cao
P-00176,HP Giay Sport,HP,Giay,2954000,224,San pham chat luong cao
P-00177,Anker Quat Mini Premium,Anker,Quat Mini,2499000,381,San pham chat luong cao
P-00178,Sony Balo Mini,Sony,Balo,1121000,251,San pham chat luong cao
P-00179,JBL Ban Phim Ultra,JBL,Ban Phim,1360000,68,San pham chat luong cao
P-00180,Razer Kinh Mat Premium,Razer,Kinh Mat,75000,171,San pham chat luong cao
P-00181,Sony Sac Du Phong Lite,Sony,Sac Du Phong,1536000,416,San pham chat luong cao
P-00182,Razer Balo Classic,Razer,Balo,363000,468,San pham chat luong cao
P-00183,Anker Sac Du Phong V2,Anker,Sac Du Phong,1139000,263,San pham chat luong cao
P-00184,HP Ong Nhom Mini,HP,Ong Nhom,468000,245,San pham chat luong cao
P-00185,Razer Monitor Pro Max,Razer,Monitor,2875000,102,San pham chat luong cao
P-00186,Apple Op Lung Plus,Apple,Op Lung,4486000,59,San pham chat luong cao
P-00187,HP Tai Nghe V2,HP,Tai Nghe,1640000,187,San pham chat luong cao
P-00188,Logitech Op Lung Pro Max,Logitech,Op Lung,1746000,427,San pham chat luong cao
P-00189,Asus Cap Sac Sport,Asus,Cap Sac,460000,268,San pham chat luong cao
P-00190,Samsung Webcam Premium,Samsung,Webcam,3409000,416,San pham chat luong cao
P-00191,JBL Ong Nhom Mini,JBL,Ong Nhom,2459000,229,San pham chat luong cao
P-00192,Razer Ong Nhom Classic,Razer,Ong Nhom,2379000,249,San pham chat luong cao
P-00193,Asus Cap Sac Mini,Asus,Cap Sac,1038000,437,San pham chat luong cao
P-00194,Logitech Dong Ho V2,Logitech,Dong Ho,2503000,358,San pham chat luong cao
P-00195,Apple Loa Plus,Apple,Loa,989000,165,San pham chat luong cao
P-00196,Logitech Sac Du Phong V2,Logitech,Sac Du Phong,2040000,200,San pham chat luong cao
P-00197,Razer Sac Du Phong V2,Razer,Sac Du Phong,2017000,85,San pham chat luong cao
P-00198,Apple Sac Du Phong Mini,Apple,Sac Du Phong,872000,366,San pham chat luong cao
P-00199,Apple Sac Du Phong Lite,Apple,Sac Du Phong,1083000,87,San pham chat luong cao
P-00200,Samsung Webcam Pro Max,Samsung,Webcam,913000,104,San pham chat luong cao
P-00201,Apple Ong Nhom Lite,Apple,Ong Nhom,1170000,368,San pham chat luong cao
P-00202,Xiaomi Sac Du Phong Sport,Xiaomi,Sac Du Phong,3821000,138,San pham chat luong cao
P-00203,HP Tai Nghe Sport,HP,Tai Nghe,4389000,181,San pham chat luong cao
P-00204,Sony Tablet Mini,Sony,Tablet,3280000,379,San pham chat luong cao
P-00205,Asus Op Lung Sport,Asus,Op Lung,2421000,234,San pham chat luong cao
P-00206,Razer USB Hub Sport,Razer,USB Hub,3400000,460,San pham chat luong cao
P-00207,Asus Tai Nghe Ultra,Asus,Tai Nghe,3357000,278,San pham chat luong cao
P-00208,Sony Op Lung Classic,Sony,Op Lung,3669000,351,San pham chat luong cao
P-00209,Xiaomi Kinh Mat Classic,Xiaomi,Kinh Mat,2656000,191,San pham chat luong cao
P-00210,Xiaomi Ong Nhom Sport,Xiaomi,Ong Nhom,4434000,294,San pham chat luong cao
P-00211,Sony May Anh V2,Sony,May Anh,2595000,144,San pham chat luong cao
P-00212,Asus Tablet XL,Asus,Tablet,4672000,448,San pham chat luong cao
P-00213,Logitech Cap Sac V2,Logitech,Cap Sac,877000,55,San pham chat luong cao
P-00214,Xiaomi Ao Thun Ultra,Xiaomi,Ao Thun,2619000,446,San pham chat luong cao
P-00215,Samsung Ao Thun Premium,Samsung,Ao Thun,745000,134,San pham chat luong cao
P-00216,JBL Webcam Mini,JBL,Webcam,361000,52,San pham chat luong cao
P-00217,Xiaomi Giay Sport,Xiaomi,Giay,3162000,317,San pham chat luong cao
P-00218,Xiaomi Webcam Classic,Xiaomi,Webcam,4172000,305,San pham chat luong cao
P-00219,JBL Ong Nhom Mini,JBL,Ong Nhom,771000,162,San pham chat luong cao
P-00220,Xiaomi Quat Mini Sport,Xiaomi,Quat Mini,1343000,185,San pham chat luong cao
P-00221,Xiaomi Monitor Lite,Xiaomi,Monitor,3905000,297,San pham chat luong cao
P-00222,Logitech Loa XL,Logitech,Loa,2553000,244,San pham chat luong cao
P-00223,Razer Chuot Gaming Sport,Razer,Chuot Gaming,2987000,290,San pham chat luong cao
P-00224,HP Kinh Mat Pro Max,HP,Kinh Mat,3217000,414,San pham chat luong cao
P-00225,JBL Quat Mini Lite,JBL,Quat Mini,974000,15,San pham chat luong cao
P-00226,Logitech Loa Mini,Logitech,Loa,1780000,243,San pham chat luong cao
P-00227,Anker Laptop Pro Max,Anker,Laptop,3333000,192,San pham chat luong cao
P-00228,Anker Balo Ultra,Anker,Balo,147000,198,San pham chat luong cao
P-00229,Samsung Sac Du Phong Sport,Samsung,Sac Du Phong,122000,422,San pham chat luong cao
P-00230,Anker Ong Nhom Plus,Anker,Ong Nhom,2543000,59,San pham chat luong cao
P-00231,Anker May Anh V2,Anker,May Anh,2796000,233,San pham chat luong cao
P-00232,Asus Kinh Mat Classic,Asus,Kinh Mat,4278000,181,San pham chat luong cao
P-00233,JBL Cap Sac Classic,JBL,Cap Sac,4318000,17,San pham chat luong cao
P-00234,JBL Laptop XL,JBL,Laptop,3384000,356,San pham chat luong cao
P-00235,Razer Monitor V2,Razer,Monitor,3448000,284,San pham chat luong cao
P-00236,Samsung Dong Ho V2,Samsung,Dong Ho,1929000,166,San pham chat luong cao
P-00237,Xiaomi Dong Ho Pro Max,Xiaomi,Dong Ho,4096000,104,San pham chat luong cao
P-00238,JBL Sac Du Phong Sport,JBL,Sac Du Phong,2979000,267,San pham chat luong cao
P-00239,Apple Webcam Pro Max,Apple,Webcam,1342000,132,San pham chat luong cao
P-00240,Samsung Cap Sac Mini,Samsung,Cap Sac,3726000,94,San pham chat luong cao
P-00241,Asus Quat Mini V2,Asus,Quat Mini,1261000,281,San pham chat luong cao
P-00242,Asus Giay XL,Asus,Giay,4710000,12,San pham chat luong cao
P-00243,Logitech Tablet XL,Logitech,Tablet,4559000,70,San pham chat luong cao
P-00244,Sony USB Hub V2,Sony,USB Hub,3920000,298,San pham chat luong cao
P-00245,Apple Kinh Mat Lite,Apple,Kinh Mat,4859000,15,San pham chat luong cao
P-00246,Xiaomi Webcam Lite,Xiaomi,Webcam,240000,406,San pham chat luong cao
P-00247,HP Tablet Ultra,HP,Tablet,4917000,361,San pham chat luong cao
P-00248,Samsung USB Hub Premium,Samsung,USB Hub,3307000,184,San pham chat luong cao
P-00249,Xiaomi Cap Sac V2,Xiaomi,Cap Sac,1962000,115,San pham chat luong cao
P-00250,Asus Cap Sac Sport,Asus,Cap Sac,4460000,442,San pham chat luong cao
P-00251,Asus Chuot Gaming Ultra,Asus,Chuot Gaming,2135000,86,San pham chat luong cao
P-00252,Razer USB Hub Ultra,Razer,USB Hub,405000,297,San pham chat luong cao
P-00253,Apple Chuot Gaming Ultra,Apple,Chuot Gaming,4850000,74,San pham chat luong cao
P-00254,JBL Webcam Classic,JBL,Webcam,1113000,17,San pham chat luong cao
P-00255,Apple Giay Pro Max,Apple,Giay,4758000,378,San pham chat luong cao
P-00256,Sony May Anh Premium,Sony,May Anh,409000,52,San pham chat luong cao
P-00257,JBL USB Hub Ultra,JBL,USB Hub,801000,88,San pham chat luong cao
P-00258,Samsung Cap Sac V2,Samsung,Cap Sac,4630000,302,San pham chat luong cao
P-00259,Logitech Op Lung Premium,Logitech,Op Lung,2463000,77,San pham chat luong cao
P-00260,Logitech Cap Sac Plus,Logitech,Cap Sac,3024000,113,San pham chat luong cao
P-00261,Sony Loa Plus,Sony,Loa,2762000,240,San pham chat luong cao
P-00262,Razer Balo Classic,Razer,Balo,1626000,405,San pham chat luong cao
P-00263,Razer Ban Phim Pro Max,Razer,Ban Phim,4861000,371,San pham chat luong cao
P-00264,HP Ong Nhom Classic,HP,Ong Nhom,2376000,345,San pham chat luong cao
P-00265,HP Ao Thun Ultra,HP,Ao Thun,4719000,355,San pham chat luong cao
P-00266,Apple Ong Nhom Lite,Apple,Ong Nhom,3845000,253,San pham chat luong cao
P-00267,Logitech Chuot Gaming Lite,Logitech,Chuot Gaming,2357000,268,San pham chat luong cao
P-00268,Logitech Tablet Ultra,Logitech,Tablet,2819000,101,San pham chat luong cao
P-00269,HP Balo Pro Max,HP,Balo,1616000,482,San pham chat luong cao
P-00270,Xiaomi Ban Phim XL,Xiaomi,Ban Phim,4863000,106,San pham chat luong cao
P-00271,Asus Op Lung Plus,Asus,Op Lung,1183000,118,San pham chat luong cao
P-00272,HP Op Lung XL,HP,Op Lung,2707000,136,San pham chat luong cao
P-00273,Xiaomi Kinh Mat XL,Xiaomi,Kinh Mat,732000,424,San pham chat luong cao
P-00274,Asus Tai Nghe Classic,Asus,Tai Nghe,2496000,212,San pham chat luong cao
P-00275,Anker Monitor V2,Anker,Monitor,321000,294,San pham chat luong cao
P-00276,HP Ong Nhom V2,HP,Ong Nhom,2490000,325,San pham chat luong cao
P-00277,Apple USB Hub Classic,Apple,USB Hub,1012000,231,San pham chat luong cao
P-00278,Sony Giay Ultra,Sony,Giay,1688000,480,San pham chat luong cao
P-00279,Anker Ban Phim Ultra,Anker,Ban Phim,3945000,18,San pham chat luong cao
P-00280,Razer Tai Nghe Lite,Razer,Tai Nghe,3424000,170,San pham chat luong cao
P-00281,Logitech Webcam Premium,Logitech,Webcam,1682000,164,San pham chat luong cao
P-00282,Samsung Cap Sac V2,Samsung,Cap Sac,4794000,375,San pham chat luong cao
P-00283,Anker Chuot Gaming Pro Max,Anker,Chuot Gaming,2526000,316,San pham chat luong cao
P-00284,Razer Ong Nhom Premium,Razer,Ong Nhom,1680000,126,San pham chat luong cao
P-00285,Asus Laptop Ultra,Asus,Laptop,3073000,193,San pham chat luong cao
P-00286,Sony Sac Du Phong Premium,Sony,Sac Du Phong,1379000,282,San pham chat luong cao
P-00287,Anker Cap Sac Sport,Anker,Cap Sac,4794000,62,San pham chat luong cao
P-00288,Asus Dong Ho Premium,Asus,Dong Ho,3193000,398,San pham chat luong cao
P-00289,Apple Op Lung Premium,Apple,Op Lung,116000,363,San pham chat luong cao
P-00290,Xiaomi Sac Du Phong Plus,Xiaomi,Sac Du Phong,3830000,73,San pham chat luong cao
P-00291,JBL Loa Plus,JBL,Loa,194000,452,San pham chat luong cao
P-00292,Xiaomi Chuot Gaming XL,Xiaomi,Chuot Gaming,4010000,156,San pham chat luong cao
P-00293,Asus Dong Ho Lite,Asus,Dong Ho,2907000,93,San pham chat luong cao
P-00294,Razer Laptop XL,Razer,Laptop,823000,182,San pham chat luong cao
P-00295,Logitech Ban Phim Ultra,Logitech,Ban Phim,2177000,164,San pham chat luong cao
P-00296,Sony Tablet Plus,Sony,Tablet,3318000,437,San pham chat luong cao
P-00297,Razer Tai Nghe Ultra,Razer,Tai Nghe,2380000,186,San pham chat luong cao
P-00298,Samsung Balo Sport,Samsung,Balo,4404000,427,San pham chat luong cao
P-00299,Samsung Op Lung Mini,Samsung,Op Lung,2805000,63,San pham chat luong cao
P-00300,JBL Ao Thun XL,JBL,Ao Thun,2663000,228,San pham chat luong cao
P-00301,Asus Tablet Pro Max,Asus,Tablet,2116000,306,San pham chat luong cao
P-00302,Logitech Balo Ultra,Logitech,Balo,118000,381,San pham chat luong cao
P-00303,Anker Laptop V2,Anker,Laptop,4192000,281,San pham chat luong cao
P-00304,Logitech Ban Phim Classic,Logitech,Ban Phim,1339000,304,San pham chat luong cao
P-00305,Apple Chuot Gaming Classic,Apple,Chuot Gaming,900000,382,San pham chat luong cao
P-00306,Xiaomi Tablet Pro Max,Xiaomi,Tablet,1548000,378,San pham chat luong cao
P-00307,Sony Kinh Mat Sport,Sony,Kinh Mat,546000,82,San pham chat luong cao
P-00308,Anker Kinh Mat Sport,Anker,Kinh Mat,2338000,107,San pham chat luong cao
P-00309,Sony Webcam Premium,Sony,Webcam,826000,140,San pham chat luong cao
P-00310,JBL Quat Mini Plus,JBL,Quat Mini,4705000,89,San pham chat luong cao
P-00311,Asus Laptop Mini,Asus,Laptop,3469000,363,San pham chat luong cao
P-00312,Sony Sac Du Phong Ultra,Sony,Sac Du Phong,2879000,16,San pham chat luong cao
P-00313,JBL Sac Du Phong Premium,JBL,Sac Du Phong,2320000,355,San pham chat luong cao
P-00314,Xiaomi May Anh XL,Xiaomi,May Anh,478000,190,San pham chat luong cao
P-00315,Samsung Ao Thun Ultra,Samsung,Ao Thun,3095000,108,San pham chat luong cao
P-00316,Asus Tablet Ultra,Asus,Tablet,2414000,31,San pham chat luong cao
P-00317,Asus Quat Mini Mini,Asus,Quat Mini,1964000,217,San pham chat luong cao
P-00318,Razer Balo Classic,Razer,Balo,3146000,254,San pham chat luong cao
P-00319,Logitech Kinh Mat Lite,Logitech,Kinh Mat,1431000,36,San pham chat luong cao
P-00320,Anker Webcam V2,Anker,Webcam,4230000,231,San pham chat luong cao
P-00321,HP Chuot Gaming Premium,HP,Chuot Gaming,1566000,263,San pham chat luong cao
P-00322,Sony Dong Ho V2,Sony,Dong Ho,1219000,183,San pham chat luong cao
P-00323,HP Cap Sac Classic,HP,Cap Sac,2631000,40,San pham chat luong cao
P-00324,Apple Monitor XL,Apple,Monitor,604000,267,San pham chat luong cao
P-00325,Logitech Cap Sac Premium,Logitech,Cap Sac,2691000,476,San pham chat luong cao
P-00326,Samsung Ong Nhom Mini,Samsung,Ong Nhom,966000,331,San pham chat luong cao
P-00327,Logitech Ban Phim Classic,Logitech,Ban Phim,2937000,225,San pham chat luong cao
P-00328,Sony Giay Classic,Sony,Giay,3207000,303,San pham chat luong cao
P-00329,Xiaomi Op Lung V2,Xiaomi,Op Lung,545000,196,San pham chat luong cao
P-00330,Sony Tai Nghe Lite,Sony,Tai Nghe,4828000,348,San pham chat luong cao
P-00331,Asus Loa Premium,Asus,Loa,3061000,136,San pham chat luong cao
P-00332,Apple Loa Classic,Apple,Loa,110000,113,San pham chat luong cao
P-00333,Apple Giay Sport,Apple,Giay,2473000,436,San pham chat luong cao
P-00334,JBL Ao Thun XL,JBL,Ao Thun,844000,40,San pham chat luong cao
P-00335,Samsung Monitor V2,Samsung,Monitor,2558000,439,San pham chat luong cao
P-00336,Xiaomi Op Lung Mini,Xiaomi,Op Lung,69000,106,San pham chat luong cao
P-00337,Samsung Ao Thun Premium,Samsung,Ao Thun,727000,383,San pham chat luong cao
P-00338,Xiaomi Ban Phim Sport,Xiaomi,Ban Phim,772000,371,San pham chat luong cao
P-00339,Anker Monitor Sport,Anker,Monitor,1230000,412,San pham chat luong cao
P-00340,Logitech Sac Du Phong Ultra,Logitech,Sac Du Phong,4058000,52,San pham chat luong cao
P-00341,Apple Webcam Mini,Apple,Webcam,3522000,159,San pham chat luong cao
P-00342,Samsung Chuot Gaming Mini,Samsung,Chuot Gaming,1179000,169,San pham chat luong cao
P-00343,Samsung Cap Sac Lite,Samsung,Cap Sac,2928000,135,San pham chat luong cao
P-00344,Anker Ong Nhom Sport,Anker,Ong Nhom,4722000,106,San pham chat luong cao
P-00345,Apple Laptop Premium,Apple,Laptop,4013000,302,San pham chat luong cao
P-00346,Xiaomi Ong Nhom XL,Xiaomi,Ong Nhom,2415000,285,San pham chat luong cao
P-00347,Logitech Cap Sac Lite,Logitech,Cap Sac,683000,401,San pham chat luong cao
P-00348,Samsung Loa XL,Samsung,Loa,4827000,173,San pham chat luong cao
P-00349,Xiaomi Balo XL,Xiaomi,Balo,3696000,459,San pham chat luong cao
P-00350,JBL Sac Du Phong V2,JBL,Sac Du Phong,2235000,468,San pham chat luong cao
P-00351,Asus Ong Nhom Pro Max,Asus,Ong Nhom,1823000,492,San pham chat luong cao
P-00352,Logitech Dong Ho Mini,Logitech,Dong Ho,4171000,319,San pham chat luong cao
P-00353,Razer Giay Lite,Razer,Giay,2010000,69,San pham chat luong cao
P-00354,Anker Laptop V2,Anker,Laptop,3467000,326,San pham chat luong cao
P-00355,Xiaomi Ban Phim Classic,Xiaomi,Ban Phim,3837000,109,San pham chat luong cao
P-00356,Asus Laptop Mini,Asus,Laptop,4671000,285,San pham chat luong cao
P-00357,HP Sac Du Phong Plus,HP,Sac Du Phong,1480000,57,San pham chat luong cao
P-00358,Xiaomi Laptop XL,Xiaomi,Laptop,493000,121,San pham chat luong cao
P-00359,Razer Tai Nghe XL,Razer,Tai Nghe,3507000,400,San pham chat luong cao
P-00360,HP Sac Du Phong XL,HP,Sac Du Phong,2556000,480,San pham chat luong cao
P-00361,Logitech Tablet Sport,Logitech,Tablet,3159000,334,San pham chat luong cao
P-00362,Anker USB Hub Mini,Anker,USB Hub,3283000,472,San pham chat luong cao
P-00363,Apple Kinh Mat V2,Apple,Kinh Mat,4256000,330,San pham chat luong cao
P-00364,Razer Monitor Premium,Razer,Monitor,676000,270,San pham chat luong cao
P-00365,Asus Ong Nhom Lite,Asus,Ong Nhom,4626000,379,San pham chat luong cao
P-00366,HP Ao Thun Pro Max,HP,Ao Thun,4680000,471,San pham chat luong cao
P-00367,Apple Op Lung Classic,Apple,Op Lung,3767000,204,San pham chat luong cao
P-00368,Razer Dong Ho Pro Max,Razer,Dong Ho,4846000,28,San pham chat luong cao
P-00369,JBL Tablet V2,JBL,Tablet,3639000,463,San pham chat luong cao
P-00370,JBL Dong Ho V2,JBL,Dong Ho,4442000,176,San pham chat luong cao
P-00371,JBL Giay Premium,JBL,Giay,4015000,473,San pham chat luong cao
P-00372,HP Tai Nghe Classic,HP,Tai Nghe,1917000,454,San pham chat luong cao
P-00373,Asus Tablet Pro Max,Asus,Tablet,2617000,239,San pham chat luong cao
P-00374,Apple Balo Sport,Apple,Balo,116000,424,San pham chat luong cao
P-00375,Anker May Anh V2,Anker,May Anh,3225000,454,San pham chat luong cao
P-00376,Sony Dong Ho Classic,Sony,Dong Ho,937000,239,San pham chat luong cao
P-00377,JBL Laptop V2,JBL,Laptop,3547000,117,San pham chat luong cao
P-00378,Anker Dong Ho Classic,Anker,Dong Ho,3701000,197,San pham chat luong cao
P-00379,Apple Chuot Gaming Lite,Apple,Chuot Gaming,1159000,350,San pham chat luong cao
P-00380,Samsung Tablet Sport,Samsung,Tablet,4493000,71,San pham chat luong cao
P-00381,Razer Ao Thun V2,Razer,Ao Thun,4469000,73,San pham chat luong cao
P-00382,Asus Webcam Lite,Asus,Webcam,1804000,112,San pham chat luong cao
P-00383,HP Tai Nghe Ultra,HP,Tai Nghe,678000,25,San pham chat luong cao
P-00384,Xiaomi Kinh Mat Classic,Xiaomi,Kinh Mat,2013000,38,San pham chat luong cao
P-00385,Apple USB Hub Premium,Apple,USB Hub,860000,365,San pham chat luong cao
P-00386,Apple Chuot Gaming Classic,Apple,Chuot Gaming,1587000,87,San pham chat luong cao
P-00387,JBL Chuot Gaming Ultra,JBL,Chuot Gaming,3636000,90,San pham chat luong cao
P-00388,Logitech Webcam V2,Logitech,Webcam,529000,215,San pham chat luong cao
P-00389,Sony Balo Sport,Sony,Balo,1169000,350,San pham chat luong cao
P-00390,Xiaomi Chuot Gaming Mini,Xiaomi,Chuot Gaming,1346000,44,San pham chat luong cao
P-00391,Asus Tablet Lite,Asus,Tablet,2544000,471,San pham chat luong cao
P-00392,Samsung Chuot Gaming Ultra,Samsung,Chuot Gaming,1791000,475,San pham chat luong cao
P-00393,Xiaomi Giay Mini,Xiaomi,Giay,4076000,26,San pham chat luong cao
P-00394,Anker May Anh Classic,Anker,May Anh,1562000,420,San pham chat luong cao
P-00395,Apple Ong Nhom Ultra,Apple,Ong Nhom,428000,218,San pham chat luong cao
P-00396,Razer Quat Mini XL,Razer,Quat Mini,656000,490,San pham chat luong cao
P-00397,HP Op Lung XL,HP,Op Lung,1049000,302,San pham chat luong cao
P-00398,HP Balo Pro Max,HP,Balo,4389000,22,San pham chat luong cao
P-00399,Anker Monitor Classic,Anker,Monitor,4930000,126,San pham chat luong cao
P-00400,Asus Op Lung Plus,Asus,Op Lung,1612000,217,San pham chat luong cao
P-00401,Asus Cap Sac Plus,Asus,Cap Sac,1145000,307,San pham chat luong cao
P-00402,JBL Ao Thun Premium,JBL,Ao Thun,2322000,318,San pham chat luong cao
P-00403,HP Monitor Pro Max,HP,Monitor,3871000,312,San pham chat luong cao
P-00404,Samsung Ban Phim Lite,Samsung,Ban Phim,3722000,281,San pham chat luong cao
P-00405,JBL Chuot Gaming V2,JBL,Chuot Gaming,1597000,16,San pham chat luong cao
P-00406,Logitech Cap Sac XL,Logitech,Cap Sac,990000,237,San pham chat luong cao
P-00407,Xiaomi Cap Sac Ultra,Xiaomi,Cap Sac,4176000,204,San pham chat luong cao
P-00408,Apple Webcam Lite,Apple,Webcam,639000,430,San pham chat luong cao
P-00409,Samsung Loa Ultra,Samsung,Loa,3725000,39,San pham chat luong cao
P-00410,Apple Ong Nhom Sport,Apple,Ong Nhom,4455000,245,San pham chat luong cao
P-00411,HP Ong Nhom Mini,HP,Ong Nhom,1384000,369,San pham chat luong cao
P-00412,Logitech Sac Du Phong Sport,Logitech,Sac Du Phong,1317000,499,San pham chat luong cao
P-00413,Asus Ban Phim Classic,Asus,Ban Phim,1251000,440,San pham chat luong cao
P-00414,Asus Ong Nhom Lite,Asus,Ong Nhom,2329000,54,San pham chat luong cao
P-00415,Apple May Anh Sport,Apple,May Anh,2257000,23,San pham chat luong cao
P-00416,Samsung Tai Nghe Pro Max,Samsung,Tai Nghe,1748000,280,San pham chat luong cao
P-00417,Apple Op Lung XL,Apple,Op Lung,3397000,325,San pham chat luong cao
P-00418,Logitech Quat Mini V2,Logitech,Quat Mini,4061000,29,San pham chat luong cao
P-00419,Logitech Webcam Ultra,Logitech,Webcam,626000,94,San pham chat luong cao
P-00420,Xiaomi Balo Premium,Xiaomi,Balo,3758000,276,San pham chat luong cao
P-00421,Anker Laptop Premium,Anker,Laptop,3352000,301,San pham chat luong cao
P-00422,Apple Tai Nghe Classic,Apple,Tai Nghe,2872000,415,San pham chat luong cao
P-00423,HP Webcam Lite,HP,Webcam,119000,336,San pham chat luong cao
P-00424,Razer Chuot Gaming Premium,Razer,Chuot Gaming,2438000,140,San pham chat luong cao
P-00425,Anker Monitor XL,Anker,Monitor,4678000,329,San pham chat luong cao
P-00426,HP Sac Du Phong Sport,HP,Sac Du Phong,1602000,130,San pham chat luong cao
P-00427,Apple Cap Sac Plus,Apple,Cap Sac,1155000,193,San pham chat luong cao
P-00428,Xiaomi Op Lung Lite,Xiaomi,Op Lung,335000,413,San pham chat luong cao
P-00429,Asus Ao Thun Classic,Asus,Ao Thun,1278000,245,San pham chat luong cao
P-00430,JBL Sac Du Phong Premium,JBL,Sac Du Phong,3516000,149,San pham chat luong cao
P-00431,Apple Dong Ho Mini,Apple,Dong Ho,2341000,493,San pham chat luong cao
P-00432,Asus May Anh Pro Max,Asus,May Anh,2792000,469,San pham chat luong cao
P-00433,Samsung Ban Phim V2,Samsung,Ban Phim,2378000,428,San pham chat luong cao
P-00434,Asus USB Hub Sport,Asus,USB Hub,3409000,45,San pham chat luong cao
P-00435,Xiaomi Op Lung V2,Xiaomi,Op Lung,1289000,388,San pham chat luong cao
P-00436,JBL Sac Du Phong Classic,JBL,Sac Du Phong,3717000,237,San pham chat luong cao
P-00437,Xiaomi Cap Sac Lite,Xiaomi,Cap Sac,4093000,136,San pham chat luong cao
P-00438,Razer Tai Nghe Mini,Razer,Tai Nghe,1628000,63,San pham chat luong cao
P-00439,Sony Quat Mini Mini,Sony,Quat Mini,4778000,98,San pham chat luong cao
P-00440,Logitech Cap Sac Premium,Logitech,Cap Sac,1328000,182,San pham chat luong cao
P-00441,Razer Tai Nghe Sport,Razer,Tai Nghe,2422000,202,San pham chat luong cao
P-00442,Logitech Tai Nghe XL,Logitech,Tai Nghe,1203000,383,San pham chat luong cao
P-00443,Xiaomi Sac Du Phong Pro Max,Xiaomi,Sac Du Phong,3286000,374,San pham chat luong cao
P-00444,Logitech Monitor Classic,Logitech,Monitor,2302000,372,San pham chat luong cao
P-00445,Sony Ao Thun Classic,Sony,Ao Thun,3290000,132,San pham chat luong cao
P-00446,Sony Quat Mini Ultra,Sony,Quat Mini,2937000,133,San pham chat luong cao
P-00447,Apple Balo V2,Apple,Balo,2815000,101,San pham chat luong cao
P-00448,Razer Ban Phim Sport,Razer,Ban Phim,4526000,225,San pham chat luong cao
P-00449,JBL Ban Phim Premium,JBL,Ban Phim,4343000,410,San pham chat luong cao
P-00450,Anker Sac Du Phong Sport,Anker,Sac Du Phong,777000,496,San pham chat luong cao
P-00451,HP Ban Phim Plus,HP,Ban Phim,2391000,500,San pham chat luong cao
P-00452,Razer Chuot Gaming Mini,Razer,Chuot Gaming,2339000,268,San pham chat luong cao
P-00453,Apple Laptop XL,Apple,Laptop,1779000,151,San pham chat luong cao
P-00454,Apple Ong Nhom Classic,Apple,Ong Nhom,4307000,19,San pham chat luong cao
P-00455,Apple Kinh Mat Plus,Apple,Kinh Mat,4342000,30,San pham chat luong cao
P-00456,Logitech Sac Du Phong Mini,Logitech,Sac Du Phong,4374000,421,San pham chat luong cao
P-00457,Logitech Tai Nghe Lite,Logitech,Tai Nghe,473000,121,San pham chat luong cao
P-00458,Sony Monitor Plus,Sony,Monitor,459000,95,San pham chat luong cao
P-00459,Apple Webcam Mini,Apple,Webcam,2237000,230,San pham chat luong cao
P-00460,JBL Dong Ho XL,JBL,Dong Ho,402000,328,San pham chat luong cao
P-00461,Razer Monitor Classic,Razer,Monitor,4368000,192,San pham chat luong cao
P-00462,Apple Kinh Mat Mini,Apple,Kinh Mat,1148000,221,San pham chat luong cao
P-00463,Sony Sac Du Phong Plus,Sony,Sac Du Phong,4045000,123,San pham chat luong cao
P-00464,Razer Webcam Premium,Razer,Webcam,4869000,143,San pham chat luong cao
P-00465,Apple Loa Premium,Apple,Loa,2377000,230,San pham chat luong cao
P-00466,Razer Tai Nghe Ultra,Razer,Tai Nghe,3670000,80,San pham chat luong cao
P-00467,Sony May Anh Mini,Sony,May Anh,4036000,391,San pham chat luong cao
P-00468,Xiaomi Quat Mini V2,Xiaomi,Quat Mini,2231000,295,San pham chat luong cao
P-00469,Samsung USB Hub Mini,Samsung,USB Hub,529000,320,San pham chat luong cao
P-00470,Logitech Balo XL,Logitech,Balo,4188000,301,San pham chat luong cao
P-00471,Sony Kinh Mat Premium,Sony,Kinh Mat,4537000,235,San pham chat luong cao
P-00472,JBL Tablet Premium,JBL,Tablet,3056000,279,San pham chat luong cao
P-00473,Asus Ong Nhom Classic,Asus,Ong Nhom,3332000,191,San pham chat luong cao
P-00474,Sony Kinh Mat Premium,Sony,Kinh Mat,3188000,116,San pham chat luong cao
P-00475,Samsung Ao Thun Ultra,Samsung,Ao Thun,3321000,457,San pham chat luong cao
P-00476,Anker Ong Nhom Plus,Anker,Ong Nhom,2467000,12,San pham chat luong cao
P-00477,JBL Balo Pro Max,JBL,Balo,3466000,141,San pham chat luong cao
P-00478,Xiaomi Kinh Mat Plus,Xiaomi,Kinh Mat,3620000,17,San pham chat luong cao
P-00479,Anker Loa V2,Anker,Loa,4647000,209,San pham chat luong cao
P-00480,Anker Giay Premium,Anker,Giay,1375000,354,San pham chat luong cao
P-00481,Logitech Cap Sac Premium,Logitech,Cap Sac,1380000,492,San pham chat luong cao
P-00482,Anker Ban Phim Ultra,Anker,Ban Phim,2606000,163,San pham chat luong cao
P-00483,Samsung Sac Du Phong Classic,Samsung,Sac Du Phong,597000,139,San pham chat luong cao
P-00484,Xiaomi Sac Du Phong Premium,Xiaomi,Sac Du Phong,3035000,255,San pham chat luong cao
P-00485,Samsung Balo XL,Samsung,Balo,1100000,71,San pham chat luong cao
P-00486,Apple Dong Ho Sport,Apple,Dong Ho,2689000,441,San pham chat luong cao
P-00487,Xiaomi Op Lung Mini,Xiaomi,Op Lung,1280000,264,San pham chat luong cao
P-00488,Logitech Kinh Mat Classic,Logitech,Kinh Mat,2466000,149,San pham chat luong cao
P-00489,Razer Chuot Gaming Mini,Razer,Chuot Gaming,3016000,307,San pham chat luong cao
P-00490,Apple Monitor Sport,Apple,Monitor,4942000,229,San pham chat luong cao
P-00491,Asus Tai Nghe Plus,Asus,Tai Nghe,1076000,158,San pham chat luong cao
P-00492,HP Ao Thun Pro Max,HP,Ao Thun,3423000,331,San pham chat luong cao
P-00493,Anker Tai Nghe V2,Anker,Tai Nghe,2474000,211,San pham chat luong cao
P-00494,Samsung Ao Thun Mini,Samsung,Ao Thun,1462000,158,San pham chat luong cao
P-00495,Razer Op Lung Classic,Razer,Op Lung,3743000,320,San pham chat luong cao
P-00496,Apple Ao Thun Premium,Apple,Ao Thun,960000,449,San pham chat luong cao
P-00497,Samsung Ao Thun Mini,Samsung,Ao Thun,4174000,388,San pham chat luong cao
P-00498,HP Webcam V2,HP,Webcam,4552000,223,San pham chat luong cao
P-00499,Logitech Cap Sac Mini,Logitech,Cap Sac,2796000,82,San pham chat luong cao
P-00500,Apple Op Lung Lite,Apple,Op Lung,3039000,411,San pham chat luong cao
P-00501,Samsung Balo V2,Samsung,Balo,1377000,418,San pham chat luong cao
P-00502,JBL Tablet Classic,JBL,Tablet,2545000,355,San pham chat luong cao
P-00503,JBL Webcam Classic,JBL,Webcam,2118000,470,San pham chat luong cao
P-00504,Samsung Kinh Mat Mini,Samsung,Kinh Mat,4447000,408,San pham chat luong cao
P-00505,HP May Anh Classic,HP,May Anh,3426000,336,San pham chat luong cao
P-00506,Apple Chuot Gaming V2,Apple,Chuot Gaming,3959000,236,San pham chat luong cao
P-00507,Apple Sac Du Phong Classic,Apple,Sac Du Phong,4729000,161,San pham chat luong cao
P-00508,Anker Sac Du Phong Mini,Anker,Sac Du Phong,4633000,454,San pham chat luong cao
P-00509,Samsung Cap Sac XL,Samsung,Cap Sac,3438000,66,San pham chat luong cao
P-00510,Samsung Tai Nghe Pro Max,Samsung,Tai Nghe,4736000,377,San pham chat luong cao
P-00511,HP May Anh Pro Max,HP,May Anh,3076000,113,San pham chat luong cao
P-00512,Apple Tai Nghe Mini,Apple,Tai Nghe,4145000,66,San pham chat luong cao
P-00513,Asus Ong Nhom Classic,Asus,Ong Nhom,1907000,151,San pham chat luong cao
P-00514,Sony Kinh Mat V2,Sony,Kinh Mat,2477000,219,San pham chat luong cao
P-00515,HP May Anh Lite,HP,May Anh,685000,251,San pham chat luong cao
P-00516,JBL Sac Du Phong Pro Max,JBL,Sac Du Phong,3653000,145,San pham chat luong cao
P-00517,Anker Laptop V2,Anker,Laptop,635000,491,San pham chat luong cao
P-00518,Razer Monitor Pro Max,Razer,Monitor,3330000,331,San pham chat luong cao
P-00519,Logitech Op Lung Ultra,Logitech,Op Lung,4427000,97,San pham chat luong cao
P-00520,Samsung Quat Mini V2,Samsung,Quat Mini,821000,175,San pham chat luong cao
P-00521,Asus May Anh V2,Asus,May Anh,1118000,229,San pham chat luong cao
P-00522,Xiaomi Tai Nghe Premium,Xiaomi,Tai Nghe,105000,225,San pham chat luong cao
P-00523,Sony Tai Nghe Ultra,Sony,Tai Nghe,2349000,290,San pham chat luong cao
P-00524,Asus Cap Sac Classic,Asus,Cap Sac,2610000,323,San pham chat luong cao
P-00525,Razer Quat Mini Ultra,Razer,Quat Mini,2107000,63,San pham chat luong cao
P-00526,Anker Ban Phim XL,Anker,Ban Phim,3062000,322,San pham chat luong cao
P-00527,Samsung Ban Phim Plus,Samsung,Ban Phim,3001000,32,San pham chat luong cao
P-00528,Apple Dong Ho Ultra,Apple,Dong Ho,2720000,464,San pham chat luong cao
P-00529,Razer USB Hub Pro Max,Razer,USB Hub,1411000,116,San pham chat luong cao
P-00530,Anker Ao Thun Sport,Anker,Ao Thun,3107000,377,San pham chat luong cao
P-00531,Logitech Webcam Lite,Logitech,Webcam,4709000,320,San pham chat luong cao
P-00532,Xiaomi Chuot Gaming V2,Xiaomi,Chuot Gaming,2209000,175,San pham chat luong cao
P-00533,Razer Chuot Gaming Premium,Razer,Chuot Gaming,2279000,21,San pham chat luong cao
P-00534,Razer Laptop Plus,Razer,Laptop,4535000,134,San pham chat luong cao
P-00535,Asus Sac Du Phong Plus,Asus,Sac Du Phong,930000,66,San pham chat luong cao
P-00536,Sony Loa Plus,Sony,Loa,187000,442,San pham chat luong cao
P-00537,Logitech Quat Mini Lite,Logitech,Quat Mini,2826000,74,San pham chat luong cao
P-00538,Razer Kinh Mat Classic,Razer,Kinh Mat,740000,437,San pham chat luong cao
P-00539,Razer Giay Pro Max,Razer,Giay,2126000,360,San pham chat luong cao
P-00540,Logitech Ao Thun Sport,Logitech,Ao Thun,4789000,394,San pham chat luong cao
P-00541,Apple Monitor Premium,Apple,Monitor,4357000,109,San pham chat luong cao
P-00542,JBL Kinh Mat Pro Max,JBL,Kinh Mat,3132000,465,San pham chat luong cao
P-00543,Logitech May Anh Plus,Logitech,May Anh,1484000,14,San pham chat luong cao
P-00544,Sony Monitor Ultra,Sony,Monitor,923000,38,San pham chat luong cao
P-00545,Sony Op Lung Premium,Sony,Op Lung,1675000,449,San pham chat luong cao
P-00546,Logitech Kinh Mat Plus,Logitech,Kinh Mat,4957000,134,San pham chat luong cao
P-00547,Logitech Sac Du Phong Lite,Logitech,Sac Du Phong,3723000,352,San pham chat luong cao
P-00548,Razer Tablet Pro Max,Razer,Tablet,4830000,405,San pham chat luong cao
P-00549,Razer May Anh Ultra,Razer,May Anh,673000,423,San pham chat luong cao
P-00550,Logitech Ao Thun Plus,Logitech,Ao Thun,3670000,86,San pham chat luong cao
P-00551,Samsung USB Hub Premium,Samsung,USB Hub,2133000,99,San pham chat luong cao
P-00552,Anker Giay Mini,Anker,Giay,3147000,67,San pham chat luong cao
P-00553,Xiaomi Op Lung Plus,Xiaomi,Op Lung,4202000,355,San pham chat luong cao
P-00554,Logitech Ao Thun XL,Logitech,Ao Thun,2556000,328,San pham chat luong cao
P-00555,Samsung Loa Ultra,Samsung,Loa,1734000,96,San pham chat luong cao
P-00556,Logitech USB Hub Classic,Logitech,USB Hub,801000,244,San pham chat luong cao
P-00557,HP May Anh Premium,HP,May Anh,3388000,388,San pham chat luong cao
P-00558,Apple Cap Sac Plus,Apple,Cap Sac,3149000,471,San pham chat luong cao
P-00559,HP Giay Classic,HP,Giay,3597000,66,San pham chat luong cao
P-00560,Anker Laptop Premium,Anker,Laptop,1162000,61,San pham chat luong cao
P-00561,Sony Ong Nhom V2,Sony,Ong Nhom,3260000,94,San pham chat luong cao
P-00562,Razer Chuot Gaming Premium,Razer,Chuot Gaming,4983000,80,San pham chat luong cao
P-00563,Samsung Tablet Classic,Samsung,Tablet,3929000,98,San pham chat luong cao
P-00564,Asus Balo Pro Max,Asus,Balo,1552000,496,San pham chat luong cao
P-00565,Sony Op Lung Plus,Sony,Op Lung,3833000,161,San pham chat luong cao
P-00566,Sony Webcam V2,Sony,Webcam,4867000,23,San pham chat luong cao
P-00567,Logitech Giay Mini,Logitech,Giay,1898000,433,San pham chat luong cao
P-00568,Xiaomi Ban Phim Lite,Xiaomi,Ban Phim,4739000,118,San pham chat luong cao
P-00569,Xiaomi USB Hub XL,Xiaomi,USB Hub,1682000,448,San pham chat luong cao
P-00570,Samsung May Anh Sport,Samsung,May Anh,2739000,81,San pham chat luong cao
P-00571,Razer Webcam V2,Razer,Webcam,1125000,412,San pham chat luong cao
P-00572,Logitech Ong Nhom V2,Logitech,Ong Nhom,4508000,136,San pham chat luong cao
P-00573,JBL Giay V2,JBL,Giay,3134000,399,San pham chat luong cao
P-00574,Razer Loa Lite,Razer,Loa,3510000,496,San pham chat luong cao
P-00575,Logitech Ban Phim Pro Max,Logitech,Ban Phim,1676000,97,San pham chat luong cao
P-00576,Apple Balo Premium,Apple,Balo,3355000,305,San pham chat luong cao
P-00577,Samsung Cap Sac Lite,Samsung,Cap Sac,4275000,121,San pham chat luong cao
P-00578,Apple Ao Thun Plus,Apple,Ao Thun,2491000,131,San pham chat luong cao
P-00579,HP May Anh Premium,HP,May Anh,1783000,440,San pham chat luong cao
P-00580,JBL Chuot Gaming Premium,JBL,Chuot Gaming,175000,150,San pham chat luong cao
P-00581,JBL Sac Du Phong XL,JBL,Sac Du Phong,647000,487,San pham chat luong cao
P-00582,HP Kinh Mat Premium,HP,Kinh Mat,927000,350,San pham chat luong cao
P-00583,Asus Ong Nhom XL,Asus,Ong Nhom,451000,87,San pham chat luong cao
P-00584,Anker Chuot Gaming Premium,Anker,Chuot Gaming,540000,227,San pham chat luong cao
P-00585,Sony Laptop Classic,Sony,Laptop,952000,191,San pham chat luong cao
P-00586,Anker Sac Du Phong Plus,Anker,Sac Du Phong,3840000,241,San pham chat luong cao
P-00587,Samsung Tai Nghe Pro Max,Samsung,Tai Nghe,2988000,70,San pham chat luong cao
P-00588,Logitech Laptop Premium,Logitech,Laptop,4552000,493,San pham chat luong cao
P-00589,Razer Cap Sac Plus,Razer,Cap Sac,1349000,449,San pham chat luong cao
P-00590,Razer Giay Plus,Razer,Giay,4621000,300,San pham chat luong cao
P-00591,Razer May Anh Mini,Razer,May Anh,301000,384,San pham chat luong cao
P-00592,Asus May Anh Plus,Asus,May Anh,4722000,60,San pham chat luong cao
P-00593,Samsung Giay Classic,Samsung,Giay,2695000,402,San pham chat luong cao
P-00594,Apple May Anh Lite,Apple,May Anh,1890000,165,San pham chat luong cao
P-00595,Razer Tablet Plus,Razer,Tablet,4011000,447,San pham chat luong cao
P-00596,Razer Tai Nghe Lite,Razer,Tai Nghe,4917000,205,San pham chat luong cao
P-00597,Samsung Webcam XL,Samsung,Webcam,419000,31,San pham chat luong cao
P-00598,Logitech May Anh Mini,Logitech,May Anh,3792000,220,San pham chat luong cao
P-00599,Apple Op Lung Plus,Apple,Op Lung,1294000,495,San pham chat luong cao
P-00600,Samsung Kinh Mat Mini,Samsung,Kinh Mat,3369000,220,San pham chat luong cao
P-00601,Apple Loa Lite,Apple,Loa,390000,146,San pham chat luong cao
P-00602,JBL Chuot Gaming Ultra,JBL,Chuot Gaming,2871000,440,San pham chat luong cao
P-00603,HP Tablet Mini,HP,Tablet,122000,488,San pham chat luong cao
P-00604,Samsung Ao Thun XL,Samsung,Ao Thun,545000,332,San pham chat luong cao
P-00605,JBL Webcam Pro Max,JBL,Webcam,80000,335,San pham chat luong cao
P-00606,JBL Op Lung Classic,JBL,Op Lung,2685000,136,San pham chat luong cao
P-00607,Razer Monitor Mini,Razer,Monitor,516000,276,San pham chat luong cao
P-00608,Xiaomi Ong Nhom Ultra,Xiaomi,Ong Nhom,3985000,125,San pham chat luong cao
P-00609,Anker Cap Sac Sport,Anker,Cap Sac,1457000,347,San pham chat luong cao
P-00610,Xiaomi Giay Ultra,Xiaomi,Giay,4116000,299,San pham chat luong cao
P-00611,Logitech Monitor Mini,Logitech,Monitor,172000,387,San pham chat luong cao
P-00612,Samsung Dong Ho Pro Max,Samsung,Dong Ho,3609000,449,San pham chat luong cao
P-00613,HP May Anh Mini,HP,May Anh,1356000,282,San pham chat luong cao
P-00614,Sony Ao Thun Premium,Sony,Ao Thun,3462000,323,San pham chat luong cao
P-00615,HP Quat Mini Lite,HP,Quat Mini,4950000,449,San pham chat luong cao
P-00616,Logitech Ong Nhom V2,Logitech,Ong Nhom,3934000,275,San pham chat luong cao
P-00617,Sony Balo Classic,Sony,Balo,258000,75,San pham chat luong cao
P-00618,JBL USB Hub Plus,JBL,USB Hub,3366000,255,San pham chat luong cao
P-00619,Asus Chuot Gaming XL,Asus,Chuot Gaming,698000,122,San pham chat luong cao
P-00620,Razer Laptop Lite,Razer,Laptop,102000,208,San pham chat luong cao
P-00621,Anker Monitor Sport,Anker,Monitor,4815000,174,San pham chat luong cao
P-00622,Anker Chuot Gaming Premium,Anker,Chuot Gaming,1366000,85,San pham chat luong cao
P-00623,Asus Monitor Premium,Asus,Monitor,3351000,180,San pham chat luong cao
P-00624,Xiaomi Quat Mini XL,Xiaomi,Quat Mini,4076000,425,San pham chat luong cao
P-00625,HP USB Hub XL,HP,USB Hub,2984000,464,San pham chat luong cao
P-00626,Razer Dong Ho Ultra,Razer,Dong Ho,3094000,294,San pham chat luong cao
P-00627,Apple May Anh Pro Max,Apple,May Anh,4897000,357,San pham chat luong cao
P-00628,Sony Balo V2,Sony,Balo,4785000,441,San pham chat luong cao
P-00629,Sony May Anh XL,Sony,May Anh,1427000,437,San pham chat luong cao
P-00630,HP Loa Premium,HP,Loa,3794000,367,San pham chat luong cao
P-00631,HP Ao Thun Mini,HP,Ao Thun,2349000,353,San pham chat luong cao
P-00632,Anker USB Hub Plus,Anker,USB Hub,4757000,208,San pham chat luong cao
P-00633,JBL Sac Du Phong Classic,JBL,Sac Du Phong,1071000,387,San pham chat luong cao
P-00634,Xiaomi Quat Mini Mini,Xiaomi,Quat Mini,2714000,125,San pham chat luong cao
P-00635,Logitech May Anh Mini,Logitech,May Anh,4227000,113,San pham chat luong cao
P-00636,HP Giay Lite,HP,Giay,2141000,54,San pham chat luong cao
P-00637,Samsung Laptop Pro Max,Samsung,Laptop,2583000,477,San pham chat luong cao
P-00638,JBL Giay XL,JBL,Giay,3254000,111,San pham chat luong cao
P-00639,Apple Ao Thun Ultra,Apple,Ao Thun,938000,51,San pham chat luong cao
P-00640,Apple Kinh Mat Classic,Apple,Kinh Mat,2771000,68,San pham chat luong cao
P-00641,Anker Sac Du Phong Premium,Anker,Sac Du Phong,3046000,269,San pham chat luong cao
P-00642,Samsung Loa Classic,Samsung,Loa,4577000,279,San pham chat luong cao
P-00643,Razer Monitor Sport,Razer,Monitor,4855000,437,San pham chat luong cao
P-00644,Razer Balo XL,Razer,Balo,4087000,497,San pham chat luong cao
P-00645,Sony Quat Mini XL,Sony,Quat Mini,1397000,212,San pham chat luong cao
P-00646,Samsung Ong Nhom XL,Samsung,Ong Nhom,1371000,335,San pham chat luong cao
P-00647,Xiaomi Ao Thun Classic,Xiaomi,Ao Thun,214000,111,San pham chat luong cao
P-00648,Sony Ao Thun Lite,Sony,Ao Thun,927000,391,San pham chat luong cao
P-00649,Asus Op Lung XL,Asus,Op Lung,200000,353,San pham chat luong cao
P-00650,Razer Tablet Pro Max,Razer,Tablet,2768000,376,San pham chat luong cao
P-00651,Razer Op Lung Pro Max,Razer,Op Lung,3481000,215,San pham chat luong cao
P-00652,Samsung Tablet Lite,Samsung,Tablet,2484000,195,San pham chat luong cao
P-00653,Apple Chuot Gaming Sport,Apple,Chuot Gaming,4661000,115,San pham chat luong cao
P-00654,Apple Balo XL,Apple,Balo,1740000,98,San pham chat luong cao
P-00655,JBL Laptop Premium,JBL,Laptop,2235000,201,San pham chat luong cao
P-00656,Logitech Cap Sac Lite,Logitech,Cap Sac,3995000,331,San pham chat luong cao
P-00657,Logitech Tai Nghe Plus,Logitech,Tai Nghe,2598000,36,San pham chat luong cao
P-00658,Razer May Anh Pro Max,Razer,May Anh,2946000,354,San pham chat luong cao
P-00659,HP Dong Ho Plus,HP,Dong Ho,3894000,469,San pham chat luong cao
P-00660,JBL Loa Lite,JBL,Loa,2537000,215,San pham chat luong cao
P-00661,Sony Tai Nghe V2,Sony,Tai Nghe,4015000,363,San pham chat luong cao
P-00662,Logitech Webcam Premium,Logitech,Webcam,2125000,276,San pham chat luong cao
P-00663,Asus Cap Sac Plus,Asus,Cap Sac,2996000,196,San pham chat luong cao
P-00664,Samsung Kinh Mat Pro Max,Samsung,Kinh Mat,1658000,385,San pham chat luong cao
P-00665,Apple Dong Ho V2,Apple,Dong Ho,4920000,491,San pham chat luong cao
P-00666,JBL Ao Thun Ultra,JBL,Ao Thun,929000,294,San pham chat luong cao
P-00667,HP May Anh Lite,HP,May Anh,4550000,15,San pham chat luong cao
P-00668,Sony Webcam Premium,Sony,Webcam,4961000,120,San pham chat luong cao
P-00669,HP Loa Sport,HP,Loa,693000,365,San pham chat luong cao
P-00670,JBL May Anh Sport,JBL,May Anh,468000,319,San pham chat luong cao
P-00671,Logitech Webcam Mini,Logitech,Webcam,1430000,418,San pham chat luong cao
P-00672,Anker Laptop Premium,Anker,Laptop,3529000,439,San pham chat luong cao
P-00673,Asus Laptop XL,Asus,Laptop,1197000,154,San pham chat luong cao
P-00674,Asus Monitor XL,Asus,Monitor,2725000,212,San pham chat luong cao
P-00675,Samsung Tablet Lite,Samsung,Tablet,1030000,12,San pham chat luong cao
P-00676,Razer May Anh Sport,Razer,May Anh,2241000,381,San pham chat luong cao
P-00677,Razer Loa Pro Max,Razer,Loa,3304000,154,San pham chat luong cao
P-00678,Logitech Ao Thun Classic,Logitech,Ao Thun,2393000,218,San pham chat luong cao
P-00679,Razer Quat Mini Premium,Razer,Quat Mini,2514000,50,San pham chat luong cao
P-00680,Apple USB Hub V2,Apple,USB Hub,1175000,242,San pham chat luong cao
P-00681,Logitech Op Lung XL,Logitech,Op Lung,4519000,292,San pham chat luong cao
P-00682,Asus USB Hub XL,Asus,USB Hub,4619000,431,San pham chat luong cao
P-00683,Samsung Laptop V2,Samsung,Laptop,793000,74,San pham chat luong cao
P-00684,Sony USB Hub Premium,Sony,USB Hub,1918000,32,San pham chat luong cao
P-00685,Asus Sac Du Phong Ultra,Asus,Sac Du Phong,3250000,199,San pham chat luong cao
P-00686,HP Ong Nhom V2,HP,Ong Nhom,4553000,187,San pham chat luong cao
P-00687,JBL Laptop Lite,JBL,Laptop,802000,306,San pham chat luong cao
P-00688,Logitech Laptop Classic,Logitech,Laptop,4499000,438,San pham chat luong cao
P-00689,Samsung Quat Mini Sport,Samsung,Quat Mini,2635000,493,San pham chat luong cao
P-00690,Asus USB Hub Pro Max,Asus,USB Hub,4526000,28,San pham chat luong cao
P-00691,Logitech USB Hub Ultra,Logitech,USB Hub,2695000,367,San pham chat luong cao
P-00692,JBL Quat Mini Plus,JBL,Quat Mini,2818000,484,San pham chat luong cao
P-00693,Razer Cap Sac V2,Razer,Cap Sac,325000,31,San pham chat luong cao
P-00694,Sony Webcam XL,Sony,Webcam,4901000,383,San pham chat luong cao
P-00695,Apple Balo XL,Apple,Balo,4803000,149,San pham chat luong cao
P-00696,Razer Kinh Mat Plus,Razer,Kinh Mat,2201000,22,San pham chat luong cao
P-00697,Logitech Tablet Plus,Logitech,Tablet,2768000,100,San pham chat luong cao
P-00698,JBL Tablet Pro Max,JBL,Tablet,335000,386,San pham chat luong cao
P-00699,Xiaomi Dong Ho Sport,Xiaomi,Dong Ho,1046000,214,San pham chat luong cao
P-00700,Asus Ong Nhom Sport,Asus,Ong Nhom,2276000,271,San pham chat luong cao
P-00701,Samsung Kinh Mat Plus,Samsung,Kinh Mat,1325000,345,San pham chat luong cao
P-00702,Razer Laptop Classic,Razer,Laptop,4479000,229,San pham chat luong cao
P-00703,Apple Ao Thun Ultra,Apple,Ao Thun,1428000,257,San pham chat luong cao
P-00704,Anker Chuot Gaming Pro Max,Anker,Chuot Gaming,3986000,337,San pham chat luong cao
P-00705,Anker USB Hub Pro Max,Anker,USB Hub,3051000,298,San pham chat luong cao
P-00706,Logitech Ao Thun Sport,Logitech,Ao Thun,652000,150,San pham chat luong cao
P-00707,Apple Cap Sac Sport,Apple,Cap Sac,755000,444,San pham chat luong cao
P-00708,JBL Sac Du Phong Premium,JBL,Sac Du Phong,3399000,71,San pham chat luong cao
P-00709,Razer Kinh Mat Plus,Razer,Kinh Mat,1093000,301,San pham chat luong cao
P-00710,Asus Ban Phim Sport,Asus,Ban Phim,1271000,132,San pham chat luong cao
P-00711,Asus May Anh Sport,Asus,May Anh,1647000,250,San pham chat luong cao
P-00712,Asus Giay Pro Max,Asus,Giay,3994000,234,San pham chat luong cao
P-00713,Sony Webcam Ultra,Sony,Webcam,3862000,107,San pham chat luong cao
P-00714,Apple Op Lung Lite,Apple,Op Lung,3450000,425,San pham chat luong cao
P-00715,Apple Chuot Gaming XL,Apple,Chuot Gaming,583000,338,San pham chat luong cao
P-00716,Razer Quat Mini Premium,Razer,Quat Mini,1126000,21,San pham chat luong cao
P-00717,Asus Chuot Gaming Pro Max,Asus,Chuot Gaming,2374000,452,San pham chat luong cao
P-00718,Asus Tai Nghe Ultra,Asus,Tai Nghe,696000,484,San pham chat luong cao
P-00719,Samsung Monitor Plus,Samsung,Monitor,2225000,65,San pham chat luong cao
P-00720,HP Ong Nhom Sport,HP,Ong Nhom,4887000,158,San pham chat luong cao
P-00721,JBL Quat Mini V2,JBL,Quat Mini,1466000,14,San pham chat luong cao
P-00722,HP Balo Plus,HP,Balo,1983000,303,San pham chat luong cao
P-00723,Sony Ong Nhom Ultra,Sony,Ong Nhom,1810000,126,San pham chat luong cao
P-00724,JBL Quat Mini Mini,JBL,Quat Mini,2940000,383,San pham chat luong cao
P-00725,Apple Giay Pro Max,Apple,Giay,2864000,130,San pham chat luong cao
P-00726,JBL Webcam Pro Max,JBL,Webcam,4096000,263,San pham chat luong cao
P-00727,Apple Dong Ho Plus,Apple,Dong Ho,55000,146,San pham chat luong cao
P-00728,Samsung USB Hub V2,Samsung,USB Hub,3727000,35,San pham chat luong cao
P-00729,Samsung Ong Nhom Sport,Samsung,Ong Nhom,3593000,93,San pham chat luong cao
P-00730,Anker USB Hub Lite,Anker,USB Hub,3061000,287,San pham chat luong cao
P-00731,Xiaomi Laptop Premium,Xiaomi,Laptop,1180000,122,San pham chat luong cao
P-00732,Xiaomi Webcam V2,Xiaomi,Webcam,4903000,342,San pham chat luong cao
P-00733,Razer Tai Nghe V2,Razer,Tai Nghe,2118000,248,San pham chat luong cao
P-00734,Logitech Tai Nghe Premium,Logitech,Tai Nghe,2852000,378,San pham chat luong cao
P-00735,Samsung Ao Thun XL,Samsung,Ao Thun,2950000,363,San pham chat luong cao
P-00736,JBL Cap Sac Pro Max,JBL,Cap Sac,4950000,456,San pham chat luong cao
P-00737,Apple Chuot Gaming Ultra,Apple,Chuot Gaming,3177000,459,San pham chat luong cao
P-00738,Sony Chuot Gaming Classic,Sony,Chuot Gaming,2420000,320,San pham chat luong cao
P-00739,Anker Balo XL,Anker,Balo,3169000,229,San pham chat luong cao
P-00740,Asus Sac Du Phong Mini,Asus,Sac Du Phong,1384000,204,San pham chat luong cao
P-00741,Razer Webcam Lite,Razer,Webcam,4074000,254,San pham chat luong cao
P-00742,Xiaomi Kinh Mat Ultra,Xiaomi,Kinh Mat,1575000,117,San pham chat luong cao
P-00743,Logitech Monitor Ultra,Logitech,Monitor,1891000,383,San pham chat luong cao
P-00744,Xiaomi Chuot Gaming Ultra,Xiaomi,Chuot Gaming,1517000,427,San pham chat luong cao
P-00745,Samsung Quat Mini Ultra,Samsung,Quat Mini,1917000,59,San pham chat luong cao
P-00746,Logitech Giay V2,Logitech,Giay,4047000,295,San pham chat luong cao
P-00747,Apple Kinh Mat Classic,Apple,Kinh Mat,3600000,429,San pham chat luong cao
P-00748,Sony Ong Nhom Sport,Sony,Ong Nhom,4775000,312,San pham chat luong cao
P-00749,Xiaomi Dong Ho XL,Xiaomi,Dong Ho,475000,363,San pham chat luong cao
P-00750,Razer Tablet XL,Razer,Tablet,2681000,45,San pham chat luong cao
P-00751,Samsung Balo Plus,Samsung,Balo,1417000,436,San pham chat luong cao
P-00752,HP Kinh Mat V2,HP,Kinh Mat,1692000,493,San pham chat luong cao
P-00753,Sony Dong Ho V2,Sony,Dong Ho,4314000,40,San pham chat luong cao
P-00754,Samsung Cap Sac Classic,Samsung,Cap Sac,1865000,26,San pham chat luong cao
P-00755,Xiaomi Ao Thun Pro Max,Xiaomi,Ao Thun,3657000,261,San pham chat luong cao
P-00756,Razer Laptop Sport,Razer,Laptop,685000,413,San pham chat luong cao
P-00757,Logitech Dong Ho Plus,Logitech,Dong Ho,1878000,80,San pham chat luong cao
P-00758,Asus Loa Sport,Asus,Loa,3939000,486,San pham chat luong cao
P-00759,JBL Dong Ho Lite,JBL,Dong Ho,3057000,491,San pham chat luong cao
P-00760,Samsung Cap Sac Ultra,Samsung,Cap Sac,3073000,473,San pham chat luong cao
P-00761,Asus Cap Sac Pro Max,Asus,Cap Sac,1595000,21,San pham chat luong cao
P-00762,Apple Tai Nghe Pro Max,Apple,Tai Nghe,4448000,408,San pham chat luong cao
P-00763,Asus Monitor Lite,Asus,Monitor,2641000,435,San pham chat luong cao
P-00764,Anker Ao Thun Mini,Anker,Ao Thun,460000,474,San pham chat luong cao
P-00765,Sony Ban Phim Sport,Sony,Ban Phim,737000,104,San pham chat luong cao
P-00766,Anker Quat Mini Pro Max,Anker,Quat Mini,594000,47,San pham chat luong cao
P-00767,Xiaomi Tablet Lite,Xiaomi,Tablet,1469000,155,San pham chat luong cao
P-00768,Asus Ban Phim Mini,Asus,Ban Phim,1352000,121,San pham chat luong cao
P-00769,Razer Quat Mini Classic,Razer,Quat Mini,3940000,123,San pham chat luong cao
P-00770,JBL Ong Nhom Lite,JBL,Ong Nhom,3306000,434,San pham chat luong cao
P-00771,Anker Kinh Mat Ultra,Anker,Kinh Mat,1392000,334,San pham chat luong cao
P-00772,Logitech USB Hub Lite,Logitech,USB Hub,3000000,134,San pham chat luong cao
P-00773,HP Kinh Mat XL,HP,Kinh Mat,2685000,214,San pham chat luong cao
P-00774,JBL Webcam Lite,JBL,Webcam,2418000,123,San pham chat luong cao
P-00775,Asus Loa Classic,Asus,Loa,1795000,69,San pham chat luong cao
P-00776,HP Op Lung Mini,HP,Op Lung,4602000,197,San pham chat luong cao
P-00777,Logitech Ao Thun Plus,Logitech,Ao Thun,4287000,437,San pham chat luong cao
P-00778,Razer Sac Du Phong Sport,Razer,Sac Du Phong,2443000,393,San pham chat luong cao
P-00779,Logitech Ao Thun Premium,Logitech,Ao Thun,118000,486,San pham chat luong cao
P-00780,Razer Chuot Gaming Ultra,Razer,Chuot Gaming,3855000,157,San pham chat luong cao
P-00781,Asus Sac Du Phong Classic,Asus,Sac Du Phong,651000,35,San pham chat luong cao
P-00782,Samsung Dong Ho Premium,Samsung,Dong Ho,2575000,50,San pham chat luong cao
P-00783,Sony Cap Sac Lite,Sony,Cap Sac,4802000,43,San pham chat luong cao
P-00784,Logitech Dong Ho Premium,Logitech,Dong Ho,2139000,51,San pham chat luong cao
P-00785,Logitech Op Lung Ultra,Logitech,Op Lung,4348000,457,San pham chat luong cao
P-00786,JBL Chuot Gaming Sport,JBL,Chuot Gaming,1432000,69,San pham chat luong cao
P-00787,HP Giay Mini,HP,Giay,1214000,358,San pham chat luong cao
P-00788,JBL Loa Premium,JBL,Loa,3364000,464,San pham chat luong cao
P-00789,Samsung Ban Phim XL,Samsung,Ban Phim,321000,448,San pham chat luong cao
P-00790,Sony Chuot Gaming Ultra,Sony,Chuot Gaming,3706000,39,San pham chat luong cao
P-00791,Xiaomi Kinh Mat Plus,Xiaomi,Kinh Mat,3149000,333,San pham chat luong cao
P-00792,Sony Loa Plus,Sony,Loa,1704000,182,San pham chat luong cao
P-00793,Xiaomi Ao Thun Plus,Xiaomi,Ao Thun,1560000,432,San pham chat luong cao
P-00794,Xiaomi Webcam Plus,Xiaomi,Webcam,3674000,366,San pham chat luong cao
P-00795,Anker Webcam Mini,Anker,Webcam,3868000,321,San pham chat luong cao
P-00796,Logitech Monitor Premium,Logitech,Monitor,3144000,392,San pham chat luong cao
P-00797,Asus Chuot Gaming Classic,Asus,Chuot Gaming,2589000,377,San pham chat luong cao
P-00798,HP Tablet Plus,HP,Tablet,701000,216,San pham chat luong cao
P-00799,Logitech Quat Mini V2,Logitech,Quat Mini,4979000,75,San pham chat luong cao
P-00800,Apple Chuot Gaming XL,Apple,Chuot Gaming,2493000,271,San pham chat luong cao
P-00801,Xiaomi Chuot Gaming Ultra,Xiaomi,Chuot Gaming,3064000,152,San pham chat luong cao
P-00802,JBL Webcam Classic,JBL,Webcam,1210000,43,San pham chat luong cao
P-00803,JBL Kinh Mat Premium,JBL,Kinh Mat,4492000,422,San pham chat luong cao
P-00804,Sony Loa Plus,Sony,Loa,4288000,101,San pham chat luong cao
P-00805,Asus Dong Ho Premium,Asus,Dong Ho,3194000,367,San pham chat luong cao
P-00806,Razer May Anh Ultra,Razer,May Anh,3078000,448,San pham chat luong cao
P-00807,Sony Quat Mini Premium,Sony,Quat Mini,4463000,418,San pham chat luong cao
P-00808,Sony Loa Lite,Sony,Loa,4770000,394,San pham chat luong cao
P-00809,Apple Quat Mini V2,Apple,Quat Mini,2824000,262,San pham chat luong cao
P-00810,Asus Cap Sac Lite,Asus,Cap Sac,2101000,58,San pham chat luong cao
P-00811,Sony Webcam V2,Sony,Webcam,2165000,72,San pham chat luong cao
P-00812,Asus Tablet XL,Asus,Tablet,1132000,407,San pham chat luong cao
P-00813,Sony Ao Thun Lite,Sony,Ao Thun,2929000,55,San pham chat luong cao
P-00814,Logitech Cap Sac Classic,Logitech,Cap Sac,2962000,131,San pham chat luong cao
P-00815,Logitech Tablet Sport,Logitech,Tablet,125000,340,San pham chat luong cao
P-00816,Razer Chuot Gaming Classic,Razer,Chuot Gaming,4184000,493,San pham chat luong cao
P-00817,Apple Cap Sac Premium,Apple,Cap Sac,392000,378,San pham chat luong cao
P-00818,Samsung Monitor Lite,Samsung,Monitor,2640000,233,San pham chat luong cao
P-00819,Xiaomi Ong Nhom Plus,Xiaomi,Ong Nhom,2929000,13,San pham chat luong cao
P-00820,Apple Quat Mini Plus,Apple,Quat Mini,3422000,487,San pham chat luong cao
P-00821,HP Webcam Pro Max,HP,Webcam,3037000,326,San pham chat luong cao
P-00822,Sony Tai Nghe Sport,Sony,Tai Nghe,967000,204,San pham chat luong cao
P-00823,JBL Giay Pro Max,JBL,Giay,681000,254,San pham chat luong cao
P-00824,Asus Kinh Mat Classic,Asus,Kinh Mat,327000,333,San pham chat luong cao
P-00825,HP USB Hub Ultra,HP,USB Hub,1279000,244,San pham chat luong cao
P-00826,Sony Kinh Mat Mini,Sony,Kinh Mat,3025000,196,San pham chat luong cao
P-00827,Xiaomi Kinh Mat Classic,Xiaomi,Kinh Mat,3496000,250,San pham chat luong cao
P-00828,Razer Ban Phim Mini,Razer,Ban Phim,4259000,221,San pham chat luong cao
P-00829,Asus Tai Nghe Ultra,Asus,Tai Nghe,1796000,350,San pham chat luong cao
P-00830,Apple Monitor Ultra,Apple,Monitor,2609000,291,San pham chat luong cao
P-00831,Razer Tai Nghe V2,Razer,Tai Nghe,4804000,327,San pham chat luong cao
P-00832,Sony Loa V2,Sony,Loa,4670000,343,San pham chat luong cao
P-00833,Xiaomi Ao Thun Classic,Xiaomi,Ao Thun,3783000,303,San pham chat luong cao
P-00834,Samsung Webcam Classic,Samsung,Webcam,2093000,136,San pham chat luong cao
P-00835,Asus May Anh Premium,Asus,May Anh,4257000,311,San pham chat luong cao
P-00836,Xiaomi Giay Plus,Xiaomi,Giay,1099000,385,San pham chat luong cao
P-00837,Samsung Op Lung Ultra,Samsung,Op Lung,3142000,413,San pham chat luong cao
P-00838,Logitech Sac Du Phong Classic,Logitech,Sac Du Phong,2164000,452,San pham chat luong cao
P-00839,Sony Balo XL,Sony,Balo,546000,459,San pham chat luong cao
P-00840,Sony Laptop Lite,Sony,Laptop,4017000,78,San pham chat luong cao
P-00841,JBL Webcam Premium,JBL,Webcam,847000,13,San pham chat luong cao
P-00842,Anker USB Hub V2,Anker,USB Hub,3219000,321,San pham chat luong cao
P-00843,Asus May Anh Premium,Asus,May Anh,4096000,310,San pham chat luong cao
P-00844,JBL Giay Ultra,JBL,Giay,1243000,408,San pham chat luong cao
P-00845,Sony May Anh XL,Sony,May Anh,1942000,113,San pham chat luong cao
P-00846,HP Balo V2,HP,Balo,2057000,192,San pham chat luong cao
P-00847,Samsung Giay V2,Samsung,Giay,1726000,327,San pham chat luong cao
P-00848,Asus Balo Ultra,Asus,Balo,3859000,358,San pham chat luong cao
P-00849,Apple Kinh Mat Premium,Apple,Kinh Mat,3044000,483,San pham chat luong cao
P-00850,JBL Chuot Gaming Premium,JBL,Chuot Gaming,2233000,153,San pham chat luong cao
P-00851,Apple USB Hub Lite,Apple,USB Hub,2183000,104,San pham chat luong cao
P-00852,JBL Kinh Mat Pro Max,JBL,Kinh Mat,3902000,260,San pham chat luong cao
P-00853,Samsung Quat Mini V2,Samsung,Quat Mini,2694000,112,San pham chat luong cao
P-00854,Xiaomi Laptop Pro Max,Xiaomi,Laptop,293000,340,San pham chat luong cao
P-00855,Asus Kinh Mat Sport,Asus,Kinh Mat,2999000,227,San pham chat luong cao
P-00856,Xiaomi Giay Lite,Xiaomi,Giay,1036000,274,San pham chat luong cao
P-00857,JBL Sac Du Phong Ultra,JBL,Sac Du Phong,2053000,336,San pham chat luong cao
P-00858,Anker Sac Du Phong Lite,Anker,Sac Du Phong,921000,321,San pham chat luong cao
P-00859,JBL Dong Ho Pro Max,JBL,Dong Ho,988000,436,San pham chat luong cao
P-00860,Sony Cap Sac Lite,Sony,Cap Sac,4788000,53,San pham chat luong cao
P-00861,Sony Cap Sac Mini,Sony,Cap Sac,4423000,265,San pham chat luong cao
P-00862,JBL May Anh XL,JBL,May Anh,2661000,259,San pham chat luong cao
P-00863,Asus Tablet Classic,Asus,Tablet,2560000,492,San pham chat luong cao
P-00864,Logitech Dong Ho Pro Max,Logitech,Dong Ho,3830000,331,San pham chat luong cao
P-00865,Xiaomi Dong Ho Plus,Xiaomi,Dong Ho,1677000,305,San pham chat luong cao
P-00866,Asus Giay Premium,Asus,Giay,3579000,472,San pham chat luong cao
P-00867,Sony Dong Ho Premium,Sony,Dong Ho,1434000,89,San pham chat luong cao
P-00868,JBL Tablet Ultra,JBL,Tablet,1623000,397,San pham chat luong cao
P-00869,HP Webcam V2,HP,Webcam,2065000,179,San pham chat luong cao
P-00870,Samsung Giay Mini,Samsung,Giay,1586000,132,San pham chat luong cao
P-00871,Logitech Op Lung V2,Logitech,Op Lung,2447000,340,San pham chat luong cao
P-00872,Anker Ao Thun Ultra,Anker,Ao Thun,4328000,227,San pham chat luong cao
P-00873,Anker Ban Phim XL,Anker,Ban Phim,1573000,414,San pham chat luong cao
P-00874,Apple Monitor Premium,Apple,Monitor,936000,375,San pham chat luong cao
P-00875,Sony Kinh Mat Lite,Sony,Kinh Mat,1553000,468,San pham chat luong cao
P-00876,Asus Loa XL,Asus,Loa,4309000,113,San pham chat luong cao
P-00877,Xiaomi Ong Nhom V2,Xiaomi,Ong Nhom,2760000,281,San pham chat luong cao
P-00878,Apple Sac Du Phong Sport,Apple,Sac Du Phong,1263000,426,San pham chat luong cao
P-00879,Sony Loa XL,Sony,Loa,941000,11,San pham chat luong cao
P-00880,HP Loa Ultra,HP,Loa,745000,380,San pham chat luong cao
P-00881,Logitech Cap Sac Mini,Logitech,Cap Sac,2620000,468,San pham chat luong cao
P-00882,Xiaomi Loa Mini,Xiaomi,Loa,795000,191,San pham chat luong cao
P-00883,Razer May Anh Plus,Razer,May Anh,358000,385,San pham chat luong cao
P-00884,Sony May Anh Pro Max,Sony,May Anh,426000,426,San pham chat luong cao
P-00885,Apple Ao Thun Lite,Apple,Ao Thun,3005000,494,San pham chat luong cao
P-00886,Sony Tai Nghe Lite,Sony,Tai Nghe,1481000,81,San pham chat luong cao
P-00887,Apple May Anh Pro Max,Apple,May Anh,2209000,405,San pham chat luong cao
P-00888,HP Laptop Pro Max,HP,Laptop,2235000,436,San pham chat luong cao
P-00889,Razer Webcam V2,Razer,Webcam,2170000,209,San pham chat luong cao
P-00890,Samsung Kinh Mat Premium,Samsung,Kinh Mat,402000,169,San pham chat luong cao
P-00891,Samsung Webcam Pro Max,Samsung,Webcam,2615000,125,San pham chat luong cao
P-00892,JBL Tai Nghe Pro Max,JBL,Tai Nghe,2700000,252,San pham chat luong cao
P-00893,JBL May Anh Plus,JBL,May Anh,441000,126,San pham chat luong cao
P-00894,Anker Tai Nghe XL,Anker,Tai Nghe,2012000,222,San pham chat luong cao
P-00895,Sony Tablet XL,Sony,Tablet,747000,430,San pham chat luong cao
P-00896,Logitech Tablet Classic,Logitech,Tablet,4641000,60,San pham chat luong cao
P-00897,Sony Chuot Gaming Classic,Sony,Chuot Gaming,337000,391,San pham chat luong cao
P-00898,HP Ong Nhom Lite,HP,Ong Nhom,4583000,203,San pham chat luong cao
P-00899,Anker Kinh Mat Classic,Anker,Kinh Mat,1095000,307,San pham chat luong cao
P-00900,Sony May Anh Pro Max,Sony,May Anh,4276000,350,San pham chat luong cao
P-00901,Apple Balo Lite,Apple,Balo,4565000,257,San pham chat luong cao
P-00902,Asus Ban Phim Mini,Asus,Ban Phim,4513000,337,San pham chat luong cao
P-00903,Razer Tablet Premium,Razer,Tablet,4192000,295,San pham chat luong cao
P-00904,Samsung Webcam Lite,Samsung,Webcam,4855000,128,San pham chat luong cao
P-00905,Samsung Kinh Mat Classic,Samsung,Kinh Mat,4657000,187,San pham chat luong cao
P-00906,Razer Ban Phim XL,Razer,Ban Phim,3856000,359,San pham chat luong cao
P-00907,Samsung Tablet Premium,Samsung,Tablet,4168000,371,San pham chat luong cao
P-00908,Apple Cap Sac XL,Apple,Cap Sac,1048000,346,San pham chat luong cao
P-00909,Sony Webcam Mini,Sony,Webcam,4574000,227,San pham chat luong cao
P-00910,Samsung Dong Ho Ultra,Samsung,Dong Ho,4296000,281,San pham chat luong cao
P-00911,Anker Tai Nghe Lite,Anker,Tai Nghe,1889000,474,San pham chat luong cao
P-00912,HP USB Hub Plus,HP,USB Hub,1318000,319,San pham chat luong cao
P-00913,Asus Cap Sac Pro Max,Asus,Cap Sac,3802000,25,San pham chat luong cao
P-00914,Samsung Cap Sac Premium,Samsung,Cap Sac,1390000,44,San pham chat luong cao
P-00915,Apple Tablet Pro Max,Apple,Tablet,3126000,323,San pham chat luong cao
P-00916,Sony Op Lung V2,Sony,Op Lung,3354000,85,San pham chat luong cao
P-00917,Razer Webcam Plus,Razer,Webcam,384000,437,San pham chat luong cao
P-00918,HP Ban Phim Sport,HP,Ban Phim,1113000,442,San pham chat luong cao
P-00919,Logitech Giay Premium,Logitech,Giay,3622000,414,San pham chat luong cao
P-00920,JBL Op Lung V2,JBL,Op Lung,3868000,157,San pham chat luong cao
P-00921,HP Kinh Mat V2,HP,Kinh Mat,219000,469,San pham chat luong cao
P-00922,Sony USB Hub Plus,Sony,USB Hub,2352000,192,San pham chat luong cao
P-00923,Apple Webcam Premium,Apple,Webcam,2469000,287,San pham chat luong cao
P-00924,Xiaomi Tablet Mini,Xiaomi,Tablet,733000,148,San pham chat luong cao
P-00925,Apple Giay XL,Apple,Giay,2601000,258,San pham chat luong cao
P-00926,Samsung Sac Du Phong Classic,Samsung,Sac Du Phong,1419000,395,San pham chat luong cao
P-00927,Logitech Kinh Mat Classic,Logitech,Kinh Mat,4393000,481,San pham chat luong cao
P-00928,HP Quat Mini V2,HP,Quat Mini,3534000,306,San pham chat luong cao
P-00929,Apple Laptop Mini,Apple,Laptop,4648000,429,San pham chat luong cao
P-00930,Razer Op Lung Premium,Razer,Op Lung,2057000,83,San pham chat luong cao
P-00931,HP Quat Mini Ultra,HP,Quat Mini,4741000,319,San pham chat luong cao
P-00932,JBL Laptop V2,JBL,Laptop,1092000,420,San pham chat luong cao
P-00933,JBL Webcam Mini,JBL,Webcam,243000,371,San pham chat luong cao
P-00934,Anker Tai Nghe Lite,Anker,Tai Nghe,3434000,290,San pham chat luong cao
P-00935,Anker Chuot Gaming Lite,Anker,Chuot Gaming,1651000,183,San pham chat luong cao
P-00936,Asus Ban Phim Ultra,Asus,Ban Phim,4111000,159,San pham chat luong cao
P-00937,Razer Monitor Premium,Razer,Monitor,1927000,110,San pham chat luong cao
P-00938,HP Quat Mini Classic,HP,Quat Mini,2760000,430,San pham chat luong cao
P-00939,JBL May Anh Pro Max,JBL,May Anh,65000,435,San pham chat luong cao
P-00940,JBL Laptop XL,JBL,Laptop,1034000,229,San pham chat luong cao
P-00941,Logitech Loa Pro Max,Logitech,Loa,657000,444,San pham chat luong cao
P-00942,Logitech Tai Nghe XL,Logitech,Tai Nghe,956000,498,San pham chat luong cao
P-00943,Apple Quat Mini Mini,Apple,Quat Mini,4900000,371,San pham chat luong cao
P-00944,Logitech Monitor Plus,Logitech,Monitor,3443000,316,San pham chat luong cao
P-00945,Xiaomi Chuot Gaming Pro Max,Xiaomi,Chuot Gaming,1152000,263,San pham chat luong cao
P-00946,Sony Ban Phim Classic,Sony,Ban Phim,2715000,475,San pham chat luong cao
P-00947,Logitech Kinh Mat Premium,Logitech,Kinh Mat,1509000,489,San pham chat luong cao
P-00948,Asus USB Hub Pro Max,Asus,USB Hub,2375000,329,San pham chat luong cao
P-00949,Sony Chuot Gaming V2,Sony,Chuot Gaming,1866000,460,San pham chat luong cao
P-00950,JBL Sac Du Phong Plus,JBL,Sac Du Phong,759000,376,San pham chat luong cao
P-00951,JBL Op Lung Mini,JBL,Op Lung,1889000,178,San pham chat luong cao
P-00952,Samsung Sac Du Phong Premium,Samsung,Sac Du Phong,4698000,362,San pham chat luong cao
P-00953,Xiaomi Quat Mini Ultra,Xiaomi,Quat Mini,3135000,47,San pham chat luong cao
P-00954,Logitech Balo Mini,Logitech,Balo,1502000,339,San pham chat luong cao
P-00955,Razer May Anh Sport,Razer,May Anh,610000,408,San pham chat luong cao
P-00956,Asus Loa Lite,Asus,Loa,4625000,53,San pham chat luong cao
P-00957,Anker Tablet Lite,Anker,Tablet,517000,342,San pham chat luong cao
P-00958,Logitech Tablet V2,Logitech,Tablet,571000,108,San pham chat luong cao
P-00959,JBL Op Lung Premium,JBL,Op Lung,447000,182,San pham chat luong cao
P-00960,Logitech Laptop Plus,Logitech,Laptop,1550000,464,San pham chat luong cao
P-00961,Logitech Quat Mini XL,Logitech,Quat Mini,4822000,443,San pham chat luong cao
P-00962,Samsung Quat Mini Plus,Samsung,Quat Mini,3823000,87,San pham chat luong cao
P-00963,JBL Monitor Premium,JBL,Monitor,2254000,167,San pham chat luong cao
P-00964,JBL USB Hub Lite,JBL,USB Hub,3314000,320,San pham chat luong cao
P-00965,HP Tai Nghe Sport,HP,Tai Nghe,4725000,353,San pham chat luong cao
P-00966,JBL May Anh V2,JBL,May Anh,3952000,246,San pham chat luong cao
P-00967,Sony Webcam Ultra,Sony,Webcam,3994000,359,San pham chat luong cao
P-00968,Anker Quat Mini Classic,Anker,Quat Mini,4148000,336,San pham chat luong cao
P-00969,Logitech Cap Sac Mini,Logitech,Cap Sac,1595000,123,San pham chat luong cao
P-00970,JBL Giay Ultra,JBL,Giay,2923000,104,San pham chat luong cao
P-00971,Razer Tai Nghe Lite,Razer,Tai Nghe,1346000,449,San pham chat luong cao
P-00972,Apple Cap Sac Mini,Apple,Cap Sac,2292000,318,San pham chat luong cao
P-00973,Apple Dong Ho Premium,Apple,Dong Ho,2993000,117,San pham chat luong cao
P-00974,Samsung Kinh Mat Ultra,Samsung,Kinh Mat,3229000,349,San pham chat luong cao
P-00975,Sony Kinh Mat V2,Sony,Kinh Mat,1237000,495,San pham chat luong cao
P-00976,Anker Op Lung Premium,Anker,Op Lung,1847000,435,San pham chat luong cao
P-00977,Logitech Ong Nhom V2,Logitech,Ong Nhom,4310000,374,San pham chat luong cao
P-00978,Xiaomi Op Lung Ultra,Xiaomi,Op Lung,2531000,428,San pham chat luong cao
P-00979,Sony Sac Du Phong Mini,Sony,Sac Du Phong,654000,43,San pham chat luong cao
P-00980,JBL Tablet Ultra,JBL,Tablet,3013000,470,San pham chat luong cao
P-00981,Anker Laptop Ultra,Anker,Laptop,1093000,210,San pham chat luong cao
P-00982,Asus Monitor Pro Max,Asus,Monitor,160000,295,San pham chat luong cao
P-00983,Xiaomi Giay Lite,Xiaomi,Giay,1095000,456,San pham chat luong cao
P-00984,Anker Chuot Gaming Premium,Anker,Chuot Gaming,2112000,143,San pham chat luong cao
P-00985,Razer Quat Mini V2,Razer,Quat Mini,1277000,134,San pham chat luong cao
P-00986,Anker USB Hub V2,Anker,USB Hub,2177000,156,San pham chat luong cao
P-00987,Sony Op Lung V2,Sony,Op Lung,1705000,414,San pham chat luong cao
P-00988,Sony Dong Ho Plus,Sony,Dong Ho,4844000,13,San pham chat luong cao
P-00989,Asus Balo Lite,Asus,Balo,4635000,332,San pham chat luong cao
P-00990,HP Ong Nhom Mini,HP,Ong Nhom,1583000,329,San pham chat luong cao
P-00991,Xiaomi Balo V2,Xiaomi,Balo,4874000,450,San pham chat luong cao
P-00992,Asus USB Hub Classic,Asus,USB Hub,2761000,416,San pham chat luong cao
P-00993,Apple Tai Nghe V2,Apple,Tai Nghe,2290000,186,San pham chat luong cao
P-00994,JBL Sac Du Phong Classic,JBL,Sac Du Phong,1510000,73,San pham chat luong cao
P-00995,Asus Webcam Classic,Asus,Webcam,2170000,403,San pham chat luong cao
P-00996,Apple Ban Phim Premium,Apple,Ban Phim,2524000,248,San pham chat luong cao
P-00997,Xiaomi Op Lung Classic,Xiaomi,Op Lung,2773000,168,San pham chat luong cao
P-00998,JBL Balo Premium,JBL,Balo,3129000,473,San pham chat luong cao
P-00999,Razer Loa Pro Max,Razer,Loa,4627000,190,San pham chat luong cao
P-01000,Xiaomi Ong Nhom Classic,Xiaomi,Ong Nhom,4308000,374,San pham chat luong cao
P-01001,Samsung Cap Sac Mini,Samsung,Cap Sac,1832000,145,San pham chat luong cao
P-01002,Asus Tablet XL,Asus,Tablet,1351000,18,San pham chat luong cao
P-01003,JBL USB Hub Pro Max,JBL,USB Hub,3561000,131,San pham chat luong cao
P-01004,Anker Op Lung Premium,Anker,Op Lung,3131000,133,San pham chat luong cao
P-01005,Sony Dong Ho XL,Sony,Dong Ho,300000,341,San pham chat luong cao
P-01006,Logitech Quat Mini Ultra,Logitech,Quat Mini,427000,67,San pham chat luong cao
P-01007,JBL USB Hub Mini,JBL,USB Hub,1061000,384,San pham chat luong cao
P-01008,Logitech Chuot Gaming Mini,Logitech,Chuot Gaming,4911000,176,San pham chat luong cao
P-01009,Anker Balo Premium,Anker,Balo,2702000,90,San pham chat luong cao
P-01010,Logitech Cap Sac Classic,Logitech,Cap Sac,3714000,308,San pham chat luong cao
P-01011,Razer Op Lung Pro Max,Razer,Op Lung,2042000,258,San pham chat luong cao
P-01012,Logitech Ban Phim Lite,Logitech,Ban Phim,1923000,300,San pham chat luong cao
P-01013,Asus Giay Ultra,Asus,Giay,4618000,86,San pham chat luong cao
P-01014,Logitech USB Hub XL,Logitech,USB Hub,4439000,251,San pham chat luong cao
P-01015,Asus Ao Thun Premium,Asus,Ao Thun,116000,254,San pham chat luong cao
P-01016,Xiaomi Laptop Classic,Xiaomi,Laptop,3816000,50,San pham chat luong cao
P-01017,Xiaomi Balo Mini,Xiaomi,Balo,2706000,177,San pham chat luong cao
P-01018,Sony Dong Ho Classic,Sony,Dong Ho,1791000,164,San pham chat luong cao
P-01019,Razer Monitor Pro Max,Razer,Monitor,3227000,408,San pham chat luong cao
P-01020,Razer USB Hub XL,Razer,USB Hub,426000,254,San pham chat luong cao
P-01021,Sony Webcam Mini,Sony,Webcam,1026000,357,San pham chat luong cao
P-01022,JBL Chuot Gaming Premium,JBL,Chuot Gaming,456000,187,San pham chat luong cao
P-01023,JBL Sac Du Phong Lite,JBL,Sac Du Phong,1666000,301,San pham chat luong cao
P-01024,Samsung Laptop Mini,Samsung,Laptop,1374000,384,San pham chat luong cao
P-01025,Logitech USB Hub Pro Max,Logitech,USB Hub,3628000,401,San pham chat luong cao
P-01026,Apple USB Hub Mini,Apple,USB Hub,3457000,449,San pham chat luong cao
P-01027,HP Webcam Lite,HP,Webcam,364000,328,San pham chat luong cao
P-01028,Samsung Dong Ho Premium,Samsung,Dong Ho,1785000,363,San pham chat luong cao
P-01029,Sony Chuot Gaming Plus,Sony,Chuot Gaming,2212000,102,San pham chat luong cao
P-01030,Asus Ong Nhom Pro Max,Asus,Ong Nhom,1727000,465,San pham chat luong cao
P-01031,Asus May Anh Premium,Asus,May Anh,1469000,407,San pham chat luong cao
P-01032,Samsung May Anh XL,Samsung,May Anh,1272000,458,San pham chat luong cao
P-01033,Xiaomi Op Lung Premium,Xiaomi,Op Lung,1584000,91,San pham chat luong cao
P-01034,Xiaomi Quat Mini XL,Xiaomi,Quat Mini,3027000,169,San pham chat luong cao
P-01035,Asus Chuot Gaming Pro Max,Asus,Chuot Gaming,4223000,185,San pham chat luong cao
P-01036,Asus Dong Ho Mini,Asus,Dong Ho,2954000,12,San pham chat luong cao
P-01037,JBL Sac Du Phong Premium,JBL,Sac Du Phong,849000,267,San pham chat luong cao
P-01038,Anker Dong Ho Lite,Anker,Dong Ho,4197000,283,San pham chat luong cao
P-01039,HP Laptop Lite,HP,Laptop,1757000,317,San pham chat luong cao
P-01040,Xiaomi Chuot Gaming Pro Max,Xiaomi,Chuot Gaming,60000,448,San pham chat luong cao
P-01041,Apple May Anh Premium,Apple,May Anh,4934000,259,San pham chat luong cao
P-01042,Logitech Webcam Premium,Logitech,Webcam,640000,196,San pham chat luong cao
P-01043,Asus Balo Lite,Asus,Balo,1495000,407,San pham chat luong cao
P-01044,Logitech Kinh Mat Ultra,Logitech,Kinh Mat,1309000,120,San pham chat luong cao
P-01045,Asus Monitor V2,Asus,Monitor,4874000,476,San pham chat luong cao
P-01046,Logitech Op Lung Pro Max,Logitech,Op Lung,2843000,90,San pham chat luong cao
P-01047,Asus Cap Sac Plus,Asus,Cap Sac,2698000,278,San pham chat luong cao
P-01048,Xiaomi Ong Nhom V2,Xiaomi,Ong Nhom,4548000,257,San pham chat luong cao
P-01049,Asus Tablet XL,Asus,Tablet,1132000,71,San pham chat luong cao
P-01050,JBL Dong Ho Pro Max,JBL,Dong Ho,3325000,53,San pham chat luong cao
P-01051,Logitech Laptop Ultra,Logitech,Laptop,71000,282,San pham chat luong cao
P-01052,Asus Webcam Classic,Asus,Webcam,3225000,93,San pham chat luong cao
P-01053,Anker USB Hub Mini,Anker,USB Hub,3270000,290,San pham chat luong cao
P-01054,HP Balo V2,HP,Balo,4900000,254,San pham chat luong cao
P-01055,JBL Kinh Mat Sport,JBL,Kinh Mat,928000,152,San pham chat luong cao
P-01056,Logitech Laptop V2,Logitech,Laptop,476000,118,San pham chat luong cao
P-01057,Anker Ong Nhom Lite,Anker,Ong Nhom,2204000,254,San pham chat luong cao
P-01058,HP Balo Lite,HP,Balo,2201000,110,San pham chat luong cao
P-01059,JBL Sac Du Phong Lite,JBL,Sac Du Phong,4420000,126,San pham chat luong cao
P-01060,JBL Loa Classic,JBL,Loa,805000,313,San pham chat luong cao
P-01061,Asus Dong Ho Lite,Asus,Dong Ho,2249000,437,San pham chat luong cao
P-01062,Logitech Ban Phim Premium,Logitech,Ban Phim,4377000,126,San pham chat luong cao
P-01063,Sony Loa Ultra,Sony,Loa,3258000,58,San pham chat luong cao
P-01064,Apple Tablet XL,Apple,Tablet,3411000,201,San pham chat luong cao
P-01065,Logitech Webcam Mini,Logitech,Webcam,3640000,178,San pham chat luong cao
P-01066,Logitech Sac Du Phong Premium,Logitech,Sac Du Phong,4094000,231,San pham chat luong cao
P-01067,Xiaomi Ao Thun Sport,Xiaomi,Ao Thun,1179000,235,San pham chat luong cao
P-01068,Razer Op Lung V2,Razer,Op Lung,3757000,360,San pham chat luong cao
P-01069,Apple Dong Ho Ultra,Apple,Dong Ho,4659000,65,San pham chat luong cao
P-01070,Logitech Webcam Premium,Logitech,Webcam,2481000,305,San pham chat luong cao
P-01071,Razer Sac Du Phong Sport,Razer,Sac Du Phong,419000,349,San pham chat luong cao
P-01072,Sony Balo Classic,Sony,Balo,3047000,306,San pham chat luong cao
P-01073,Logitech Giay Sport,Logitech,Giay,4883000,177,San pham chat luong cao
P-01074,Samsung Cap Sac V2,Samsung,Cap Sac,2914000,15,San pham chat luong cao
P-01075,Samsung Ban Phim Mini,Samsung,Ban Phim,4737000,91,San pham chat luong cao
P-01076,Razer Tablet V2,Razer,Tablet,3982000,66,San pham chat luong cao
P-01077,Xiaomi Ban Phim Sport,Xiaomi,Ban Phim,138000,113,San pham chat luong cao
P-01078,Razer Monitor Lite,Razer,Monitor,3898000,272,San pham chat luong cao
P-01079,HP Ban Phim XL,HP,Ban Phim,1949000,490,San pham chat luong cao
P-01080,Samsung Cap Sac Premium,Samsung,Cap Sac,479000,115,San pham chat luong cao
P-01081,Xiaomi Tai Nghe Sport,Xiaomi,Tai Nghe,3912000,156,San pham chat luong cao
P-01082,Asus Ong Nhom Plus,Asus,Ong Nhom,670000,402,San pham chat luong cao
P-01083,Logitech Webcam V2,Logitech,Webcam,270000,144,San pham chat luong cao
P-01084,JBL Laptop Premium,JBL,Laptop,2162000,10,San pham chat luong cao
P-01085,Xiaomi Quat Mini Classic,Xiaomi,Quat Mini,3151000,346,San pham chat luong cao
P-01086,Logitech USB Hub Lite,Logitech,USB Hub,2702000,431,San pham chat luong cao
P-01087,Logitech Tai Nghe XL,Logitech,Tai Nghe,3423000,375,San pham chat luong cao
P-01088,Anker Tablet Lite,Anker,Tablet,4978000,146,San pham chat luong cao
P-01089,Asus Loa Sport,Asus,Loa,1475000,26,San pham chat luong cao
P-01090,Logitech Chuot Gaming V2,Logitech,Chuot Gaming,3110000,120,San pham chat luong cao
P-01091,Sony Kinh Mat Plus,Sony,Kinh Mat,3330000,33,San pham chat luong cao
P-01092,Logitech Kinh Mat Pro Max,Logitech,Kinh Mat,461000,293,San pham chat luong cao
P-01093,Xiaomi Ong Nhom Lite,Xiaomi,Ong Nhom,580000,97,San pham chat luong cao
P-01094,Samsung Cap Sac Lite,Samsung,Cap Sac,3597000,492,San pham chat luong cao
P-01095,Xiaomi Op Lung Classic,Xiaomi,Op Lung,2625000,250,San pham chat luong cao
P-01096,Sony Kinh Mat XL,Sony,Kinh Mat,4604000,38,San pham chat luong cao
P-01097,Apple Ban Phim Premium,Apple,Ban Phim,1396000,456,San pham chat luong cao
P-01098,Apple Cap Sac Mini,Apple,Cap Sac,4735000,142,San pham chat luong cao
P-01099,Logitech Ong Nhom Mini,Logitech,Ong Nhom,4905000,296,San pham chat luong cao
P-01100,Anker USB Hub Lite,Anker,USB Hub,4729000,88,San pham chat luong cao
P-01101,JBL May Anh V2,JBL,May Anh,2746000,414,San pham chat luong cao
P-01102,Xiaomi Ao Thun Ultra,Xiaomi,Ao Thun,3183000,107,San pham chat luong cao
P-01103,Anker Tablet Classic,Anker,Tablet,708000,84,San pham chat luong cao
P-01104,HP USB Hub Premium,HP,USB Hub,107000,40,San pham chat luong cao
P-01105,Sony Loa Mini,Sony,Loa,327000,16,San pham chat luong cao
P-01106,Xiaomi Tablet Plus,Xiaomi,Tablet,519000,327,San pham chat luong cao
P-01107,Sony Ong Nhom Plus,Sony,Ong Nhom,3859000,124,San pham chat luong cao
P-01108,Sony Loa Pro Max,Sony,Loa,2644000,46,San pham chat luong cao
P-01109,Logitech Kinh Mat Mini,Logitech,Kinh Mat,245000,303,San pham chat luong cao
P-01110,Samsung Monitor Classic,Samsung,Monitor,3287000,401,San pham chat luong cao
P-01111,Sony Balo Pro Max,Sony,Balo,721000,269,San pham chat luong cao
P-01112,Razer Quat Mini Mini,Razer,Quat Mini,689000,93,San pham chat luong cao
P-01113,JBL Op Lung Classic,JBL,Op Lung,839000,453,San pham chat luong cao
P-01114,HP Ong Nhom Plus,HP,Ong Nhom,3482000,332,San pham chat luong cao
P-01115,Asus May Anh Plus,Asus,May Anh,161000,270,San pham chat luong cao
P-01116,Sony Laptop XL,Sony,Laptop,4146000,70,San pham chat luong cao
P-01117,JBL Webcam V2,JBL,Webcam,340000,411,San pham chat luong cao
P-01118,JBL May Anh XL,JBL,May Anh,3250000,410,San pham chat luong cao
P-01119,HP Tai Nghe Classic,HP,Tai Nghe,2563000,411,San pham chat luong cao
P-01120,Logitech Loa Mini,Logitech,Loa,3206000,349,San pham chat luong cao
P-01121,Xiaomi USB Hub Classic,Xiaomi,USB Hub,4605000,462,San pham chat luong cao
P-01122,Anker Ban Phim Pro Max,Anker,Ban Phim,3140000,195,San pham chat luong cao
P-01123,Anker Laptop Ultra,Anker,Laptop,581000,247,San pham chat luong cao
P-01124,Apple Monitor Pro Max,Apple,Monitor,801000,149,San pham chat luong cao
P-01125,Apple Cap Sac Premium,Apple,Cap Sac,3502000,374,San pham chat luong cao
P-01126,Sony Cap Sac XL,Sony,Cap Sac,2954000,424,San pham chat luong cao
P-01127,Asus Op Lung Lite,Asus,Op Lung,4077000,319,San pham chat luong cao
P-01128,Anker Giay Ultra,Anker,Giay,1111000,95,San pham chat luong cao
P-01129,Anker Cap Sac V2,Anker,Cap Sac,685000,73,San pham chat luong cao
P-01130,Samsung Chuot Gaming Mini,Samsung,Chuot Gaming,4498000,262,San pham chat luong cao
P-01131,Sony Ban Phim Plus,Sony,Ban Phim,2077000,236,San pham chat luong cao
P-01132,JBL Cap Sac Ultra,JBL,Cap Sac,4214000,443,San pham chat luong cao
P-01133,Asus Laptop Sport,Asus,Laptop,2755000,347,San pham chat luong cao
P-01134,Xiaomi Tai Nghe Classic,Xiaomi,Tai Nghe,3665000,456,San pham chat luong cao
P-01135,Xiaomi Ao Thun Mini,Xiaomi,Ao Thun,2640000,455,San pham chat luong cao
P-01136,Asus Op Lung Classic,Asus,Op Lung,3110000,377,San pham chat luong cao
P-01137,Asus Dong Ho Mini,Asus,Dong Ho,1060000,327,San pham chat luong cao
P-01138,Asus Sac Du Phong Mini,Asus,Sac Du Phong,4952000,410,San pham chat luong cao
P-01139,Sony Ban Phim Plus,Sony,Ban Phim,1327000,325,San pham chat luong cao
P-01140,JBL Cap Sac Premium,JBL,Cap Sac,1346000,266,San pham chat luong cao
P-01141,Xiaomi Tai Nghe Mini,Xiaomi,Tai Nghe,1490000,454,San pham chat luong cao
P-01142,Xiaomi Sac Du Phong V2,Xiaomi,Sac Du Phong,2301000,240,San pham chat luong cao
P-01143,Asus Laptop XL,Asus,Laptop,3698000,317,San pham chat luong cao
P-01144,Samsung Monitor V2,Samsung,Monitor,4105000,37,San pham chat luong cao
P-01145,Razer May Anh Classic,Razer,May Anh,4526000,45,San pham chat luong cao
P-01146,Razer Sac Du Phong Mini,Razer,Sac Du Phong,3476000,14,San pham chat luong cao
P-01147,Razer Kinh Mat XL,Razer,Kinh Mat,2565000,126,San pham chat luong cao
P-01148,JBL Tai Nghe Pro Max,JBL,Tai Nghe,950000,126,San pham chat luong cao
P-01149,Logitech May Anh Pro Max,Logitech,May Anh,4395000,159,San pham chat luong cao
P-01150,Apple Quat Mini Ultra,Apple,Quat Mini,4252000,394,San pham chat luong cao
P-01151,Asus Tablet Plus,Asus,Tablet,3469000,126,San pham chat luong cao
P-01152,Samsung Ban Phim XL,Samsung,Ban Phim,3527000,275,San pham chat luong cao
P-01153,HP USB Hub Lite,HP,USB Hub,3043000,152,San pham chat luong cao
P-01154,Razer Giay Ultra,Razer,Giay,2764000,221,San pham chat luong cao
P-01155,Samsung Sac Du Phong Classic,Samsung,Sac Du Phong,4277000,370,San pham chat luong cao
P-01156,HP Sac Du Phong Plus,HP,Sac Du Phong,4392000,123,San pham chat luong cao
P-01157,Anker May Anh Lite,Anker,May Anh,3409000,326,San pham chat luong cao
P-01158,Apple May Anh Ultra,Apple,May Anh,4060000,214,San pham chat luong cao
P-01159,JBL Sac Du Phong Premium,JBL,Sac Du Phong,4028000,429,San pham chat luong cao
P-01160,Asus USB Hub Classic,Asus,USB Hub,921000,218,San pham chat luong cao
P-01161,Asus Ao Thun Mini,Asus,Ao Thun,544000,196,San pham chat luong cao
P-01162,Asus Loa Pro Max,Asus,Loa,4561000,133,San pham chat luong cao
P-01163,Sony Balo XL,Sony,Balo,2406000,254,San pham chat luong cao
P-01164,Anker Quat Mini Lite,Anker,Quat Mini,3419000,328,San pham chat luong cao
P-01165,Razer Tai Nghe Ultra,Razer,Tai Nghe,874000,136,San pham chat luong cao
P-01166,Asus Ong Nhom Plus,Asus,Ong Nhom,747000,203,San pham chat luong cao
P-01167,Sony Dong Ho Classic,Sony,Dong Ho,3195000,50,San pham chat luong cao
P-01168,JBL Quat Mini Sport,JBL,Quat Mini,3118000,244,San pham chat luong cao
P-01169,Apple Ong Nhom Plus,Apple,Ong Nhom,1218000,354,San pham chat luong cao
P-01170,Asus Dong Ho XL,Asus,Dong Ho,4567000,321,San pham chat luong cao
P-01171,Apple Dong Ho Plus,Apple,Dong Ho,1408000,493,San pham chat luong cao
P-01172,Razer Balo XL,Razer,Balo,2827000,392,San pham chat luong cao
P-01173,Razer Loa Ultra,Razer,Loa,1958000,420,San pham chat luong cao
P-01174,Sony Laptop Sport,Sony,Laptop,4079000,84,San pham chat luong cao
P-01175,Logitech Monitor Ultra,Logitech,Monitor,2804000,101,San pham chat luong cao
P-01176,Asus Cap Sac Ultra,Asus,Cap Sac,834000,295,San pham chat luong cao
P-01177,Samsung Sac Du Phong XL,Samsung,Sac Du Phong,1535000,242,San pham chat luong cao
P-01178,Anker Tai Nghe Sport,Anker,Tai Nghe,603000,497,San pham chat luong cao
P-01179,Sony Chuot Gaming Mini,Sony,Chuot Gaming,584000,385,San pham chat luong cao
P-01180,Samsung Chuot Gaming Lite,Samsung,Chuot Gaming,2092000,358,San pham chat luong cao
P-01181,Anker Tablet Ultra,Anker,Tablet,2677000,370,San pham chat luong cao
P-01182,Samsung Giay Mini,Samsung,Giay,235000,132,San pham chat luong cao
P-01183,Sony USB Hub Mini,Sony,USB Hub,3081000,144,San pham chat luong cao
P-01184,JBL Loa V2,JBL,Loa,3114000,81,San pham chat luong cao
P-01185,Sony Webcam Plus,Sony,Webcam,2378000,248,San pham chat luong cao
P-01186,Anker Ao Thun Pro Max,Anker,Ao Thun,2637000,222,San pham chat luong cao
P-01187,Logitech Cap Sac XL,Logitech,Cap Sac,951000,338,San pham chat luong cao
P-01188,Anker Sac Du Phong Lite,Anker,Sac Du Phong,2902000,439,San pham chat luong cao
P-01189,Razer Monitor Mini,Razer,Monitor,2939000,48,San pham chat luong cao
P-01190,Anker Monitor XL,Anker,Monitor,327000,406,San pham chat luong cao
P-01191,Razer Monitor XL,Razer,Monitor,3947000,184,San pham chat luong cao
P-01192,Samsung Balo Pro Max,Samsung,Balo,2863000,376,San pham chat luong cao
P-01193,Xiaomi Quat Mini XL,Xiaomi,Quat Mini,2305000,176,San pham chat luong cao
P-01194,Apple Laptop Premium,Apple,Laptop,3967000,255,San pham chat luong cao
P-01195,Logitech Op Lung Premium,Logitech,Op Lung,4820000,155,San pham chat luong cao
P-01196,Xiaomi Ban Phim Mini,Xiaomi,Ban Phim,4097000,291,San pham chat luong cao
P-01197,Razer Quat Mini Premium,Razer,Quat Mini,2863000,447,San pham chat luong cao
P-01198,Apple Ao Thun Pro Max,Apple,Ao Thun,4407000,271,San pham chat luong cao
P-01199,JBL Ong Nhom Mini,JBL,Ong Nhom,3404000,362,San pham chat luong cao
P-01200,Sony Sac Du Phong Mini,Sony,Sac Du Phong,1759000,421,San pham chat luong cao
P-01201,Samsung Ong Nhom XL,Samsung,Ong Nhom,3033000,442,San pham chat luong cao
P-01202,Anker Cap Sac V2,Anker,Cap Sac,1009000,469,San pham chat luong cao
P-01203,Anker Chuot Gaming XL,Anker,Chuot Gaming,3975000,129,San pham chat luong cao
P-01204,Sony Sac Du Phong Premium,Sony,Sac Du Phong,2110000,107,San pham chat luong cao
P-01205,Asus Ao Thun Classic,Asus,Ao Thun,1370000,97,San pham chat luong cao
P-01206,Samsung Tai Nghe Mini,Samsung,Tai Nghe,2026000,77,San pham chat luong cao
P-01207,Samsung Ong Nhom Sport,Samsung,Ong Nhom,212000,139,San pham chat luong cao
P-01208,Asus Cap Sac XL,Asus,Cap Sac,3618000,409,San pham chat luong cao
P-01209,JBL May Anh Plus,JBL,May Anh,3715000,411,San pham chat luong cao
P-01210,Apple Balo V2,Apple,Balo,3983000,95,San pham chat luong cao
P-01211,Razer Sac Du Phong Plus,Razer,Sac Du Phong,2901000,244,San pham chat luong cao
P-01212,Razer Giay Ultra,Razer,Giay,3506000,340,San pham chat luong cao
P-01213,Asus Balo Premium,Asus,Balo,634000,315,San pham chat luong cao
P-01214,Anker Ong Nhom V2,Anker,Ong Nhom,4694000,491,San pham chat luong cao
P-01215,Razer Webcam Sport,Razer,Webcam,3932000,128,San pham chat luong cao
P-01216,Sony Balo Classic,Sony,Balo,3022000,50,San pham chat luong cao
P-01217,Razer Laptop Pro Max,Razer,Laptop,605000,222,San pham chat luong cao
P-01218,Razer Kinh Mat Classic,Razer,Kinh Mat,1039000,182,San pham chat luong cao
P-01219,Samsung Ban Phim Lite,Samsung,Ban Phim,1030000,344,San pham chat luong cao
P-01220,Xiaomi USB Hub Pro Max,Xiaomi,USB Hub,308000,27,San pham chat luong cao
P-01221,Razer Webcam Mini,Razer,Webcam,1001000,324,San pham chat luong cao
P-01222,Sony Tablet Plus,Sony,Tablet,3236000,341,San pham chat luong cao
P-01223,Apple Kinh Mat Sport,Apple,Kinh Mat,4054000,174,San pham chat luong cao
P-01224,Xiaomi Webcam Lite,Xiaomi,Webcam,1110000,166,San pham chat luong cao
P-01225,Xiaomi Laptop Classic,Xiaomi,Laptop,2217000,429,San pham chat luong cao
P-01226,Anker Dong Ho Ultra,Anker,Dong Ho,3244000,198,San pham chat luong cao
P-01227,JBL May Anh Premium,JBL,May Anh,4551000,120,San pham chat luong cao
P-01228,Xiaomi Loa Lite,Xiaomi,Loa,3840000,176,San pham chat luong cao
P-01229,Anker Webcam Mini,Anker,Webcam,2592000,105,San pham chat luong cao
P-01230,Logitech Laptop XL,Logitech,Laptop,2550000,450,San pham chat luong cao
P-01231,JBL Loa Mini,JBL,Loa,1402000,206,San pham chat luong cao
P-01232,Apple Laptop Mini,Apple,Laptop,2631000,176,San pham chat luong cao
P-01233,Razer Dong Ho Sport,Razer,Dong Ho,2523000,417,San pham chat luong cao
P-01234,Sony Ao Thun Premium,Sony,Ao Thun,4801000,50,San pham chat luong cao
P-01235,Asus Kinh Mat Mini,Asus,Kinh Mat,1927000,208,San pham chat luong cao
P-01236,JBL Sac Du Phong Mini,JBL,Sac Du Phong,4012000,411,San pham chat luong cao
P-01237,Samsung Cap Sac Pro Max,Samsung,Cap Sac,194000,105,San pham chat luong cao
P-01238,Anker Sac Du Phong Mini,Anker,Sac Du Phong,849000,423,San pham chat luong cao
P-01239,Xiaomi Webcam Sport,Xiaomi,Webcam,4597000,50,San pham chat luong cao
P-01240,Asus Loa Premium,Asus,Loa,3007000,98,San pham chat luong cao
P-01241,Samsung Cap Sac Plus,Samsung,Cap Sac,1487000,383,San pham chat luong cao
P-01242,JBL Monitor Lite,JBL,Monitor,3992000,312,San pham chat luong cao
P-01243,Sony Kinh Mat Plus,Sony,Kinh Mat,3858000,60,San pham chat luong cao
P-01244,Logitech Ban Phim Pro Max,Logitech,Ban Phim,4511000,44,San pham chat luong cao
P-01245,Asus Tablet V2,Asus,Tablet,4370000,366,San pham chat luong cao
P-01246,HP May Anh Sport,HP,May Anh,1338000,121,San pham chat luong cao
P-01247,Asus Monitor Ultra,Asus,Monitor,1402000,426,San pham chat luong cao
P-01248,HP Ong Nhom Classic,HP,Ong Nhom,2265000,383,San pham chat luong cao
P-01249,Xiaomi Dong Ho Plus,Xiaomi,Dong Ho,1176000,457,San pham chat luong cao
P-01250,Razer Cap Sac Ultra,Razer,Cap Sac,4373000,197,San pham chat luong cao
P-01251,Logitech May Anh Plus,Logitech,May Anh,2821000,411,San pham chat luong cao
P-01252,Apple Kinh Mat XL,Apple,Kinh Mat,3403000,181,San pham chat luong cao
P-01253,Xiaomi Chuot Gaming Premium,Xiaomi,Chuot Gaming,1526000,83,San pham chat luong cao
P-01254,Razer Kinh Mat Premium,Razer,Kinh Mat,2375000,393,San pham chat luong cao
P-01255,Samsung Op Lung XL,Samsung,Op Lung,2352000,83,San pham chat luong cao
P-01256,Samsung Giay Classic,Samsung,Giay,1897000,80,San pham chat luong cao
P-01257,JBL Ao Thun Plus,JBL,Ao Thun,3793000,413,San pham chat luong cao
P-01258,Sony Chuot Gaming Classic,Sony,Chuot Gaming,1977000,81,San pham chat luong cao
P-01259,Apple Cap Sac Lite,Apple,Cap Sac,1730000,175,San pham chat luong cao
P-01260,Razer Sac Du Phong Sport,Razer,Sac Du Phong,3462000,312,San pham chat luong cao
P-01261,JBL Loa Lite,JBL,Loa,1950000,430,San pham chat luong cao
P-01262,Sony Cap Sac Ultra,Sony,Cap Sac,1053000,156,San pham chat luong cao
P-01263,Razer Cap Sac Classic,Razer,Cap Sac,2518000,309,San pham chat luong cao
P-01264,Anker Giay Plus,Anker,Giay,1325000,259,San pham chat luong cao
P-01265,Razer Ong Nhom Mini,Razer,Ong Nhom,4346000,234,San pham chat luong cao
P-01266,Samsung May Anh Pro Max,Samsung,May Anh,4890000,65,San pham chat luong cao
P-01267,JBL Laptop XL,JBL,Laptop,4022000,98,San pham chat luong cao
P-01268,HP Giay Sport,HP,Giay,404000,356,San pham chat luong cao
P-01269,Apple USB Hub Pro Max,Apple,USB Hub,3085000,257,San pham chat luong cao
P-01270,Razer Dong Ho Plus,Razer,Dong Ho,3262000,240,San pham chat luong cao
P-01271,Xiaomi Ong Nhom Premium,Xiaomi,Ong Nhom,2700000,144,San pham chat luong cao
P-01272,Xiaomi Monitor XL,Xiaomi,Monitor,1039000,349,San pham chat luong cao
P-01273,Razer Monitor Classic,Razer,Monitor,4724000,486,San pham chat luong cao
P-01274,Anker Cap Sac Sport,Anker,Cap Sac,3941000,19,San pham chat luong cao
P-01275,Samsung Sac Du Phong Plus,Samsung,Sac Du Phong,3816000,484,San pham chat luong cao
P-01276,Razer Op Lung Plus,Razer,Op Lung,207000,471,San pham chat luong cao
P-01277,Sony Op Lung V2,Sony,Op Lung,943000,358,San pham chat luong cao
P-01278,HP Tai Nghe Mini,HP,Tai Nghe,375000,86,San pham chat luong cao
P-01279,Asus Quat Mini Mini,Asus,Quat Mini,1567000,55,San pham chat luong cao
P-01280,HP Chuot Gaming V2,HP,Chuot Gaming,386000,183,San pham chat luong cao
P-01281,HP USB Hub Premium,HP,USB Hub,3638000,113,San pham chat luong cao
P-01282,Razer Chuot Gaming V2,Razer,Chuot Gaming,2770000,289,San pham chat luong cao
P-01283,Asus Monitor XL,Asus,Monitor,718000,402,San pham chat luong cao
P-01284,JBL Ban Phim Mini,JBL,Ban Phim,321000,322,San pham chat luong cao
P-01285,Apple Loa Lite,Apple,Loa,772000,116,San pham chat luong cao
P-01286,Xiaomi Balo Lite,Xiaomi,Balo,756000,128,San pham chat luong cao
P-01287,Sony Webcam Ultra,Sony,Webcam,725000,372,San pham chat luong cao
P-01288,Asus Ao Thun XL,Asus,Ao Thun,4937000,60,San pham chat luong cao
P-01289,Anker Ao Thun XL,Anker,Ao Thun,3380000,193,San pham chat luong cao
P-01290,Razer Monitor V2,Razer,Monitor,3007000,51,San pham chat luong cao
P-01291,Samsung Cap Sac Lite,Samsung,Cap Sac,4442000,257,San pham chat luong cao
P-01292,Logitech Sac Du Phong V2,Logitech,Sac Du Phong,1226000,433,San pham chat luong cao
P-01293,Samsung Webcam Premium,Samsung,Webcam,4130000,201,San pham chat luong cao
P-01294,HP Tai Nghe Mini,HP,Tai Nghe,3105000,55,San pham chat luong cao
P-01295,Apple Ong Nhom Classic,Apple,Ong Nhom,4443000,304,San pham chat luong cao
P-01296,Apple Giay Premium,Apple,Giay,2079000,144,San pham chat luong cao
P-01297,JBL Op Lung XL,JBL,Op Lung,4600000,61,San pham chat luong cao
P-01298,Apple Webcam Ultra,Apple,Webcam,3712000,46,San pham chat luong cao
P-01299,Samsung Tablet Classic,Samsung,Tablet,834000,467,San pham chat luong cao
P-01300,Samsung May Anh Mini,Samsung,May Anh,4389000,164,San pham chat luong cao
P-01301,Apple Cap Sac Ultra,Apple,Cap Sac,721000,190,San pham chat luong cao
P-01302,Samsung Tai Nghe Sport,Samsung,Tai Nghe,4296000,403,San pham chat luong cao
P-01303,Razer Giay Pro Max,Razer,Giay,2144000,361,San pham chat luong cao
P-01304,Sony USB Hub V2,Sony,USB Hub,1766000,338,San pham chat luong cao
P-01305,Asus Balo Ultra,Asus,Balo,3226000,424,San pham chat luong cao
P-01306,HP Chuot Gaming Classic,HP,Chuot Gaming,3761000,13,San pham chat luong cao
P-01307,JBL Ong Nhom Mini,JBL,Ong Nhom,4944000,436,San pham chat luong cao
P-01308,Samsung Tablet Plus,Samsung,Tablet,3309000,124,San pham chat luong cao
P-01309,JBL Webcam XL,JBL,Webcam,2039000,285,San pham chat luong cao
P-01310,Asus Op Lung Plus,Asus,Op Lung,3290000,309,San pham chat luong cao
P-01311,Samsung Loa XL,Samsung,Loa,4220000,169,San pham chat luong cao
P-01312,Razer Giay Mini,Razer,Giay,3219000,318,San pham chat luong cao
P-01313,Samsung Dong Ho XL,Samsung,Dong Ho,2925000,69,San pham chat luong cao
P-01314,Logitech Laptop XL,Logitech,Laptop,1316000,258,San pham chat luong cao
P-01315,Sony Cap Sac Classic,Sony,Cap Sac,2482000,172,San pham chat luong cao
P-01316,Anker Op Lung Premium,Anker,Op Lung,1284000,144,San pham chat luong cao
P-01317,Asus Quat Mini XL,Asus,Quat Mini,1796000,460,San pham chat luong cao
P-01318,Anker May Anh Pro Max,Anker,May Anh,504000,114,San pham chat luong cao
P-01319,Samsung Balo Sport,Samsung,Balo,373000,40,San pham chat luong cao
P-01320,Anker Laptop Mini,Anker,Laptop,2036000,34,San pham chat luong cao
P-01321,Apple Webcam Classic,Apple,Webcam,4970000,392,San pham chat luong cao
P-01322,JBL Cap Sac Lite,JBL,Cap Sac,2362000,116,San pham chat luong cao
P-01323,JBL Sac Du Phong XL,JBL,Sac Du Phong,309000,72,San pham chat luong cao
P-01324,Apple Ong Nhom Classic,Apple,Ong Nhom,1509000,281,San pham chat luong cao
P-01325,Asus Monitor Plus,Asus,Monitor,2629000,476,San pham chat luong cao
P-01326,Xiaomi Ong Nhom Classic,Xiaomi,Ong Nhom,2613000,225,San pham chat luong cao
P-01327,Asus Dong Ho V2,Asus,Dong Ho,4014000,210,San pham chat luong cao
P-01328,Sony Giay Sport,Sony,Giay,4578000,457,San pham chat luong cao
P-01329,JBL Tablet V2,JBL,Tablet,4778000,119,San pham chat luong cao
P-01330,Apple Giay V2,Apple,Giay,3944000,497,San pham chat luong cao
P-01331,Apple Op Lung Ultra,Apple,Op Lung,1114000,239,San pham chat luong cao
P-01332,Logitech May Anh Mini,Logitech,May Anh,4516000,96,San pham chat luong cao
P-01333,Xiaomi Laptop Pro Max,Xiaomi,Laptop,270000,155,San pham chat luong cao
P-01334,Asus Ban Phim Premium,Asus,Ban Phim,155000,198,San pham chat luong cao
P-01335,Anker Webcam Ultra,Anker,Webcam,2060000,212,San pham chat luong cao
P-01336,Sony May Anh V2,Sony,May Anh,2829000,140,San pham chat luong cao
P-01337,Apple Tablet V2,Apple,Tablet,925000,142,San pham chat luong cao
P-01338,Logitech Kinh Mat Sport,Logitech,Kinh Mat,4646000,330,San pham chat luong cao
P-01339,Razer Balo V2,Razer,Balo,1522000,350,San pham chat luong cao
P-01340,Samsung Dong Ho V2,Samsung,Dong Ho,745000,347,San pham chat luong cao
P-01341,Logitech Tablet Mini,Logitech,Tablet,2435000,137,San pham chat luong cao
P-01342,HP May Anh Premium,HP,May Anh,3734000,338,San pham chat luong cao
P-01343,Sony Ban Phim Pro Max,Sony,Ban Phim,138000,310,San pham chat luong cao
P-01344,Samsung May Anh Mini,Samsung,May Anh,3249000,442,San pham chat luong cao
P-01345,Razer Tablet XL,Razer,Tablet,3897000,183,San pham chat luong cao
P-01346,Apple May Anh Plus,Apple,May Anh,3592000,413,San pham chat luong cao
P-01347,Asus Webcam XL,Asus,Webcam,2670000,234,San pham chat luong cao
P-01348,Anker Webcam Pro Max,Anker,Webcam,4222000,68,San pham chat luong cao
P-01349,Asus May Anh Lite,Asus,May Anh,2360000,43,San pham chat luong cao
P-01350,JBL Tablet Classic,JBL,Tablet,636000,239,San pham chat luong cao
P-01351,Sony Dong Ho Plus,Sony,Dong Ho,4294000,479,San pham chat luong cao
P-01352,HP Ao Thun XL,HP,Ao Thun,343000,56,San pham chat luong cao
P-01353,Asus Loa XL,Asus,Loa,4827000,370,San pham chat luong cao
P-01354,Apple Op Lung Pro Max,Apple,Op Lung,3073000,254,San pham chat luong cao
P-01355,Anker Ong Nhom XL,Anker,Ong Nhom,3588000,124,San pham chat luong cao
P-01356,Razer Dong Ho Lite,Razer,Dong Ho,3026000,486,San pham chat luong cao
P-01357,Xiaomi Dong Ho Pro Max,Xiaomi,Dong Ho,2674000,142,San pham chat luong cao
P-01358,Xiaomi Ban Phim Classic,Xiaomi,Ban Phim,2107000,245,San pham chat luong cao
P-01359,Sony Laptop Classic,Sony,Laptop,1836000,332,San pham chat luong cao
P-01360,Logitech Balo Pro Max,Logitech,Balo,1993000,166,San pham chat luong cao
P-01361,Anker Ong Nhom V2,Anker,Ong Nhom,3694000,230,San pham chat luong cao
P-01362,Razer Op Lung Classic,Razer,Op Lung,1677000,206,San pham chat luong cao
P-01363,Apple Chuot Gaming Mini,Apple,Chuot Gaming,2805000,483,San pham chat luong cao
P-01364,Samsung Chuot Gaming Sport,Samsung,Chuot Gaming,3341000,484,San pham chat luong cao
P-01365,Logitech Quat Mini Lite,Logitech,Quat Mini,850000,469,San pham chat luong cao
P-01366,Samsung Laptop XL,Samsung,Laptop,4028000,441,San pham chat luong cao
P-01367,JBL Dong Ho Ultra,JBL,Dong Ho,2034000,13,San pham chat luong cao
P-01368,Asus Kinh Mat Plus,Asus,Kinh Mat,3260000,329,San pham chat luong cao
P-01369,Logitech Tablet Lite,Logitech,Tablet,3074000,496,San pham chat luong cao
P-01370,JBL Ong Nhom Classic,JBL,Ong Nhom,3065000,279,San pham chat luong cao
P-01371,Logitech Chuot Gaming Lite,Logitech,Chuot Gaming,1091000,104,San pham chat luong cao
P-01372,Razer Laptop Sport,Razer,Laptop,964000,164,San pham chat luong cao
P-01373,HP Giay Lite,HP,Giay,4266000,227,San pham chat luong cao
P-01374,HP Ong Nhom Lite,HP,Ong Nhom,2108000,197,San pham chat luong cao
P-01375,Xiaomi Cap Sac Lite,Xiaomi,Cap Sac,4097000,75,San pham chat luong cao
P-01376,Apple Kinh Mat V2,Apple,Kinh Mat,1061000,74,San pham chat luong cao
P-01377,Sony Balo Plus,Sony,Balo,257000,449,San pham chat luong cao
P-01378,HP Sac Du Phong Ultra,HP,Sac Du Phong,1979000,96,San pham chat luong cao
P-01379,Razer Tablet V2,Razer,Tablet,107000,142,San pham chat luong cao
P-01380,HP Op Lung Classic,HP,Op Lung,1817000,215,San pham chat luong cao
P-01381,Apple Webcam Sport,Apple,Webcam,4719000,228,San pham chat luong cao
P-01382,Samsung Ao Thun Pro Max,Samsung,Ao Thun,3568000,122,San pham chat luong cao
P-01383,Xiaomi Giay XL,Xiaomi,Giay,1378000,489,San pham chat luong cao
P-01384,Razer Balo Plus,Razer,Balo,2665000,172,San pham chat luong cao
P-01385,Samsung Ong Nhom Plus,Samsung,Ong Nhom,3229000,299,San pham chat luong cao
P-01386,Sony Laptop Pro Max,Sony,Laptop,2912000,396,San pham chat luong cao
P-01387,Anker Webcam Classic,Anker,Webcam,3617000,131,San pham chat luong cao
P-01388,Anker Cap Sac Premium,Anker,Cap Sac,2061000,475,San pham chat luong cao
P-01389,Razer Sac Du Phong Premium,Razer,Sac Du Phong,4442000,261,San pham chat luong cao
P-01390,Sony USB Hub Sport,Sony,USB Hub,3562000,201,San pham chat luong cao
P-01391,Logitech May Anh Plus,Logitech,May Anh,4602000,485,San pham chat luong cao
P-01392,Apple Monitor Lite,Apple,Monitor,4531000,257,San pham chat luong cao
P-01393,JBL Sac Du Phong Classic,JBL,Sac Du Phong,366000,400,San pham chat luong cao
P-01394,Razer Loa Lite,Razer,Loa,3663000,438,San pham chat luong cao
P-01395,Apple Quat Mini Premium,Apple,Quat Mini,844000,350,San pham chat luong cao
P-01396,Apple Webcam Classic,Apple,Webcam,3618000,252,San pham chat luong cao
P-01397,Apple Quat Mini Sport,Apple,Quat Mini,3451000,406,San pham chat luong cao
P-01398,Xiaomi Tablet Mini,Xiaomi,Tablet,280000,421,San pham chat luong cao
P-01399,Xiaomi Kinh Mat Sport,Xiaomi,Kinh Mat,2229000,383,San pham chat luong cao
P-01400,Xiaomi Loa Ultra,Xiaomi,Loa,2943000,140,San pham chat luong cao
P-01401,Logitech Balo V2,Logitech,Balo,4960000,129,San pham chat luong cao
P-01402,HP Dong Ho Lite,HP,Dong Ho,985000,428,San pham chat luong cao
P-01403,Asus Op Lung Plus,Asus,Op Lung,742000,476,San pham chat luong cao
P-01404,HP Ong Nhom Lite,HP,Ong Nhom,4826000,132,San pham chat luong cao
P-01405,Sony Ban Phim Pro Max,Sony,Ban Phim,3317000,198,San pham chat luong cao
P-01406,Sony Ong Nhom Sport,Sony,Ong Nhom,1874000,15,San pham chat luong cao
P-01407,HP Tablet Pro Max,HP,Tablet,1317000,305,San pham chat luong cao
P-01408,Apple Kinh Mat V2,Apple,Kinh Mat,3498000,75,San pham chat luong cao
P-01409,Apple Quat Mini Plus,Apple,Quat Mini,1109000,173,San pham chat luong cao
P-01410,Sony Loa XL,Sony,Loa,757000,249,San pham chat luong cao
P-01411,Xiaomi USB Hub Mini,Xiaomi,USB Hub,4147000,205,San pham chat luong cao
P-01412,JBL USB Hub V2,JBL,USB Hub,2518000,310,San pham chat luong cao
P-01413,Apple Quat Mini Lite,Apple,Quat Mini,723000,45,San pham chat luong cao
P-01414,Xiaomi Sac Du Phong Pro Max,Xiaomi,Sac Du Phong,3398000,142,San pham chat luong cao
P-01415,HP Balo Classic,HP,Balo,1778000,97,San pham chat luong cao
P-01416,Sony USB Hub V2,Sony,USB Hub,1691000,279,San pham chat luong cao
P-01417,Razer Ao Thun XL,Razer,Ao Thun,4845000,33,San pham chat luong cao
P-01418,Sony Monitor Premium,Sony,Monitor,1208000,372,San pham chat luong cao
P-01419,Samsung Laptop Sport,Samsung,Laptop,1822000,221,San pham chat luong cao
P-01420,Samsung Quat Mini Pro Max,Samsung,Quat Mini,2776000,53,San pham chat luong cao
P-01421,Asus Laptop Sport,Asus,Laptop,2915000,261,San pham chat luong cao
P-01422,Xiaomi Webcam Mini,Xiaomi,Webcam,3419000,389,San pham chat luong cao
P-01423,Xiaomi Tai Nghe Pro Max,Xiaomi,Tai Nghe,68000,75,San pham chat luong cao
P-01424,HP USB Hub V2,HP,USB Hub,1776000,23,San pham chat luong cao
P-01425,Logitech Monitor Mini,Logitech,Monitor,4623000,350,San pham chat luong cao
P-01426,Razer Op Lung V2,Razer,Op Lung,4121000,81,San pham chat luong cao
P-01427,Asus Dong Ho Ultra,Asus,Dong Ho,375000,416,San pham chat luong cao
P-01428,Razer Balo Plus,Razer,Balo,1962000,279,San pham chat luong cao
P-01429,HP USB Hub Ultra,HP,USB Hub,3938000,45,San pham chat luong cao
P-01430,HP Loa Ultra,HP,Loa,903000,55,San pham chat luong cao
P-01431,Samsung Monitor Classic,Samsung,Monitor,767000,142,San pham chat luong cao
P-01432,Sony Tai Nghe Lite,Sony,Tai Nghe,544000,240,San pham chat luong cao
P-01433,Asus Tablet Premium,Asus,Tablet,3704000,72,San pham chat luong cao
P-01434,Apple Ao Thun Lite,Apple,Ao Thun,2673000,315,San pham chat luong cao
P-01435,Anker Cap Sac Lite,Anker,Cap Sac,4630000,316,San pham chat luong cao
P-01436,Apple Webcam Sport,Apple,Webcam,4045000,64,San pham chat luong cao
P-01437,Anker Quat Mini Premium,Anker,Quat Mini,4451000,317,San pham chat luong cao
P-01438,Xiaomi USB Hub Sport,Xiaomi,USB Hub,2499000,428,San pham chat luong cao
P-01439,Logitech Laptop Mini,Logitech,Laptop,2531000,384,San pham chat luong cao
P-01440,Logitech Tai Nghe Sport,Logitech,Tai Nghe,3385000,127,San pham chat luong cao
P-01441,Asus Monitor Lite,Asus,Monitor,4509000,102,San pham chat luong cao
P-01442,Razer Tai Nghe XL,Razer,Tai Nghe,509000,343,San pham chat luong cao
P-01443,Logitech Webcam Classic,Logitech,Webcam,2660000,394,San pham chat luong cao
P-01444,HP Ao Thun Premium,HP,Ao Thun,3775000,203,San pham chat luong cao
P-01445,HP Tablet Premium,HP,Tablet,4347000,21,San pham chat luong cao
P-01446,Sony Giay Ultra,Sony,Giay,1215000,213,San pham chat luong cao
P-01447,Anker Dong Ho Sport,Anker,Dong Ho,3368000,35,San pham chat luong cao
P-01448,HP Quat Mini Pro Max,HP,Quat Mini,2300000,350,San pham chat luong cao
P-01449,Xiaomi Ban Phim Lite,Xiaomi,Ban Phim,4346000,277,San pham chat luong cao
P-01450,Sony Cap Sac Lite,Sony,Cap Sac,777000,175,San pham chat luong cao
P-01451,Xiaomi May Anh XL,Xiaomi,May Anh,4659000,433,San pham chat luong cao
P-01452,Razer Ao Thun Classic,Razer,Ao Thun,1699000,65,San pham chat luong cao
P-01453,Samsung Tablet Pro Max,Samsung,Tablet,2213000,31,San pham chat luong cao
P-01454,Logitech Monitor Mini,Logitech,Monitor,3310000,292,San pham chat luong cao
P-01455,Razer Op Lung Premium,Razer,Op Lung,759000,29,San pham chat luong cao
P-01456,Samsung Kinh Mat Sport,Samsung,Kinh Mat,3387000,52,San pham chat luong cao
P-01457,Anker Kinh Mat Pro Max,Anker,Kinh Mat,3915000,497,San pham chat luong cao
P-01458,Razer Kinh Mat Premium,Razer,Kinh Mat,4594000,108,San pham chat luong cao
P-01459,Razer Tablet Pro Max,Razer,Tablet,2226000,209,San pham chat luong cao
P-01460,Asus Chuot Gaming Mini,Asus,Chuot Gaming,887000,163,San pham chat luong cao
P-01461,Razer Ao Thun Pro Max,Razer,Ao Thun,355000,156,San pham chat luong cao
P-01462,Apple Dong Ho V2,Apple,Dong Ho,3235000,402,San pham chat luong cao
P-01463,Razer Dong Ho Classic,Razer,Dong Ho,500000,438,San pham chat luong cao
P-01464,Xiaomi Tablet V2,Xiaomi,Tablet,1375000,81,San pham chat luong cao
P-01465,Logitech May Anh Classic,Logitech,May Anh,4247000,179,San pham chat luong cao
P-01466,Samsung Ong Nhom Pro Max,Samsung,Ong Nhom,4205000,251,San pham chat luong cao
P-01467,Apple Ao Thun Lite,Apple,Ao Thun,4067000,416,San pham chat luong cao
P-01468,Apple Ban Phim Classic,Apple,Ban Phim,2932000,15,San pham chat luong cao
P-01469,Razer Balo Sport,Razer,Balo,808000,308,San pham chat luong cao
P-01470,Samsung Laptop Pro Max,Samsung,Laptop,2374000,110,San pham chat luong cao
P-01471,Logitech Loa Mini,Logitech,Loa,3950000,339,San pham chat luong cao
P-01472,JBL Balo Sport,JBL,Balo,3907000,375,San pham chat luong cao
P-01473,Asus Ban Phim Plus,Asus,Ban Phim,3355000,300,San pham chat luong cao
P-01474,Asus Tai Nghe XL,Asus,Tai Nghe,4201000,430,San pham chat luong cao
P-01475,Razer Sac Du Phong Plus,Razer,Sac Du Phong,2255000,415,San pham chat luong cao
P-01476,Anker Ban Phim XL,Anker,Ban Phim,833000,27,San pham chat luong cao
P-01477,Xiaomi Giay Sport,Xiaomi,Giay,1153000,329,San pham chat luong cao
P-01478,Samsung Ao Thun XL,Samsung,Ao Thun,4812000,261,San pham chat luong cao
P-01479,Razer Loa Ultra,Razer,Loa,2195000,494,San pham chat luong cao
P-01480,Logitech Tablet Sport,Logitech,Tablet,2888000,268,San pham chat luong cao
P-01481,JBL Ban Phim XL,JBL,Ban Phim,777000,11,San pham chat luong cao
P-01482,Razer Monitor Lite,Razer,Monitor,1739000,321,San pham chat luong cao
P-01483,Logitech Webcam Ultra,Logitech,Webcam,4169000,456,San pham chat luong cao
P-01484,Xiaomi Quat Mini Mini,Xiaomi,Quat Mini,1209000,70,San pham chat luong cao
P-01485,Sony Kinh Mat XL,Sony,Kinh Mat,736000,413,San pham chat luong cao
P-01486,Xiaomi Tablet V2,Xiaomi,Tablet,2125000,462,San pham chat luong cao
P-01487,Asus Laptop Premium,Asus,Laptop,1791000,265,San pham chat luong cao
P-01488,JBL Giay Pro Max,JBL,Giay,1116000,208,San pham chat luong cao
P-01489,Logitech Tablet Pro Max,Logitech,Tablet,627000,81,San pham chat luong cao
P-01490,JBL Ban Phim Ultra,JBL,Ban Phim,4125000,160,San pham chat luong cao
P-01491,Logitech Ban Phim Plus,Logitech,Ban Phim,4808000,371,San pham chat luong cao
P-01492,Anker Op Lung Lite,Anker,Op Lung,3995000,154,San pham chat luong cao
P-01493,JBL May Anh Sport,JBL,May Anh,1236000,343,San pham chat luong cao
P-01494,Razer Ao Thun Pro Max,Razer,Ao Thun,1396000,417,San pham chat luong cao
P-01495,Samsung Webcam Sport,Samsung,Webcam,458000,438,San pham chat luong cao
P-01496,HP Monitor Classic,HP,Monitor,2742000,118,San pham chat luong cao
P-01497,HP May Anh XL,HP,May Anh,746000,457,San pham chat luong cao
P-01498,Asus Tablet Lite,Asus,Tablet,4054000,283,San pham chat luong cao
P-01499,Asus USB Hub XL,Asus,USB Hub,1936000,136,San pham chat luong cao
P-01500,Asus Tablet Pro Max,Asus,Tablet,198000,346,San pham chat luong cao
P-01501,Logitech Laptop Mini,Logitech,Laptop,4721000,52,San pham chat luong cao
P-01502,Anker USB Hub Classic,Anker,USB Hub,3592000,473,San pham chat luong cao
P-01503,Apple Op Lung Plus,Apple,Op Lung,1875000,275,San pham chat luong cao
P-01504,Samsung Op Lung XL,Samsung,Op Lung,2322000,111,San pham chat luong cao
P-01505,Sony Giay Pro Max,Sony,Giay,4433000,276,San pham chat luong cao
P-01506,Logitech Tablet Ultra,Logitech,Tablet,1696000,210,San pham chat luong cao
P-01507,Logitech Monitor Ultra,Logitech,Monitor,1267000,330,San pham chat luong cao
P-01508,Asus Dong Ho Mini,Asus,Dong Ho,3653000,128,San pham chat luong cao
P-01509,Razer Giay Classic,Razer,Giay,4801000,184,San pham chat luong cao
P-01510,Asus Monitor Classic,Asus,Monitor,4937000,126,San pham chat luong cao
P-01511,Sony Kinh Mat Plus,Sony,Kinh Mat,1390000,192,San pham chat luong cao
P-01512,Sony Monitor Premium,Sony,Monitor,4779000,324,San pham chat luong cao
P-01513,JBL Kinh Mat Plus,JBL,Kinh Mat,2042000,435,San pham chat luong cao
P-01514,Asus Quat Mini Sport,Asus,Quat Mini,469000,26,San pham chat luong cao
P-01515,Anker Giay Sport,Anker,Giay,1456000,69,San pham chat luong cao
P-01516,Apple Cap Sac Premium,Apple,Cap Sac,683000,388,San pham chat luong cao
P-01517,Asus Quat Mini Sport,Asus,Quat Mini,746000,260,San pham chat luong cao
P-01518,Apple USB Hub Sport,Apple,USB Hub,3327000,485,San pham chat luong cao
P-01519,Apple Ong Nhom V2,Apple,Ong Nhom,4739000,473,San pham chat luong cao
P-01520,Sony Op Lung Plus,Sony,Op Lung,3569000,396,San pham chat luong cao
P-01521,Asus Laptop Classic,Asus,Laptop,2271000,226,San pham chat luong cao
P-01522,Apple Cap Sac Mini,Apple,Cap Sac,4839000,465,San pham chat luong cao
P-01523,Asus Cap Sac V2,Asus,Cap Sac,3066000,126,San pham chat luong cao
P-01524,Asus Laptop Plus,Asus,Laptop,2687000,298,San pham chat luong cao
P-01525,Asus Giay Plus,Asus,Giay,1618000,234,San pham chat luong cao
P-01526,Samsung Webcam Sport,Samsung,Webcam,920000,225,San pham chat luong cao
P-01527,Samsung Laptop Pro Max,Samsung,Laptop,4532000,383,San pham chat luong cao
P-01528,Samsung Tablet XL,Samsung,Tablet,4077000,385,San pham chat luong cao
P-01529,Sony Ong Nhom XL,Sony,Ong Nhom,3274000,105,San pham chat luong cao
P-01530,JBL Laptop Premium,JBL,Laptop,3021000,454,San pham chat luong cao
P-01531,Asus Balo Pro Max,Asus,Balo,2268000,260,San pham chat luong cao
P-01532,Apple Sac Du Phong Pro Max,Apple,Sac Du Phong,3602000,43,San pham chat luong cao
P-01533,Xiaomi Chuot Gaming Ultra,Xiaomi,Chuot Gaming,3215000,349,San pham chat luong cao
P-01534,Samsung Monitor Premium,Samsung,Monitor,1797000,244,San pham chat luong cao
P-01535,Anker Tai Nghe Plus,Anker,Tai Nghe,3120000,323,San pham chat luong cao
P-01536,Sony Kinh Mat Sport,Sony,Kinh Mat,114000,200,San pham chat luong cao
P-01537,Xiaomi Tablet XL,Xiaomi,Tablet,1041000,289,San pham chat luong cao
P-01538,Asus Loa Pro Max,Asus,Loa,4366000,24,San pham chat luong cao
P-01539,Apple Kinh Mat Pro Max,Apple,Kinh Mat,3922000,263,San pham chat luong cao
P-01540,HP Ban Phim Premium,HP,Ban Phim,3166000,385,San pham chat luong cao
P-01541,Logitech May Anh Plus,Logitech,May Anh,2218000,37,San pham chat luong cao
P-01542,Samsung Kinh Mat Mini,Samsung,Kinh Mat,3023000,426,San pham chat luong cao
P-01543,Samsung Loa Pro Max,Samsung,Loa,627000,155,San pham chat luong cao
P-01544,Apple USB Hub XL,Apple,USB Hub,1334000,89,San pham chat luong cao
P-01545,Asus Balo Lite,Asus,Balo,3662000,291,San pham chat luong cao
P-01546,JBL Webcam Classic,JBL,Webcam,2462000,425,San pham chat luong cao
P-01547,Logitech Tablet Mini,Logitech,Tablet,2964000,340,San pham chat luong cao
P-01548,HP Ban Phim Sport,HP,Ban Phim,869000,435,San pham chat luong cao
P-01549,Logitech Ong Nhom XL,Logitech,Ong Nhom,764000,435,San pham chat luong cao
P-01550,Asus Monitor Sport,Asus,Monitor,1158000,381,San pham chat luong cao
P-01551,Sony Laptop Lite,Sony,Laptop,3200000,462,San pham chat luong cao
P-01552,Logitech Balo XL,Logitech,Balo,2404000,123,San pham chat luong cao
P-01553,HP Tablet Plus,HP,Tablet,931000,170,San pham chat luong cao
P-01554,Anker Tablet Sport,Anker,Tablet,1011000,322,San pham chat luong cao
P-01555,Anker Tai Nghe Lite,Anker,Tai Nghe,2399000,476,San pham chat luong cao
P-01556,Apple Monitor Sport,Apple,Monitor,1743000,45,San pham chat luong cao
P-01557,HP May Anh Classic,HP,May Anh,2396000,166,San pham chat luong cao
P-01558,Apple Tai Nghe Pro Max,Apple,Tai Nghe,2772000,461,San pham chat luong cao
P-01559,Logitech Tai Nghe Lite,Logitech,Tai Nghe,303000,455,San pham chat luong cao
P-01560,Razer Giay Classic,Razer,Giay,2128000,338,San pham chat luong cao
P-01561,Apple USB Hub Pro Max,Apple,USB Hub,3583000,48,San pham chat luong cao
P-01562,Asus Cap Sac Mini,Asus,Cap Sac,2527000,62,San pham chat luong cao
P-01563,Samsung Loa Premium,Samsung,Loa,4572000,14,San pham chat luong cao
P-01564,Razer Tai Nghe Plus,Razer,Tai Nghe,986000,52,San pham chat luong cao
P-01565,Apple Ao Thun Pro Max,Apple,Ao Thun,1961000,427,San pham chat luong cao
P-01566,Xiaomi Webcam XL,Xiaomi,Webcam,4994000,426,San pham chat luong cao
P-01567,Anker Monitor Ultra,Anker,Monitor,2331000,209,San pham chat luong cao
P-01568,Razer Quat Mini V2,Razer,Quat Mini,3282000,430,San pham chat luong cao
P-01569,Apple May Anh Premium,Apple,May Anh,4288000,78,San pham chat luong cao
P-01570,Apple Op Lung Mini,Apple,Op Lung,1934000,105,San pham chat luong cao
P-01571,Sony Sac Du Phong Lite,Sony,Sac Du Phong,3221000,445,San pham chat luong cao
P-01572,Razer Monitor Sport,Razer,Monitor,2133000,406,San pham chat luong cao
P-01573,Razer May Anh Mini,Razer,May Anh,3651000,103,San pham chat luong cao
P-01574,HP Dong Ho Mini,HP,Dong Ho,508000,154,San pham chat luong cao
P-01575,Sony Tai Nghe Pro Max,Sony,Tai Nghe,3118000,493,San pham chat luong cao
P-01576,Asus Monitor Premium,Asus,Monitor,3441000,383,San pham chat luong cao
P-01577,JBL Ban Phim Plus,JBL,Ban Phim,3617000,295,San pham chat luong cao
P-01578,HP Webcam Ultra,HP,Webcam,1469000,188,San pham chat luong cao
P-01579,Asus Ao Thun Sport,Asus,Ao Thun,2285000,30,San pham chat luong cao
P-01580,Logitech Dong Ho Ultra,Logitech,Dong Ho,3106000,380,San pham chat luong cao
P-01581,Sony Tai Nghe Sport,Sony,Tai Nghe,609000,464,San pham chat luong cao
P-01582,Apple Op Lung Classic,Apple,Op Lung,4763000,484,San pham chat luong cao
P-01583,Samsung Kinh Mat Pro Max,Samsung,Kinh Mat,1498000,149,San pham chat luong cao
P-01584,Xiaomi Op Lung Sport,Xiaomi,Op Lung,4017000,43,San pham chat luong cao
P-01585,Sony Op Lung Classic,Sony,Op Lung,3355000,59,San pham chat luong cao
P-01586,Sony Tai Nghe Pro Max,Sony,Tai Nghe,239000,247,San pham chat luong cao
P-01587,Logitech Loa Ultra,Logitech,Loa,2358000,271,San pham chat luong cao
P-01588,Xiaomi USB Hub Ultra,Xiaomi,USB Hub,4222000,223,San pham chat luong cao
P-01589,Apple Loa Sport,Apple,Loa,2788000,427,San pham chat luong cao
P-01590,Logitech Tai Nghe Premium,Logitech,Tai Nghe,3891000,371,San pham chat luong cao
P-01591,JBL Cap Sac V2,JBL,Cap Sac,4261000,480,San pham chat luong cao
P-01592,Xiaomi Op Lung XL,Xiaomi,Op Lung,4426000,60,San pham chat luong cao
P-01593,Anker Tai Nghe Sport,Anker,Tai Nghe,2363000,341,San pham chat luong cao
P-01594,JBL Balo Classic,JBL,Balo,3498000,337,San pham chat luong cao
P-01595,Asus Quat Mini Lite,Asus,Quat Mini,4642000,438,San pham chat luong cao
P-01596,Anker Ong Nhom Ultra,Anker,Ong Nhom,1624000,446,San pham chat luong cao
P-01597,JBL USB Hub Mini,JBL,USB Hub,3710000,498,San pham chat luong cao
P-01598,Razer Cap Sac Mini,Razer,Cap Sac,747000,190,San pham chat luong cao
P-01599,Samsung Chuot Gaming Ultra,Samsung,Chuot Gaming,1314000,316,San pham chat luong cao
P-01600,Logitech Ban Phim Classic,Logitech,Ban Phim,3691000,250,San pham chat luong cao
P-01601,Anker Balo Ultra,Anker,Balo,1697000,11,San pham chat luong cao
P-01602,Apple Chuot Gaming XL,Apple,Chuot Gaming,122000,27,San pham chat luong cao
P-01603,Razer USB Hub Ultra,Razer,USB Hub,595000,13,San pham chat luong cao
P-01604,Xiaomi Op Lung Premium,Xiaomi,Op Lung,3992000,188,San pham chat luong cao
P-01605,Sony Quat Mini V2,Sony,Quat Mini,383000,453,San pham chat luong cao
P-01606,Logitech Laptop Ultra,Logitech,Laptop,281000,497,San pham chat luong cao
P-01607,Anker Loa V2,Anker,Loa,3657000,491,San pham chat luong cao
P-01608,Xiaomi Laptop Sport,Xiaomi,Laptop,554000,128,San pham chat luong cao
P-01609,Xiaomi Balo XL,Xiaomi,Balo,4888000,124,San pham chat luong cao
P-01610,Xiaomi Giay XL,Xiaomi,Giay,3614000,136,San pham chat luong cao
P-01611,Apple May Anh Premium,Apple,May Anh,4697000,254,San pham chat luong cao
P-01612,JBL Ao Thun Sport,JBL,Ao Thun,406000,62,San pham chat luong cao
P-01613,Xiaomi Sac Du Phong XL,Xiaomi,Sac Du Phong,2692000,206,San pham chat luong cao
P-01614,HP Giay Lite,HP,Giay,928000,268,San pham chat luong cao
P-01615,Anker Giay Sport,Anker,Giay,2518000,258,San pham chat luong cao
P-01616,Samsung Ao Thun XL,Samsung,Ao Thun,3568000,379,San pham chat luong cao
P-01617,Anker Op Lung Lite,Anker,Op Lung,4606000,241,San pham chat luong cao
P-01618,Anker Monitor Sport,Anker,Monitor,3821000,420,San pham chat luong cao
P-01619,Apple Webcam Premium,Apple,Webcam,158000,281,San pham chat luong cao
P-01620,Anker May Anh V2,Anker,May Anh,1073000,224,San pham chat luong cao
P-01621,Logitech Monitor XL,Logitech,Monitor,2281000,244,San pham chat luong cao
P-01622,Asus Laptop Mini,Asus,Laptop,2679000,63,San pham chat luong cao
P-01623,Samsung Ban Phim Sport,Samsung,Ban Phim,1377000,389,San pham chat luong cao
P-01624,Asus Kinh Mat Plus,Asus,Kinh Mat,4342000,348,San pham chat luong cao
P-01625,Asus Ao Thun Mini,Asus,Ao Thun,4826000,495,San pham chat luong cao
P-01626,Samsung Chuot Gaming Plus,Samsung,Chuot Gaming,3518000,322,San pham chat luong cao
P-01627,Apple Webcam XL,Apple,Webcam,2683000,76,San pham chat luong cao
P-01628,Razer Webcam Ultra,Razer,Webcam,3737000,227,San pham chat luong cao
P-01629,Logitech Laptop Plus,Logitech,Laptop,3464000,236,San pham chat luong cao
P-01630,HP Quat Mini Ultra,HP,Quat Mini,1772000,208,San pham chat luong cao
P-01631,HP Balo Classic,HP,Balo,1664000,379,San pham chat luong cao
P-01632,Apple Laptop Premium,Apple,Laptop,3534000,494,San pham chat luong cao
P-01633,HP Monitor Ultra,HP,Monitor,3463000,325,San pham chat luong cao
P-01634,Samsung Loa Premium,Samsung,Loa,4730000,344,San pham chat luong cao
P-01635,Xiaomi Op Lung XL,Xiaomi,Op Lung,4934000,171,San pham chat luong cao
P-01636,Apple Laptop Plus,Apple,Laptop,61000,113,San pham chat luong cao
P-01637,Xiaomi Ao Thun Classic,Xiaomi,Ao Thun,2023000,10,San pham chat luong cao
P-01638,HP Quat Mini Classic,HP,Quat Mini,3778000,61,San pham chat luong cao
P-01639,HP Tablet Mini,HP,Tablet,1637000,11,San pham chat luong cao
P-01640,Razer Kinh Mat Plus,Razer,Kinh Mat,867000,190,San pham chat luong cao
P-01641,Samsung Tablet Mini,Samsung,Tablet,2116000,91,San pham chat luong cao
P-01642,Logitech Webcam V2,Logitech,Webcam,2854000,43,San pham chat luong cao
P-01643,Samsung USB Hub Classic,Samsung,USB Hub,964000,151,San pham chat luong cao
P-01644,Logitech Dong Ho XL,Logitech,Dong Ho,2476000,114,San pham chat luong cao
P-01645,Apple Webcam V2,Apple,Webcam,3489000,430,San pham chat luong cao
P-01646,Sony Ban Phim Sport,Sony,Ban Phim,591000,413,San pham chat luong cao
P-01647,Anker Balo Premium,Anker,Balo,4586000,297,San pham chat luong cao
P-01648,Logitech Sac Du Phong Sport,Logitech,Sac Du Phong,1306000,51,San pham chat luong cao
P-01649,Razer Chuot Gaming Pro Max,Razer,Chuot Gaming,4091000,38,San pham chat luong cao
P-01650,Anker Loa Mini,Anker,Loa,3463000,406,San pham chat luong cao
P-01651,JBL Chuot Gaming Pro Max,JBL,Chuot Gaming,695000,113,San pham chat luong cao
P-01652,Asus Loa Pro Max,Asus,Loa,4116000,408,San pham chat luong cao
P-01653,Logitech Tai Nghe Mini,Logitech,Tai Nghe,2718000,340,San pham chat luong cao
P-01654,Razer USB Hub Plus,Razer,USB Hub,2854000,192,San pham chat luong cao
P-01655,Apple USB Hub Ultra,Apple,USB Hub,2346000,168,San pham chat luong cao
P-01656,JBL Op Lung Lite,JBL,Op Lung,4633000,112,San pham chat luong cao
P-01657,JBL Monitor Ultra,JBL,Monitor,4268000,167,San pham chat luong cao
P-01658,Sony Monitor Ultra,Sony,Monitor,4115000,100,San pham chat luong cao
P-01659,Sony Laptop Premium,Sony,Laptop,4177000,253,San pham chat luong cao
P-01660,Xiaomi Dong Ho V2,Xiaomi,Dong Ho,744000,266,San pham chat luong cao
P-01661,Samsung Monitor XL,Samsung,Monitor,389000,100,San pham chat luong cao
P-01662,Logitech Tai Nghe Lite,Logitech,Tai Nghe,3919000,178,San pham chat luong cao
P-01663,Anker Sac Du Phong Pro Max,Anker,Sac Du Phong,2518000,150,San pham chat luong cao
P-01664,Samsung Laptop Premium,Samsung,Laptop,4858000,41,San pham chat luong cao
P-01665,Logitech Sac Du Phong Classic,Logitech,Sac Du Phong,4400000,279,San pham chat luong cao
P-01666,JBL USB Hub XL,JBL,USB Hub,2367000,427,San pham chat luong cao
P-01667,Apple Cap Sac XL,Apple,Cap Sac,4970000,69,San pham chat luong cao
P-01668,Samsung Op Lung Mini,Samsung,Op Lung,1794000,342,San pham chat luong cao
P-01669,JBL Sac Du Phong V2,JBL,Sac Du Phong,438000,338,San pham chat luong cao
P-01670,JBL Kinh Mat Premium,JBL,Kinh Mat,4511000,409,San pham chat luong cao
P-01671,Samsung Dong Ho Mini,Samsung,Dong Ho,641000,48,San pham chat luong cao
P-01672,Logitech Laptop Pro Max,Logitech,Laptop,758000,309,San pham chat luong cao
P-01673,Sony Ao Thun Mini,Sony,Ao Thun,2734000,185,San pham chat luong cao
P-01674,Asus Ban Phim Lite,Asus,Ban Phim,151000,183,San pham chat luong cao
P-01675,Xiaomi Dong Ho Lite,Xiaomi,Dong Ho,2312000,91,San pham chat luong cao
P-01676,Asus Dong Ho Lite,Asus,Dong Ho,3402000,382,San pham chat luong cao
P-01677,Asus Tablet Plus,Asus,Tablet,3451000,272,San pham chat luong cao
P-01678,Apple Giay Ultra,Apple,Giay,4455000,390,San pham chat luong cao
P-01679,Logitech Ban Phim Sport,Logitech,Ban Phim,1232000,215,San pham chat luong cao
P-01680,HP Monitor XL,HP,Monitor,4275000,79,San pham chat luong cao
P-01681,Asus Ao Thun V2,Asus,Ao Thun,3595000,113,San pham chat luong cao
P-01682,Logitech Tablet Premium,Logitech,Tablet,1913000,90,San pham chat luong cao
P-01683,Sony Ban Phim Ultra,Sony,Ban Phim,4400000,460,San pham chat luong cao
P-01684,Logitech Dong Ho Lite,Logitech,Dong Ho,945000,438,San pham chat luong cao
P-01685,Logitech USB Hub XL,Logitech,USB Hub,3661000,115,San pham chat luong cao
P-01686,JBL Ban Phim Mini,JBL,Ban Phim,4002000,444,San pham chat luong cao
P-01687,Sony Quat Mini Plus,Sony,Quat Mini,4834000,382,San pham chat luong cao
P-01688,Logitech Op Lung Premium,Logitech,Op Lung,3318000,290,San pham chat luong cao
P-01689,HP Chuot Gaming Premium,HP,Chuot Gaming,2721000,234,San pham chat luong cao
P-01690,Anker Sac Du Phong Premium,Anker,Sac Du Phong,1921000,66,San pham chat luong cao
P-01691,Apple Sac Du Phong Sport,Apple,Sac Du Phong,1287000,147,San pham chat luong cao
P-01692,Xiaomi Ong Nhom Premium,Xiaomi,Ong Nhom,3946000,154,San pham chat luong cao
P-01693,JBL Ao Thun Premium,JBL,Ao Thun,2952000,95,San pham chat luong cao
P-01694,JBL Kinh Mat Sport,JBL,Kinh Mat,1532000,410,San pham chat luong cao
P-01695,Sony May Anh Lite,Sony,May Anh,3851000,168,San pham chat luong cao
P-01696,Razer Monitor Plus,Razer,Monitor,1401000,312,San pham chat luong cao
P-01697,Apple Tablet Lite,Apple,Tablet,3626000,266,San pham chat luong cao
P-01698,Xiaomi Quat Mini XL,Xiaomi,Quat Mini,800000,122,San pham chat luong cao
P-01699,Asus USB Hub Sport,Asus,USB Hub,2425000,454,San pham chat luong cao
P-01700,Asus Tablet Pro Max,Asus,Tablet,2621000,438,San pham chat luong cao
P-01701,Samsung Kinh Mat Plus,Samsung,Kinh Mat,3361000,304,San pham chat luong cao
P-01702,JBL Tai Nghe Ultra,JBL,Tai Nghe,2909000,349,San pham chat luong cao
P-01703,Anker May Anh Plus,Anker,May Anh,854000,227,San pham chat luong cao
P-01704,Logitech Webcam V2,Logitech,Webcam,3963000,235,San pham chat luong cao
P-01705,Razer Dong Ho Pro Max,Razer,Dong Ho,1461000,302,San pham chat luong cao
P-01706,Asus USB Hub Lite,Asus,USB Hub,3226000,214,San pham chat luong cao
P-01707,Xiaomi Ong Nhom Ultra,Xiaomi,Ong Nhom,572000,220,San pham chat luong cao
P-01708,Asus Chuot Gaming Lite,Asus,Chuot Gaming,3659000,192,San pham chat luong cao
P-01709,HP Laptop V2,HP,Laptop,3190000,137,San pham chat luong cao
P-01710,Samsung Chuot Gaming Sport,Samsung,Chuot Gaming,4660000,357,San pham chat luong cao
P-01711,Sony Chuot Gaming V2,Sony,Chuot Gaming,3522000,477,San pham chat luong cao
P-01712,Apple Laptop Plus,Apple,Laptop,1532000,52,San pham chat luong cao
P-01713,Apple May Anh Sport,Apple,May Anh,4199000,215,San pham chat luong cao
P-01714,Xiaomi Kinh Mat Premium,Xiaomi,Kinh Mat,4673000,302,San pham chat luong cao
P-01715,Apple USB Hub Plus,Apple,USB Hub,3090000,498,San pham chat luong cao
P-01716,Razer Loa Lite,Razer,Loa,863000,303,San pham chat luong cao
P-01717,Samsung Ban Phim V2,Samsung,Ban Phim,2462000,202,San pham chat luong cao
P-01718,HP Balo XL,HP,Balo,1572000,220,San pham chat luong cao
P-01719,Asus May Anh Pro Max,Asus,May Anh,260000,323,San pham chat luong cao
P-01720,Sony Ao Thun Mini,Sony,Ao Thun,3848000,176,San pham chat luong cao
P-01721,Samsung Ong Nhom Sport,Samsung,Ong Nhom,3956000,389,San pham chat luong cao
P-01722,Anker Kinh Mat Lite,Anker,Kinh Mat,2777000,252,San pham chat luong cao
P-01723,Xiaomi Tai Nghe Pro Max,Xiaomi,Tai Nghe,3704000,214,San pham chat luong cao
P-01724,Sony Laptop Classic,Sony,Laptop,1019000,197,San pham chat luong cao
P-01725,HP Monitor Ultra,HP,Monitor,2044000,476,San pham chat luong cao
P-01726,Xiaomi Tablet Plus,Xiaomi,Tablet,2111000,378,San pham chat luong cao
P-01727,Razer Sac Du Phong XL,Razer,Sac Du Phong,1735000,421,San pham chat luong cao
P-01728,Apple Kinh Mat Ultra,Apple,Kinh Mat,4678000,393,San pham chat luong cao
P-01729,Xiaomi Tai Nghe Premium,Xiaomi,Tai Nghe,4189000,349,San pham chat luong cao
P-01730,Anker Quat Mini Plus,Anker,Quat Mini,373000,473,San pham chat luong cao
P-01731,Xiaomi Ao Thun Sport,Xiaomi,Ao Thun,972000,390,San pham chat luong cao
P-01732,Anker Giay Pro Max,Anker,Giay,1710000,168,San pham chat luong cao
P-01733,HP Webcam Ultra,HP,Webcam,3552000,310,San pham chat luong cao
P-01734,Sony Tai Nghe XL,Sony,Tai Nghe,2066000,411,San pham chat luong cao
P-01735,Anker Kinh Mat Sport,Anker,Kinh Mat,1518000,212,San pham chat luong cao
P-01736,Samsung Ong Nhom Ultra,Samsung,Ong Nhom,331000,452,San pham chat luong cao
P-01737,Asus Cap Sac Ultra,Asus,Cap Sac,353000,494,San pham chat luong cao
P-01738,Samsung Ao Thun Sport,Samsung,Ao Thun,1464000,406,San pham chat luong cao
P-01739,HP Ao Thun Sport,HP,Ao Thun,450000,228,San pham chat luong cao
P-01740,JBL Op Lung Ultra,JBL,Op Lung,328000,124,San pham chat luong cao
P-01741,Asus Op Lung Pro Max,Asus,Op Lung,4607000,330,San pham chat luong cao
P-01742,Anker Quat Mini Premium,Anker,Quat Mini,2485000,233,San pham chat luong cao
P-01743,JBL Chuot Gaming Mini,JBL,Chuot Gaming,1708000,299,San pham chat luong cao
P-01744,Asus USB Hub V2,Asus,USB Hub,2230000,193,San pham chat luong cao
P-01745,Sony USB Hub Mini,Sony,USB Hub,620000,227,San pham chat luong cao
P-01746,Razer Webcam Pro Max,Razer,Webcam,2557000,259,San pham chat luong cao
P-01747,Apple Giay Mini,Apple,Giay,2443000,440,San pham chat luong cao
P-01748,Apple USB Hub Premium,Apple,USB Hub,4111000,475,San pham chat luong cao
P-01749,Xiaomi Tablet Mini,Xiaomi,Tablet,2911000,328,San pham chat luong cao
P-01750,Apple Sac Du Phong Mini,Apple,Sac Du Phong,2527000,86,San pham chat luong cao
P-01751,JBL Sac Du Phong Lite,JBL,Sac Du Phong,3433000,254,San pham chat luong cao
P-01752,Anker Balo Ultra,Anker,Balo,3848000,252,San pham chat luong cao
P-01753,Logitech Loa Lite,Logitech,Loa,1550000,469,San pham chat luong cao
P-01754,Xiaomi Tablet Classic,Xiaomi,Tablet,1436000,94,San pham chat luong cao
P-01755,Anker Cap Sac Classic,Anker,Cap Sac,3712000,119,San pham chat luong cao
P-01756,Sony Laptop Pro Max,Sony,Laptop,3703000,355,San pham chat luong cao
P-01757,Asus Ong Nhom Plus,Asus,Ong Nhom,2792000,280,San pham chat luong cao
P-01758,Samsung Ong Nhom V2,Samsung,Ong Nhom,3922000,413,San pham chat luong cao
P-01759,Razer Giay Mini,Razer,Giay,3940000,395,San pham chat luong cao
P-01760,Xiaomi Kinh Mat Ultra,Xiaomi,Kinh Mat,4843000,16,San pham chat luong cao
P-01761,Apple Kinh Mat Mini,Apple,Kinh Mat,1951000,123,San pham chat luong cao
P-01762,HP Webcam Lite,HP,Webcam,2883000,44,San pham chat luong cao
P-01763,Anker Sac Du Phong Sport,Anker,Sac Du Phong,3378000,262,San pham chat luong cao
P-01764,Sony May Anh V2,Sony,May Anh,3252000,215,San pham chat luong cao
P-01765,HP Cap Sac Lite,HP,Cap Sac,3763000,137,San pham chat luong cao
P-01766,JBL Tablet Plus,JBL,Tablet,4012000,432,San pham chat luong cao
P-01767,Asus May Anh Lite,Asus,May Anh,4457000,229,San pham chat luong cao
P-01768,Anker Tablet Premium,Anker,Tablet,1991000,268,San pham chat luong cao
P-01769,Logitech Tablet XL,Logitech,Tablet,1901000,147,San pham chat luong cao
P-01770,Anker Giay Plus,Anker,Giay,4927000,221,San pham chat luong cao
P-01771,Xiaomi Ong Nhom XL,Xiaomi,Ong Nhom,2208000,449,San pham chat luong cao
P-01772,Logitech Dong Ho Premium,Logitech,Dong Ho,2520000,51,San pham chat luong cao
P-01773,Razer Balo Pro Max,Razer,Balo,1335000,283,San pham chat luong cao
P-01774,Xiaomi Tai Nghe Plus,Xiaomi,Tai Nghe,4254000,103,San pham chat luong cao
P-01775,Razer Quat Mini Lite,Razer,Quat Mini,861000,131,San pham chat luong cao
P-01776,Anker Sac Du Phong Premium,Anker,Sac Du Phong,4393000,329,San pham chat luong cao
P-01777,HP Ban Phim Plus,HP,Ban Phim,2054000,359,San pham chat luong cao
P-01778,Apple Tablet Pro Max,Apple,Tablet,506000,347,San pham chat luong cao
P-01779,Anker Op Lung XL,Anker,Op Lung,2845000,272,San pham chat luong cao
P-01780,HP Kinh Mat V2,HP,Kinh Mat,2374000,275,San pham chat luong cao
P-01781,Anker Sac Du Phong XL,Anker,Sac Du Phong,1387000,401,San pham chat luong cao
P-01782,Razer Quat Mini Premium,Razer,Quat Mini,1625000,383,San pham chat luong cao
P-01783,Anker Giay Sport,Anker,Giay,1430000,285,San pham chat luong cao
P-01784,HP Monitor XL,HP,Monitor,3847000,162,San pham chat luong cao
P-01785,Asus Loa Sport,Asus,Loa,1890000,351,San pham chat luong cao
P-01786,Apple Giay Lite,Apple,Giay,4774000,66,San pham chat luong cao
P-01787,Xiaomi Op Lung Pro Max,Xiaomi,Op Lung,583000,167,San pham chat luong cao
P-01788,HP Chuot Gaming Premium,HP,Chuot Gaming,3173000,297,San pham chat luong cao
P-01789,JBL Ong Nhom Lite,JBL,Ong Nhom,2621000,10,San pham chat luong cao
P-01790,HP Tai Nghe XL,HP,Tai Nghe,2820000,376,San pham chat luong cao
P-01791,Sony May Anh Premium,Sony,May Anh,2462000,86,San pham chat luong cao
P-01792,Razer Monitor Plus,Razer,Monitor,2510000,289,San pham chat luong cao
P-01793,Xiaomi Giay Mini,Xiaomi,Giay,4548000,283,San pham chat luong cao
P-01794,Logitech Laptop Classic,Logitech,Laptop,2981000,326,San pham chat luong cao
P-01795,Razer Cap Sac Mini,Razer,Cap Sac,1464000,315,San pham chat luong cao
P-01796,JBL Dong Ho Plus,JBL,Dong Ho,2518000,119,San pham chat luong cao
P-01797,Sony Quat Mini Premium,Sony,Quat Mini,2957000,281,San pham chat luong cao
P-01798,Asus Kinh Mat Ultra,Asus,Kinh Mat,4804000,409,San pham chat luong cao
P-01799,Logitech Cap Sac Premium,Logitech,Cap Sac,2887000,319,San pham chat luong cao
P-01800,Asus Laptop Pro Max,Asus,Laptop,2890000,25,San pham chat luong cao
P-01801,JBL Kinh Mat Lite,JBL,Kinh Mat,4609000,171,San pham chat luong cao
P-01802,Samsung Ban Phim Sport,Samsung,Ban Phim,494000,71,San pham chat luong cao
P-01803,Asus Tai Nghe XL,Asus,Tai Nghe,1492000,494,San pham chat luong cao
P-01804,JBL Ao Thun Lite,JBL,Ao Thun,535000,174,San pham chat luong cao
P-01805,JBL Ao Thun Sport,JBL,Ao Thun,2027000,10,San pham chat luong cao
P-01806,JBL Kinh Mat Premium,JBL,Kinh Mat,4608000,391,San pham chat luong cao
P-01807,HP Giay Pro Max,HP,Giay,955000,213,San pham chat luong cao
P-01808,Samsung Monitor Ultra,Samsung,Monitor,1432000,394,San pham chat luong cao
P-01809,Samsung Laptop Plus,Samsung,Laptop,3696000,193,San pham chat luong cao
P-01810,Sony Ban Phim Mini,Sony,Ban Phim,1341000,472,San pham chat luong cao
P-01811,Apple Tablet Ultra,Apple,Tablet,1545000,65,San pham chat luong cao
P-01812,Sony Chuot Gaming V2,Sony,Chuot Gaming,889000,115,San pham chat luong cao
P-01813,Sony May Anh Plus,Sony,May Anh,3196000,206,San pham chat luong cao
P-01814,Sony Tablet Sport,Sony,Tablet,147000,448,San pham chat luong cao
P-01815,Samsung Sac Du Phong Premium,Samsung,Sac Du Phong,1864000,85,San pham chat luong cao
P-01816,Apple Sac Du Phong Pro Max,Apple,Sac Du Phong,488000,32,San pham chat luong cao
P-01817,Xiaomi Webcam Plus,Xiaomi,Webcam,3530000,433,San pham chat luong cao
P-01818,HP Quat Mini Ultra,HP,Quat Mini,1939000,163,San pham chat luong cao
P-01819,Sony Cap Sac Plus,Sony,Cap Sac,2099000,26,San pham chat luong cao
P-01820,JBL Laptop XL,JBL,Laptop,4993000,368,San pham chat luong cao
P-01821,Apple Giay Classic,Apple,Giay,2979000,125,San pham chat luong cao
P-01822,Xiaomi Tablet V2,Xiaomi,Tablet,2673000,137,San pham chat luong cao
P-01823,Samsung Ao Thun Plus,Samsung,Ao Thun,2576000,55,San pham chat luong cao
P-01824,Anker Ban Phim Sport,Anker,Ban Phim,4734000,451,San pham chat luong cao
P-01825,Logitech Loa XL,Logitech,Loa,3877000,56,San pham chat luong cao
P-01826,Sony May Anh Sport,Sony,May Anh,4400000,400,San pham chat luong cao
P-01827,Razer Tai Nghe Sport,Razer,Tai Nghe,1051000,216,San pham chat luong cao
P-01828,Sony Ban Phim Pro Max,Sony,Ban Phim,2240000,374,San pham chat luong cao
P-01829,HP Chuot Gaming Sport,HP,Chuot Gaming,355000,138,San pham chat luong cao
P-01830,JBL Chuot Gaming Premium,JBL,Chuot Gaming,4250000,393,San pham chat luong cao
P-01831,Sony USB Hub Lite,Sony,USB Hub,3403000,211,San pham chat luong cao
P-01832,Sony Dong Ho Lite,Sony,Dong Ho,2773000,441,San pham chat luong cao
P-01833,Sony Loa XL,Sony,Loa,4577000,455,San pham chat luong cao
P-01834,HP Loa Pro Max,HP,Loa,3487000,230,San pham chat luong cao
P-01835,JBL Laptop Pro Max,JBL,Laptop,4371000,192,San pham chat luong cao
P-01836,Xiaomi Loa Ultra,Xiaomi,Loa,4541000,467,San pham chat luong cao
P-01837,Razer USB Hub Ultra,Razer,USB Hub,3360000,175,San pham chat luong cao
P-01838,Samsung Ong Nhom Pro Max,Samsung,Ong Nhom,2748000,465,San pham chat luong cao
P-01839,Anker Ban Phim Plus,Anker,Ban Phim,1261000,139,San pham chat luong cao
P-01840,Razer Laptop XL,Razer,Laptop,261000,427,San pham chat luong cao
P-01841,Apple Tablet V2,Apple,Tablet,3630000,121,San pham chat luong cao
P-01842,Samsung Ong Nhom Lite,Samsung,Ong Nhom,573000,135,San pham chat luong cao
P-01843,Apple May Anh Premium,Apple,May Anh,3132000,266,San pham chat luong cao
P-01844,Apple Dong Ho Plus,Apple,Dong Ho,2530000,125,San pham chat luong cao
P-01845,Asus Ong Nhom Lite,Asus,Ong Nhom,1537000,331,San pham chat luong cao
P-01846,HP Ao Thun Ultra,HP,Ao Thun,2744000,496,San pham chat luong cao
P-01847,Sony Giay Plus,Sony,Giay,2810000,474,San pham chat luong cao
P-01848,JBL Quat Mini Premium,JBL,Quat Mini,3675000,133,San pham chat luong cao
P-01849,Apple Webcam Ultra,Apple,Webcam,557000,99,San pham chat luong cao
P-01850,Asus Ong Nhom Ultra,Asus,Ong Nhom,66000,98,San pham chat luong cao
P-01851,Asus Cap Sac V2,Asus,Cap Sac,4820000,407,San pham chat luong cao
P-01852,Xiaomi Tablet Ultra,Xiaomi,Tablet,452000,415,San pham chat luong cao
P-01853,Razer Tai Nghe Plus,Razer,Tai Nghe,2836000,316,San pham chat luong cao
P-01854,Xiaomi Ong Nhom Plus,Xiaomi,Ong Nhom,457000,420,San pham chat luong cao
P-01855,Logitech Laptop Plus,Logitech,Laptop,4964000,220,San pham chat luong cao
P-01856,Logitech Ong Nhom Premium,Logitech,Ong Nhom,974000,394,San pham chat luong cao
P-01857,JBL Ong Nhom Pro Max,JBL,Ong Nhom,1624000,262,San pham chat luong cao
P-01858,Razer Chuot Gaming V2,Razer,Chuot Gaming,2608000,418,San pham chat luong cao
P-01859,Apple Tai Nghe V2,Apple,Tai Nghe,882000,452,San pham chat luong cao
P-01860,Samsung Balo Sport,Samsung,Balo,3554000,282,San pham chat luong cao
P-01861,Asus Tai Nghe V2,Asus,Tai Nghe,1998000,172,San pham chat luong cao
P-01862,Sony Giay Mini,Sony,Giay,2470000,118,San pham chat luong cao
P-01863,Asus Sac Du Phong Plus,Asus,Sac Du Phong,1518000,455,San pham chat luong cao
P-01864,Xiaomi May Anh Lite,Xiaomi,May Anh,3837000,126,San pham chat luong cao
P-01865,Anker Laptop Classic,Anker,Laptop,4248000,426,San pham chat luong cao
P-01866,Sony USB Hub Lite,Sony,USB Hub,4600000,447,San pham chat luong cao
P-01867,Xiaomi Tablet Mini,Xiaomi,Tablet,4956000,406,San pham chat luong cao
P-01868,Razer Balo Lite,Razer,Balo,907000,317,San pham chat luong cao
P-01869,Samsung Monitor Pro Max,Samsung,Monitor,4105000,415,San pham chat luong cao
P-01870,Asus Monitor Pro Max,Asus,Monitor,4745000,234,San pham chat luong cao
P-01871,JBL Balo XL,JBL,Balo,362000,110,San pham chat luong cao
P-01872,Anker Giay Classic,Anker,Giay,4461000,465,San pham chat luong cao
P-01873,JBL Quat Mini XL,JBL,Quat Mini,2490000,360,San pham chat luong cao
P-01874,Razer Sac Du Phong Premium,Razer,Sac Du Phong,4364000,111,San pham chat luong cao
P-01875,Razer Sac Du Phong Ultra,Razer,Sac Du Phong,1895000,238,San pham chat luong cao
P-01876,Razer Ao Thun Sport,Razer,Ao Thun,1900000,432,San pham chat luong cao
P-01877,Anker Dong Ho Lite,Anker,Dong Ho,3749000,481,San pham chat luong cao
P-01878,Sony Ao Thun V2,Sony,Ao Thun,4833000,497,San pham chat luong cao
P-01879,Apple Ban Phim Mini,Apple,Ban Phim,3517000,188,San pham chat luong cao
P-01880,Anker Laptop Plus,Anker,Laptop,697000,456,San pham chat luong cao
P-01881,Xiaomi Tablet Plus,Xiaomi,Tablet,2181000,211,San pham chat luong cao
P-01882,Samsung Ban Phim Sport,Samsung,Ban Phim,1762000,102,San pham chat luong cao
P-01883,Samsung Giay Mini,Samsung,Giay,4071000,218,San pham chat luong cao
P-01884,HP Op Lung Pro Max,HP,Op Lung,151000,410,San pham chat luong cao
P-01885,JBL USB Hub XL,JBL,USB Hub,408000,38,San pham chat luong cao
P-01886,JBL USB Hub Pro Max,JBL,USB Hub,2000000,37,San pham chat luong cao
P-01887,Asus Tai Nghe Pro Max,Asus,Tai Nghe,283000,441,San pham chat luong cao
P-01888,HP Ao Thun Plus,HP,Ao Thun,3589000,57,San pham chat luong cao
P-01889,Anker Ban Phim V2,Anker,Ban Phim,2531000,49,San pham chat luong cao
P-01890,Anker Op Lung XL,Anker,Op Lung,1623000,46,San pham chat luong cao
P-01891,Apple Balo Mini,Apple,Balo,77000,180,San pham chat luong cao
P-01892,Sony Ong Nhom Mini,Sony,Ong Nhom,706000,387,San pham chat luong cao
P-01893,Sony Giay Mini,Sony,Giay,3536000,324,San pham chat luong cao
P-01894,Sony Dong Ho Ultra,Sony,Dong Ho,3724000,314,San pham chat luong cao
P-01895,Apple Chuot Gaming XL,Apple,Chuot Gaming,1529000,458,San pham chat luong cao
P-01896,Anker Loa Sport,Anker,Loa,62000,447,San pham chat luong cao
P-01897,Razer Chuot Gaming Classic,Razer,Chuot Gaming,3763000,356,San pham chat luong cao
P-01898,Samsung Kinh Mat Sport,Samsung,Kinh Mat,1054000,358,San pham chat luong cao
P-01899,JBL Kinh Mat Pro Max,JBL,Kinh Mat,1471000,389,San pham chat luong cao
P-01900,Anker Quat Mini Pro Max,Anker,Quat Mini,4030000,373,San pham chat luong cao
P-01901,Apple May Anh V2,Apple,May Anh,2342000,140,San pham chat luong cao
P-01902,Xiaomi Laptop Sport,Xiaomi,Laptop,95000,470,San pham chat luong cao
P-01903,Samsung Kinh Mat Lite,Samsung,Kinh Mat,2699000,389,San pham chat luong cao
P-01904,Logitech Chuot Gaming XL,Logitech,Chuot Gaming,2174000,288,San pham chat luong cao
P-01905,Anker USB Hub Classic,Anker,USB Hub,1364000,226,San pham chat luong cao
P-01906,Sony May Anh Mini,Sony,May Anh,2851000,75,San pham chat luong cao
P-01907,Logitech Op Lung Plus,Logitech,Op Lung,2139000,480,San pham chat luong cao
P-01908,HP Ong Nhom Lite,HP,Ong Nhom,1439000,467,San pham chat luong cao
P-01909,HP Balo Ultra,HP,Balo,3379000,488,San pham chat luong cao
P-01910,Sony May Anh Plus,Sony,May Anh,3953000,39,San pham chat luong cao
P-01911,Samsung Op Lung Mini,Samsung,Op Lung,1781000,491,San pham chat luong cao
P-01912,Sony USB Hub XL,Sony,USB Hub,4302000,222,San pham chat luong cao
P-01913,Sony Cap Sac Mini,Sony,Cap Sac,2690000,301,San pham chat luong cao
P-01914,Anker May Anh Lite,Anker,May Anh,1473000,495,San pham chat luong cao
P-01915,Razer Kinh Mat Pro Max,Razer,Kinh Mat,2515000,401,San pham chat luong cao
P-01916,Xiaomi May Anh Lite,Xiaomi,May Anh,3756000,341,San pham chat luong cao
P-01917,Sony Tai Nghe Ultra,Sony,Tai Nghe,1353000,475,San pham chat luong cao
P-01918,JBL Chuot Gaming Lite,JBL,Chuot Gaming,4838000,408,San pham chat luong cao
P-01919,Anker Balo V2,Anker,Balo,3561000,410,San pham chat luong cao
P-01920,Asus Dong Ho V2,Asus,Dong Ho,4520000,459,San pham chat luong cao
P-01921,Anker Ao Thun Premium,Anker,Ao Thun,4115000,416,San pham chat luong cao
P-01922,HP Quat Mini Pro Max,HP,Quat Mini,101000,281,San pham chat luong cao
P-01923,JBL Tablet Pro Max,JBL,Tablet,1122000,98,San pham chat luong cao
P-01924,JBL Tablet Plus,JBL,Tablet,822000,313,San pham chat luong cao
P-01925,Sony Op Lung Plus,Sony,Op Lung,2415000,213,San pham chat luong cao
P-01926,Logitech Webcam Classic,Logitech,Webcam,2061000,320,San pham chat luong cao
P-01927,Sony Ao Thun Plus,Sony,Ao Thun,2977000,78,San pham chat luong cao
P-01928,Asus Cap Sac Lite,Asus,Cap Sac,2321000,495,San pham chat luong cao
P-01929,Xiaomi Tai Nghe Lite,Xiaomi,Tai Nghe,4845000,139,San pham chat luong cao
P-01930,Xiaomi Ban Phim Lite,Xiaomi,Ban Phim,2409000,130,San pham chat luong cao
P-01931,Apple Webcam Classic,Apple,Webcam,175000,423,San pham chat luong cao
P-01932,Sony Laptop Mini,Sony,Laptop,2636000,422,San pham chat luong cao
P-01933,Sony Kinh Mat Plus,Sony,Kinh Mat,1963000,116,San pham chat luong cao
P-01934,Logitech Giay V2,Logitech,Giay,3284000,97,San pham chat luong cao
P-01935,HP Monitor Pro Max,HP,Monitor,3378000,495,San pham chat luong cao
P-01936,Anker Kinh Mat Premium,Anker,Kinh Mat,777000,209,San pham chat luong cao
P-01937,Apple Loa Ultra,Apple,Loa,3786000,304,San pham chat luong cao
P-01938,JBL Ao Thun Sport,JBL,Ao Thun,749000,328,San pham chat luong cao
P-01939,Samsung Balo Lite,Samsung,Balo,2763000,116,San pham chat luong cao
P-01940,Sony Ong Nhom Plus,Sony,Ong Nhom,3026000,477,San pham chat luong cao
P-01941,HP USB Hub Classic,HP,USB Hub,488000,305,San pham chat luong cao
P-01942,Logitech Tai Nghe V2,Logitech,Tai Nghe,4496000,311,San pham chat luong cao
P-01943,Anker Dong Ho Pro Max,Anker,Dong Ho,3953000,90,San pham chat luong cao
P-01944,Razer Ban Phim Plus,Razer,Ban Phim,3414000,250,San pham chat luong cao
P-01945,Asus Sac Du Phong Ultra,Asus,Sac Du Phong,1952000,305,San pham chat luong cao
P-01946,JBL Tai Nghe Classic,JBL,Tai Nghe,3342000,73,San pham chat luong cao
P-01947,HP Ong Nhom Pro Max,HP,Ong Nhom,4617000,251,San pham chat luong cao
P-01948,Samsung Chuot Gaming Premium,Samsung,Chuot Gaming,507000,160,San pham chat luong cao
P-01949,Logitech Giay Ultra,Logitech,Giay,66000,200,San pham chat luong cao
P-01950,JBL Op Lung Pro Max,JBL,Op Lung,1589000,91,San pham chat luong cao
P-01951,Samsung Ong Nhom Premium,Samsung,Ong Nhom,3827000,347,San pham chat luong cao
P-01952,Asus Ong Nhom Premium,Asus,Ong Nhom,1991000,122,San pham chat luong cao
P-01953,Apple Op Lung V2,Apple,Op Lung,4114000,200,San pham chat luong cao
P-01954,Apple May Anh Plus,Apple,May Anh,3641000,217,San pham chat luong cao
P-01955,Logitech Monitor Mini,Logitech,Monitor,1091000,425,San pham chat luong cao
P-01956,Logitech Giay Ultra,Logitech,Giay,2917000,447,San pham chat luong cao
P-01957,Sony Loa Pro Max,Sony,Loa,1102000,238,San pham chat luong cao
P-01958,Logitech Quat Mini Pro Max,Logitech,Quat Mini,1236000,312,San pham chat luong cao
P-01959,Sony Balo V2,Sony,Balo,1262000,139,San pham chat luong cao
P-01960,Asus Ban Phim Lite,Asus,Ban Phim,2109000,349,San pham chat luong cao
P-01961,Razer Ao Thun Sport,Razer,Ao Thun,246000,123,San pham chat luong cao
P-01962,Razer Cap Sac Lite,Razer,Cap Sac,3216000,77,San pham chat luong cao
P-01963,Sony Quat Mini Premium,Sony,Quat Mini,406000,115,San pham chat luong cao
P-01964,Sony May Anh Classic,Sony,May Anh,229000,215,San pham chat luong cao
P-01965,Samsung Monitor Plus,Samsung,Monitor,2625000,369,San pham chat luong cao
P-01966,Razer Ban Phim Mini,Razer,Ban Phim,2119000,461,San pham chat luong cao
P-01967,Samsung Giay Classic,Samsung,Giay,839000,174,San pham chat luong cao
P-01968,Anker Ban Phim XL,Anker,Ban Phim,1220000,439,San pham chat luong cao
P-01969,Logitech Loa Plus,Logitech,Loa,3220000,211,San pham chat luong cao
P-01970,Razer Balo V2,Razer,Balo,2099000,33,San pham chat luong cao
P-01971,Sony May Anh Ultra,Sony,May Anh,2221000,452,San pham chat luong cao
P-01972,HP Tai Nghe Pro Max,HP,Tai Nghe,2553000,358,San pham chat luong cao
P-01973,Xiaomi Ban Phim Ultra,Xiaomi,Ban Phim,2931000,192,San pham chat luong cao
P-01974,HP Balo Sport,HP,Balo,3879000,393,San pham chat luong cao
P-01975,Razer Balo Pro Max,Razer,Balo,3857000,43,San pham chat luong cao
P-01976,Apple Balo XL,Apple,Balo,4155000,208,San pham chat luong cao
P-01977,HP Monitor Sport,HP,Monitor,1909000,347,San pham chat luong cao
P-01978,Asus Chuot Gaming V2,Asus,Chuot Gaming,4920000,302,San pham chat luong cao
P-01979,Anker Tai Nghe V2,Anker,Tai Nghe,350000,456,San pham chat luong cao
P-01980,Anker Sac Du Phong Mini,Anker,Sac Du Phong,146000,310,San pham chat luong cao
P-01981,Asus Loa Plus,Asus,Loa,357000,139,San pham chat luong cao
P-01982,JBL Webcam XL,JBL,Webcam,559000,97,San pham chat luong cao
P-01983,HP Ao Thun Pro Max,HP,Ao Thun,3219000,73,San pham chat luong cao
P-01984,Razer Webcam Sport,Razer,Webcam,440000,314,San pham chat luong cao
P-01985,Razer Giay Mini,Razer,Giay,782000,343,San pham chat luong cao
P-01986,Logitech Kinh Mat Ultra,Logitech,Kinh Mat,462000,379,San pham chat luong cao
P-01987,Asus Tablet Plus,Asus,Tablet,3063000,141,San pham chat luong cao
P-01988,Sony Kinh Mat Lite,Sony,Kinh Mat,3003000,53,San pham chat luong cao
P-01989,HP Tablet V2,HP,Tablet,3722000,13,San pham chat luong cao
P-01990,Samsung Tai Nghe Mini,Samsung,Tai Nghe,723000,424,San pham chat luong cao
P-01991,Samsung Ban Phim Sport,Samsung,Ban Phim,2772000,478,San pham chat luong cao
P-01992,Xiaomi Webcam Premium,Xiaomi,Webcam,4068000,362,San pham chat luong cao
P-01993,Xiaomi Ong Nhom Pro Max,Xiaomi,Ong Nhom,4788000,488,San pham chat luong cao
P-01994,Anker Cap Sac Mini,Anker,Cap Sac,689000,287,San pham chat luong cao
P-01995,JBL Balo Premium,JBL,Balo,515000,309,San pham chat luong cao
P-01996,Razer Balo Plus,Razer,Balo,2230000,150,San pham chat luong cao
P-01997,JBL USB Hub Classic,JBL,USB Hub,1870000,126,San pham chat luong cao
P-01998,Samsung Quat Mini Mini,Samsung,Quat Mini,4408000,475,San pham chat luong cao
P-01999,Xiaomi Cap Sac Mini,Xiaomi,Cap Sac,740000,101,San pham chat luong cao
P-02000,Samsung Tablet Mini,Samsung,Tablet,4480000,439,San pham chat luong cao
P-02001,Xiaomi Monitor Mini,Xiaomi,Monitor,2913000,289,San pham chat luong cao
P-02002,JBL Loa Sport,JBL,Loa,4201000,252,San pham chat luong cao
P-02003,HP USB Hub V2,HP,USB Hub,582000,457,San pham chat luong cao
P-02004,Razer Balo Plus,Razer,Balo,791000,372,San pham chat luong cao
P-02005,JBL Monitor Sport,JBL,Monitor,2419000,317,San pham chat luong cao
P-02006,Xiaomi Quat Mini Plus,Xiaomi,Quat Mini,1412000,273,San pham chat luong cao
P-02007,Logitech Laptop Mini,Logitech,Laptop,4644000,312,San pham chat luong cao
P-02008,Razer Chuot Gaming XL,Razer,Chuot Gaming,3748000,206,San pham chat luong cao
P-02009,Apple Sac Du Phong Pro Max,Apple,Sac Du Phong,2896000,367,San pham chat luong cao
P-02010,HP Webcam Sport,HP,Webcam,2019000,412,San pham chat luong cao
P-02011,Xiaomi Tablet Sport,Xiaomi,Tablet,4528000,178,San pham chat luong cao
P-02012,Xiaomi USB Hub Ultra,Xiaomi,USB Hub,2979000,310,San pham chat luong cao
P-02013,Xiaomi USB Hub Sport,Xiaomi,USB Hub,98000,70,San pham chat luong cao
P-02014,Anker Sac Du Phong Pro Max,Anker,Sac Du Phong,1683000,32,San pham chat luong cao
P-02015,Xiaomi Laptop Lite,Xiaomi,Laptop,1305000,192,San pham chat luong cao
P-02016,Razer Ong Nhom V2,Razer,Ong Nhom,4037000,165,San pham chat luong cao
P-02017,Sony Kinh Mat Classic,Sony,Kinh Mat,1402000,421,San pham chat luong cao
P-02018,Sony USB Hub XL,Sony,USB Hub,1217000,465,San pham chat luong cao
P-02019,HP Op Lung Sport,HP,Op Lung,4029000,282,San pham chat luong cao
P-02020,Sony Ong Nhom Mini,Sony,Ong Nhom,3363000,296,San pham chat luong cao
P-02021,Apple Laptop Classic,Apple,Laptop,658000,277,San pham chat luong cao
P-02022,Asus Loa Pro Max,Asus,Loa,1960000,377,San pham chat luong cao
P-02023,Samsung Sac Du Phong XL,Samsung,Sac Du Phong,466000,443,San pham chat luong cao
P-02024,Asus Tai Nghe Pro Max,Asus,Tai Nghe,2477000,152,San pham chat luong cao
P-02025,Asus Monitor Sport,Asus,Monitor,3389000,391,San pham chat luong cao
P-02026,HP Laptop Plus,HP,Laptop,2334000,211,San pham chat luong cao
P-02027,JBL Loa V2,JBL,Loa,3699000,186,San pham chat luong cao
P-02028,HP Giay Sport,HP,Giay,378000,444,San pham chat luong cao
P-02029,Sony Loa Premium,Sony,Loa,1079000,372,San pham chat luong cao
P-02030,Samsung Laptop Pro Max,Samsung,Laptop,3427000,138,San pham chat luong cao
P-02031,Apple Ban Phim Premium,Apple,Ban Phim,2520000,432,San pham chat luong cao
P-02032,Logitech Dong Ho Sport,Logitech,Dong Ho,1793000,159,San pham chat luong cao
P-02033,Asus May Anh V2,Asus,May Anh,4134000,70,San pham chat luong cao
P-02034,HP Tai Nghe Mini,HP,Tai Nghe,3503000,441,San pham chat luong cao
P-02035,Xiaomi Balo Pro Max,Xiaomi,Balo,4318000,307,San pham chat luong cao
P-02036,JBL Kinh Mat Ultra,JBL,Kinh Mat,372000,33,San pham chat luong cao
P-02037,HP Chuot Gaming Plus,HP,Chuot Gaming,1336000,291,San pham chat luong cao
P-02038,Sony May Anh Mini,Sony,May Anh,3850000,260,San pham chat luong cao
P-02039,Logitech May Anh Plus,Logitech,May Anh,730000,27,San pham chat luong cao
P-02040,Sony Quat Mini Ultra,Sony,Quat Mini,2631000,47,San pham chat luong cao
P-02041,Sony Tai Nghe XL,Sony,Tai Nghe,1742000,163,San pham chat luong cao
P-02042,Apple Ong Nhom XL,Apple,Ong Nhom,1883000,341,San pham chat luong cao
P-02043,Samsung Op Lung Pro Max,Samsung,Op Lung,4530000,184,San pham chat luong cao
P-02044,Anker Ong Nhom V2,Anker,Ong Nhom,3716000,467,San pham chat luong cao
P-02045,Sony Op Lung Premium,Sony,Op Lung,4933000,233,San pham chat luong cao
P-02046,Logitech Ao Thun V2,Logitech,Ao Thun,2330000,342,San pham chat luong cao
P-02047,JBL Balo Ultra,JBL,Balo,2317000,77,San pham chat luong cao
P-02048,Logitech Ban Phim Classic,Logitech,Ban Phim,3278000,165,San pham chat luong cao
P-02049,Razer Ong Nhom Sport,Razer,Ong Nhom,4394000,288,San pham chat luong cao
P-02050,Samsung Kinh Mat Classic,Samsung,Kinh Mat,464000,97,San pham chat luong cao
P-02051,HP Ong Nhom V2,HP,Ong Nhom,1990000,489,San pham chat luong cao
P-02052,Asus Monitor Classic,Asus,Monitor,2481000,59,San pham chat luong cao
P-02053,Asus Ong Nhom Mini,Asus,Ong Nhom,920000,452,San pham chat luong cao
P-02054,JBL Quat Mini Pro Max,JBL,Quat Mini,671000,268,San pham chat luong cao
P-02055,Samsung Quat Mini Ultra,Samsung,Quat Mini,3926000,436,San pham chat luong cao
P-02056,Apple Cap Sac Premium,Apple,Cap Sac,1096000,153,San pham chat luong cao
P-02057,Samsung Ong Nhom Pro Max,Samsung,Ong Nhom,1267000,95,San pham chat luong cao
P-02058,Sony Kinh Mat Lite,Sony,Kinh Mat,3686000,315,San pham chat luong cao
P-02059,Logitech Laptop Premium,Logitech,Laptop,4771000,143,San pham chat luong cao
P-02060,Asus Op Lung Premium,Asus,Op Lung,1572000,161,San pham chat luong cao
P-02061,Xiaomi Dong Ho Lite,Xiaomi,Dong Ho,3387000,239,San pham chat luong cao
P-02062,Asus Monitor Sport,Asus,Monitor,4393000,227,San pham chat luong cao
P-02063,Xiaomi Chuot Gaming Plus,Xiaomi,Chuot Gaming,138000,277,San pham chat luong cao
P-02064,JBL Monitor Premium,JBL,Monitor,3843000,145,San pham chat luong cao
P-02065,Apple Tablet XL,Apple,Tablet,4846000,348,San pham chat luong cao
P-02066,Sony Ao Thun Pro Max,Sony,Ao Thun,4807000,33,San pham chat luong cao
P-02067,Xiaomi Giay V2,Xiaomi,Giay,4037000,401,San pham chat luong cao
P-02068,Xiaomi Webcam Lite,Xiaomi,Webcam,2469000,16,San pham chat luong cao
P-02069,Sony Tai Nghe Sport,Sony,Tai Nghe,2256000,24,San pham chat luong cao
P-02070,Asus Loa XL,Asus,Loa,4242000,210,San pham chat luong cao
P-02071,Sony Laptop Lite,Sony,Laptop,3824000,248,San pham chat luong cao
P-02072,JBL Cap Sac Premium,JBL,Cap Sac,1231000,104,San pham chat luong cao
P-02073,Sony Balo Pro Max,Sony,Balo,4765000,112,San pham chat luong cao
P-02074,Sony Dong Ho Plus,Sony,Dong Ho,4452000,287,San pham chat luong cao
P-02075,Logitech Webcam Pro Max,Logitech,Webcam,1540000,473,San pham chat luong cao
P-02076,Razer USB Hub Classic,Razer,USB Hub,2052000,407,San pham chat luong cao
P-02077,Apple Op Lung Sport,Apple,Op Lung,2943000,369,San pham chat luong cao
P-02078,HP Webcam XL,HP,Webcam,3132000,420,San pham chat luong cao
P-02079,JBL Ao Thun Classic,JBL,Ao Thun,187000,97,San pham chat luong cao
P-02080,Xiaomi Monitor Classic,Xiaomi,Monitor,1691000,154,San pham chat luong cao
P-02081,HP Sac Du Phong Premium,HP,Sac Du Phong,2264000,31,San pham chat luong cao
P-02082,Apple Kinh Mat Plus,Apple,Kinh Mat,158000,409,San pham chat luong cao
P-02083,Xiaomi Kinh Mat Ultra,Xiaomi,Kinh Mat,1438000,375,San pham chat luong cao
P-02084,JBL May Anh Mini,JBL,May Anh,4676000,379,San pham chat luong cao
P-02085,Sony Dong Ho Premium,Sony,Dong Ho,4329000,231,San pham chat luong cao
P-02086,Anker Op Lung Pro Max,Anker,Op Lung,3095000,317,San pham chat luong cao
P-02087,Anker Monitor Pro Max,Anker,Monitor,2114000,237,San pham chat luong cao
P-02088,Razer Kinh Mat Premium,Razer,Kinh Mat,3015000,98,San pham chat luong cao
P-02089,Logitech Giay Ultra,Logitech,Giay,1320000,407,San pham chat luong cao
P-02090,Apple Tai Nghe Premium,Apple,Tai Nghe,2063000,43,San pham chat luong cao
P-02091,HP Ong Nhom Plus,HP,Ong Nhom,2233000,127,San pham chat luong cao
P-02092,Asus Giay Pro Max,Asus,Giay,3560000,142,San pham chat luong cao
P-02093,Anker May Anh Premium,Anker,May Anh,133000,129,San pham chat luong cao
P-02094,Asus Dong Ho Pro Max,Asus,Dong Ho,247000,481,San pham chat luong cao
P-02095,Sony Loa Pro Max,Sony,Loa,1554000,327,San pham chat luong cao
P-02096,Sony Tablet Plus,Sony,Tablet,2823000,468,San pham chat luong cao
P-02097,Apple Balo XL,Apple,Balo,4200000,68,San pham chat luong cao
P-02098,Asus Tablet Mini,Asus,Tablet,1591000,232,San pham chat luong cao
P-02099,Razer Cap Sac Ultra,Razer,Cap Sac,2308000,373,San pham chat luong cao
P-02100,Apple Tablet V2,Apple,Tablet,4125000,247,San pham chat luong cao
P-02101,Xiaomi Loa XL,Xiaomi,Loa,1244000,499,San pham chat luong cao
P-02102,Samsung Ban Phim Sport,Samsung,Ban Phim,4222000,286,San pham chat luong cao
P-02103,Anker Tablet Lite,Anker,Tablet,3735000,162,San pham chat luong cao
P-02104,Razer Sac Du Phong V2,Razer,Sac Du Phong,673000,247,San pham chat luong cao
P-02105,Apple Tai Nghe XL,Apple,Tai Nghe,3523000,268,San pham chat luong cao
P-02106,Samsung Ao Thun Ultra,Samsung,Ao Thun,594000,341,San pham chat luong cao
P-02107,JBL Kinh Mat Plus,JBL,Kinh Mat,1333000,11,San pham chat luong cao
P-02108,HP Giay Plus,HP,Giay,605000,223,San pham chat luong cao
P-02109,Xiaomi Ban Phim Ultra,Xiaomi,Ban Phim,1127000,12,San pham chat luong cao
P-02110,Asus Op Lung V2,Asus,Op Lung,1590000,352,San pham chat luong cao
P-02111,Xiaomi Cap Sac Lite,Xiaomi,Cap Sac,4947000,365,San pham chat luong cao
P-02112,Xiaomi Giay XL,Xiaomi,Giay,3527000,129,San pham chat luong cao
P-02113,Apple Tablet Classic,Apple,Tablet,1502000,144,San pham chat luong cao
P-02114,Anker Monitor Sport,Anker,Monitor,1730000,234,San pham chat luong cao
P-02115,Logitech Sac Du Phong XL,Logitech,Sac Du Phong,938000,72,San pham chat luong cao
P-02116,Samsung Cap Sac XL,Samsung,Cap Sac,3110000,311,San pham chat luong cao
P-02117,Razer Quat Mini Mini,Razer,Quat Mini,1869000,156,San pham chat luong cao
P-02118,JBL USB Hub Ultra,JBL,USB Hub,665000,442,San pham chat luong cao
P-02119,Xiaomi Tablet Ultra,Xiaomi,Tablet,2205000,476,San pham chat luong cao
P-02120,HP May Anh Plus,HP,May Anh,3345000,14,San pham chat luong cao
P-02121,Xiaomi Quat Mini Sport,Xiaomi,Quat Mini,985000,274,San pham chat luong cao
P-02122,JBL Op Lung Sport,JBL,Op Lung,4345000,367,San pham chat luong cao
P-02123,Logitech Kinh Mat Sport,Logitech,Kinh Mat,3140000,214,San pham chat luong cao
P-02124,Razer Kinh Mat Sport,Razer,Kinh Mat,1495000,204,San pham chat luong cao
P-02125,Samsung USB Hub V2,Samsung,USB Hub,4371000,352,San pham chat luong cao
P-02126,Logitech Sac Du Phong Lite,Logitech,Sac Du Phong,4145000,421,San pham chat luong cao
P-02127,Xiaomi Kinh Mat Pro Max,Xiaomi,Kinh Mat,3607000,465,San pham chat luong cao
P-02128,Anker Dong Ho Lite,Anker,Dong Ho,281000,178,San pham chat luong cao
P-02129,Xiaomi USB Hub V2,Xiaomi,USB Hub,197000,442,San pham chat luong cao
P-02130,Apple USB Hub Premium,Apple,USB Hub,1856000,392,San pham chat luong cao
P-02131,JBL Tablet Plus,JBL,Tablet,621000,323,San pham chat luong cao
P-02132,Samsung Webcam Plus,Samsung,Webcam,4378000,265,San pham chat luong cao
P-02133,Samsung Cap Sac Plus,Samsung,Cap Sac,1923000,99,San pham chat luong cao
P-02134,JBL May Anh Pro Max,JBL,May Anh,2037000,468,San pham chat luong cao
P-02135,Asus Tai Nghe V2,Asus,Tai Nghe,255000,156,San pham chat luong cao
P-02136,Logitech May Anh Classic,Logitech,May Anh,1040000,282,San pham chat luong cao
P-02137,JBL Balo Ultra,JBL,Balo,3153000,157,San pham chat luong cao
P-02138,Logitech Loa Pro Max,Logitech,Loa,2614000,339,San pham chat luong cao
P-02139,JBL Sac Du Phong V2,JBL,Sac Du Phong,2736000,240,San pham chat luong cao
P-02140,Apple Ban Phim Mini,Apple,Ban Phim,1015000,136,San pham chat luong cao
P-02141,Samsung Dong Ho Classic,Samsung,Dong Ho,1973000,320,San pham chat luong cao
P-02142,Apple Sac Du Phong Classic,Apple,Sac Du Phong,1471000,217,San pham chat luong cao
P-02143,Sony Ong Nhom Mini,Sony,Ong Nhom,1235000,34,San pham chat luong cao
P-02144,Samsung Ong Nhom Sport,Samsung,Ong Nhom,3400000,214,San pham chat luong cao
P-02145,HP USB Hub Lite,HP,USB Hub,971000,261,San pham chat luong cao
P-02146,Xiaomi Giay Pro Max,Xiaomi,Giay,3947000,14,San pham chat luong cao
P-02147,Anker Ao Thun Classic,Anker,Ao Thun,1769000,449,San pham chat luong cao
P-02148,Samsung Ong Nhom Sport,Samsung,Ong Nhom,426000,437,San pham chat luong cao
P-02149,Apple Monitor Ultra,Apple,Monitor,3032000,246,San pham chat luong cao
P-02150,Apple Monitor Classic,Apple,Monitor,1567000,219,San pham chat luong cao
P-02151,Logitech Ban Phim Plus,Logitech,Ban Phim,3358000,308,San pham chat luong cao
P-02152,Anker Ao Thun Ultra,Anker,Ao Thun,2117000,98,San pham chat luong cao
P-02153,Anker Dong Ho Sport,Anker,Dong Ho,1611000,79,San pham chat luong cao
P-02154,Anker Webcam Classic,Anker,Webcam,1627000,242,San pham chat luong cao
P-02155,Asus Op Lung XL,Asus,Op Lung,4926000,197,San pham chat luong cao
P-02156,Xiaomi USB Hub XL,Xiaomi,USB Hub,3028000,369,San pham chat luong cao
P-02157,Apple Balo Sport,Apple,Balo,3193000,105,San pham chat luong cao
P-02158,Xiaomi Ong Nhom Pro Max,Xiaomi,Ong Nhom,2148000,201,San pham chat luong cao
P-02159,JBL Giay V2,JBL,Giay,1648000,322,San pham chat luong cao
P-02160,Apple Webcam Ultra,Apple,Webcam,2354000,490,San pham chat luong cao
P-02161,Logitech Giay Mini,Logitech,Giay,3607000,164,San pham chat luong cao
P-02162,HP Cap Sac Mini,HP,Cap Sac,1528000,136,San pham chat luong cao
P-02163,Anker Monitor V2,Anker,Monitor,2884000,21,San pham chat luong cao
P-02164,HP Sac Du Phong Mini,HP,Sac Du Phong,4391000,423,San pham chat luong cao
P-02165,Apple Chuot Gaming Plus,Apple,Chuot Gaming,4311000,402,San pham chat luong cao
P-02166,JBL Webcam Sport,JBL,Webcam,3849000,271,San pham chat luong cao
P-02167,Samsung Op Lung Premium,Samsung,Op Lung,4425000,278,San pham chat luong cao
P-02168,Sony Monitor Premium,Sony,Monitor,194000,393,San pham chat luong cao
P-02169,Samsung Loa Lite,Samsung,Loa,4288000,53,San pham chat luong cao
P-02170,Apple Ao Thun XL,Apple,Ao Thun,3757000,104,San pham chat luong cao
P-02171,Sony Tablet Plus,Sony,Tablet,4917000,82,San pham chat luong cao
P-02172,Logitech Loa Classic,Logitech,Loa,2004000,435,San pham chat luong cao
P-02173,Samsung Cap Sac Sport,Samsung,Cap Sac,4687000,422,San pham chat luong cao
P-02174,Xiaomi Chuot Gaming Ultra,Xiaomi,Chuot Gaming,59000,143,San pham chat luong cao
P-02175,Samsung Balo Ultra,Samsung,Balo,2342000,176,San pham chat luong cao
P-02176,JBL Kinh Mat Premium,JBL,Kinh Mat,858000,65,San pham chat luong cao
P-02177,Anker Quat Mini Premium,Anker,Quat Mini,1765000,402,San pham chat luong cao
P-02178,JBL Ao Thun Lite,JBL,Ao Thun,4887000,245,San pham chat luong cao
P-02179,HP Balo Lite,HP,Balo,2904000,196,San pham chat luong cao
P-02180,Apple Loa XL,Apple,Loa,1002000,279,San pham chat luong cao
P-02181,Apple Chuot Gaming Sport,Apple,Chuot Gaming,3579000,326,San pham chat luong cao
P-02182,Xiaomi Loa Premium,Xiaomi,Loa,2277000,240,San pham chat luong cao
P-02183,Xiaomi Balo Lite,Xiaomi,Balo,933000,126,San pham chat luong cao
P-02184,Asus Tablet Plus,Asus,Tablet,3817000,329,San pham chat luong cao
P-02185,JBL Cap Sac Mini,JBL,Cap Sac,3434000,484,San pham chat luong cao
P-02186,Apple Tablet Sport,Apple,Tablet,3830000,393,San pham chat luong cao
P-02187,Logitech Cap Sac V2,Logitech,Cap Sac,628000,79,San pham chat luong cao
P-02188,Samsung Laptop Pro Max,Samsung,Laptop,1189000,280,San pham chat luong cao
P-02189,HP Tai Nghe Plus,HP,Tai Nghe,1474000,401,San pham chat luong cao
P-02190,Xiaomi Loa Mini,Xiaomi,Loa,424000,472,San pham chat luong cao
P-02191,Sony Chuot Gaming Mini,Sony,Chuot Gaming,3552000,345,San pham chat luong cao
P-02192,Samsung Quat Mini Premium,Samsung,Quat Mini,1468000,257,San pham chat luong cao
P-02193,Asus Chuot Gaming Plus,Asus,Chuot Gaming,2949000,479,San pham chat luong cao
P-02194,Samsung Laptop Plus,Samsung,Laptop,3742000,398,San pham chat luong cao
P-02195,Apple Monitor Pro Max,Apple,Monitor,67000,234,San pham chat luong cao
P-02196,HP USB Hub Ultra,HP,USB Hub,3757000,371,San pham chat luong cao
P-02197,Xiaomi Chuot Gaming Mini,Xiaomi,Chuot Gaming,3104000,224,San pham chat luong cao
P-02198,Xiaomi Monitor Sport,Xiaomi,Monitor,1545000,385,San pham chat luong cao
P-02199,HP Ao Thun Plus,HP,Ao Thun,2534000,60,San pham chat luong cao
P-02200,Samsung Op Lung Premium,Samsung,Op Lung,790000,180,San pham chat luong cao
P-02201,JBL Laptop Premium,JBL,Laptop,3827000,473,San pham chat luong cao
P-02202,Apple Ban Phim Plus,Apple,Ban Phim,700000,222,San pham chat luong cao
P-02203,HP Webcam Pro Max,HP,Webcam,3452000,72,San pham chat luong cao
P-02204,Apple Sac Du Phong Ultra,Apple,Sac Du Phong,1223000,232,San pham chat luong cao
P-02205,Xiaomi Op Lung Mini,Xiaomi,Op Lung,518000,44,San pham chat luong cao
P-02206,Apple Monitor Classic,Apple,Monitor,2815000,402,San pham chat luong cao
P-02207,Xiaomi Chuot Gaming Lite,Xiaomi,Chuot Gaming,155000,47,San pham chat luong cao
P-02208,Anker Ban Phim Ultra,Anker,Ban Phim,3982000,384,San pham chat luong cao
P-02209,Logitech Ao Thun Classic,Logitech,Ao Thun,3680000,221,San pham chat luong cao
P-02210,JBL Monitor Sport,JBL,Monitor,3985000,406,San pham chat luong cao
P-02211,Razer Loa Lite,Razer,Loa,3033000,418,San pham chat luong cao
P-02212,Xiaomi May Anh Premium,Xiaomi,May Anh,1761000,401,San pham chat luong cao
P-02213,Samsung Op Lung Plus,Samsung,Op Lung,2061000,15,San pham chat luong cao
P-02214,Logitech Op Lung Classic,Logitech,Op Lung,1102000,365,San pham chat luong cao
P-02215,Apple Kinh Mat Premium,Apple,Kinh Mat,2890000,320,San pham chat luong cao
P-02216,Razer Sac Du Phong V2,Razer,Sac Du Phong,4152000,137,San pham chat luong cao
P-02217,Anker Giay Pro Max,Anker,Giay,260000,446,San pham chat luong cao
P-02218,Apple Laptop Ultra,Apple,Laptop,242000,376,San pham chat luong cao
P-02219,Logitech Quat Mini Classic,Logitech,Quat Mini,4129000,26,San pham chat luong cao
P-02220,Xiaomi Webcam Sport,Xiaomi,Webcam,4716000,398,San pham chat luong cao
P-02221,HP Webcam Premium,HP,Webcam,4206000,139,San pham chat luong cao
P-02222,HP Ong Nhom Classic,HP,Ong Nhom,3970000,436,San pham chat luong cao
P-02223,Logitech Chuot Gaming Classic,Logitech,Chuot Gaming,431000,115,San pham chat luong cao
P-02224,JBL Balo Premium,JBL,Balo,2603000,162,San pham chat luong cao
P-02225,Xiaomi Quat Mini Mini,Xiaomi,Quat Mini,4824000,354,San pham chat luong cao
P-02226,Logitech Tablet V2,Logitech,Tablet,3801000,135,San pham chat luong cao
P-02227,HP Giay Premium,HP,Giay,246000,407,San pham chat luong cao
P-02228,Xiaomi Webcam Ultra,Xiaomi,Webcam,584000,141,San pham chat luong cao
P-02229,Sony Webcam Mini,Sony,Webcam,2084000,327,San pham chat luong cao
P-02230,Razer Kinh Mat Plus,Razer,Kinh Mat,3441000,19,San pham chat luong cao
P-02231,Sony Chuot Gaming V2,Sony,Chuot Gaming,1830000,312,San pham chat luong cao
P-02232,Sony Op Lung Mini,Sony,Op Lung,2275000,202,San pham chat luong cao
P-02233,Apple Ao Thun Classic,Apple,Ao Thun,3993000,20,San pham chat luong cao
P-02234,Sony Quat Mini Classic,Sony,Quat Mini,2570000,205,San pham chat luong cao
P-02235,Xiaomi Kinh Mat Mini,Xiaomi,Kinh Mat,3049000,18,San pham chat luong cao
P-02236,Sony Sac Du Phong Plus,Sony,Sac Du Phong,4515000,422,San pham chat luong cao
P-02237,Anker Tai Nghe Classic,Anker,Tai Nghe,1759000,412,San pham chat luong cao
P-02238,Xiaomi Cap Sac Ultra,Xiaomi,Cap Sac,651000,83,San pham chat luong cao
P-02239,Logitech Ao Thun Mini,Logitech,Ao Thun,1885000,184,San pham chat luong cao
P-02240,Apple Ong Nhom Sport,Apple,Ong Nhom,2079000,459,San pham chat luong cao
P-02241,Sony Ban Phim XL,Sony,Ban Phim,4401000,300,San pham chat luong cao
P-02242,Razer Kinh Mat Lite,Razer,Kinh Mat,1891000,366,San pham chat luong cao
P-02243,Sony Kinh Mat Pro Max,Sony,Kinh Mat,2091000,419,San pham chat luong cao
P-02244,Xiaomi Webcam Plus,Xiaomi,Webcam,2294000,302,San pham chat luong cao
P-02245,HP May Anh Sport,HP,May Anh,4045000,198,San pham chat luong cao
P-02246,Xiaomi Dong Ho Sport,Xiaomi,Dong Ho,4606000,329,San pham chat luong cao
P-02247,Logitech Ban Phim XL,Logitech,Ban Phim,1559000,431,San pham chat luong cao
P-02248,Asus Laptop V2,Asus,Laptop,1877000,101,San pham chat luong cao
P-02249,Logitech Ong Nhom Premium,Logitech,Ong Nhom,4731000,440,San pham chat luong cao
P-02250,JBL Ao Thun Lite,JBL,Ao Thun,3451000,431,San pham chat luong cao
P-02251,Logitech Balo V2,Logitech,Balo,3225000,67,San pham chat luong cao
P-02252,Asus Laptop V2,Asus,Laptop,4952000,132,San pham chat luong cao
P-02253,Apple Monitor XL,Apple,Monitor,4754000,497,San pham chat luong cao
P-02254,Sony Cap Sac Sport,Sony,Cap Sac,1920000,336,San pham chat luong cao
P-02255,Xiaomi Ban Phim XL,Xiaomi,Ban Phim,3919000,335,San pham chat luong cao
P-02256,Xiaomi May Anh Premium,Xiaomi,May Anh,3415000,189,San pham chat luong cao
P-02257,Anker Ban Phim Ultra,Anker,Ban Phim,3861000,243,San pham chat luong cao
P-02258,Xiaomi Ban Phim XL,Xiaomi,Ban Phim,1318000,215,San pham chat luong cao
P-02259,Sony Ban Phim Lite,Sony,Ban Phim,1068000,445,San pham chat luong cao
P-02260,JBL Balo Premium,JBL,Balo,554000,38,San pham chat luong cao
P-02261,Asus Chuot Gaming Sport,Asus,Chuot Gaming,1322000,308,San pham chat luong cao
P-02262,Logitech Monitor Mini,Logitech,Monitor,469000,247,San pham chat luong cao
P-02263,Xiaomi Monitor Plus,Xiaomi,Monitor,298000,425,San pham chat luong cao
P-02264,Anker Laptop Pro Max,Anker,Laptop,3147000,297,San pham chat luong cao
P-02265,Razer Ban Phim V2,Razer,Ban Phim,2752000,294,San pham chat luong cao
P-02266,HP Giay Lite,HP,Giay,2081000,470,San pham chat luong cao
P-02267,Razer USB Hub Sport,Razer,USB Hub,1029000,52,San pham chat luong cao
P-02268,Logitech Loa Ultra,Logitech,Loa,115000,115,San pham chat luong cao
P-02269,Xiaomi Ong Nhom Ultra,Xiaomi,Ong Nhom,534000,425,San pham chat luong cao
P-02270,Asus Loa Ultra,Asus,Loa,2905000,439,San pham chat luong cao
P-02271,Apple Giay Sport,Apple,Giay,890000,48,San pham chat luong cao
P-02272,Logitech Laptop Ultra,Logitech,Laptop,219000,196,San pham chat luong cao
P-02273,JBL Ban Phim XL,JBL,Ban Phim,2715000,252,San pham chat luong cao
P-02274,Asus May Anh Lite,Asus,May Anh,1967000,56,San pham chat luong cao
P-02275,Samsung Monitor Sport,Samsung,Monitor,1652000,173,San pham chat luong cao
P-02276,Apple Dong Ho Plus,Apple,Dong Ho,3927000,259,San pham chat luong cao
P-02277,Logitech Laptop Premium,Logitech,Laptop,4045000,139,San pham chat luong cao
P-02278,JBL Webcam Ultra,JBL,Webcam,3441000,332,San pham chat luong cao
P-02279,HP Laptop Plus,HP,Laptop,3132000,173,San pham chat luong cao
P-02280,Razer Sac Du Phong XL,Razer,Sac Du Phong,464000,235,San pham chat luong cao
P-02281,Sony Ban Phim Mini,Sony,Ban Phim,2431000,318,San pham chat luong cao
P-02282,Logitech Monitor Classic,Logitech,Monitor,1240000,498,San pham chat luong cao
P-02283,Asus Tablet Plus,Asus,Tablet,1783000,451,San pham chat luong cao
P-02284,HP May Anh Pro Max,HP,May Anh,2567000,161,San pham chat luong cao
P-02285,Sony Giay Plus,Sony,Giay,1908000,42,San pham chat luong cao
P-02286,Logitech USB Hub Lite,Logitech,USB Hub,218000,367,San pham chat luong cao
P-02287,HP Laptop Premium,HP,Laptop,3912000,127,San pham chat luong cao
P-02288,JBL Op Lung Plus,JBL,Op Lung,2521000,24,San pham chat luong cao
P-02289,Razer Tablet V2,Razer,Tablet,3262000,370,San pham chat luong cao
P-02290,Xiaomi Loa Sport,Xiaomi,Loa,2630000,377,San pham chat luong cao
P-02291,Anker Cap Sac V2,Anker,Cap Sac,4218000,81,San pham chat luong cao
P-02292,JBL Kinh Mat Ultra,JBL,Kinh Mat,1946000,171,San pham chat luong cao
P-02293,JBL Ao Thun Plus,JBL,Ao Thun,1799000,269,San pham chat luong cao
P-02294,Samsung Loa Mini,Samsung,Loa,4908000,398,San pham chat luong cao
P-02295,Sony Giay Ultra,Sony,Giay,1559000,141,San pham chat luong cao
P-02296,JBL Op Lung Pro Max,JBL,Op Lung,2160000,94,San pham chat luong cao
P-02297,Asus May Anh Lite,Asus,May Anh,4362000,379,San pham chat luong cao
P-02298,Xiaomi Ban Phim Lite,Xiaomi,Ban Phim,2993000,224,San pham chat luong cao
P-02299,HP Chuot Gaming Ultra,HP,Chuot Gaming,3717000,119,San pham chat luong cao
P-02300,Anker Webcam XL,Anker,Webcam,2869000,466,San pham chat luong cao
P-02301,Apple Ao Thun V2,Apple,Ao Thun,3195000,379,San pham chat luong cao
P-02302,Anker Loa Mini,Anker,Loa,2876000,325,San pham chat luong cao
P-02303,Samsung Monitor Sport,Samsung,Monitor,4735000,377,San pham chat luong cao
P-02304,Sony May Anh XL,Sony,May Anh,722000,214,San pham chat luong cao
P-02305,Sony Ong Nhom Lite,Sony,Ong Nhom,1706000,400,San pham chat luong cao
P-02306,Sony Webcam Pro Max,Sony,Webcam,2277000,92,San pham chat luong cao
P-02307,Logitech Tablet Lite,Logitech,Tablet,1409000,88,San pham chat luong cao
P-02308,Logitech USB Hub Lite,Logitech,USB Hub,1733000,329,San pham chat luong cao
P-02309,HP Tablet Classic,HP,Tablet,673000,383,San pham chat luong cao
P-02310,Asus Op Lung Lite,Asus,Op Lung,407000,257,San pham chat luong cao
P-02311,HP Dong Ho Sport,HP,Dong Ho,1806000,193,San pham chat luong cao
P-02312,Apple Cap Sac Lite,Apple,Cap Sac,889000,190,San pham chat luong cao
P-02313,Sony May Anh Mini,Sony,May Anh,1977000,362,San pham chat luong cao
P-02314,Anker Chuot Gaming V2,Anker,Chuot Gaming,4805000,441,San pham chat luong cao
P-02315,Sony Loa V2,Sony,Loa,2123000,188,San pham chat luong cao
P-02316,Razer Loa Pro Max,Razer,Loa,3480000,368,San pham chat luong cao
P-02317,Apple Sac Du Phong XL,Apple,Sac Du Phong,1041000,45,San pham chat luong cao
P-02318,Razer Op Lung Mini,Razer,Op Lung,2901000,300,San pham chat luong cao
P-02319,Samsung USB Hub Premium,Samsung,USB Hub,1236000,468,San pham chat luong cao
P-02320,Asus Dong Ho Pro Max,Asus,Dong Ho,4775000,94,San pham chat luong cao
P-02321,Anker May Anh V2,Anker,May Anh,1233000,30,San pham chat luong cao
P-02322,JBL Ban Phim Ultra,JBL,Ban Phim,1034000,279,San pham chat luong cao
P-02323,Asus Ao Thun Lite,Asus,Ao Thun,2123000,497,San pham chat luong cao
P-02324,Logitech Webcam Plus,Logitech,Webcam,1973000,415,San pham chat luong cao
P-02325,Razer Ban Phim XL,Razer,Ban Phim,3305000,62,San pham chat luong cao
P-02326,Razer Cap Sac Classic,Razer,Cap Sac,1211000,66,San pham chat luong cao
P-02327,HP Loa Ultra,HP,Loa,1543000,101,San pham chat luong cao
P-02328,Apple Webcam Pro Max,Apple,Webcam,2890000,350,San pham chat luong cao
P-02329,HP Monitor V2,HP,Monitor,357000,267,San pham chat luong cao
P-02330,Asus USB Hub Ultra,Asus,USB Hub,4545000,443,San pham chat luong cao
P-02331,Anker Laptop Plus,Anker,Laptop,4076000,161,San pham chat luong cao
P-02332,Asus Tablet XL,Asus,Tablet,1629000,480,San pham chat luong cao
P-02333,Samsung Chuot Gaming Sport,Samsung,Chuot Gaming,2187000,423,San pham chat luong cao
P-02334,Xiaomi Ong Nhom Plus,Xiaomi,Ong Nhom,254000,300,San pham chat luong cao
P-02335,Apple Loa Mini,Apple,Loa,3521000,446,San pham chat luong cao
P-02336,Sony Ao Thun Plus,Sony,Ao Thun,2189000,74,San pham chat luong cao
P-02337,JBL Cap Sac Pro Max,JBL,Cap Sac,395000,207,San pham chat luong cao
P-02338,Xiaomi Sac Du Phong V2,Xiaomi,Sac Du Phong,2841000,100,San pham chat luong cao
P-02339,Apple Kinh Mat Sport,Apple,Kinh Mat,90000,495,San pham chat luong cao
P-02340,Asus Tai Nghe Pro Max,Asus,Tai Nghe,1562000,280,San pham chat luong cao
P-02341,Samsung Cap Sac Mini,Samsung,Cap Sac,2866000,192,San pham chat luong cao
P-02342,Sony Op Lung V2,Sony,Op Lung,3690000,492,San pham chat luong cao
P-02343,Asus Laptop XL,Asus,Laptop,3173000,407,San pham chat luong cao
P-02344,JBL USB Hub Classic,JBL,USB Hub,240000,295,San pham chat luong cao
P-02345,Sony May Anh Sport,Sony,May Anh,4642000,133,San pham chat luong cao
P-02346,HP Op Lung Classic,HP,Op Lung,1090000,141,San pham chat luong cao
P-02347,JBL Cap Sac Lite,JBL,Cap Sac,4725000,404,San pham chat luong cao
P-02348,Asus USB Hub Ultra,Asus,USB Hub,3385000,186,San pham chat luong cao
P-02349,JBL Webcam Classic,JBL,Webcam,3224000,361,San pham chat luong cao
P-02350,JBL Dong Ho Plus,JBL,Dong Ho,838000,179,San pham chat luong cao
P-02351,Sony USB Hub Lite,Sony,USB Hub,987000,352,San pham chat luong cao
P-02352,Razer Laptop Pro Max,Razer,Laptop,4861000,291,San pham chat luong cao
P-02353,Xiaomi Chuot Gaming Premium,Xiaomi,Chuot Gaming,2621000,28,San pham chat luong cao
P-02354,Logitech Ong Nhom Premium,Logitech,Ong Nhom,3429000,231,San pham chat luong cao
P-02355,Razer Cap Sac Sport,Razer,Cap Sac,3225000,35,San pham chat luong cao
P-02356,Logitech Sac Du Phong Mini,Logitech,Sac Du Phong,110000,385,San pham chat luong cao
P-02357,Logitech Ban Phim Premium,Logitech,Ban Phim,1265000,345,San pham chat luong cao
P-02358,JBL Balo Sport,JBL,Balo,2309000,229,San pham chat luong cao
P-02359,Samsung Dong Ho Premium,Samsung,Dong Ho,1231000,418,San pham chat luong cao
P-02360,Sony Dong Ho V2,Sony,Dong Ho,378000,20,San pham chat luong cao
P-02361,Asus Dong Ho Premium,Asus,Dong Ho,4848000,130,San pham chat luong cao
P-02362,HP Tablet Classic,HP,Tablet,676000,359,San pham chat luong cao
P-02363,Razer USB Hub Premium,Razer,USB Hub,4235000,343,San pham chat luong cao
P-02364,Asus Loa Premium,Asus,Loa,4593000,15,San pham chat luong cao
P-02365,Apple Sac Du Phong Pro Max,Apple,Sac Du Phong,1458000,329,San pham chat luong cao
P-02366,Razer Balo Mini,Razer,Balo,3393000,336,San pham chat luong cao
P-02367,Asus Tai Nghe Classic,Asus,Tai Nghe,3283000,217,San pham chat luong cao
P-02368,Razer Quat Mini Plus,Razer,Quat Mini,1875000,412,San pham chat luong cao
P-02369,Asus Monitor Ultra,Asus,Monitor,1717000,53,San pham chat luong cao
P-02370,HP Ban Phim Mini,HP,Ban Phim,485000,139,San pham chat luong cao
P-02371,Anker Sac Du Phong Premium,Anker,Sac Du Phong,1695000,266,San pham chat luong cao
P-02372,HP Loa Sport,HP,Loa,1560000,376,San pham chat luong cao
P-02373,Samsung Ong Nhom Mini,Samsung,Ong Nhom,1282000,404,San pham chat luong cao
P-02374,Razer Ao Thun Lite,Razer,Ao Thun,3073000,53,San pham chat luong cao
P-02375,Anker Op Lung Pro Max,Anker,Op Lung,141000,351,San pham chat luong cao
P-02376,Asus Chuot Gaming Premium,Asus,Chuot Gaming,3833000,33,San pham chat luong cao
P-02377,Apple Giay Plus,Apple,Giay,1197000,172,San pham chat luong cao
P-02378,HP Chuot Gaming XL,HP,Chuot Gaming,4406000,316,San pham chat luong cao
P-02379,Asus Loa Sport,Asus,Loa,383000,89,San pham chat luong cao
P-02380,Xiaomi Quat Mini Sport,Xiaomi,Quat Mini,2735000,72,San pham chat luong cao
P-02381,Xiaomi Giay Pro Max,Xiaomi,Giay,1928000,192,San pham chat luong cao
P-02382,Samsung Ong Nhom Premium,Samsung,Ong Nhom,2449000,58,San pham chat luong cao
P-02383,Logitech Dong Ho Plus,Logitech,Dong Ho,4392000,334,San pham chat luong cao
P-02384,Xiaomi May Anh Premium,Xiaomi,May Anh,4358000,256,San pham chat luong cao
P-02385,Asus Loa V2,Asus,Loa,3786000,457,San pham chat luong cao
P-02386,Samsung Ong Nhom Ultra,Samsung,Ong Nhom,1243000,382,San pham chat luong cao
P-02387,Logitech Dong Ho Pro Max,Logitech,Dong Ho,1280000,180,San pham chat luong cao
P-02388,HP May Anh Sport,HP,May Anh,4916000,49,San pham chat luong cao
P-02389,Razer May Anh Sport,Razer,May Anh,1872000,326,San pham chat luong cao
P-02390,JBL Cap Sac Pro Max,JBL,Cap Sac,3340000,337,San pham chat luong cao
P-02391,Apple USB Hub Pro Max,Apple,USB Hub,1020000,225,San pham chat luong cao
P-02392,HP Kinh Mat XL,HP,Kinh Mat,3996000,65,San pham chat luong cao
P-02393,JBL Loa Sport,JBL,Loa,1605000,446,San pham chat luong cao
P-02394,HP Tai Nghe Pro Max,HP,Tai Nghe,1193000,261,San pham chat luong cao
P-02395,Razer Tai Nghe Classic,Razer,Tai Nghe,1817000,14,San pham chat luong cao
P-02396,Logitech Quat Mini Mini,Logitech,Quat Mini,4282000,385,San pham chat luong cao
P-02397,Sony May Anh Plus,Sony,May Anh,2063000,22,San pham chat luong cao
P-02398,Razer Balo Premium,Razer,Balo,3853000,286,San pham chat luong cao
P-02399,Sony Kinh Mat V2,Sony,Kinh Mat,1005000,31,San pham chat luong cao
P-02400,Sony Giay Sport,Sony,Giay,3686000,255,San pham chat luong cao
P-02401,Sony Op Lung Lite,Sony,Op Lung,3496000,383,San pham chat luong cao
P-02402,Razer Balo Premium,Razer,Balo,3079000,340,San pham chat luong cao
P-02403,HP Tai Nghe Plus,HP,Tai Nghe,1220000,173,San pham chat luong cao
P-02404,Apple Quat Mini Premium,Apple,Quat Mini,4264000,467,San pham chat luong cao
P-02405,Anker Tai Nghe Premium,Anker,Tai Nghe,2314000,52,San pham chat luong cao
P-02406,JBL Kinh Mat Classic,JBL,Kinh Mat,3759000,349,San pham chat luong cao
P-02407,Samsung Balo Plus,Samsung,Balo,1176000,68,San pham chat luong cao
P-02408,JBL Loa Premium,JBL,Loa,1805000,442,San pham chat luong cao
P-02409,Asus May Anh Mini,Asus,May Anh,4249000,425,San pham chat luong cao
P-02410,HP Balo Lite,HP,Balo,704000,274,San pham chat luong cao
P-02411,HP Balo Lite,HP,Balo,1487000,364,San pham chat luong cao
P-02412,JBL Chuot Gaming Premium,JBL,Chuot Gaming,1261000,469,San pham chat luong cao
P-02413,Asus Webcam Pro Max,Asus,Webcam,1703000,479,San pham chat luong cao
P-02414,Samsung Tablet Classic,Samsung,Tablet,4448000,288,San pham chat luong cao
P-02415,Asus Laptop Plus,Asus,Laptop,143000,408,San pham chat luong cao
P-02416,Samsung Balo Mini,Samsung,Balo,4977000,11,San pham chat luong cao
P-02417,Samsung Tablet Sport,Samsung,Tablet,246000,278,San pham chat luong cao
P-02418,JBL Ban Phim Pro Max,JBL,Ban Phim,3462000,399,San pham chat luong cao
P-02419,Samsung Giay Ultra,Samsung,Giay,2728000,410,San pham chat luong cao
P-02420,JBL May Anh V2,JBL,May Anh,3148000,130,San pham chat luong cao
P-02421,JBL Laptop V2,JBL,Laptop,2433000,193,San pham chat luong cao
P-02422,HP Chuot Gaming XL,HP,Chuot Gaming,4308000,109,San pham chat luong cao
P-02423,Xiaomi Ban Phim Mini,Xiaomi,Ban Phim,2580000,284,San pham chat luong cao
P-02424,Anker Chuot Gaming V2,Anker,Chuot Gaming,4490000,329,San pham chat luong cao
P-02425,Samsung Dong Ho Premium,Samsung,Dong Ho,765000,170,San pham chat luong cao
P-02426,Xiaomi Tablet Ultra,Xiaomi,Tablet,2974000,188,San pham chat luong cao
P-02427,JBL Balo Lite,JBL,Balo,53000,196,San pham chat luong cao
P-02428,Apple Laptop Classic,Apple,Laptop,3032000,385,San pham chat luong cao
P-02429,Anker Tablet Mini,Anker,Tablet,2593000,483,San pham chat luong cao
P-02430,Sony Balo Ultra,Sony,Balo,1578000,162,San pham chat luong cao
P-02431,JBL Quat Mini XL,JBL,Quat Mini,1192000,22,San pham chat luong cao
P-02432,Razer Tai Nghe Sport,Razer,Tai Nghe,4052000,342,San pham chat luong cao
P-02433,Sony May Anh Lite,Sony,May Anh,457000,189,San pham chat luong cao
P-02434,Asus Ao Thun Ultra,Asus,Ao Thun,4409000,111,San pham chat luong cao
P-02435,JBL USB Hub Sport,JBL,USB Hub,3248000,97,San pham chat luong cao
P-02436,Asus Ong Nhom Premium,Asus,Ong Nhom,3520000,157,San pham chat luong cao
P-02437,Apple Webcam Sport,Apple,Webcam,1398000,325,San pham chat luong cao
P-02438,Razer Tablet Plus,Razer,Tablet,1693000,37,San pham chat luong cao
P-02439,Apple Cap Sac Lite,Apple,Cap Sac,1630000,46,San pham chat luong cao
P-02440,HP Kinh Mat Premium,HP,Kinh Mat,775000,196,San pham chat luong cao
P-02441,HP Sac Du Phong Premium,HP,Sac Du Phong,1980000,189,San pham chat luong cao
P-02442,HP Tablet Classic,HP,Tablet,81000,242,San pham chat luong cao
P-02443,Xiaomi Chuot Gaming Premium,Xiaomi,Chuot Gaming,1879000,434,San pham chat luong cao
P-02444,Sony Monitor Pro Max,Sony,Monitor,351000,367,San pham chat luong cao
P-02445,Razer May Anh XL,Razer,May Anh,1273000,226,San pham chat luong cao
P-02446,JBL Ao Thun Pro Max,JBL,Ao Thun,2354000,374,San pham chat luong cao
P-02447,Asus Chuot Gaming Ultra,Asus,Chuot Gaming,2963000,127,San pham chat luong cao
P-02448,Xiaomi May Anh Sport,Xiaomi,May Anh,865000,408,San pham chat luong cao
P-02449,Logitech Webcam Mini,Logitech,Webcam,539000,452,San pham chat luong cao
P-02450,HP Dong Ho Mini,HP,Dong Ho,4420000,208,San pham chat luong cao
P-02451,Logitech Kinh Mat Mini,Logitech,Kinh Mat,2565000,54,San pham chat luong cao
P-02452,Apple Op Lung V2,Apple,Op Lung,5000000,227,San pham chat luong cao
P-02453,Anker Tai Nghe XL,Anker,Tai Nghe,1711000,354,San pham chat luong cao
P-02454,Anker Laptop Sport,Anker,Laptop,4979000,179,San pham chat luong cao
P-02455,Logitech USB Hub Lite,Logitech,USB Hub,1750000,246,San pham chat luong cao
P-02456,Sony Balo V2,Sony,Balo,2651000,17,San pham chat luong cao
P-02457,Samsung Kinh Mat V2,Samsung,Kinh Mat,1760000,364,San pham chat luong cao
P-02458,JBL Balo Pro Max,JBL,Balo,1860000,422,San pham chat luong cao
P-02459,JBL Op Lung Premium,JBL,Op Lung,251000,387,San pham chat luong cao
P-02460,Xiaomi Dong Ho Sport,Xiaomi,Dong Ho,2798000,156,San pham chat luong cao
P-02461,Anker Sac Du Phong Plus,Anker,Sac Du Phong,1990000,403,San pham chat luong cao
P-02462,Samsung May Anh V2,Samsung,May Anh,1447000,217,San pham chat luong cao
P-02463,Asus Giay Sport,Asus,Giay,1699000,83,San pham chat luong cao
P-02464,Apple USB Hub Premium,Apple,USB Hub,1756000,50,San pham chat luong cao
P-02465,JBL Kinh Mat Ultra,JBL,Kinh Mat,4747000,187,San pham chat luong cao
P-02466,Asus Ban Phim Sport,Asus,Ban Phim,3438000,116,San pham chat luong cao
P-02467,Anker Op Lung Premium,Anker,Op Lung,221000,384,San pham chat luong cao
P-02468,Xiaomi Chuot Gaming Sport,Xiaomi,Chuot Gaming,2395000,421,San pham chat luong cao
P-02469,Apple Balo Pro Max,Apple,Balo,1743000,267,San pham chat luong cao
P-02470,Anker Op Lung Classic,Anker,Op Lung,496000,412,San pham chat luong cao
P-02471,Anker Chuot Gaming Classic,Anker,Chuot Gaming,4392000,328,San pham chat luong cao
P-02472,Samsung Laptop Pro Max,Samsung,Laptop,4159000,106,San pham chat luong cao
P-02473,JBL Op Lung Ultra,JBL,Op Lung,3492000,456,San pham chat luong cao
P-02474,Asus Dong Ho Lite,Asus,Dong Ho,2226000,476,San pham chat luong cao
P-02475,JBL Webcam Classic,JBL,Webcam,3200000,378,San pham chat luong cao
P-02476,Logitech Monitor Plus,Logitech,Monitor,1979000,45,San pham chat luong cao
P-02477,Razer Ban Phim Mini,Razer,Ban Phim,2853000,344,San pham chat luong cao
P-02478,JBL Giay XL,JBL,Giay,2816000,54,San pham chat luong cao
P-02479,Samsung Cap Sac Sport,Samsung,Cap Sac,3753000,235,San pham chat luong cao
P-02480,Razer Laptop Sport,Razer,Laptop,3253000,72,San pham chat luong cao
P-02481,Asus Monitor Plus,Asus,Monitor,3199000,206,San pham chat luong cao
P-02482,Apple Sac Du Phong Lite,Apple,Sac Du Phong,1403000,149,San pham chat luong cao
P-02483,HP Giay Premium,HP,Giay,2594000,327,San pham chat luong cao
P-02484,Xiaomi Dong Ho XL,Xiaomi,Dong Ho,3773000,492,San pham chat luong cao
P-02485,JBL Chuot Gaming Ultra,JBL,Chuot Gaming,4615000,271,San pham chat luong cao
P-02486,JBL Sac Du Phong Ultra,JBL,Sac Du Phong,453000,378,San pham chat luong cao
P-02487,Asus Ao Thun Premium,Asus,Ao Thun,680000,355,San pham chat luong cao
P-02488,Apple Ong Nhom Mini,Apple,Ong Nhom,2616000,155,San pham chat luong cao
P-02489,Asus Ban Phim Ultra,Asus,Ban Phim,4100000,147,San pham chat luong cao
P-02490,Logitech Balo Classic,Logitech,Balo,465000,446,San pham chat luong cao
P-02491,Asus Dong Ho Sport,Asus,Dong Ho,1235000,83,San pham chat luong cao
P-02492,Razer Sac Du Phong XL,Razer,Sac Du Phong,2723000,354,San pham chat luong cao
P-02493,JBL Dong Ho Premium,JBL,Dong Ho,1932000,477,San pham chat luong cao
P-02494,Asus Tablet Sport,Asus,Tablet,4716000,265,San pham chat luong cao
P-02495,Apple Kinh Mat Plus,Apple,Kinh Mat,1807000,239,San pham chat luong cao
P-02496,Logitech Op Lung Classic,Logitech,Op Lung,2219000,435,San pham chat luong cao
P-02497,Asus Loa Pro Max,Asus,Loa,3928000,263,San pham chat luong cao
P-02498,Apple Balo Sport,Apple,Balo,2271000,339,San pham chat luong cao
P-02499,Razer Chuot Gaming Lite,Razer,Chuot Gaming,3044000,40,San pham chat luong cao
P-02500,Apple Op Lung Pro Max,Apple,Op Lung,4021000,249,San pham chat luong cao
P-02501,Anker Tai Nghe Mini,Anker,Tai Nghe,1219000,438,San pham chat luong cao
P-02502,Logitech Ban Phim Ultra,Logitech,Ban Phim,3170000,442,San pham chat luong cao
P-02503,Logitech Ban Phim Premium,Logitech,Ban Phim,3185000,379,San pham chat luong cao
P-02504,Anker Sac Du Phong Classic,Anker,Sac Du Phong,652000,156,San pham chat luong cao
P-02505,Sony USB Hub Sport,Sony,USB Hub,3286000,196,San pham chat luong cao
P-02506,Asus Op Lung Ultra,Asus,Op Lung,3333000,132,San pham chat luong cao
P-02507,HP Tablet Mini,HP,Tablet,640000,83,San pham chat luong cao
P-02508,Samsung Ao Thun Premium,Samsung,Ao Thun,4268000,19,San pham chat luong cao
P-02509,Logitech Ban Phim Ultra,Logitech,Ban Phim,193000,189,San pham chat luong cao
P-02510,JBL Giay Lite,JBL,Giay,1927000,458,San pham chat luong cao
P-02511,Sony Laptop Pro Max,Sony,Laptop,982000,171,San pham chat luong cao
P-02512,Logitech Balo Mini,Logitech,Balo,4742000,428,San pham chat luong cao
P-02513,JBL Op Lung Pro Max,JBL,Op Lung,2448000,217,San pham chat luong cao
P-02514,JBL Ban Phim Ultra,JBL,Ban Phim,980000,318,San pham chat luong cao
P-02515,Samsung Op Lung XL,Samsung,Op Lung,3296000,239,San pham chat luong cao
P-02516,HP Webcam Classic,HP,Webcam,1445000,220,San pham chat luong cao
P-02517,Logitech USB Hub Mini,Logitech,USB Hub,2994000,444,San pham chat luong cao
P-02518,Xiaomi Dong Ho V2,Xiaomi,Dong Ho,477000,297,San pham chat luong cao
P-02519,Apple May Anh Plus,Apple,May Anh,3645000,329,San pham chat luong cao
P-02520,Samsung Loa Premium,Samsung,Loa,4738000,373,San pham chat luong cao
P-02521,Razer Dong Ho Ultra,Razer,Dong Ho,2774000,289,San pham chat luong cao
P-02522,Xiaomi Ong Nhom Classic,Xiaomi,Ong Nhom,1687000,397,San pham chat luong cao
P-02523,Sony Quat Mini Mini,Sony,Quat Mini,2370000,220,San pham chat luong cao
P-02524,Anker Quat Mini Mini,Anker,Quat Mini,483000,469,San pham chat luong cao
P-02525,Anker Kinh Mat V2,Anker,Kinh Mat,1059000,479,San pham chat luong cao
P-02526,Logitech Laptop Classic,Logitech,Laptop,1626000,183,San pham chat luong cao
P-02527,Anker Giay Sport,Anker,Giay,2543000,453,San pham chat luong cao
P-02528,Apple Webcam V2,Apple,Webcam,1142000,231,San pham chat luong cao
P-02529,Xiaomi Op Lung Mini,Xiaomi,Op Lung,4046000,291,San pham chat luong cao
P-02530,Apple Dong Ho Lite,Apple,Dong Ho,1590000,283,San pham chat luong cao
P-02531,JBL Ban Phim V2,JBL,Ban Phim,3346000,243,San pham chat luong cao
P-02532,JBL Dong Ho Plus,JBL,Dong Ho,681000,129,San pham chat luong cao
P-02533,Asus Monitor Mini,Asus,Monitor,103000,479,San pham chat luong cao
P-02534,Apple Quat Mini Lite,Apple,Quat Mini,3821000,138,San pham chat luong cao
P-02535,Asus Balo Plus,Asus,Balo,2607000,141,San pham chat luong cao
P-02536,Apple Ong Nhom Lite,Apple,Ong Nhom,2398000,491,San pham chat luong cao
P-02537,Razer Balo Pro Max,Razer,Balo,756000,405,San pham chat luong cao
P-02538,Sony Monitor Mini,Sony,Monitor,3120000,303,San pham chat luong cao
P-02539,Samsung Cap Sac Ultra,Samsung,Cap Sac,602000,300,San pham chat luong cao
P-02540,Anker Dong Ho XL,Anker,Dong Ho,3117000,103,San pham chat luong cao
P-02541,HP Cap Sac Premium,HP,Cap Sac,3506000,193,San pham chat luong cao
P-02542,Razer May Anh V2,Razer,May Anh,373000,337,San pham chat luong cao
P-02543,Anker Webcam Plus,Anker,Webcam,2532000,435,San pham chat luong cao
P-02544,JBL Webcam Mini,JBL,Webcam,4467000,147,San pham chat luong cao
P-02545,Xiaomi Quat Mini Mini,Xiaomi,Quat Mini,2703000,212,San pham chat luong cao
P-02546,Anker Ban Phim Lite,Anker,Ban Phim,484000,404,San pham chat luong cao
P-02547,Razer Ao Thun XL,Razer,Ao Thun,2291000,271,San pham chat luong cao
P-02548,Sony May Anh Plus,Sony,May Anh,4745000,349,San pham chat luong cao
P-02549,JBL Dong Ho Sport,JBL,Dong Ho,3791000,227,San pham chat luong cao
P-02550,Logitech Laptop Ultra,Logitech,Laptop,140000,158,San pham chat luong cao
P-02551,Samsung Ban Phim V2,Samsung,Ban Phim,272000,300,San pham chat luong cao
P-02552,Razer Monitor V2,Razer,Monitor,4010000,177,San pham chat luong cao
P-02553,Samsung Ban Phim Plus,Samsung,Ban Phim,3285000,198,San pham chat luong cao
P-02554,Xiaomi Cap Sac Plus,Xiaomi,Cap Sac,3963000,499,San pham chat luong cao
P-02555,Logitech Webcam Pro Max,Logitech,Webcam,3593000,156,San pham chat luong cao
P-02556,Logitech Giay Classic,Logitech,Giay,1785000,171,San pham chat luong cao
P-02557,Samsung Tablet Sport,Samsung,Tablet,2398000,230,San pham chat luong cao
P-02558,Apple Quat Mini Classic,Apple,Quat Mini,3646000,200,San pham chat luong cao
P-02559,Logitech Sac Du Phong Ultra,Logitech,Sac Du Phong,1809000,20,San pham chat luong cao
P-02560,JBL Tablet Lite,JBL,Tablet,2247000,58,San pham chat luong cao
P-02561,Samsung Loa Classic,Samsung,Loa,891000,39,San pham chat luong cao
P-02562,Anker Sac Du Phong Premium,Anker,Sac Du Phong,4381000,52,San pham chat luong cao
P-02563,Asus Webcam Premium,Asus,Webcam,1287000,106,San pham chat luong cao
P-02564,Logitech Ong Nhom XL,Logitech,Ong Nhom,401000,281,San pham chat luong cao
P-02565,Samsung USB Hub Sport,Samsung,USB Hub,4222000,462,San pham chat luong cao
P-02566,HP Dong Ho Premium,HP,Dong Ho,4791000,413,San pham chat luong cao
P-02567,Razer Sac Du Phong Lite,Razer,Sac Du Phong,2213000,115,San pham chat luong cao
P-02568,Razer Quat Mini Sport,Razer,Quat Mini,1739000,304,San pham chat luong cao
P-02569,JBL Tai Nghe Plus,JBL,Tai Nghe,4712000,387,San pham chat luong cao
P-02570,JBL Chuot Gaming Sport,JBL,Chuot Gaming,3848000,235,San pham chat luong cao
P-02571,Razer Loa V2,Razer,Loa,3520000,374,San pham chat luong cao
P-02572,Xiaomi Monitor V2,Xiaomi,Monitor,603000,139,San pham chat luong cao
P-02573,Asus Op Lung Mini,Asus,Op Lung,1509000,500,San pham chat luong cao
P-02574,Anker May Anh Mini,Anker,May Anh,1089000,266,San pham chat luong cao
P-02575,Samsung Quat Mini Lite,Samsung,Quat Mini,2327000,189,San pham chat luong cao
P-02576,Razer Ban Phim Premium,Razer,Ban Phim,3422000,177,San pham chat luong cao
P-02577,JBL Sac Du Phong XL,JBL,Sac Du Phong,3084000,123,San pham chat luong cao
P-02578,Anker Giay Mini,Anker,Giay,4507000,134,San pham chat luong cao
P-02579,Logitech Balo Classic,Logitech,Balo,2199000,100,San pham chat luong cao
P-02580,Samsung Sac Du Phong Classic,Samsung,Sac Du Phong,759000,316,San pham chat luong cao
P-02581,HP Op Lung V2,HP,Op Lung,919000,102,San pham chat luong cao
P-02582,Asus Tai Nghe Lite,Asus,Tai Nghe,961000,372,San pham chat luong cao
P-02583,HP Balo Plus,HP,Balo,3302000,293,San pham chat luong cao
P-02584,Razer May Anh XL,Razer,May Anh,4152000,260,San pham chat luong cao
P-02585,HP Webcam XL,HP,Webcam,2390000,282,San pham chat luong cao
P-02586,Razer Op Lung XL,Razer,Op Lung,2204000,284,San pham chat luong cao
P-02587,Apple Webcam Mini,Apple,Webcam,847000,312,San pham chat luong cao
P-02588,Anker Cap Sac Sport,Anker,Cap Sac,2492000,378,San pham chat luong cao
P-02589,HP Webcam Sport,HP,Webcam,858000,143,San pham chat luong cao
P-02590,JBL Kinh Mat XL,JBL,Kinh Mat,2490000,465,San pham chat luong cao
P-02591,Sony Dong Ho Pro Max,Sony,Dong Ho,3592000,256,San pham chat luong cao
P-02592,Anker Ong Nhom V2,Anker,Ong Nhom,409000,162,San pham chat luong cao
P-02593,Samsung USB Hub V2,Samsung,USB Hub,1642000,309,San pham chat luong cao
P-02594,Asus Dong Ho V2,Asus,Dong Ho,529000,154,San pham chat luong cao
P-02595,Sony Laptop Sport,Sony,Laptop,4630000,326,San pham chat luong cao
P-02596,Logitech Monitor Mini,Logitech,Monitor,611000,11,San pham chat luong cao
P-02597,Asus Chuot Gaming Mini,Asus,Chuot Gaming,2502000,68,San pham chat luong cao
P-02598,Xiaomi Quat Mini Mini,Xiaomi,Quat Mini,4461000,33,San pham chat luong cao
P-02599,Sony Balo Ultra,Sony,Balo,1269000,29,San pham chat luong cao
P-02600,Logitech Giay Mini,Logitech,Giay,1357000,284,San pham chat luong cao
P-02601,Apple Webcam Pro Max,Apple,Webcam,2248000,487,San pham chat luong cao
P-02602,Sony Ong Nhom V2,Sony,Ong Nhom,3312000,338,San pham chat luong cao
P-02603,Sony Webcam Lite,Sony,Webcam,4918000,193,San pham chat luong cao
P-02604,Anker Ao Thun Classic,Anker,Ao Thun,4321000,432,San pham chat luong cao
P-02605,HP Laptop V2,HP,Laptop,955000,413,San pham chat luong cao
P-02606,Asus Tablet Plus,Asus,Tablet,1880000,63,San pham chat luong cao
P-02607,Sony Quat Mini Ultra,Sony,Quat Mini,2212000,301,San pham chat luong cao
P-02608,Xiaomi Cap Sac Sport,Xiaomi,Cap Sac,70000,252,San pham chat luong cao
P-02609,Anker Ban Phim Premium,Anker,Ban Phim,2818000,269,San pham chat luong cao
P-02610,Apple Sac Du Phong Mini,Apple,Sac Du Phong,118000,201,San pham chat luong cao
P-02611,Apple Ao Thun V2,Apple,Ao Thun,3157000,106,San pham chat luong cao
P-02612,Xiaomi Balo Plus,Xiaomi,Balo,3538000,164,San pham chat luong cao
P-02613,Apple Tablet Plus,Apple,Tablet,1656000,281,San pham chat luong cao
P-02614,HP Sac Du Phong Classic,HP,Sac Du Phong,2901000,18,San pham chat luong cao
P-02615,Razer Kinh Mat Mini,Razer,Kinh Mat,854000,109,San pham chat luong cao
P-02616,Asus Chuot Gaming Mini,Asus,Chuot Gaming,2021000,364,San pham chat luong cao
P-02617,Sony Ao Thun Sport,Sony,Ao Thun,2220000,175,San pham chat luong cao
P-02618,Asus Ong Nhom Pro Max,Asus,Ong Nhom,2145000,184,San pham chat luong cao
P-02619,Razer Tai Nghe Mini,Razer,Tai Nghe,1810000,118,San pham chat luong cao
P-02620,Anker Quat Mini Pro Max,Anker,Quat Mini,873000,233,San pham chat luong cao
P-02621,JBL Kinh Mat Classic,JBL,Kinh Mat,4800000,464,San pham chat luong cao
P-02622,Sony Chuot Gaming Premium,Sony,Chuot Gaming,2009000,190,San pham chat luong cao
P-02623,Logitech Monitor V2,Logitech,Monitor,758000,139,San pham chat luong cao
P-02624,Anker USB Hub V2,Anker,USB Hub,1114000,248,San pham chat luong cao
P-02625,Logitech Loa Pro Max,Logitech,Loa,2091000,181,San pham chat luong cao
P-02626,Samsung Op Lung Pro Max,Samsung,Op Lung,1368000,109,San pham chat luong cao
P-02627,JBL May Anh Plus,JBL,May Anh,4779000,205,San pham chat luong cao
P-02628,Sony Chuot Gaming Mini,Sony,Chuot Gaming,4344000,115,San pham chat luong cao
P-02629,HP Ong Nhom Plus,HP,Ong Nhom,3468000,114,San pham chat luong cao
P-02630,Anker Sac Du Phong Pro Max,Anker,Sac Du Phong,1836000,460,San pham chat luong cao
P-02631,Samsung Cap Sac Premium,Samsung,Cap Sac,253000,315,San pham chat luong cao
P-02632,JBL Webcam Lite,JBL,Webcam,1064000,145,San pham chat luong cao
P-02633,Asus Op Lung Premium,Asus,Op Lung,1629000,52,San pham chat luong cao
P-02634,HP Tablet V2,HP,Tablet,826000,161,San pham chat luong cao
P-02635,Asus Webcam Lite,Asus,Webcam,2795000,90,San pham chat luong cao
P-02636,HP Dong Ho Sport,HP,Dong Ho,1600000,122,San pham chat luong cao
P-02637,Xiaomi Kinh Mat Plus,Xiaomi,Kinh Mat,1202000,489,San pham chat luong cao
P-02638,Razer Giay XL,Razer,Giay,1632000,284,San pham chat luong cao
P-02639,HP Kinh Mat XL,HP,Kinh Mat,4832000,491,San pham chat luong cao
P-02640,Sony Op Lung Pro Max,Sony,Op Lung,4780000,409,San pham chat luong cao
P-02641,Logitech Op Lung Sport,Logitech,Op Lung,4584000,159,San pham chat luong cao
P-02642,Anker Tablet Ultra,Anker,Tablet,4580000,304,San pham chat luong cao
P-02643,Razer Dong Ho XL,Razer,Dong Ho,4336000,76,San pham chat luong cao
P-02644,Samsung Ban Phim V2,Samsung,Ban Phim,3517000,284,San pham chat luong cao
P-02645,HP Balo Mini,HP,Balo,2797000,139,San pham chat luong cao
P-02646,HP May Anh Lite,HP,May Anh,1748000,458,San pham chat luong cao
P-02647,Samsung Monitor Sport,Samsung,Monitor,2834000,247,San pham chat luong cao
P-02648,JBL Monitor Ultra,JBL,Monitor,2930000,393,San pham chat luong cao
P-02649,Razer Ong Nhom XL,Razer,Ong Nhom,2673000,348,San pham chat luong cao
P-02650,Apple Sac Du Phong Lite,Apple,Sac Du Phong,3393000,286,San pham chat luong cao
P-02651,Apple Dong Ho Pro Max,Apple,Dong Ho,625000,118,San pham chat luong cao
P-02652,Logitech May Anh Classic,Logitech,May Anh,2564000,78,San pham chat luong cao
P-02653,Sony Sac Du Phong XL,Sony,Sac Du Phong,2532000,465,San pham chat luong cao
P-02654,Razer Loa Sport,Razer,Loa,3065000,238,San pham chat luong cao
P-02655,Razer Dong Ho Plus,Razer,Dong Ho,1063000,499,San pham chat luong cao
P-02656,Apple Loa Classic,Apple,Loa,3568000,70,San pham chat luong cao
P-02657,Sony USB Hub Pro Max,Sony,USB Hub,4967000,162,San pham chat luong cao
P-02658,Samsung Kinh Mat XL,Samsung,Kinh Mat,295000,208,San pham chat luong cao
P-02659,Logitech Sac Du Phong Sport,Logitech,Sac Du Phong,2783000,93,San pham chat luong cao
P-02660,Sony Kinh Mat Classic,Sony,Kinh Mat,2075000,319,San pham chat luong cao
P-02661,JBL Loa Premium,JBL,Loa,361000,291,San pham chat luong cao
P-02662,Apple Giay Classic,Apple,Giay,1641000,145,San pham chat luong cao
P-02663,HP Webcam XL,HP,Webcam,3239000,272,San pham chat luong cao
P-02664,Xiaomi Kinh Mat Premium,Xiaomi,Kinh Mat,2881000,45,San pham chat luong cao
P-02665,Asus May Anh XL,Asus,May Anh,271000,368,San pham chat luong cao
P-02666,Samsung Giay V2,Samsung,Giay,977000,442,San pham chat luong cao
P-02667,HP Loa Pro Max,HP,Loa,4317000,250,San pham chat luong cao
P-02668,Samsung Chuot Gaming Classic,Samsung,Chuot Gaming,1323000,174,San pham chat luong cao
P-02669,Asus Dong Ho Ultra,Asus,Dong Ho,4016000,465,San pham chat luong cao
P-02670,Sony Balo Plus,Sony,Balo,1045000,424,San pham chat luong cao
P-02671,JBL USB Hub Ultra,JBL,USB Hub,193000,86,San pham chat luong cao
P-02672,Samsung Giay Mini,Samsung,Giay,2545000,383,San pham chat luong cao
P-02673,Apple Ao Thun V2,Apple,Ao Thun,2524000,186,San pham chat luong cao
P-02674,Anker Tai Nghe Classic,Anker,Tai Nghe,3544000,288,San pham chat luong cao
P-02675,Asus Sac Du Phong V2,Asus,Sac Du Phong,3842000,419,San pham chat luong cao
P-02676,JBL Sac Du Phong XL,JBL,Sac Du Phong,377000,95,San pham chat luong cao
P-02677,Razer Ong Nhom Pro Max,Razer,Ong Nhom,1884000,206,San pham chat luong cao
P-02678,Sony Loa V2,Sony,Loa,2403000,440,San pham chat luong cao
P-02679,Xiaomi Dong Ho V2,Xiaomi,Dong Ho,4989000,395,San pham chat luong cao
P-02680,Razer Quat Mini Premium,Razer,Quat Mini,4499000,323,San pham chat luong cao
P-02681,Asus Cap Sac Pro Max,Asus,Cap Sac,669000,177,San pham chat luong cao
P-02682,Asus Webcam Pro Max,Asus,Webcam,4069000,181,San pham chat luong cao
P-02683,Logitech Quat Mini Plus,Logitech,Quat Mini,2037000,400,San pham chat luong cao
P-02684,Logitech Tablet Premium,Logitech,Tablet,1155000,189,San pham chat luong cao
P-02685,Razer Tai Nghe Sport,Razer,Tai Nghe,3553000,389,San pham chat luong cao
P-02686,Asus Cap Sac Mini,Asus,Cap Sac,2488000,435,San pham chat luong cao
P-02687,Anker Tai Nghe Classic,Anker,Tai Nghe,4948000,36,San pham chat luong cao
P-02688,Asus Tablet Plus,Asus,Tablet,3267000,22,San pham chat luong cao
P-02689,Razer Tablet Premium,Razer,Tablet,4787000,64,San pham chat luong cao
P-02690,Anker Kinh Mat Plus,Anker,Kinh Mat,608000,441,San pham chat luong cao
P-02691,HP Giay Sport,HP,Giay,1988000,390,San pham chat luong cao
P-02692,Logitech Tablet Mini,Logitech,Tablet,4140000,90,San pham chat luong cao
P-02693,Razer Tai Nghe Lite,Razer,Tai Nghe,1194000,76,San pham chat luong cao
P-02694,Sony Cap Sac Pro Max,Sony,Cap Sac,3009000,402,San pham chat luong cao
P-02695,Razer May Anh Classic,Razer,May Anh,1339000,232,San pham chat luong cao
P-02696,Apple Cap Sac Mini,Apple,Cap Sac,1898000,421,San pham chat luong cao
P-02697,Logitech Webcam Pro Max,Logitech,Webcam,1168000,468,San pham chat luong cao
P-02698,JBL Cap Sac Premium,JBL,Cap Sac,580000,392,San pham chat luong cao
P-02699,JBL Monitor Ultra,JBL,Monitor,2938000,258,San pham chat luong cao
P-02700,Xiaomi Tai Nghe Ultra,Xiaomi,Tai Nghe,2225000,39,San pham chat luong cao
P-02701,Logitech Laptop Premium,Logitech,Laptop,2633000,254,San pham chat luong cao
P-02702,HP May Anh Premium,HP,May Anh,4964000,213,San pham chat luong cao
P-02703,HP Kinh Mat Mini,HP,Kinh Mat,939000,282,San pham chat luong cao
P-02704,Xiaomi Kinh Mat Classic,Xiaomi,Kinh Mat,2526000,339,San pham chat luong cao
P-02705,Razer May Anh Ultra,Razer,May Anh,1263000,426,San pham chat luong cao
P-02706,Asus Tai Nghe XL,Asus,Tai Nghe,4996000,58,San pham chat luong cao
P-02707,Xiaomi Ban Phim Ultra,Xiaomi,Ban Phim,996000,367,San pham chat luong cao
P-02708,Samsung Quat Mini XL,Samsung,Quat Mini,3856000,64,San pham chat luong cao
P-02709,Logitech May Anh Sport,Logitech,May Anh,3080000,42,San pham chat luong cao
P-02710,Apple Tablet Sport,Apple,Tablet,4997000,188,San pham chat luong cao
P-02711,Xiaomi Ao Thun V2,Xiaomi,Ao Thun,1609000,247,San pham chat luong cao
P-02712,Razer Tablet XL,Razer,Tablet,2993000,207,San pham chat luong cao
P-02713,Xiaomi Ong Nhom Pro Max,Xiaomi,Ong Nhom,4112000,480,San pham chat luong cao
P-02714,Logitech Ao Thun Ultra,Logitech,Ao Thun,4766000,85,San pham chat luong cao
P-02715,Xiaomi Chuot Gaming Mini,Xiaomi,Chuot Gaming,919000,27,San pham chat luong cao
P-02716,JBL Giay Pro Max,JBL,Giay,592000,171,San pham chat luong cao
P-02717,Logitech Tai Nghe Sport,Logitech,Tai Nghe,1633000,81,San pham chat luong cao
P-02718,Razer Ban Phim Pro Max,Razer,Ban Phim,1504000,399,San pham chat luong cao
P-02719,Sony Sac Du Phong Sport,Sony,Sac Du Phong,4452000,70,San pham chat luong cao
P-02720,Sony Loa Lite,Sony,Loa,2958000,404,San pham chat luong cao
P-02721,JBL Balo Mini,JBL,Balo,2526000,442,San pham chat luong cao
P-02722,JBL Laptop Lite,JBL,Laptop,3396000,34,San pham chat luong cao
P-02723,Razer Quat Mini Plus,Razer,Quat Mini,3000000,308,San pham chat luong cao
P-02724,Sony Sac Du Phong Ultra,Sony,Sac Du Phong,1672000,245,San pham chat luong cao
P-02725,Apple Tablet Lite,Apple,Tablet,4131000,497,San pham chat luong cao
P-02726,Apple Chuot Gaming Pro Max,Apple,Chuot Gaming,4449000,171,San pham chat luong cao
P-02727,Asus Kinh Mat Pro Max,Asus,Kinh Mat,2762000,29,San pham chat luong cao
P-02728,Asus Dong Ho Ultra,Asus,Dong Ho,4147000,156,San pham chat luong cao
P-02729,Samsung Balo Classic,Samsung,Balo,3680000,471,San pham chat luong cao
P-02730,Apple Dong Ho Pro Max,Apple,Dong Ho,3461000,301,San pham chat luong cao
P-02731,Xiaomi Cap Sac Plus,Xiaomi,Cap Sac,4033000,236,San pham chat luong cao
P-02732,Xiaomi Chuot Gaming Classic,Xiaomi,Chuot Gaming,1457000,200,San pham chat luong cao
P-02733,Sony Sac Du Phong Lite,Sony,Sac Du Phong,2850000,263,San pham chat luong cao
P-02734,Razer Tablet Classic,Razer,Tablet,4100000,96,San pham chat luong cao
P-02735,JBL Balo V2,JBL,Balo,611000,65,San pham chat luong cao
P-02736,Apple Dong Ho Premium,Apple,Dong Ho,1935000,153,San pham chat luong cao
P-02737,Anker USB Hub Plus,Anker,USB Hub,2837000,83,San pham chat luong cao
P-02738,HP Dong Ho XL,HP,Dong Ho,4743000,195,San pham chat luong cao
P-02739,HP May Anh XL,HP,May Anh,1227000,83,San pham chat luong cao
P-02740,Anker Quat Mini Classic,Anker,Quat Mini,3911000,479,San pham chat luong cao
P-02741,Apple Monitor Sport,Apple,Monitor,2462000,18,San pham chat luong cao
P-02742,JBL Chuot Gaming Sport,JBL,Chuot Gaming,1291000,92,San pham chat luong cao
P-02743,Apple Ao Thun Premium,Apple,Ao Thun,3513000,91,San pham chat luong cao
P-02744,Asus Tablet Pro Max,Asus,Tablet,2587000,118,San pham chat luong cao
P-02745,JBL Tablet Pro Max,JBL,Tablet,4939000,300,San pham chat luong cao
P-02746,Sony Tablet Mini,Sony,Tablet,4137000,107,San pham chat luong cao
P-02747,Razer Webcam Classic,Razer,Webcam,4772000,466,San pham chat luong cao
P-02748,Razer Dong Ho Mini,Razer,Dong Ho,2718000,386,San pham chat luong cao
P-02749,Razer Ban Phim Pro Max,Razer,Ban Phim,4830000,266,San pham chat luong cao
P-02750,Samsung Tai Nghe Plus,Samsung,Tai Nghe,1736000,211,San pham chat luong cao
P-02751,Logitech Dong Ho Classic,Logitech,Dong Ho,1699000,477,San pham chat luong cao
P-02752,JBL Monitor Lite,JBL,Monitor,1479000,237,San pham chat luong cao
P-02753,Logitech Giay XL,Logitech,Giay,822000,242,San pham chat luong cao
P-02754,Logitech Sac Du Phong Plus,Logitech,Sac Du Phong,1438000,310,San pham chat luong cao
P-02755,Apple Kinh Mat Mini,Apple,Kinh Mat,1367000,104,San pham chat luong cao
P-02756,Samsung May Anh Classic,Samsung,May Anh,4728000,497,San pham chat luong cao
P-02757,Xiaomi Tablet XL,Xiaomi,Tablet,4751000,97,San pham chat luong cao
P-02758,Razer Tai Nghe Lite,Razer,Tai Nghe,3001000,483,San pham chat luong cao
P-02759,Apple USB Hub V2,Apple,USB Hub,2659000,396,San pham chat luong cao
P-02760,Anker Webcam Lite,Anker,Webcam,3149000,351,San pham chat luong cao
P-02761,Anker Quat Mini Premium,Anker,Quat Mini,1659000,446,San pham chat luong cao
P-02762,Xiaomi Quat Mini Classic,Xiaomi,Quat Mini,3055000,210,San pham chat luong cao
P-02763,Sony Ong Nhom Classic,Sony,Ong Nhom,2128000,325,San pham chat luong cao
P-02764,JBL May Anh Lite,JBL,May Anh,2080000,496,San pham chat luong cao
P-02765,Logitech Kinh Mat Premium,Logitech,Kinh Mat,2586000,437,San pham chat luong cao
P-02766,Logitech Balo Plus,Logitech,Balo,1306000,436,San pham chat luong cao
P-02767,Anker Giay Plus,Anker,Giay,174000,292,San pham chat luong cao
P-02768,JBL Ban Phim Mini,JBL,Ban Phim,2301000,270,San pham chat luong cao
P-02769,Apple Chuot Gaming Pro Max,Apple,Chuot Gaming,3410000,171,San pham chat luong cao
P-02770,Apple Giay Lite,Apple,Giay,4492000,208,San pham chat luong cao
P-02771,JBL Giay Plus,JBL,Giay,3103000,200,San pham chat luong cao
P-02772,Sony Dong Ho Lite,Sony,Dong Ho,3589000,460,San pham chat luong cao
P-02773,Anker Chuot Gaming Premium,Anker,Chuot Gaming,2349000,115,San pham chat luong cao
P-02774,Sony Monitor Plus,Sony,Monitor,4863000,474,San pham chat luong cao
P-02775,JBL Tai Nghe Sport,JBL,Tai Nghe,3847000,49,San pham chat luong cao
P-02776,HP Loa Pro Max,HP,Loa,966000,358,San pham chat luong cao
P-02777,Xiaomi Cap Sac Plus,Xiaomi,Cap Sac,2604000,427,San pham chat luong cao
P-02778,Razer USB Hub Plus,Razer,USB Hub,4090000,368,San pham chat luong cao
P-02779,Apple Ong Nhom Lite,Apple,Ong Nhom,3250000,264,San pham chat luong cao
P-02780,Samsung Tai Nghe V2,Samsung,Tai Nghe,1307000,238,San pham chat luong cao
P-02781,Logitech Quat Mini V2,Logitech,Quat Mini,2187000,353,San pham chat luong cao
P-02782,JBL Webcam Pro Max,JBL,Webcam,751000,143,San pham chat luong cao
P-02783,Anker Op Lung Lite,Anker,Op Lung,3312000,134,San pham chat luong cao
P-02784,JBL Ong Nhom Mini,JBL,Ong Nhom,2838000,110,San pham chat luong cao
P-02785,Apple May Anh XL,Apple,May Anh,56000,175,San pham chat luong cao
P-02786,JBL Ong Nhom Sport,JBL,Ong Nhom,4902000,392,San pham chat luong cao
P-02787,JBL May Anh Premium,JBL,May Anh,1378000,218,San pham chat luong cao
P-02788,HP Ban Phim Lite,HP,Ban Phim,3295000,77,San pham chat luong cao
P-02789,Razer Webcam Sport,Razer,Webcam,2478000,248,San pham chat luong cao
P-02790,Apple Quat Mini Pro Max,Apple,Quat Mini,3029000,10,San pham chat luong cao
P-02791,Xiaomi Tablet XL,Xiaomi,Tablet,1051000,114,San pham chat luong cao
P-02792,Apple Ban Phim XL,Apple,Ban Phim,1898000,439,San pham chat luong cao
P-02793,JBL Sac Du Phong Lite,JBL,Sac Du Phong,751000,267,San pham chat luong cao
P-02794,Samsung Balo Ultra,Samsung,Balo,1292000,403,San pham chat luong cao
P-02795,Apple Webcam V2,Apple,Webcam,144000,158,San pham chat luong cao
P-02796,Anker Op Lung V2,Anker,Op Lung,4316000,464,San pham chat luong cao
P-02797,Razer May Anh Lite,Razer,May Anh,2164000,213,San pham chat luong cao
P-02798,Logitech Sac Du Phong XL,Logitech,Sac Du Phong,2889000,27,San pham chat luong cao
P-02799,Samsung Ao Thun Ultra,Samsung,Ao Thun,3736000,255,San pham chat luong cao
P-02800,Anker Tablet XL,Anker,Tablet,1470000,400,San pham chat luong cao
P-02801,Razer Ban Phim Sport,Razer,Ban Phim,3504000,430,San pham chat luong cao
P-02802,Razer Tablet Mini,Razer,Tablet,903000,151,San pham chat luong cao
P-02803,Asus Laptop Ultra,Asus,Laptop,2870000,63,San pham chat luong cao
P-02804,Xiaomi Ong Nhom Pro Max,Xiaomi,Ong Nhom,4733000,299,San pham chat luong cao
P-02805,Anker Dong Ho Plus,Anker,Dong Ho,4980000,363,San pham chat luong cao
P-02806,Anker Monitor Mini,Anker,Monitor,1041000,430,San pham chat luong cao
P-02807,Xiaomi Tai Nghe Lite,Xiaomi,Tai Nghe,964000,279,San pham chat luong cao
P-02808,Sony Quat Mini XL,Sony,Quat Mini,4817000,267,San pham chat luong cao
P-02809,Xiaomi Quat Mini Mini,Xiaomi,Quat Mini,2760000,118,San pham chat luong cao
P-02810,Anker Laptop Classic,Anker,Laptop,3619000,366,San pham chat luong cao
P-02811,Razer Ban Phim Mini,Razer,Ban Phim,2854000,133,San pham chat luong cao
P-02812,JBL Ban Phim V2,JBL,Ban Phim,699000,299,San pham chat luong cao
P-02813,HP Op Lung Lite,HP,Op Lung,769000,152,San pham chat luong cao
P-02814,Apple Chuot Gaming Pro Max,Apple,Chuot Gaming,3183000,176,San pham chat luong cao
P-02815,JBL Ban Phim Pro Max,JBL,Ban Phim,4561000,227,San pham chat luong cao
P-02816,Razer Balo Classic,Razer,Balo,4867000,98,San pham chat luong cao
P-02817,Samsung Giay Classic,Samsung,Giay,980000,184,San pham chat luong cao
P-02818,Xiaomi Ao Thun Ultra,Xiaomi,Ao Thun,4887000,122,San pham chat luong cao
P-02819,Apple Balo Classic,Apple,Balo,3458000,450,San pham chat luong cao
P-02820,HP Laptop V2,HP,Laptop,4347000,426,San pham chat luong cao
P-02821,HP Webcam V2,HP,Webcam,1824000,66,San pham chat luong cao
P-02822,Anker Cap Sac Pro Max,Anker,Cap Sac,1827000,119,San pham chat luong cao
P-02823,Razer Dong Ho XL,Razer,Dong Ho,4354000,39,San pham chat luong cao
P-02824,Xiaomi Monitor XL,Xiaomi,Monitor,2237000,217,San pham chat luong cao
P-02825,Logitech Quat Mini Plus,Logitech,Quat Mini,3661000,150,San pham chat luong cao
P-02826,HP Balo Mini,HP,Balo,87000,165,San pham chat luong cao
P-02827,JBL Loa Pro Max,JBL,Loa,136000,167,San pham chat luong cao
P-02828,Apple May Anh Sport,Apple,May Anh,4938000,301,San pham chat luong cao
P-02829,Apple Webcam Mini,Apple,Webcam,1234000,323,San pham chat luong cao
P-02830,Xiaomi Dong Ho Lite,Xiaomi,Dong Ho,2895000,309,San pham chat luong cao
P-02831,Sony Laptop Pro Max,Sony,Laptop,3743000,446,San pham chat luong cao
P-02832,Razer Giay Mini,Razer,Giay,4577000,433,San pham chat luong cao
P-02833,JBL Tablet Lite,JBL,Tablet,72000,131,San pham chat luong cao
P-02834,Razer Chuot Gaming Sport,Razer,Chuot Gaming,1699000,81,San pham chat luong cao
P-02835,Samsung Kinh Mat Classic,Samsung,Kinh Mat,1072000,309,San pham chat luong cao
P-02836,Anker Tai Nghe Mini,Anker,Tai Nghe,4425000,23,San pham chat luong cao
P-02837,Samsung Kinh Mat Mini,Samsung,Kinh Mat,3309000,123,San pham chat luong cao
P-02838,Razer May Anh Sport,Razer,May Anh,62000,305,San pham chat luong cao
P-02839,Anker Ao Thun Mini,Anker,Ao Thun,129000,387,San pham chat luong cao
P-02840,JBL May Anh Ultra,JBL,May Anh,2025000,244,San pham chat luong cao
P-02841,Sony Quat Mini Lite,Sony,Quat Mini,3278000,418,San pham chat luong cao
P-02842,JBL May Anh Pro Max,JBL,May Anh,1057000,50,San pham chat luong cao
P-02843,JBL Sac Du Phong Plus,JBL,Sac Du Phong,3414000,266,San pham chat luong cao
P-02844,JBL May Anh Mini,JBL,May Anh,1129000,176,San pham chat luong cao
P-02845,Samsung Tablet Ultra,Samsung,Tablet,2071000,286,San pham chat luong cao
P-02846,Razer Balo Sport,Razer,Balo,4110000,397,San pham chat luong cao
P-02847,Logitech USB Hub Premium,Logitech,USB Hub,775000,371,San pham chat luong cao
P-02848,JBL Chuot Gaming Premium,JBL,Chuot Gaming,82000,157,San pham chat luong cao
P-02849,Asus Giay XL,Asus,Giay,4051000,223,San pham chat luong cao
P-02850,Anker Ong Nhom Plus,Anker,Ong Nhom,2543000,420,San pham chat luong cao
P-02851,Samsung Ban Phim Classic,Samsung,Ban Phim,182000,197,San pham chat luong cao
P-02852,Logitech Op Lung Ultra,Logitech,Op Lung,2079000,174,San pham chat luong cao
P-02853,Apple Tablet Ultra,Apple,Tablet,1330000,380,San pham chat luong cao
P-02854,Anker Monitor Lite,Anker,Monitor,574000,253,San pham chat luong cao
P-02855,Sony Giay Premium,Sony,Giay,4246000,331,San pham chat luong cao
P-02856,Apple Quat Mini Mini,Apple,Quat Mini,2231000,380,San pham chat luong cao
P-02857,Razer Chuot Gaming Classic,Razer,Chuot Gaming,879000,289,San pham chat luong cao
P-02858,Xiaomi Webcam Plus,Xiaomi,Webcam,1973000,28,San pham chat luong cao
P-02859,Sony Webcam Lite,Sony,Webcam,4333000,52,San pham chat luong cao
P-02860,HP Laptop XL,HP,Laptop,4988000,227,San pham chat luong cao
P-02861,Logitech Cap Sac Pro Max,Logitech,Cap Sac,1700000,434,San pham chat luong cao
P-02862,Asus Laptop Premium,Asus,Laptop,246000,488,San pham chat luong cao
P-02863,Asus Loa V2,Asus,Loa,4219000,478,San pham chat luong cao
P-02864,Razer Ao Thun Lite,Razer,Ao Thun,1301000,66,San pham chat luong cao
P-02865,Sony Kinh Mat Plus,Sony,Kinh Mat,886000,223,San pham chat luong cao
P-02866,Asus Sac Du Phong Premium,Asus,Sac Du Phong,3472000,352,San pham chat luong cao
P-02867,Logitech Quat Mini Sport,Logitech,Quat Mini,2126000,116,San pham chat luong cao
P-02868,Asus Dong Ho Premium,Asus,Dong Ho,2342000,137,San pham chat luong cao
P-02869,HP Kinh Mat Classic,HP,Kinh Mat,2228000,464,San pham chat luong cao
P-02870,Razer May Anh XL,Razer,May Anh,3357000,382,San pham chat luong cao
P-02871,Logitech Ong Nhom Sport,Logitech,Ong Nhom,3774000,416,San pham chat luong cao
P-02872,Sony Tai Nghe Mini,Sony,Tai Nghe,4590000,331,San pham chat luong cao
P-02873,Logitech Monitor V2,Logitech,Monitor,3419000,63,San pham chat luong cao
P-02874,Anker Quat Mini XL,Anker,Quat Mini,1966000,474,San pham chat luong cao
P-02875,Xiaomi Laptop Ultra,Xiaomi,Laptop,4890000,70,San pham chat luong cao
P-02876,HP Loa Mini,HP,Loa,4994000,101,San pham chat luong cao
P-02877,Anker Ao Thun Sport,Anker,Ao Thun,2507000,264,San pham chat luong cao
P-02878,Apple Balo Mini,Apple,Balo,234000,234,San pham chat luong cao
P-02879,Sony Ao Thun Lite,Sony,Ao Thun,2439000,142,San pham chat luong cao
P-02880,Razer Giay Mini,Razer,Giay,4184000,72,San pham chat luong cao
P-02881,Asus Webcam XL,Asus,Webcam,411000,116,San pham chat luong cao
P-02882,Anker Balo XL,Anker,Balo,448000,307,San pham chat luong cao
P-02883,Sony Tablet Classic,Sony,Tablet,396000,247,San pham chat luong cao
P-02884,Logitech Quat Mini Plus,Logitech,Quat Mini,633000,319,San pham chat luong cao
P-02885,Anker Giay Sport,Anker,Giay,449000,113,San pham chat luong cao
P-02886,Logitech Loa V2,Logitech,Loa,1187000,30,San pham chat luong cao
P-02887,Xiaomi Sac Du Phong Ultra,Xiaomi,Sac Du Phong,2245000,360,San pham chat luong cao
P-02888,Apple Cap Sac Lite,Apple,Cap Sac,4039000,134,San pham chat luong cao
P-02889,Razer Balo Sport,Razer,Balo,3278000,241,San pham chat luong cao
P-02890,HP Monitor Ultra,HP,Monitor,4458000,44,San pham chat luong cao
P-02891,Asus Quat Mini V2,Asus,Quat Mini,3482000,192,San pham chat luong cao
P-02892,Razer Op Lung Plus,Razer,Op Lung,4451000,247,San pham chat luong cao
P-02893,Logitech May Anh V2,Logitech,May Anh,2396000,340,San pham chat luong cao
P-02894,Razer Dong Ho Ultra,Razer,Dong Ho,1084000,388,San pham chat luong cao
P-02895,HP Giay Lite,HP,Giay,1442000,84,San pham chat luong cao
P-02896,Sony Monitor Mini,Sony,Monitor,3093000,341,San pham chat luong cao
P-02897,Samsung Dong Ho Lite,Samsung,Dong Ho,1241000,38,San pham chat luong cao
P-02898,Samsung Monitor Plus,Samsung,Monitor,4126000,171,San pham chat luong cao
P-02899,Razer May Anh Plus,Razer,May Anh,3714000,202,San pham chat luong cao
P-02900,Sony Sac Du Phong XL,Sony,Sac Du Phong,4766000,45,San pham chat luong cao
P-02901,Apple Sac Du Phong Lite,Apple,Sac Du Phong,2260000,94,San pham chat luong cao
P-02902,Samsung Balo Lite,Samsung,Balo,1916000,416,San pham chat luong cao
P-02903,Logitech Kinh Mat Plus,Logitech,Kinh Mat,1935000,416,San pham chat luong cao
P-02904,Asus Tai Nghe Premium,Asus,Tai Nghe,4234000,321,San pham chat luong cao
P-02905,Logitech Giay Sport,Logitech,Giay,1714000,119,San pham chat luong cao
P-02906,JBL Loa Plus,JBL,Loa,1197000,143,San pham chat luong cao
P-02907,Anker Giay XL,Anker,Giay,4911000,239,San pham chat luong cao
P-02908,Anker Chuot Gaming Premium,Anker,Chuot Gaming,4060000,404,San pham chat luong cao
P-02909,Logitech Chuot Gaming Ultra,Logitech,Chuot Gaming,1516000,464,San pham chat luong cao
P-02910,Samsung Balo Sport,Samsung,Balo,2801000,365,San pham chat luong cao
P-02911,Apple Ao Thun Lite,Apple,Ao Thun,3635000,25,San pham chat luong cao
P-02912,HP Kinh Mat XL,HP,Kinh Mat,4229000,293,San pham chat luong cao
P-02913,Asus Chuot Gaming Ultra,Asus,Chuot Gaming,2913000,361,San pham chat luong cao
P-02914,Xiaomi Giay V2,Xiaomi,Giay,1645000,133,San pham chat luong cao
P-02915,Asus Dong Ho V2,Asus,Dong Ho,4767000,106,San pham chat luong cao
P-02916,Asus Ban Phim Plus,Asus,Ban Phim,3101000,209,San pham chat luong cao
P-02917,Asus Laptop Pro Max,Asus,Laptop,2458000,256,San pham chat luong cao
P-02918,Sony Tai Nghe XL,Sony,Tai Nghe,3221000,264,San pham chat luong cao
P-02919,HP Monitor XL,HP,Monitor,2566000,230,San pham chat luong cao
P-02920,Anker Dong Ho Lite,Anker,Dong Ho,1765000,140,San pham chat luong cao
P-02921,Logitech Monitor V2,Logitech,Monitor,4673000,13,San pham chat luong cao
P-02922,Anker Tai Nghe Ultra,Anker,Tai Nghe,4564000,180,San pham chat luong cao
P-02923,Logitech Ong Nhom Plus,Logitech,Ong Nhom,470000,84,San pham chat luong cao
P-02924,Logitech Loa V2,Logitech,Loa,3245000,466,San pham chat luong cao
P-02925,Xiaomi May Anh Pro Max,Xiaomi,May Anh,4513000,441,San pham chat luong cao
P-02926,Razer Monitor XL,Razer,Monitor,2495000,186,San pham chat luong cao
P-02927,Apple Dong Ho Classic,Apple,Dong Ho,4360000,154,San pham chat luong cao
P-02928,Samsung Kinh Mat Lite,Samsung,Kinh Mat,350000,177,San pham chat luong cao
P-02929,Samsung Op Lung XL,Samsung,Op Lung,1172000,420,San pham chat luong cao
P-02930,Sony May Anh Sport,Sony,May Anh,3744000,151,San pham chat luong cao
P-02931,Asus Op Lung Lite,Asus,Op Lung,502000,239,San pham chat luong cao
P-02932,Anker Sac Du Phong Classic,Anker,Sac Du Phong,1444000,421,San pham chat luong cao
P-02933,Asus Op Lung Sport,Asus,Op Lung,977000,469,San pham chat luong cao
P-02934,Asus Op Lung Classic,Asus,Op Lung,2026000,284,San pham chat luong cao
P-02935,Samsung Tai Nghe Ultra,Samsung,Tai Nghe,449000,257,San pham chat luong cao
P-02936,Xiaomi Giay Classic,Xiaomi,Giay,2661000,287,San pham chat luong cao
P-02937,Razer Tai Nghe V2,Razer,Tai Nghe,2543000,199,San pham chat luong cao
P-02938,Asus Cap Sac Classic,Asus,Cap Sac,4123000,252,San pham chat luong cao
P-02939,Razer Dong Ho Sport,Razer,Dong Ho,84000,14,San pham chat luong cao
P-02940,Razer Laptop Pro Max,Razer,Laptop,2276000,250,San pham chat luong cao
P-02941,Xiaomi USB Hub Ultra,Xiaomi,USB Hub,885000,354,San pham chat luong cao
P-02942,Apple Webcam Plus,Apple,Webcam,1477000,238,San pham chat luong cao
P-02943,Apple Op Lung Mini,Apple,Op Lung,2725000,73,San pham chat luong cao
P-02944,Anker Giay V2,Anker,Giay,4034000,366,San pham chat luong cao
P-02945,Razer Loa Ultra,Razer,Loa,1708000,302,San pham chat luong cao
P-02946,Samsung Chuot Gaming Pro Max,Samsung,Chuot Gaming,1030000,361,San pham chat luong cao
P-02947,Asus Op Lung Plus,Asus,Op Lung,753000,184,San pham chat luong cao
P-02948,Samsung Loa V2,Samsung,Loa,3961000,321,San pham chat luong cao
P-02949,Samsung Monitor Pro Max,Samsung,Monitor,1663000,231,San pham chat luong cao
P-02950,Anker Giay XL,Anker,Giay,2017000,169,San pham chat luong cao
P-02951,Razer Tai Nghe Mini,Razer,Tai Nghe,1524000,198,San pham chat luong cao
P-02952,HP Balo XL,HP,Balo,2347000,170,San pham chat luong cao
P-02953,Razer Chuot Gaming Premium,Razer,Chuot Gaming,3234000,223,San pham chat luong cao
P-02954,Samsung Laptop Plus,Samsung,Laptop,4443000,376,San pham chat luong cao
P-02955,Apple Op Lung Sport,Apple,Op Lung,274000,356,San pham chat luong cao
P-02956,Anker Balo Mini,Anker,Balo,3697000,337,San pham chat luong cao
P-02957,Asus Webcam Classic,Asus,Webcam,3288000,491,San pham chat luong cao
P-02958,Xiaomi Cap Sac Lite,Xiaomi,Cap Sac,3779000,257,San pham chat luong cao
P-02959,Razer Balo Classic,Razer,Balo,1323000,388,San pham chat luong cao
P-02960,HP Chuot Gaming Mini,HP,Chuot Gaming,3634000,28,San pham chat luong cao
P-02961,Anker Ao Thun Classic,Anker,Ao Thun,1897000,197,San pham chat luong cao
P-02962,Logitech Op Lung XL,Logitech,Op Lung,1089000,262,San pham chat luong cao
P-02963,Xiaomi Laptop Premium,Xiaomi,Laptop,3686000,152,San pham chat luong cao
P-02964,JBL Kinh Mat Mini,JBL,Kinh Mat,1122000,150,San pham chat luong cao
P-02965,Anker Loa Plus,Anker,Loa,4349000,426,San pham chat luong cao
P-02966,Sony Loa Premium,Sony,Loa,3098000,168,San pham chat luong cao
P-02967,Sony Kinh Mat Classic,Sony,Kinh Mat,1202000,283,San pham chat luong cao
P-02968,Samsung Webcam Classic,Samsung,Webcam,1917000,421,San pham chat luong cao
P-02969,Xiaomi Dong Ho XL,Xiaomi,Dong Ho,3773000,235,San pham chat luong cao
P-02970,HP Giay Mini,HP,Giay,1667000,438,San pham chat luong cao
P-02971,Apple May Anh Classic,Apple,May Anh,2311000,127,San pham chat luong cao
P-02972,Sony Tai Nghe Premium,Sony,Tai Nghe,2248000,139,San pham chat luong cao
P-02973,Razer Chuot Gaming Ultra,Razer,Chuot Gaming,2618000,301,San pham chat luong cao
P-02974,JBL Webcam Ultra,JBL,Webcam,2716000,399,San pham chat luong cao
P-02975,Asus Dong Ho Ultra,Asus,Dong Ho,532000,303,San pham chat luong cao
P-02976,HP Ao Thun Mini,HP,Ao Thun,1199000,460,San pham chat luong cao
P-02977,Asus Loa Premium,Asus,Loa,154000,412,San pham chat luong cao
P-02978,Sony Op Lung Plus,Sony,Op Lung,1484000,413,San pham chat luong cao
P-02979,JBL Tai Nghe Lite,JBL,Tai Nghe,1140000,66,San pham chat luong cao
P-02980,Logitech Ong Nhom Classic,Logitech,Ong Nhom,3999000,153,San pham chat luong cao
P-02981,Logitech Cap Sac Premium,Logitech,Cap Sac,3047000,418,San pham chat luong cao
P-02982,Apple Giay Pro Max,Apple,Giay,1914000,87,San pham chat luong cao
P-02983,JBL Cap Sac Premium,JBL,Cap Sac,2163000,373,San pham chat luong cao
P-02984,Razer Ao Thun Pro Max,Razer,Ao Thun,4858000,462,San pham chat luong cao
P-02985,Apple Ban Phim Classic,Apple,Ban Phim,4700000,28,San pham chat luong cao
P-02986,Asus Dong Ho Lite,Asus,Dong Ho,2762000,399,San pham chat luong cao
P-02987,Xiaomi Dong Ho Mini,Xiaomi,Dong Ho,3254000,88,San pham chat luong cao
P-02988,Razer Webcam Classic,Razer,Webcam,4069000,464,San pham chat luong cao
P-02989,Razer Chuot Gaming Classic,Razer,Chuot Gaming,1111000,443,San pham chat luong cao
P-02990,Logitech Loa Sport,Logitech,Loa,4076000,63,San pham chat luong cao
P-02991,Xiaomi Balo Plus,Xiaomi,Balo,3473000,362,San pham chat luong cao
P-02992,Logitech Ong Nhom Pro Max,Logitech,Ong Nhom,956000,56,San pham chat luong cao
P-02993,Apple Sac Du Phong Pro Max,Apple,Sac Du Phong,1209000,341,San pham chat luong cao
P-02994,Asus Webcam Lite,Asus,Webcam,1879000,240,San pham chat luong cao
P-02995,HP Chuot Gaming Lite,HP,Chuot Gaming,1502000,452,San pham chat luong cao
P-02996,Samsung Tai Nghe XL,Samsung,Tai Nghe,4385000,122,San pham chat luong cao
P-02997,Apple Giay Classic,Apple,Giay,3536000,69,San pham chat luong cao
P-02998,Anker Ao Thun XL,Anker,Ao Thun,4582000,402,San pham chat luong cao
P-02999,Logitech Webcam Premium,Logitech,Webcam,4376000,210,San pham chat luong cao
P-03000,JBL Kinh Mat V2,JBL,Kinh Mat,1995000,64,San pham chat luong cao
P-03001,Samsung Quat Mini Mini,Samsung,Quat Mini,4179000,235,San pham chat luong cao
P-03002,Apple Monitor Pro Max,Apple,Monitor,1620000,394,San pham chat luong cao
P-03003,Anker Tablet Sport,Anker,Tablet,1388000,210,San pham chat luong cao
P-03004,Xiaomi Tablet Plus,Xiaomi,Tablet,1680000,378,San pham chat luong cao
P-03005,Asus Monitor V2,Asus,Monitor,1249000,365,San pham chat luong cao
P-03006,Xiaomi Chuot Gaming Plus,Xiaomi,Chuot Gaming,1019000,160,San pham chat luong cao
P-03007,Sony Op Lung Pro Max,Sony,Op Lung,2396000,369,San pham chat luong cao
P-03008,Samsung Chuot Gaming V2,Samsung,Chuot Gaming,1651000,189,San pham chat luong cao
P-03009,Logitech Chuot Gaming Lite,Logitech,Chuot Gaming,3082000,341,San pham chat luong cao
P-03010,Apple May Anh Plus,Apple,May Anh,4304000,316,San pham chat luong cao
P-03011,JBL Dong Ho Lite,JBL,Dong Ho,3855000,67,San pham chat luong cao
P-03012,Xiaomi Kinh Mat V2,Xiaomi,Kinh Mat,4056000,213,San pham chat luong cao
P-03013,Logitech Loa Classic,Logitech,Loa,280000,494,San pham chat luong cao
P-03014,Samsung Kinh Mat Sport,Samsung,Kinh Mat,4798000,448,San pham chat luong cao
P-03015,Samsung Dong Ho Lite,Samsung,Dong Ho,747000,138,San pham chat luong cao
P-03016,HP Dong Ho V2,HP,Dong Ho,2926000,283,San pham chat luong cao
P-03017,Asus Op Lung Ultra,Asus,Op Lung,442000,75,San pham chat luong cao
P-03018,Razer Kinh Mat Mini,Razer,Kinh Mat,2924000,234,San pham chat luong cao
P-03019,Logitech Laptop Pro Max,Logitech,Laptop,3553000,48,San pham chat luong cao
P-03020,Sony Balo Mini,Sony,Balo,1457000,84,San pham chat luong cao
P-03021,Samsung May Anh Plus,Samsung,May Anh,671000,361,San pham chat luong cao
P-03022,JBL Quat Mini XL,JBL,Quat Mini,2820000,20,San pham chat luong cao
P-03023,Asus Sac Du Phong Classic,Asus,Sac Du Phong,1109000,350,San pham chat luong cao
P-03024,Samsung Ao Thun V2,Samsung,Ao Thun,785000,401,San pham chat luong cao
P-03025,HP Tablet XL,HP,Tablet,1211000,196,San pham chat luong cao
P-03026,Logitech Loa Mini,Logitech,Loa,4714000,142,San pham chat luong cao
P-03027,Apple Op Lung Pro Max,Apple,Op Lung,245000,313,San pham chat luong cao
P-03028,Samsung Sac Du Phong Sport,Samsung,Sac Du Phong,4440000,205,San pham chat luong cao
P-03029,Sony Quat Mini Pro Max,Sony,Quat Mini,4648000,219,San pham chat luong cao
P-03030,HP Webcam Ultra,HP,Webcam,2468000,266,San pham chat luong cao
P-03031,Anker Loa V2,Anker,Loa,280000,253,San pham chat luong cao
P-03032,Sony Loa Ultra,Sony,Loa,121000,431,San pham chat luong cao
P-03033,Xiaomi Tai Nghe Sport,Xiaomi,Tai Nghe,1197000,297,San pham chat luong cao
P-03034,Apple Cap Sac Lite,Apple,Cap Sac,1248000,205,San pham chat luong cao
P-03035,Sony Monitor V2,Sony,Monitor,1264000,327,San pham chat luong cao
P-03036,Anker Tai Nghe Mini,Anker,Tai Nghe,1201000,299,San pham chat luong cao
P-03037,Asus Giay Pro Max,Asus,Giay,4015000,69,San pham chat luong cao
P-03038,Samsung Quat Mini Classic,Samsung,Quat Mini,2077000,28,San pham chat luong cao
P-03039,Razer Sac Du Phong XL,Razer,Sac Du Phong,2604000,276,San pham chat luong cao
P-03040,Razer Webcam Premium,Razer,Webcam,3815000,486,San pham chat luong cao
P-03041,JBL Tablet Lite,JBL,Tablet,1197000,68,San pham chat luong cao
P-03042,Asus Op Lung Lite,Asus,Op Lung,1022000,53,San pham chat luong cao
P-03043,Apple Kinh Mat Lite,Apple,Kinh Mat,1784000,447,San pham chat luong cao
P-03044,Anker USB Hub Pro Max,Anker,USB Hub,1315000,285,San pham chat luong cao
P-03045,HP Monitor Plus,HP,Monitor,1941000,119,San pham chat luong cao
P-03046,Samsung Dong Ho XL,Samsung,Dong Ho,93000,415,San pham chat luong cao
P-03047,Logitech Sac Du Phong XL,Logitech,Sac Du Phong,832000,348,San pham chat luong cao
P-03048,Razer Ban Phim Classic,Razer,Ban Phim,3711000,365,San pham chat luong cao
P-03049,Apple Op Lung Classic,Apple,Op Lung,4652000,468,San pham chat luong cao
P-03050,Asus Monitor Mini,Asus,Monitor,432000,118,San pham chat luong cao
P-03051,Razer Kinh Mat V2,Razer,Kinh Mat,1749000,214,San pham chat luong cao
P-03052,HP Loa V2,HP,Loa,3093000,204,San pham chat luong cao
P-03053,JBL Tai Nghe V2,JBL,Tai Nghe,4535000,463,San pham chat luong cao
P-03054,Logitech Monitor Plus,Logitech,Monitor,4233000,87,San pham chat luong cao
P-03055,Razer Ong Nhom V2,Razer,Ong Nhom,1361000,125,San pham chat luong cao
P-03056,Samsung Ong Nhom Mini,Samsung,Ong Nhom,2946000,376,San pham chat luong cao
P-03057,Asus Giay Lite,Asus,Giay,3260000,461,San pham chat luong cao
P-03058,Samsung Monitor Ultra,Samsung,Monitor,2270000,434,San pham chat luong cao
P-03059,Apple Ong Nhom Pro Max,Apple,Ong Nhom,4057000,201,San pham chat luong cao
P-03060,Samsung Giay Ultra,Samsung,Giay,2087000,379,San pham chat luong cao
P-03061,Razer Balo V2,Razer,Balo,4503000,343,San pham chat luong cao
P-03062,Asus Giay Plus,Asus,Giay,3701000,77,San pham chat luong cao
P-03063,Logitech Kinh Mat Ultra,Logitech,Kinh Mat,1006000,287,San pham chat luong cao
P-03064,Anker Tablet Mini,Anker,Tablet,331000,293,San pham chat luong cao
P-03065,JBL USB Hub Pro Max,JBL,USB Hub,2045000,25,San pham chat luong cao
P-03066,Logitech Sac Du Phong XL,Logitech,Sac Du Phong,2124000,433,San pham chat luong cao
P-03067,Razer Giay Pro Max,Razer,Giay,4736000,118,San pham chat luong cao
P-03068,Samsung Monitor Classic,Samsung,Monitor,2131000,215,San pham chat luong cao
P-03069,Anker Balo Lite,Anker,Balo,393000,315,San pham chat luong cao
P-03070,Xiaomi Balo Pro Max,Xiaomi,Balo,4325000,31,San pham chat luong cao
P-03071,Sony May Anh Lite,Sony,May Anh,2781000,464,San pham chat luong cao
P-03072,Anker Webcam Pro Max,Anker,Webcam,1971000,207,San pham chat luong cao
P-03073,Xiaomi Tablet Mini,Xiaomi,Tablet,564000,115,San pham chat luong cao
P-03074,Sony Dong Ho Premium,Sony,Dong Ho,3115000,324,San pham chat luong cao
P-03075,Anker Balo V2,Anker,Balo,4385000,466,San pham chat luong cao
P-03076,HP Tablet Sport,HP,Tablet,3525000,160,San pham chat luong cao
P-03077,Samsung Quat Mini XL,Samsung,Quat Mini,3239000,391,San pham chat luong cao
P-03078,Razer Kinh Mat V2,Razer,Kinh Mat,798000,94,San pham chat luong cao
P-03079,JBL Balo Plus,JBL,Balo,1115000,251,San pham chat luong cao
P-03080,Samsung USB Hub Sport,Samsung,USB Hub,4631000,450,San pham chat luong cao
P-03081,Sony Monitor Mini,Sony,Monitor,2908000,102,San pham chat luong cao
P-03082,Samsung Balo Pro Max,Samsung,Balo,3919000,443,San pham chat luong cao
P-03083,Apple Laptop Premium,Apple,Laptop,1082000,428,San pham chat luong cao
P-03084,Logitech Ao Thun Sport,Logitech,Ao Thun,535000,496,San pham chat luong cao
P-03085,JBL Tablet Mini,JBL,Tablet,2895000,404,San pham chat luong cao
P-03086,Anker Loa Premium,Anker,Loa,1359000,72,San pham chat luong cao
P-03087,Logitech Sac Du Phong Pro Max,Logitech,Sac Du Phong,2702000,280,San pham chat luong cao
P-03088,Logitech Loa Sport,Logitech,Loa,4445000,299,San pham chat luong cao
P-03089,HP Cap Sac Premium,HP,Cap Sac,2260000,62,San pham chat luong cao
P-03090,Apple Cap Sac Lite,Apple,Cap Sac,2628000,218,San pham chat luong cao
P-03091,Razer Quat Mini Sport,Razer,Quat Mini,503000,85,San pham chat luong cao
P-03092,Xiaomi Tablet Ultra,Xiaomi,Tablet,168000,345,San pham chat luong cao
P-03093,Xiaomi Loa Pro Max,Xiaomi,Loa,4139000,102,San pham chat luong cao
P-03094,Asus Ao Thun Mini,Asus,Ao Thun,1989000,155,San pham chat luong cao
P-03095,Samsung Kinh Mat Premium,Samsung,Kinh Mat,1100000,113,San pham chat luong cao
P-03096,HP Tai Nghe Classic,HP,Tai Nghe,1521000,242,San pham chat luong cao
P-03097,Apple Monitor Pro Max,Apple,Monitor,1334000,163,San pham chat luong cao
P-03098,Logitech USB Hub Classic,Logitech,USB Hub,2341000,34,San pham chat luong cao
P-03099,Xiaomi Balo Pro Max,Xiaomi,Balo,3165000,84,San pham chat luong cao
P-03100,Anker Webcam Classic,Anker,Webcam,4177000,460,San pham chat luong cao
P-03101,Logitech USB Hub Sport,Logitech,USB Hub,2629000,134,San pham chat luong cao
P-03102,Xiaomi Tai Nghe Mini,Xiaomi,Tai Nghe,4694000,190,San pham chat luong cao
P-03103,Anker Webcam Classic,Anker,Webcam,708000,240,San pham chat luong cao
P-03104,JBL Dong Ho Ultra,JBL,Dong Ho,2041000,236,San pham chat luong cao
P-03105,Samsung Sac Du Phong Ultra,Samsung,Sac Du Phong,4259000,447,San pham chat luong cao
P-03106,Asus Dong Ho XL,Asus,Dong Ho,69000,236,San pham chat luong cao
P-03107,JBL Loa Pro Max,JBL,Loa,2286000,399,San pham chat luong cao
P-03108,HP Ban Phim Sport,HP,Ban Phim,181000,234,San pham chat luong cao
P-03109,JBL Sac Du Phong Classic,JBL,Sac Du Phong,874000,376,San pham chat luong cao
P-03110,Logitech Loa Lite,Logitech,Loa,432000,457,San pham chat luong cao
P-03111,JBL Tai Nghe Premium,JBL,Tai Nghe,3785000,99,San pham chat luong cao
P-03112,HP Sac Du Phong XL,HP,Sac Du Phong,1709000,264,San pham chat luong cao
P-03113,Anker Ban Phim V2,Anker,Ban Phim,3861000,396,San pham chat luong cao
P-03114,Razer Kinh Mat Mini,Razer,Kinh Mat,4384000,233,San pham chat luong cao
P-03115,Anker Quat Mini XL,Anker,Quat Mini,3633000,41,San pham chat luong cao
P-03116,JBL Sac Du Phong Ultra,JBL,Sac Du Phong,2105000,101,San pham chat luong cao
P-03117,Sony Balo Lite,Sony,Balo,2475000,127,San pham chat luong cao
P-03118,Razer Ao Thun V2,Razer,Ao Thun,4844000,223,San pham chat luong cao
P-03119,Samsung Quat Mini Pro Max,Samsung,Quat Mini,4775000,63,San pham chat luong cao
P-03120,Samsung Kinh Mat Plus,Samsung,Kinh Mat,292000,119,San pham chat luong cao
P-03121,JBL Kinh Mat Plus,JBL,Kinh Mat,1545000,31,San pham chat luong cao
P-03122,Apple Ong Nhom V2,Apple,Ong Nhom,4815000,80,San pham chat luong cao
P-03123,Logitech USB Hub Plus,Logitech,USB Hub,4844000,414,San pham chat luong cao
P-03124,Anker Cap Sac XL,Anker,Cap Sac,1800000,308,San pham chat luong cao
P-03125,Sony Cap Sac V2,Sony,Cap Sac,3865000,261,San pham chat luong cao
P-03126,Logitech Laptop Classic,Logitech,Laptop,4892000,451,San pham chat luong cao
P-03127,Anker May Anh Pro Max,Anker,May Anh,3797000,431,San pham chat luong cao
P-03128,Sony Sac Du Phong Premium,Sony,Sac Du Phong,1833000,433,San pham chat luong cao
P-03129,JBL Dong Ho Lite,JBL,Dong Ho,3304000,223,San pham chat luong cao
P-03130,Razer USB Hub Premium,Razer,USB Hub,2964000,52,San pham chat luong cao
P-03131,Anker Laptop XL,Anker,Laptop,1077000,160,San pham chat luong cao
P-03132,Anker Laptop Mini,Anker,Laptop,1158000,377,San pham chat luong cao
P-03133,Samsung Ban Phim Sport,Samsung,Ban Phim,225000,374,San pham chat luong cao
P-03134,Logitech USB Hub Mini,Logitech,USB Hub,4445000,321,San pham chat luong cao
P-03135,Anker Monitor Lite,Anker,Monitor,2176000,145,San pham chat luong cao
P-03136,Sony Tablet Premium,Sony,Tablet,4707000,112,San pham chat luong cao
P-03137,Logitech Tablet XL,Logitech,Tablet,4079000,294,San pham chat luong cao
P-03138,Samsung Ban Phim Ultra,Samsung,Ban Phim,2610000,199,San pham chat luong cao
P-03139,JBL Tai Nghe Classic,JBL,Tai Nghe,2500000,315,San pham chat luong cao
P-03140,Asus Ban Phim Mini,Asus,Ban Phim,4267000,140,San pham chat luong cao
P-03141,Logitech Kinh Mat V2,Logitech,Kinh Mat,1112000,172,San pham chat luong cao
P-03142,Xiaomi USB Hub Pro Max,Xiaomi,USB Hub,2626000,330,San pham chat luong cao
P-03143,Logitech Balo Lite,Logitech,Balo,3759000,197,San pham chat luong cao
P-03144,Asus Quat Mini Classic,Asus,Quat Mini,4247000,480,San pham chat luong cao
P-03145,Apple Cap Sac Plus,Apple,Cap Sac,4808000,33,San pham chat luong cao
P-03146,Apple Dong Ho V2,Apple,Dong Ho,2157000,227,San pham chat luong cao
P-03147,JBL Cap Sac Ultra,JBL,Cap Sac,4237000,92,San pham chat luong cao
P-03148,Sony Tai Nghe Lite,Sony,Tai Nghe,4784000,116,San pham chat luong cao
P-03149,Sony Cap Sac Plus,Sony,Cap Sac,827000,201,San pham chat luong cao
P-03150,Sony Ao Thun Sport,Sony,Ao Thun,736000,89,San pham chat luong cao
P-03151,Razer Cap Sac Pro Max,Razer,Cap Sac,2609000,186,San pham chat luong cao
P-03152,Sony Tai Nghe V2,Sony,Tai Nghe,4928000,55,San pham chat luong cao
P-03153,Asus Ong Nhom XL,Asus,Ong Nhom,1740000,111,San pham chat luong cao
P-03154,HP Tai Nghe Ultra,HP,Tai Nghe,2746000,412,San pham chat luong cao
P-03155,HP Chuot Gaming Ultra,HP,Chuot Gaming,4591000,330,San pham chat luong cao
P-03156,HP Loa Premium,HP,Loa,2625000,18,San pham chat luong cao
P-03157,Samsung Ong Nhom Classic,Samsung,Ong Nhom,4281000,382,San pham chat luong cao
P-03158,Sony USB Hub Mini,Sony,USB Hub,4879000,116,San pham chat luong cao
P-03159,Samsung May Anh XL,Samsung,May Anh,3352000,477,San pham chat luong cao
P-03160,Anker Monitor Sport,Anker,Monitor,3070000,156,San pham chat luong cao
P-03161,Razer Ao Thun Mini,Razer,Ao Thun,3487000,255,San pham chat luong cao
P-03162,HP Webcam Pro Max,HP,Webcam,3111000,296,San pham chat luong cao
P-03163,JBL Kinh Mat Plus,JBL,Kinh Mat,2951000,91,San pham chat luong cao
P-03164,Samsung Balo Sport,Samsung,Balo,1153000,65,San pham chat luong cao
P-03165,Xiaomi Webcam XL,Xiaomi,Webcam,3551000,114,San pham chat luong cao
P-03166,HP Quat Mini V2,HP,Quat Mini,1550000,278,San pham chat luong cao
P-03167,JBL Cap Sac Plus,JBL,Cap Sac,422000,418,San pham chat luong cao
P-03168,Samsung Cap Sac Plus,Samsung,Cap Sac,1763000,312,San pham chat luong cao
P-03169,Xiaomi Webcam XL,Xiaomi,Webcam,2445000,217,San pham chat luong cao
P-03170,Sony Quat Mini Lite,Sony,Quat Mini,927000,321,San pham chat luong cao
P-03171,HP Kinh Mat Mini,HP,Kinh Mat,3358000,362,San pham chat luong cao
P-03172,Apple Monitor Classic,Apple,Monitor,3170000,343,San pham chat luong cao
P-03173,Xiaomi Webcam Sport,Xiaomi,Webcam,1770000,383,San pham chat luong cao
P-03174,Razer Monitor Sport,Razer,Monitor,3607000,306,San pham chat luong cao
P-03175,JBL Balo Plus,JBL,Balo,4126000,116,San pham chat luong cao
P-03176,Logitech Tablet Premium,Logitech,Tablet,1798000,11,San pham chat luong cao
P-03177,Apple Webcam Ultra,Apple,Webcam,3167000,82,San pham chat luong cao
P-03178,JBL Laptop Sport,JBL,Laptop,2323000,88,San pham chat luong cao
P-03179,Xiaomi Sac Du Phong Ultra,Xiaomi,Sac Du Phong,4978000,473,San pham chat luong cao
P-03180,Apple Balo Sport,Apple,Balo,2068000,105,San pham chat luong cao
P-03181,Anker Loa Premium,Anker,Loa,776000,272,San pham chat luong cao
P-03182,Xiaomi Ong Nhom V2,Xiaomi,Ong Nhom,736000,493,San pham chat luong cao
P-03183,JBL USB Hub V2,JBL,USB Hub,2613000,297,San pham chat luong cao
P-03184,Razer Ban Phim XL,Razer,Ban Phim,3977000,339,San pham chat luong cao
P-03185,Anker Chuot Gaming Sport,Anker,Chuot Gaming,380000,233,San pham chat luong cao
P-03186,Razer Ao Thun V2,Razer,Ao Thun,3863000,187,San pham chat luong cao
P-03187,Sony Tai Nghe Ultra,Sony,Tai Nghe,1070000,334,San pham chat luong cao
P-03188,Logitech Ong Nhom Classic,Logitech,Ong Nhom,4401000,289,San pham chat luong cao
P-03189,Razer Giay Ultra,Razer,Giay,2592000,271,San pham chat luong cao
P-03190,Sony Kinh Mat V2,Sony,Kinh Mat,3640000,389,San pham chat luong cao
P-03191,Anker Laptop Mini,Anker,Laptop,281000,111,San pham chat luong cao
P-03192,Apple Cap Sac Plus,Apple,Cap Sac,299000,69,San pham chat luong cao
P-03193,Razer Op Lung Mini,Razer,Op Lung,4711000,208,San pham chat luong cao
P-03194,Sony Ong Nhom V2,Sony,Ong Nhom,990000,279,San pham chat luong cao
P-03195,HP Webcam Ultra,HP,Webcam,4595000,343,San pham chat luong cao
P-03196,Xiaomi Cap Sac V2,Xiaomi,Cap Sac,2109000,35,San pham chat luong cao
P-03197,HP Tai Nghe V2,HP,Tai Nghe,1692000,48,San pham chat luong cao
P-03198,Asus Cap Sac XL,Asus,Cap Sac,4484000,123,San pham chat luong cao
P-03199,Anker Monitor V2,Anker,Monitor,1836000,59,San pham chat luong cao
P-03200,Logitech Ao Thun Pro Max,Logitech,Ao Thun,878000,159,San pham chat luong cao
P-03201,JBL Tablet Sport,JBL,Tablet,927000,340,San pham chat luong cao
P-03202,Asus Tablet Lite,Asus,Tablet,4596000,263,San pham chat luong cao
P-03203,Asus May Anh Plus,Asus,May Anh,3661000,152,San pham chat luong cao
P-03204,Asus Chuot Gaming Pro Max,Asus,Chuot Gaming,2829000,368,San pham chat luong cao
P-03205,Logitech Chuot Gaming Lite,Logitech,Chuot Gaming,2357000,114,San pham chat luong cao
P-03206,Samsung Laptop Ultra,Samsung,Laptop,4075000,468,San pham chat luong cao
P-03207,Logitech Cap Sac XL,Logitech,Cap Sac,4234000,261,San pham chat luong cao
P-03208,HP Loa Lite,HP,Loa,1551000,341,San pham chat luong cao
P-03209,JBL Op Lung Mini,JBL,Op Lung,1538000,166,San pham chat luong cao
P-03210,Sony Balo Classic,Sony,Balo,3602000,132,San pham chat luong cao
P-03211,JBL Kinh Mat Classic,JBL,Kinh Mat,2676000,212,San pham chat luong cao
P-03212,Sony Monitor V2,Sony,Monitor,3540000,483,San pham chat luong cao
P-03213,Razer Quat Mini Premium,Razer,Quat Mini,3624000,72,San pham chat luong cao
P-03214,Logitech Webcam XL,Logitech,Webcam,2458000,95,San pham chat luong cao
P-03215,Anker Loa Mini,Anker,Loa,1206000,261,San pham chat luong cao
P-03216,Xiaomi Monitor Plus,Xiaomi,Monitor,474000,340,San pham chat luong cao
P-03217,Samsung Kinh Mat Mini,Samsung,Kinh Mat,4604000,404,San pham chat luong cao
P-03218,Anker Dong Ho Premium,Anker,Dong Ho,3766000,121,San pham chat luong cao
P-03219,Logitech Giay Premium,Logitech,Giay,4627000,244,San pham chat luong cao
P-03220,Sony Balo Plus,Sony,Balo,2173000,279,San pham chat luong cao
P-03221,Logitech Cap Sac Lite,Logitech,Cap Sac,321000,135,San pham chat luong cao
P-03222,HP Ban Phim V2,HP,Ban Phim,603000,310,San pham chat luong cao
P-03223,Logitech Tai Nghe Mini,Logitech,Tai Nghe,2191000,102,San pham chat luong cao
P-03224,HP May Anh Pro Max,HP,May Anh,1508000,483,San pham chat luong cao
P-03225,JBL Giay Mini,JBL,Giay,3675000,305,San pham chat luong cao
P-03226,HP May Anh Ultra,HP,May Anh,4215000,250,San pham chat luong cao
P-03227,Xiaomi USB Hub Premium,Xiaomi,USB Hub,4672000,496,San pham chat luong cao
P-03228,Logitech Quat Mini Ultra,Logitech,Quat Mini,74000,249,San pham chat luong cao
P-03229,Logitech Ban Phim Lite,Logitech,Ban Phim,3167000,454,San pham chat luong cao
P-03230,Razer Kinh Mat Plus,Razer,Kinh Mat,1999000,71,San pham chat luong cao
P-03231,Razer May Anh Plus,Razer,May Anh,1237000,463,San pham chat luong cao
P-03232,Apple Kinh Mat XL,Apple,Kinh Mat,2746000,261,San pham chat luong cao
P-03233,Samsung Loa Ultra,Samsung,Loa,3115000,270,San pham chat luong cao
P-03234,Sony Chuot Gaming Classic,Sony,Chuot Gaming,2781000,426,San pham chat luong cao
P-03235,Logitech Dong Ho Premium,Logitech,Dong Ho,4880000,36,San pham chat luong cao
P-03236,Xiaomi Ong Nhom Premium,Xiaomi,Ong Nhom,1843000,306,San pham chat luong cao
P-03237,Razer Chuot Gaming Pro Max,Razer,Chuot Gaming,2885000,172,San pham chat luong cao
P-03238,Xiaomi Balo Pro Max,Xiaomi,Balo,542000,15,San pham chat luong cao
P-03239,Logitech USB Hub Classic,Logitech,USB Hub,1340000,169,San pham chat luong cao
P-03240,Asus Op Lung Mini,Asus,Op Lung,4435000,448,San pham chat luong cao
P-03241,Xiaomi Giay Pro Max,Xiaomi,Giay,912000,331,San pham chat luong cao
P-03242,Sony Tablet Plus,Sony,Tablet,2113000,477,San pham chat luong cao
P-03243,Xiaomi Webcam Mini,Xiaomi,Webcam,3786000,412,San pham chat luong cao
P-03244,Razer Balo Pro Max,Razer,Balo,2688000,207,San pham chat luong cao
P-03245,Razer USB Hub Mini,Razer,USB Hub,1350000,290,San pham chat luong cao
P-03246,Apple Laptop Lite,Apple,Laptop,2656000,156,San pham chat luong cao
P-03247,Apple Monitor Plus,Apple,Monitor,3274000,170,San pham chat luong cao
P-03248,Samsung Giay V2,Samsung,Giay,1230000,169,San pham chat luong cao
P-03249,JBL Op Lung XL,JBL,Op Lung,1623000,149,San pham chat luong cao
P-03250,Logitech Giay Mini,Logitech,Giay,2739000,390,San pham chat luong cao
P-03251,Anker Ban Phim Plus,Anker,Ban Phim,3064000,266,San pham chat luong cao
P-03252,JBL Dong Ho Pro Max,JBL,Dong Ho,1228000,152,San pham chat luong cao
P-03253,Razer Ong Nhom V2,Razer,Ong Nhom,2174000,214,San pham chat luong cao
P-03254,Logitech Webcam Premium,Logitech,Webcam,4349000,78,San pham chat luong cao
P-03255,HP Loa Ultra,HP,Loa,633000,351,San pham chat luong cao
P-03256,Anker Monitor Pro Max,Anker,Monitor,4202000,470,San pham chat luong cao
P-03257,Xiaomi Monitor Ultra,Xiaomi,Monitor,3790000,86,San pham chat luong cao
P-03258,Sony Tai Nghe Plus,Sony,Tai Nghe,3607000,494,San pham chat luong cao
P-03259,Anker Giay Pro Max,Anker,Giay,2076000,52,San pham chat luong cao
P-03260,Sony Kinh Mat Pro Max,Sony,Kinh Mat,1064000,288,San pham chat luong cao
P-03261,Sony USB Hub Plus,Sony,USB Hub,3029000,434,San pham chat luong cao
P-03262,Samsung Monitor Ultra,Samsung,Monitor,1056000,288,San pham chat luong cao
P-03263,Samsung USB Hub Mini,Samsung,USB Hub,4363000,331,San pham chat luong cao
P-03264,JBL Chuot Gaming Sport,JBL,Chuot Gaming,4052000,169,San pham chat luong cao
P-03265,Logitech USB Hub Classic,Logitech,USB Hub,2526000,173,San pham chat luong cao
P-03266,JBL Chuot Gaming XL,JBL,Chuot Gaming,2290000,477,San pham chat luong cao
P-03267,Anker Loa V2,Anker,Loa,4853000,189,San pham chat luong cao
P-03268,HP Cap Sac XL,HP,Cap Sac,1185000,326,San pham chat luong cao
P-03269,Razer Monitor Ultra,Razer,Monitor,1659000,73,San pham chat luong cao
P-03270,Asus USB Hub Premium,Asus,USB Hub,4785000,49,San pham chat luong cao
P-03271,Razer Quat Mini Pro Max,Razer,Quat Mini,1093000,133,San pham chat luong cao
P-03272,Anker Quat Mini Plus,Anker,Quat Mini,4232000,427,San pham chat luong cao
P-03273,Sony Monitor V2,Sony,Monitor,3179000,307,San pham chat luong cao
P-03274,HP Balo Pro Max,HP,Balo,1028000,23,San pham chat luong cao
P-03275,Sony Ong Nhom Plus,Sony,Ong Nhom,930000,474,San pham chat luong cao
P-03276,Logitech Balo Ultra,Logitech,Balo,130000,263,San pham chat luong cao
P-03277,JBL Op Lung Premium,JBL,Op Lung,4118000,53,San pham chat luong cao
P-03278,Sony Ao Thun Ultra,Sony,Ao Thun,504000,410,San pham chat luong cao
P-03279,Sony Webcam Plus,Sony,Webcam,2164000,155,San pham chat luong cao
P-03280,Logitech Tablet Classic,Logitech,Tablet,176000,210,San pham chat luong cao
P-03281,JBL Cap Sac Ultra,JBL,Cap Sac,4482000,352,San pham chat luong cao
P-03282,Apple Tablet Pro Max,Apple,Tablet,2441000,334,San pham chat luong cao
P-03283,Samsung Laptop Pro Max,Samsung,Laptop,2959000,475,San pham chat luong cao
P-03284,Razer Giay Lite,Razer,Giay,4134000,84,San pham chat luong cao
P-03285,Apple Sac Du Phong Mini,Apple,Sac Du Phong,218000,142,San pham chat luong cao
P-03286,Razer Balo Mini,Razer,Balo,4352000,123,San pham chat luong cao
P-03287,Razer Chuot Gaming Ultra,Razer,Chuot Gaming,2591000,433,San pham chat luong cao
P-03288,Xiaomi Giay XL,Xiaomi,Giay,2839000,429,San pham chat luong cao
P-03289,Logitech Ao Thun XL,Logitech,Ao Thun,1890000,407,San pham chat luong cao
P-03290,Samsung Ban Phim Premium,Samsung,Ban Phim,1152000,456,San pham chat luong cao
P-03291,Xiaomi Tablet V2,Xiaomi,Tablet,4037000,245,San pham chat luong cao
P-03292,Razer Balo V2,Razer,Balo,1547000,458,San pham chat luong cao
P-03293,JBL Op Lung XL,JBL,Op Lung,3622000,433,San pham chat luong cao
P-03294,Asus Monitor XL,Asus,Monitor,3442000,223,San pham chat luong cao
P-03295,Logitech Giay Sport,Logitech,Giay,237000,275,San pham chat luong cao
P-03296,JBL Op Lung Pro Max,JBL,Op Lung,2885000,25,San pham chat luong cao
P-03297,Razer Chuot Gaming V2,Razer,Chuot Gaming,2075000,447,San pham chat luong cao
P-03298,Anker Giay Mini,Anker,Giay,1837000,236,San pham chat luong cao
P-03299,Xiaomi Laptop Mini,Xiaomi,Laptop,182000,207,San pham chat luong cao
P-03300,Sony Tai Nghe Premium,Sony,Tai Nghe,3130000,195,San pham chat luong cao
P-03301,Asus Chuot Gaming Sport,Asus,Chuot Gaming,2418000,483,San pham chat luong cao
P-03302,Anker Tai Nghe V2,Anker,Tai Nghe,4161000,43,San pham chat luong cao
P-03303,Logitech Kinh Mat Sport,Logitech,Kinh Mat,1687000,159,San pham chat luong cao
P-03304,Asus Quat Mini XL,Asus,Quat Mini,107000,349,San pham chat luong cao
P-03305,JBL Laptop Lite,JBL,Laptop,4154000,357,San pham chat luong cao
P-03306,Sony Quat Mini XL,Sony,Quat Mini,3408000,286,San pham chat luong cao
P-03307,JBL Tai Nghe Classic,JBL,Tai Nghe,3421000,370,San pham chat luong cao
P-03308,Sony Cap Sac V2,Sony,Cap Sac,4699000,410,San pham chat luong cao
P-03309,Sony Cap Sac Premium,Sony,Cap Sac,4241000,124,San pham chat luong cao
P-03310,Apple Webcam Plus,Apple,Webcam,2690000,141,San pham chat luong cao
P-03311,HP Quat Mini V2,HP,Quat Mini,2996000,268,San pham chat luong cao
P-03312,HP USB Hub XL,HP,USB Hub,1933000,472,San pham chat luong cao
P-03313,HP Kinh Mat Mini,HP,Kinh Mat,3466000,195,San pham chat luong cao
P-03314,HP Monitor Lite,HP,Monitor,1803000,283,San pham chat luong cao
P-03315,Logitech Chuot Gaming Sport,Logitech,Chuot Gaming,4561000,16,San pham chat luong cao
P-03316,Apple Balo Plus,Apple,Balo,566000,118,San pham chat luong cao
P-03317,Xiaomi Ban Phim Classic,Xiaomi,Ban Phim,4981000,434,San pham chat luong cao
P-03318,Sony Loa Mini,Sony,Loa,801000,375,San pham chat luong cao
P-03319,HP Dong Ho Pro Max,HP,Dong Ho,459000,118,San pham chat luong cao
P-03320,Apple Loa Mini,Apple,Loa,3157000,40,San pham chat luong cao
P-03321,Xiaomi Ban Phim Premium,Xiaomi,Ban Phim,2428000,230,San pham chat luong cao
P-03322,Asus Quat Mini V2,Asus,Quat Mini,1704000,465,San pham chat luong cao
P-03323,JBL Tablet Lite,JBL,Tablet,3230000,336,San pham chat luong cao
P-03324,Razer Ong Nhom Lite,Razer,Ong Nhom,2968000,48,San pham chat luong cao
P-03325,HP Chuot Gaming Mini,HP,Chuot Gaming,2636000,181,San pham chat luong cao
P-03326,HP Dong Ho XL,HP,Dong Ho,4378000,208,San pham chat luong cao
P-03327,Apple Quat Mini Ultra,Apple,Quat Mini,4221000,213,San pham chat luong cao
P-03328,JBL Kinh Mat V2,JBL,Kinh Mat,1246000,174,San pham chat luong cao
P-03329,Apple Cap Sac Mini,Apple,Cap Sac,930000,337,San pham chat luong cao
P-03330,JBL Quat Mini Lite,JBL,Quat Mini,1645000,417,San pham chat luong cao
P-03331,Anker Quat Mini Pro Max,Anker,Quat Mini,2923000,405,San pham chat luong cao
P-03332,JBL Sac Du Phong Lite,JBL,Sac Du Phong,3416000,155,San pham chat luong cao
P-03333,Razer Kinh Mat Pro Max,Razer,Kinh Mat,978000,212,San pham chat luong cao
P-03334,Apple Webcam V2,Apple,Webcam,2375000,66,San pham chat luong cao
P-03335,Apple Monitor Classic,Apple,Monitor,2914000,115,San pham chat luong cao
P-03336,HP Monitor Premium,HP,Monitor,1850000,132,San pham chat luong cao
P-03337,Apple Laptop V2,Apple,Laptop,3042000,279,San pham chat luong cao
P-03338,Razer Quat Mini V2,Razer,Quat Mini,1727000,153,San pham chat luong cao
P-03339,Asus Tai Nghe V2,Asus,Tai Nghe,4948000,219,San pham chat luong cao
P-03340,Asus Ong Nhom Pro Max,Asus,Ong Nhom,4779000,177,San pham chat luong cao
P-03341,Sony Kinh Mat Pro Max,Sony,Kinh Mat,3737000,206,San pham chat luong cao
P-03342,Apple Quat Mini XL,Apple,Quat Mini,1528000,217,San pham chat luong cao
P-03343,Razer Balo Pro Max,Razer,Balo,898000,46,San pham chat luong cao
P-03344,Apple May Anh Lite,Apple,May Anh,2960000,154,San pham chat luong cao
P-03345,HP Giay Classic,HP,Giay,855000,409,San pham chat luong cao
P-03346,Asus Sac Du Phong Pro Max,Asus,Sac Du Phong,421000,68,San pham chat luong cao
P-03347,JBL Op Lung Sport,JBL,Op Lung,4860000,460,San pham chat luong cao
P-03348,Logitech Loa Plus,Logitech,Loa,4250000,45,San pham chat luong cao
P-03349,HP Cap Sac Plus,HP,Cap Sac,2910000,247,San pham chat luong cao
P-03350,Xiaomi USB Hub Ultra,Xiaomi,USB Hub,2280000,325,San pham chat luong cao
P-03351,Xiaomi Laptop Pro Max,Xiaomi,Laptop,220000,26,San pham chat luong cao
P-03352,JBL Giay Lite,JBL,Giay,3733000,484,San pham chat luong cao
P-03353,Razer Op Lung Sport,Razer,Op Lung,1982000,481,San pham chat luong cao
P-03354,Razer Quat Mini Ultra,Razer,Quat Mini,290000,97,San pham chat luong cao
P-03355,Sony Webcam V2,Sony,Webcam,1944000,443,San pham chat luong cao
P-03356,Anker Sac Du Phong Mini,Anker,Sac Du Phong,3671000,109,San pham chat luong cao
P-03357,Asus Op Lung Lite,Asus,Op Lung,2223000,363,San pham chat luong cao
P-03358,Sony Quat Mini Lite,Sony,Quat Mini,3489000,16,San pham chat luong cao
P-03359,HP Kinh Mat Premium,HP,Kinh Mat,1192000,58,San pham chat luong cao
P-03360,Logitech Dong Ho Sport,Logitech,Dong Ho,2572000,91,San pham chat luong cao
P-03361,JBL Cap Sac Classic,JBL,Cap Sac,4629000,343,San pham chat luong cao
P-03362,Sony Loa Mini,Sony,Loa,1679000,432,San pham chat luong cao
P-03363,JBL Loa Classic,JBL,Loa,2648000,434,San pham chat luong cao
P-03364,Apple Op Lung Mini,Apple,Op Lung,4276000,323,San pham chat luong cao
P-03365,Apple Dong Ho V2,Apple,Dong Ho,3481000,102,San pham chat luong cao
P-03366,Anker USB Hub Ultra,Anker,USB Hub,1457000,13,San pham chat luong cao
P-03367,Apple Ao Thun V2,Apple,Ao Thun,1688000,195,San pham chat luong cao
P-03368,Apple Webcam Pro Max,Apple,Webcam,4375000,269,San pham chat luong cao
P-03369,Samsung Sac Du Phong XL,Samsung,Sac Du Phong,4056000,156,San pham chat luong cao
P-03370,Anker Laptop Classic,Anker,Laptop,933000,17,San pham chat luong cao
P-03371,Anker Sac Du Phong Lite,Anker,Sac Du Phong,913000,481,San pham chat luong cao
P-03372,Apple Cap Sac XL,Apple,Cap Sac,4247000,495,San pham chat luong cao
P-03373,Razer Ong Nhom Ultra,Razer,Ong Nhom,3061000,317,San pham chat luong cao
P-03374,Anker Kinh Mat Plus,Anker,Kinh Mat,4460000,294,San pham chat luong cao
P-03375,Razer Sac Du Phong Plus,Razer,Sac Du Phong,1992000,61,San pham chat luong cao
P-03376,Sony Sac Du Phong Sport,Sony,Sac Du Phong,2619000,222,San pham chat luong cao
P-03377,Asus Monitor Sport,Asus,Monitor,2748000,339,San pham chat luong cao
P-03378,Apple Loa Ultra,Apple,Loa,2761000,436,San pham chat luong cao
P-03379,Anker Balo Lite,Anker,Balo,973000,360,San pham chat luong cao
P-03380,Logitech Ban Phim Classic,Logitech,Ban Phim,3556000,143,San pham chat luong cao
P-03381,Razer Ao Thun XL,Razer,Ao Thun,1330000,189,San pham chat luong cao
P-03382,Sony Tablet Mini,Sony,Tablet,4770000,361,San pham chat luong cao
P-03383,Anker Tablet Pro Max,Anker,Tablet,3465000,415,San pham chat luong cao
P-03384,Samsung May Anh Plus,Samsung,May Anh,2363000,475,San pham chat luong cao
P-03385,Samsung Tablet Classic,Samsung,Tablet,2533000,482,San pham chat luong cao
P-03386,Xiaomi Balo Plus,Xiaomi,Balo,1608000,160,San pham chat luong cao
P-03387,Xiaomi Loa Mini,Xiaomi,Loa,889000,329,San pham chat luong cao
P-03388,Asus Op Lung Ultra,Asus,Op Lung,1520000,286,San pham chat luong cao
P-03389,Apple Kinh Mat Classic,Apple,Kinh Mat,4279000,424,San pham chat luong cao
P-03390,Xiaomi USB Hub Plus,Xiaomi,USB Hub,2017000,339,San pham chat luong cao
P-03391,Razer Giay V2,Razer,Giay,3814000,500,San pham chat luong cao
P-03392,Samsung Laptop Classic,Samsung,Laptop,2843000,171,San pham chat luong cao
P-03393,Razer Balo Ultra,Razer,Balo,1314000,353,San pham chat luong cao
P-03394,Sony Tablet Plus,Sony,Tablet,299000,183,San pham chat luong cao
P-03395,HP Cap Sac Classic,HP,Cap Sac,620000,414,San pham chat luong cao
P-03396,Apple Balo Classic,Apple,Balo,2788000,347,San pham chat luong cao
P-03397,Anker Laptop XL,Anker,Laptop,541000,215,San pham chat luong cao
P-03398,Samsung Balo Classic,Samsung,Balo,1871000,290,San pham chat luong cao
P-03399,HP USB Hub Lite,HP,USB Hub,2923000,486,San pham chat luong cao
P-03400,Samsung Ong Nhom Pro Max,Samsung,Ong Nhom,2113000,354,San pham chat luong cao
P-03401,HP Quat Mini V2,HP,Quat Mini,1972000,396,San pham chat luong cao
P-03402,JBL Giay Pro Max,JBL,Giay,3615000,410,San pham chat luong cao
P-03403,Logitech Loa Mini,Logitech,Loa,2442000,329,San pham chat luong cao
P-03404,Samsung Webcam XL,Samsung,Webcam,1590000,160,San pham chat luong cao
P-03405,Samsung Webcam XL,Samsung,Webcam,2617000,137,San pham chat luong cao
P-03406,HP Loa V2,HP,Loa,3766000,44,San pham chat luong cao
P-03407,Anker Op Lung Mini,Anker,Op Lung,2066000,305,San pham chat luong cao
P-03408,Logitech Sac Du Phong Lite,Logitech,Sac Du Phong,2428000,458,San pham chat luong cao
P-03409,Asus Ong Nhom Plus,Asus,Ong Nhom,784000,150,San pham chat luong cao
P-03410,Xiaomi Laptop Mini,Xiaomi,Laptop,4619000,416,San pham chat luong cao
P-03411,Xiaomi Quat Mini Ultra,Xiaomi,Quat Mini,3865000,441,San pham chat luong cao
P-03412,Razer Monitor Plus,Razer,Monitor,4543000,314,San pham chat luong cao
P-03413,JBL Cap Sac Sport,JBL,Cap Sac,4743000,482,San pham chat luong cao
P-03414,Asus Ban Phim Pro Max,Asus,Ban Phim,3528000,91,San pham chat luong cao
P-03415,Razer Laptop Pro Max,Razer,Laptop,2030000,279,San pham chat luong cao
P-03416,Apple Cap Sac XL,Apple,Cap Sac,1090000,407,San pham chat luong cao
P-03417,Samsung Chuot Gaming Sport,Samsung,Chuot Gaming,786000,242,San pham chat luong cao
P-03418,HP Dong Ho Plus,HP,Dong Ho,3576000,186,San pham chat luong cao
P-03419,Xiaomi Giay Sport,Xiaomi,Giay,2799000,49,San pham chat luong cao
P-03420,Logitech Giay Plus,Logitech,Giay,361000,254,San pham chat luong cao
P-03421,Razer Webcam Plus,Razer,Webcam,2708000,87,San pham chat luong cao
P-03422,Xiaomi Ao Thun Mini,Xiaomi,Ao Thun,1503000,387,San pham chat luong cao
P-03423,Anker Ao Thun V2,Anker,Ao Thun,4685000,396,San pham chat luong cao
P-03424,Samsung Tai Nghe Pro Max,Samsung,Tai Nghe,2789000,62,San pham chat luong cao
P-03425,Logitech Kinh Mat Pro Max,Logitech,Kinh Mat,4023000,185,San pham chat luong cao
P-03426,Logitech Tai Nghe Pro Max,Logitech,Tai Nghe,1776000,215,San pham chat luong cao
P-03427,Apple Balo Pro Max,Apple,Balo,4772000,433,San pham chat luong cao
P-03428,Logitech Tablet Lite,Logitech,Tablet,2502000,60,San pham chat luong cao
P-03429,Xiaomi Monitor V2,Xiaomi,Monitor,2583000,10,San pham chat luong cao
P-03430,Razer Monitor Premium,Razer,Monitor,1249000,283,San pham chat luong cao
P-03431,Anker Tablet XL,Anker,Tablet,2782000,449,San pham chat luong cao
P-03432,Sony Chuot Gaming Premium,Sony,Chuot Gaming,934000,12,San pham chat luong cao
P-03433,Razer Sac Du Phong Pro Max,Razer,Sac Du Phong,4644000,450,San pham chat luong cao
P-03434,Sony Webcam V2,Sony,Webcam,3930000,404,San pham chat luong cao
P-03435,Logitech Webcam Sport,Logitech,Webcam,3310000,373,San pham chat luong cao
P-03436,Apple Ban Phim Pro Max,Apple,Ban Phim,1941000,202,San pham chat luong cao
P-03437,Samsung Tablet Premium,Samsung,Tablet,1293000,188,San pham chat luong cao
P-03438,Logitech Tai Nghe Ultra,Logitech,Tai Nghe,4888000,458,San pham chat luong cao
P-03439,Xiaomi Balo Pro Max,Xiaomi,Balo,2354000,255,San pham chat luong cao
P-03440,Samsung Op Lung XL,Samsung,Op Lung,3704000,126,San pham chat luong cao
P-03441,Xiaomi Balo Premium,Xiaomi,Balo,1544000,352,San pham chat luong cao
P-03442,HP Sac Du Phong Ultra,HP,Sac Du Phong,3664000,284,San pham chat luong cao
P-03443,Xiaomi Tablet Mini,Xiaomi,Tablet,3498000,177,San pham chat luong cao
P-03444,Sony Monitor Lite,Sony,Monitor,4284000,282,San pham chat luong cao
P-03445,Xiaomi Laptop Premium,Xiaomi,Laptop,3734000,429,San pham chat luong cao
P-03446,Razer Tablet Sport,Razer,Tablet,1796000,487,San pham chat luong cao
P-03447,Logitech Kinh Mat Sport,Logitech,Kinh Mat,1976000,107,San pham chat luong cao
P-03448,Apple Quat Mini Mini,Apple,Quat Mini,1383000,109,San pham chat luong cao
P-03449,HP Dong Ho Ultra,HP,Dong Ho,656000,40,San pham chat luong cao
P-03450,Razer Tai Nghe Ultra,Razer,Tai Nghe,3612000,230,San pham chat luong cao
P-03451,Samsung Webcam Premium,Samsung,Webcam,1113000,487,San pham chat luong cao
P-03452,Anker May Anh Lite,Anker,May Anh,4251000,123,San pham chat luong cao
P-03453,JBL Dong Ho V2,JBL,Dong Ho,2072000,59,San pham chat luong cao
P-03454,JBL Tablet Lite,JBL,Tablet,129000,74,San pham chat luong cao
P-03455,Razer Webcam XL,Razer,Webcam,3509000,328,San pham chat luong cao
P-03456,Razer Laptop Mini,Razer,Laptop,1336000,368,San pham chat luong cao
P-03457,Logitech Giay Ultra,Logitech,Giay,4452000,217,San pham chat luong cao
P-03458,HP Sac Du Phong Mini,HP,Sac Du Phong,437000,371,San pham chat luong cao
P-03459,Anker Balo Plus,Anker,Balo,4428000,86,San pham chat luong cao
P-03460,JBL Balo Mini,JBL,Balo,4919000,423,San pham chat luong cao
P-03461,Samsung May Anh Mini,Samsung,May Anh,531000,236,San pham chat luong cao
P-03462,HP USB Hub Mini,HP,USB Hub,2450000,288,San pham chat luong cao
P-03463,HP Monitor Plus,HP,Monitor,1951000,329,San pham chat luong cao
P-03464,Razer Sac Du Phong Sport,Razer,Sac Du Phong,2748000,435,San pham chat luong cao
P-03465,Samsung Loa Premium,Samsung,Loa,3734000,421,San pham chat luong cao
P-03466,Sony Tai Nghe Classic,Sony,Tai Nghe,4212000,444,San pham chat luong cao
P-03467,Xiaomi Laptop Lite,Xiaomi,Laptop,1940000,358,San pham chat luong cao
P-03468,Anker Monitor Sport,Anker,Monitor,2740000,345,San pham chat luong cao
P-03469,Anker Webcam Premium,Anker,Webcam,4356000,32,San pham chat luong cao
P-03470,Razer Dong Ho Sport,Razer,Dong Ho,1671000,268,San pham chat luong cao
P-03471,Apple Cap Sac Premium,Apple,Cap Sac,1075000,402,San pham chat luong cao
P-03472,Sony Giay Mini,Sony,Giay,849000,426,San pham chat luong cao
P-03473,Xiaomi USB Hub Premium,Xiaomi,USB Hub,2689000,455,San pham chat luong cao
P-03474,Apple Tai Nghe Mini,Apple,Tai Nghe,4267000,102,San pham chat luong cao
P-03475,Anker Webcam Classic,Anker,Webcam,3614000,227,San pham chat luong cao
P-03476,Razer Kinh Mat V2,Razer,Kinh Mat,1946000,63,San pham chat luong cao
P-03477,HP Kinh Mat Premium,HP,Kinh Mat,3019000,230,San pham chat luong cao
P-03478,HP Op Lung Mini,HP,Op Lung,309000,497,San pham chat luong cao
P-03479,Asus Chuot Gaming Classic,Asus,Chuot Gaming,2738000,43,San pham chat luong cao
P-03480,JBL Ong Nhom Mini,JBL,Ong Nhom,4319000,104,San pham chat luong cao
P-03481,Samsung Cap Sac Sport,Samsung,Cap Sac,2365000,463,San pham chat luong cao
P-03482,Sony Ao Thun Plus,Sony,Ao Thun,3704000,357,San pham chat luong cao
P-03483,Xiaomi Giay Sport,Xiaomi,Giay,3710000,346,San pham chat luong cao
P-03484,Anker May Anh Pro Max,Anker,May Anh,4269000,109,San pham chat luong cao
P-03485,JBL Tai Nghe Plus,JBL,Tai Nghe,3392000,238,San pham chat luong cao
P-03486,Samsung Loa Premium,Samsung,Loa,4042000,395,San pham chat luong cao
P-03487,HP Kinh Mat Sport,HP,Kinh Mat,2082000,320,San pham chat luong cao
P-03488,Apple Webcam Premium,Apple,Webcam,943000,389,San pham chat luong cao
P-03489,Razer Dong Ho Plus,Razer,Dong Ho,3545000,13,San pham chat luong cao
P-03490,Logitech Balo Ultra,Logitech,Balo,1410000,332,San pham chat luong cao
P-03491,HP Tablet Mini,HP,Tablet,3950000,196,San pham chat luong cao
P-03492,Samsung Loa Lite,Samsung,Loa,153000,388,San pham chat luong cao
P-03493,JBL USB Hub Lite,JBL,USB Hub,135000,406,San pham chat luong cao
P-03494,Samsung Sac Du Phong Pro Max,Samsung,Sac Du Phong,1385000,410,San pham chat luong cao
P-03495,Logitech Tablet Sport,Logitech,Tablet,4315000,358,San pham chat luong cao
P-03496,Asus USB Hub Premium,Asus,USB Hub,3462000,484,San pham chat luong cao
P-03497,Sony Cap Sac V2,Sony,Cap Sac,911000,461,San pham chat luong cao
P-03498,Logitech Giay Classic,Logitech,Giay,106000,187,San pham chat luong cao
P-03499,Anker May Anh Mini,Anker,May Anh,102000,103,San pham chat luong cao
P-03500,Asus Loa Sport,Asus,Loa,4135000,214,San pham chat luong cao
P-03501,Xiaomi USB Hub Sport,Xiaomi,USB Hub,3278000,395,San pham chat luong cao
P-03502,Anker Monitor Premium,Anker,Monitor,2991000,491,San pham chat luong cao
P-03503,Apple Loa XL,Apple,Loa,918000,481,San pham chat luong cao
P-03504,Asus Cap Sac Sport,Asus,Cap Sac,3263000,278,San pham chat luong cao
P-03505,Logitech Monitor Lite,Logitech,Monitor,4035000,458,San pham chat luong cao
P-03506,HP Webcam Pro Max,HP,Webcam,4209000,107,San pham chat luong cao
P-03507,Sony Balo V2,Sony,Balo,1227000,79,San pham chat luong cao
P-03508,Xiaomi Ban Phim Sport,Xiaomi,Ban Phim,501000,38,San pham chat luong cao
P-03509,Samsung Chuot Gaming XL,Samsung,Chuot Gaming,1980000,83,San pham chat luong cao
P-03510,JBL Giay Sport,JBL,Giay,1103000,388,San pham chat luong cao
P-03511,Xiaomi Op Lung Mini,Xiaomi,Op Lung,3301000,377,San pham chat luong cao
P-03512,JBL Tai Nghe Premium,JBL,Tai Nghe,3066000,453,San pham chat luong cao
P-03513,Xiaomi Chuot Gaming Classic,Xiaomi,Chuot Gaming,3009000,157,San pham chat luong cao
P-03514,Asus Kinh Mat Premium,Asus,Kinh Mat,2307000,82,San pham chat luong cao
P-03515,Anker Ong Nhom Lite,Anker,Ong Nhom,1044000,98,San pham chat luong cao
P-03516,JBL Monitor Ultra,JBL,Monitor,1967000,287,San pham chat luong cao
P-03517,JBL Op Lung Ultra,JBL,Op Lung,2334000,256,San pham chat luong cao
P-03518,Apple Tablet XL,Apple,Tablet,394000,44,San pham chat luong cao
P-03519,Apple Webcam Pro Max,Apple,Webcam,1099000,290,San pham chat luong cao
P-03520,Razer Ao Thun Sport,Razer,Ao Thun,1331000,294,San pham chat luong cao
P-03521,Logitech Op Lung Plus,Logitech,Op Lung,3332000,129,San pham chat luong cao
P-03522,JBL Balo Pro Max,JBL,Balo,967000,290,San pham chat luong cao
P-03523,Asus Ao Thun Pro Max,Asus,Ao Thun,3561000,475,San pham chat luong cao
P-03524,Samsung Chuot Gaming V2,Samsung,Chuot Gaming,4020000,219,San pham chat luong cao
P-03525,Logitech May Anh Plus,Logitech,May Anh,295000,182,San pham chat luong cao
P-03526,Xiaomi Quat Mini Sport,Xiaomi,Quat Mini,269000,344,San pham chat luong cao
P-03527,Logitech Tai Nghe Pro Max,Logitech,Tai Nghe,56000,343,San pham chat luong cao
P-03528,HP Webcam Mini,HP,Webcam,396000,16,San pham chat luong cao
P-03529,Samsung Ao Thun Sport,Samsung,Ao Thun,4078000,190,San pham chat luong cao
P-03530,Asus Ao Thun Premium,Asus,Ao Thun,2590000,392,San pham chat luong cao
P-03531,Samsung Loa Lite,Samsung,Loa,3296000,212,San pham chat luong cao
P-03532,Asus Cap Sac Classic,Asus,Cap Sac,3752000,33,San pham chat luong cao
P-03533,Sony Ao Thun Lite,Sony,Ao Thun,3713000,188,San pham chat luong cao
P-03534,Sony Tai Nghe V2,Sony,Tai Nghe,4217000,411,San pham chat luong cao
P-03535,Logitech Giay V2,Logitech,Giay,3159000,325,San pham chat luong cao
P-03536,HP Balo Premium,HP,Balo,1033000,406,San pham chat luong cao
P-03537,Apple Laptop Sport,Apple,Laptop,3770000,225,San pham chat luong cao
P-03538,Asus Ao Thun Sport,Asus,Ao Thun,784000,271,San pham chat luong cao
P-03539,Razer Tablet Plus,Razer,Tablet,249000,44,San pham chat luong cao
P-03540,Logitech Ao Thun Pro Max,Logitech,Ao Thun,4975000,101,San pham chat luong cao
P-03541,Samsung Dong Ho Ultra,Samsung,Dong Ho,1513000,11,San pham chat luong cao
P-03542,HP Cap Sac Premium,HP,Cap Sac,1158000,114,San pham chat luong cao
P-03543,Apple Monitor V2,Apple,Monitor,2898000,390,San pham chat luong cao
P-03544,JBL Ong Nhom XL,JBL,Ong Nhom,2017000,474,San pham chat luong cao
P-03545,Samsung Balo Ultra,Samsung,Balo,2018000,342,San pham chat luong cao
P-03546,Logitech Tai Nghe XL,Logitech,Tai Nghe,4514000,415,San pham chat luong cao
P-03547,Xiaomi Chuot Gaming Classic,Xiaomi,Chuot Gaming,1276000,365,San pham chat luong cao
P-03548,Asus Laptop Classic,Asus,Laptop,4317000,124,San pham chat luong cao
P-03549,Logitech Cap Sac V2,Logitech,Cap Sac,314000,73,San pham chat luong cao
P-03550,Logitech Balo Lite,Logitech,Balo,2029000,359,San pham chat luong cao
P-03551,Samsung Laptop Pro Max,Samsung,Laptop,490000,435,San pham chat luong cao
P-03552,Xiaomi Cap Sac Pro Max,Xiaomi,Cap Sac,1590000,350,San pham chat luong cao
P-03553,Logitech Dong Ho Mini,Logitech,Dong Ho,3229000,81,San pham chat luong cao
P-03554,Razer Dong Ho Ultra,Razer,Dong Ho,2258000,177,San pham chat luong cao
P-03555,HP Tablet Mini,HP,Tablet,1526000,340,San pham chat luong cao
P-03556,Sony Laptop Ultra,Sony,Laptop,4404000,171,San pham chat luong cao
P-03557,Sony Laptop Sport,Sony,Laptop,4232000,269,San pham chat luong cao
P-03558,Sony Ban Phim Classic,Sony,Ban Phim,4352000,36,San pham chat luong cao
P-03559,Samsung May Anh Ultra,Samsung,May Anh,3839000,97,San pham chat luong cao
P-03560,HP USB Hub XL,HP,USB Hub,2841000,57,San pham chat luong cao
P-03561,Anker Kinh Mat Mini,Anker,Kinh Mat,4651000,178,San pham chat luong cao
P-03562,Sony Monitor Premium,Sony,Monitor,3121000,63,San pham chat luong cao
P-03563,Xiaomi Ban Phim Premium,Xiaomi,Ban Phim,3614000,267,San pham chat luong cao
P-03564,Asus Balo XL,Asus,Balo,4607000,42,San pham chat luong cao
P-03565,Apple Quat Mini Ultra,Apple,Quat Mini,3611000,383,San pham chat luong cao
P-03566,JBL Op Lung Classic,JBL,Op Lung,1678000,373,San pham chat luong cao
P-03567,Anker Ao Thun Lite,Anker,Ao Thun,1191000,17,San pham chat luong cao
P-03568,JBL Sac Du Phong V2,JBL,Sac Du Phong,3337000,186,San pham chat luong cao
P-03569,Asus Quat Mini Classic,Asus,Quat Mini,4748000,42,San pham chat luong cao
P-03570,Anker Ao Thun Lite,Anker,Ao Thun,3683000,446,San pham chat luong cao
P-03571,Xiaomi Ban Phim V2,Xiaomi,Ban Phim,4868000,245,San pham chat luong cao
P-03572,Asus Op Lung V2,Asus,Op Lung,3121000,361,San pham chat luong cao
P-03573,Apple Ban Phim Pro Max,Apple,Ban Phim,572000,430,San pham chat luong cao
P-03574,Apple Ong Nhom Pro Max,Apple,Ong Nhom,4637000,89,San pham chat luong cao
P-03575,Asus Op Lung Sport,Asus,Op Lung,4729000,167,San pham chat luong cao
P-03576,Asus Cap Sac Premium,Asus,Cap Sac,2851000,198,San pham chat luong cao
P-03577,JBL Tai Nghe V2,JBL,Tai Nghe,2150000,226,San pham chat luong cao
P-03578,JBL Op Lung XL,JBL,Op Lung,4371000,290,San pham chat luong cao
P-03579,Razer Op Lung Classic,Razer,Op Lung,496000,299,San pham chat luong cao
P-03580,Logitech Tai Nghe Ultra,Logitech,Tai Nghe,754000,395,San pham chat luong cao
P-03581,Apple Dong Ho Mini,Apple,Dong Ho,2432000,436,San pham chat luong cao
P-03582,Asus Quat Mini Classic,Asus,Quat Mini,2069000,109,San pham chat luong cao
P-03583,JBL Giay V2,JBL,Giay,2921000,499,San pham chat luong cao
P-03584,JBL Ong Nhom Pro Max,JBL,Ong Nhom,2387000,271,San pham chat luong cao
P-03585,Logitech Op Lung Ultra,Logitech,Op Lung,356000,462,San pham chat luong cao
P-03586,Logitech Ban Phim Plus,Logitech,Ban Phim,2672000,356,San pham chat luong cao
P-03587,HP Ao Thun Lite,HP,Ao Thun,1583000,408,San pham chat luong cao
P-03588,Asus Tai Nghe Premium,Asus,Tai Nghe,2630000,362,San pham chat luong cao
P-03589,Samsung Webcam Plus,Samsung,Webcam,184000,166,San pham chat luong cao
P-03590,Xiaomi Op Lung Sport,Xiaomi,Op Lung,1448000,499,San pham chat luong cao
P-03591,Anker Dong Ho Premium,Anker,Dong Ho,2666000,118,San pham chat luong cao
P-03592,Apple May Anh Plus,Apple,May Anh,2876000,338,San pham chat luong cao
P-03593,Anker May Anh Lite,Anker,May Anh,706000,452,San pham chat luong cao
P-03594,Logitech Ong Nhom Pro Max,Logitech,Ong Nhom,3933000,340,San pham chat luong cao
P-03595,Logitech Monitor Classic,Logitech,Monitor,789000,329,San pham chat luong cao
P-03596,Xiaomi Op Lung Pro Max,Xiaomi,Op Lung,150000,361,San pham chat luong cao
P-03597,JBL Balo XL,JBL,Balo,2070000,340,San pham chat luong cao
P-03598,Logitech Webcam Premium,Logitech,Webcam,2850000,289,San pham chat luong cao
P-03599,Anker USB Hub Lite,Anker,USB Hub,153000,325,San pham chat luong cao
P-03600,Apple Sac Du Phong Mini,Apple,Sac Du Phong,2864000,370,San pham chat luong cao
P-03601,Anker Laptop Mini,Anker,Laptop,1986000,268,San pham chat luong cao
P-03602,Anker Cap Sac Pro Max,Anker,Cap Sac,2409000,256,San pham chat luong cao
P-03603,Samsung Op Lung Lite,Samsung,Op Lung,801000,224,San pham chat luong cao
P-03604,Xiaomi Ong Nhom Ultra,Xiaomi,Ong Nhom,2789000,312,San pham chat luong cao
P-03605,Sony Loa Lite,Sony,Loa,440000,364,San pham chat luong cao
P-03606,HP Tai Nghe Lite,HP,Tai Nghe,1509000,211,San pham chat luong cao
P-03607,JBL Tablet XL,JBL,Tablet,1264000,261,San pham chat luong cao
P-03608,Apple Kinh Mat Ultra,Apple,Kinh Mat,1011000,149,San pham chat luong cao
P-03609,Xiaomi Tablet Sport,Xiaomi,Tablet,3656000,108,San pham chat luong cao
P-03610,Razer Kinh Mat Lite,Razer,Kinh Mat,709000,86,San pham chat luong cao
P-03611,Apple Webcam Classic,Apple,Webcam,3605000,459,San pham chat luong cao
P-03612,Logitech Quat Mini Premium,Logitech,Quat Mini,1185000,336,San pham chat luong cao
P-03613,Logitech Cap Sac Premium,Logitech,Cap Sac,1504000,111,San pham chat luong cao
P-03614,Razer Webcam Classic,Razer,Webcam,2165000,172,San pham chat luong cao
P-03615,Apple Balo Mini,Apple,Balo,247000,159,San pham chat luong cao
P-03616,Anker Cap Sac V2,Anker,Cap Sac,2673000,405,San pham chat luong cao
P-03617,Razer Loa Sport,Razer,Loa,2712000,274,San pham chat luong cao
P-03618,Sony Monitor V2,Sony,Monitor,2399000,311,San pham chat luong cao
P-03619,JBL Webcam Mini,JBL,Webcam,4827000,99,San pham chat luong cao
P-03620,Sony Chuot Gaming Plus,Sony,Chuot Gaming,984000,249,San pham chat luong cao
P-03621,Logitech Tai Nghe Sport,Logitech,Tai Nghe,1217000,58,San pham chat luong cao
P-03622,Xiaomi Chuot Gaming Lite,Xiaomi,Chuot Gaming,3930000,358,San pham chat luong cao
P-03623,HP Chuot Gaming Plus,HP,Chuot Gaming,231000,479,San pham chat luong cao
P-03624,Logitech Ban Phim V2,Logitech,Ban Phim,2269000,25,San pham chat luong cao
P-03625,Razer Ban Phim Ultra,Razer,Ban Phim,1802000,139,San pham chat luong cao
P-03626,Anker Webcam Plus,Anker,Webcam,1521000,171,San pham chat luong cao
P-03627,Samsung Loa Sport,Samsung,Loa,4988000,492,San pham chat luong cao
P-03628,Xiaomi USB Hub Sport,Xiaomi,USB Hub,1181000,167,San pham chat luong cao
P-03629,Apple Kinh Mat Sport,Apple,Kinh Mat,503000,454,San pham chat luong cao
P-03630,Xiaomi Webcam V2,Xiaomi,Webcam,4632000,133,San pham chat luong cao
P-03631,Asus Sac Du Phong Sport,Asus,Sac Du Phong,2803000,428,San pham chat luong cao
P-03632,HP USB Hub Ultra,HP,USB Hub,1143000,129,San pham chat luong cao
P-03633,Asus Sac Du Phong Classic,Asus,Sac Du Phong,59000,485,San pham chat luong cao
P-03634,Razer Ao Thun Ultra,Razer,Ao Thun,4912000,58,San pham chat luong cao
P-03635,JBL Ao Thun Plus,JBL,Ao Thun,2526000,72,San pham chat luong cao
P-03636,Samsung Monitor Lite,Samsung,Monitor,3389000,164,San pham chat luong cao
P-03637,Xiaomi Dong Ho V2,Xiaomi,Dong Ho,236000,45,San pham chat luong cao
P-03638,Apple Ong Nhom Pro Max,Apple,Ong Nhom,1419000,146,San pham chat luong cao
P-03639,JBL Kinh Mat XL,JBL,Kinh Mat,547000,443,San pham chat luong cao
P-03640,Apple Webcam Sport,Apple,Webcam,2025000,52,San pham chat luong cao
P-03641,Sony Sac Du Phong XL,Sony,Sac Du Phong,463000,134,San pham chat luong cao
P-03642,Xiaomi Ong Nhom Classic,Xiaomi,Ong Nhom,3687000,289,San pham chat luong cao
P-03643,Xiaomi Monitor Sport,Xiaomi,Monitor,1934000,183,San pham chat luong cao
P-03644,Anker Quat Mini Sport,Anker,Quat Mini,3879000,452,San pham chat luong cao
P-03645,Sony Balo Mini,Sony,Balo,4987000,185,San pham chat luong cao
P-03646,JBL USB Hub XL,JBL,USB Hub,2348000,226,San pham chat luong cao
P-03647,Anker Kinh Mat Classic,Anker,Kinh Mat,3737000,449,San pham chat luong cao
P-03648,Razer Monitor Classic,Razer,Monitor,1418000,298,San pham chat luong cao
P-03649,Xiaomi Ong Nhom XL,Xiaomi,Ong Nhom,4190000,105,San pham chat luong cao
P-03650,Asus Quat Mini Lite,Asus,Quat Mini,4713000,250,San pham chat luong cao
P-03651,Xiaomi Tablet Plus,Xiaomi,Tablet,3316000,433,San pham chat luong cao
P-03652,HP Ong Nhom V2,HP,Ong Nhom,4294000,352,San pham chat luong cao
P-03653,Anker Monitor Pro Max,Anker,Monitor,227000,293,San pham chat luong cao
P-03654,Apple Balo XL,Apple,Balo,727000,217,San pham chat luong cao
P-03655,HP Ao Thun Mini,HP,Ao Thun,2546000,218,San pham chat luong cao
P-03656,Asus Quat Mini V2,Asus,Quat Mini,1778000,426,San pham chat luong cao
P-03657,Sony Tai Nghe Mini,Sony,Tai Nghe,3814000,292,San pham chat luong cao
P-03658,HP Tai Nghe V2,HP,Tai Nghe,2718000,476,San pham chat luong cao
P-03659,Asus Tablet XL,Asus,Tablet,1729000,123,San pham chat luong cao
P-03660,Anker Giay Plus,Anker,Giay,2126000,493,San pham chat luong cao
P-03661,Anker Kinh Mat Pro Max,Anker,Kinh Mat,2241000,80,San pham chat luong cao
P-03662,JBL May Anh Lite,JBL,May Anh,447000,314,San pham chat luong cao
P-03663,Razer Monitor Premium,Razer,Monitor,4229000,409,San pham chat luong cao
P-03664,JBL USB Hub Lite,JBL,USB Hub,321000,188,San pham chat luong cao
P-03665,Sony Chuot Gaming Lite,Sony,Chuot Gaming,3305000,281,San pham chat luong cao
P-03666,Xiaomi Kinh Mat Sport,Xiaomi,Kinh Mat,1191000,338,San pham chat luong cao
P-03667,Logitech Op Lung Premium,Logitech,Op Lung,1000000,255,San pham chat luong cao
P-03668,Samsung Cap Sac Ultra,Samsung,Cap Sac,3123000,395,San pham chat luong cao
P-03669,HP Balo V2,HP,Balo,1904000,345,San pham chat luong cao
P-03670,Apple Sac Du Phong V2,Apple,Sac Du Phong,482000,167,San pham chat luong cao
P-03671,Apple Monitor XL,Apple,Monitor,749000,103,San pham chat luong cao
P-03672,Anker Chuot Gaming Plus,Anker,Chuot Gaming,2988000,16,San pham chat luong cao
P-03673,JBL Op Lung Lite,JBL,Op Lung,1038000,495,San pham chat luong cao
P-03674,Anker Laptop Mini,Anker,Laptop,3303000,218,San pham chat luong cao
P-03675,Razer Balo Lite,Razer,Balo,3043000,377,San pham chat luong cao
P-03676,Apple USB Hub V2,Apple,USB Hub,4894000,59,San pham chat luong cao
P-03677,Anker Sac Du Phong Premium,Anker,Sac Du Phong,1366000,107,San pham chat luong cao
P-03678,JBL Tablet Plus,JBL,Tablet,4142000,355,San pham chat luong cao
P-03679,HP Kinh Mat Mini,HP,Kinh Mat,1406000,40,San pham chat luong cao
P-03680,Apple Ban Phim Mini,Apple,Ban Phim,3410000,206,San pham chat luong cao
P-03681,Asus Dong Ho XL,Asus,Dong Ho,4011000,256,San pham chat luong cao
P-03682,Apple Loa Ultra,Apple,Loa,829000,69,San pham chat luong cao
P-03683,Anker Cap Sac Pro Max,Anker,Cap Sac,1982000,402,San pham chat luong cao
P-03684,HP Ong Nhom Ultra,HP,Ong Nhom,230000,387,San pham chat luong cao
P-03685,Asus Ao Thun Ultra,Asus,Ao Thun,850000,191,San pham chat luong cao
P-03686,Apple Balo Sport,Apple,Balo,3557000,27,San pham chat luong cao
P-03687,Razer Sac Du Phong Classic,Razer,Sac Du Phong,1539000,181,San pham chat luong cao
P-03688,Xiaomi USB Hub Sport,Xiaomi,USB Hub,4985000,176,San pham chat luong cao
P-03689,Asus Ong Nhom Mini,Asus,Ong Nhom,3321000,447,San pham chat luong cao
P-03690,Apple Ban Phim Classic,Apple,Ban Phim,2510000,137,San pham chat luong cao
P-03691,Asus Dong Ho Plus,Asus,Dong Ho,1530000,69,San pham chat luong cao
P-03692,Xiaomi Sac Du Phong Premium,Xiaomi,Sac Du Phong,4407000,140,San pham chat luong cao
P-03693,Razer Ban Phim Pro Max,Razer,Ban Phim,1757000,396,San pham chat luong cao
P-03694,JBL Tai Nghe Plus,JBL,Tai Nghe,4776000,290,San pham chat luong cao
P-03695,Apple Kinh Mat V2,Apple,Kinh Mat,1624000,362,San pham chat luong cao
P-03696,Logitech Tablet Premium,Logitech,Tablet,1101000,489,San pham chat luong cao
P-03697,Apple USB Hub Classic,Apple,USB Hub,1610000,147,San pham chat luong cao
P-03698,Asus Ong Nhom Mini,Asus,Ong Nhom,2309000,143,San pham chat luong cao
P-03699,Apple Kinh Mat Mini,Apple,Kinh Mat,4923000,426,San pham chat luong cao
P-03700,Logitech Chuot Gaming V2,Logitech,Chuot Gaming,1548000,305,San pham chat luong cao
P-03701,JBL Dong Ho XL,JBL,Dong Ho,964000,313,San pham chat luong cao
P-03702,Sony Kinh Mat V2,Sony,Kinh Mat,3492000,350,San pham chat luong cao
P-03703,Asus Sac Du Phong XL,Asus,Sac Du Phong,3032000,110,San pham chat luong cao
P-03704,Samsung Laptop Lite,Samsung,Laptop,1289000,217,San pham chat luong cao
P-03705,Xiaomi Ao Thun Classic,Xiaomi,Ao Thun,3170000,167,San pham chat luong cao
P-03706,Samsung Ong Nhom Premium,Samsung,Ong Nhom,3639000,181,San pham chat luong cao
P-03707,Anker Cap Sac Mini,Anker,Cap Sac,1198000,347,San pham chat luong cao
P-03708,HP USB Hub V2,HP,USB Hub,747000,208,San pham chat luong cao
P-03709,Asus Webcam Pro Max,Asus,Webcam,56000,207,San pham chat luong cao
P-03710,Asus Dong Ho Pro Max,Asus,Dong Ho,3856000,353,San pham chat luong cao
P-03711,Xiaomi Tablet V2,Xiaomi,Tablet,976000,272,San pham chat luong cao
P-03712,Samsung Giay Pro Max,Samsung,Giay,3372000,493,San pham chat luong cao
P-03713,Logitech Ong Nhom Pro Max,Logitech,Ong Nhom,1155000,204,San pham chat luong cao
P-03714,HP Op Lung Lite,HP,Op Lung,3894000,352,San pham chat luong cao
P-03715,Razer Laptop XL,Razer,Laptop,1782000,51,San pham chat luong cao
P-03716,HP Quat Mini Premium,HP,Quat Mini,3668000,158,San pham chat luong cao
P-03717,Razer Loa Premium,Razer,Loa,3883000,241,San pham chat luong cao
P-03718,Asus Op Lung Lite,Asus,Op Lung,495000,13,San pham chat luong cao
P-03719,JBL Chuot Gaming XL,JBL,Chuot Gaming,3110000,155,San pham chat luong cao
P-03720,Logitech Balo XL,Logitech,Balo,3270000,279,San pham chat luong cao
P-03721,Razer USB Hub Pro Max,Razer,USB Hub,2384000,338,San pham chat luong cao
P-03722,JBL Quat Mini Sport,JBL,Quat Mini,103000,370,San pham chat luong cao
P-03723,Apple Monitor Sport,Apple,Monitor,1443000,337,San pham chat luong cao
P-03724,Anker Dong Ho Sport,Anker,Dong Ho,3790000,395,San pham chat luong cao
P-03725,Anker Balo Mini,Anker,Balo,829000,218,San pham chat luong cao
P-03726,HP May Anh Premium,HP,May Anh,1851000,50,San pham chat luong cao
P-03727,Xiaomi Webcam V2,Xiaomi,Webcam,103000,287,San pham chat luong cao
P-03728,Asus Chuot Gaming Classic,Asus,Chuot Gaming,3611000,136,San pham chat luong cao
P-03729,Razer Webcam XL,Razer,Webcam,382000,332,San pham chat luong cao
P-03730,Sony Sac Du Phong Lite,Sony,Sac Du Phong,2267000,306,San pham chat luong cao
P-03731,Xiaomi May Anh Sport,Xiaomi,May Anh,3981000,356,San pham chat luong cao
P-03732,Razer Chuot Gaming Lite,Razer,Chuot Gaming,2015000,462,San pham chat luong cao
P-03733,Samsung Laptop Pro Max,Samsung,Laptop,2952000,244,San pham chat luong cao
P-03734,JBL Ao Thun V2,JBL,Ao Thun,3718000,107,San pham chat luong cao
P-03735,Razer Ban Phim Plus,Razer,Ban Phim,4752000,427,San pham chat luong cao
P-03736,Sony Kinh Mat Premium,Sony,Kinh Mat,2687000,370,San pham chat luong cao
P-03737,Razer Ao Thun XL,Razer,Ao Thun,788000,441,San pham chat luong cao
P-03738,Asus Monitor Mini,Asus,Monitor,2099000,368,San pham chat luong cao
P-03739,Xiaomi May Anh Premium,Xiaomi,May Anh,4215000,379,San pham chat luong cao
P-03740,JBL USB Hub XL,JBL,USB Hub,752000,463,San pham chat luong cao
P-03741,Samsung Tai Nghe Lite,Samsung,Tai Nghe,4111000,61,San pham chat luong cao
P-03742,Samsung Chuot Gaming Ultra,Samsung,Chuot Gaming,1722000,146,San pham chat luong cao
P-03743,Apple Sac Du Phong Premium,Apple,Sac Du Phong,215000,172,San pham chat luong cao
P-03744,Xiaomi Tablet Premium,Xiaomi,Tablet,4354000,196,San pham chat luong cao
P-03745,Apple USB Hub Classic,Apple,USB Hub,784000,456,San pham chat luong cao
P-03746,JBL Ong Nhom Classic,JBL,Ong Nhom,1061000,30,San pham chat luong cao
P-03747,HP Balo Mini,HP,Balo,2315000,137,San pham chat luong cao
P-03748,HP Tai Nghe XL,HP,Tai Nghe,730000,391,San pham chat luong cao
P-03749,JBL Cap Sac Lite,JBL,Cap Sac,3296000,487,San pham chat luong cao
P-03750,Sony Monitor Sport,Sony,Monitor,1357000,295,San pham chat luong cao
P-03751,Samsung USB Hub Sport,Samsung,USB Hub,4004000,297,San pham chat luong cao
P-03752,Anker Dong Ho Ultra,Anker,Dong Ho,3817000,332,San pham chat luong cao
P-03753,Razer Laptop Mini,Razer,Laptop,296000,204,San pham chat luong cao
P-03754,Asus Dong Ho V2,Asus,Dong Ho,2101000,435,San pham chat luong cao
P-03755,Sony Dong Ho Sport,Sony,Dong Ho,2372000,395,San pham chat luong cao
P-03756,Sony USB Hub Plus,Sony,USB Hub,4205000,463,San pham chat luong cao
P-03757,Sony Tablet XL,Sony,Tablet,1951000,129,San pham chat luong cao
P-03758,Asus May Anh Classic,Asus,May Anh,2943000,63,San pham chat luong cao
P-03759,Apple Giay Sport,Apple,Giay,4670000,31,San pham chat luong cao
P-03760,Razer Laptop Ultra,Razer,Laptop,4179000,150,San pham chat luong cao
P-03761,JBL May Anh V2,JBL,May Anh,2842000,261,San pham chat luong cao
P-03762,Asus Tai Nghe XL,Asus,Tai Nghe,1648000,131,San pham chat luong cao
P-03763,Samsung USB Hub Pro Max,Samsung,USB Hub,3775000,227,San pham chat luong cao
P-03764,Asus Tablet Pro Max,Asus,Tablet,4345000,67,San pham chat luong cao
P-03765,Razer Ong Nhom Lite,Razer,Ong Nhom,2468000,25,San pham chat luong cao
P-03766,Razer Ao Thun Ultra,Razer,Ao Thun,4234000,282,San pham chat luong cao
P-03767,Razer Sac Du Phong Classic,Razer,Sac Du Phong,3051000,252,San pham chat luong cao
P-03768,JBL USB Hub Pro Max,JBL,USB Hub,4572000,254,San pham chat luong cao
P-03769,Apple Tai Nghe Mini,Apple,Tai Nghe,3714000,224,San pham chat luong cao
P-03770,Razer Ong Nhom Pro Max,Razer,Ong Nhom,1237000,399,San pham chat luong cao
P-03771,Apple Sac Du Phong Lite,Apple,Sac Du Phong,2941000,476,San pham chat luong cao
P-03772,Samsung Laptop XL,Samsung,Laptop,3615000,34,San pham chat luong cao
P-03773,Anker Sac Du Phong Premium,Anker,Sac Du Phong,2121000,429,San pham chat luong cao
P-03774,Anker Chuot Gaming Plus,Anker,Chuot Gaming,2427000,442,San pham chat luong cao
P-03775,Sony Kinh Mat V2,Sony,Kinh Mat,815000,61,San pham chat luong cao
P-03776,Asus Giay V2,Asus,Giay,1259000,206,San pham chat luong cao
P-03777,Sony Ong Nhom V2,Sony,Ong Nhom,1810000,389,San pham chat luong cao
P-03778,Asus Tablet Premium,Asus,Tablet,2936000,377,San pham chat luong cao
P-03779,Sony Cap Sac Pro Max,Sony,Cap Sac,1932000,28,San pham chat luong cao
P-03780,Apple Dong Ho Plus,Apple,Dong Ho,3679000,390,San pham chat luong cao
P-03781,JBL Monitor Lite,JBL,Monitor,851000,282,San pham chat luong cao
P-03782,JBL Tai Nghe Premium,JBL,Tai Nghe,4653000,475,San pham chat luong cao
P-03783,Asus Chuot Gaming Plus,Asus,Chuot Gaming,3404000,209,San pham chat luong cao
P-03784,Anker Tai Nghe XL,Anker,Tai Nghe,4941000,339,San pham chat luong cao
P-03785,Xiaomi Cap Sac XL,Xiaomi,Cap Sac,1340000,169,San pham chat luong cao
P-03786,Logitech Monitor V2,Logitech,Monitor,3550000,182,San pham chat luong cao
P-03787,Razer Cap Sac V2,Razer,Cap Sac,1571000,255,San pham chat luong cao
P-03788,HP Ban Phim V2,HP,Ban Phim,2499000,294,San pham chat luong cao
P-03789,Logitech Cap Sac Plus,Logitech,Cap Sac,4239000,430,San pham chat luong cao
P-03790,Anker Loa Sport,Anker,Loa,970000,42,San pham chat luong cao
P-03791,Asus Balo Premium,Asus,Balo,2802000,55,San pham chat luong cao
P-03792,JBL Balo Premium,JBL,Balo,4039000,225,San pham chat luong cao
P-03793,Apple Ong Nhom Ultra,Apple,Ong Nhom,3492000,351,San pham chat luong cao
P-03794,JBL Op Lung XL,JBL,Op Lung,2405000,220,San pham chat luong cao
P-03795,Anker Loa Ultra,Anker,Loa,1202000,180,San pham chat luong cao
P-03796,Asus Ong Nhom Ultra,Asus,Ong Nhom,1665000,455,San pham chat luong cao
P-03797,HP Loa Classic,HP,Loa,885000,347,San pham chat luong cao
P-03798,Samsung May Anh Pro Max,Samsung,May Anh,4606000,183,San pham chat luong cao
P-03799,Sony Kinh Mat Pro Max,Sony,Kinh Mat,966000,75,San pham chat luong cao
P-03800,Anker Op Lung Mini,Anker,Op Lung,2668000,207,San pham chat luong cao
P-03801,Xiaomi Sac Du Phong Lite,Xiaomi,Sac Du Phong,1041000,112,San pham chat luong cao
P-03802,Logitech Monitor Pro Max,Logitech,Monitor,870000,453,San pham chat luong cao
P-03803,Samsung Ao Thun Sport,Samsung,Ao Thun,1938000,337,San pham chat luong cao
P-03804,Anker Monitor V2,Anker,Monitor,4069000,195,San pham chat luong cao
P-03805,Anker Cap Sac Ultra,Anker,Cap Sac,4282000,311,San pham chat luong cao
P-03806,Xiaomi Loa Plus,Xiaomi,Loa,4581000,336,San pham chat luong cao
P-03807,Apple Laptop Premium,Apple,Laptop,1340000,39,San pham chat luong cao
P-03808,Apple Ao Thun Mini,Apple,Ao Thun,1631000,159,San pham chat luong cao
P-03809,Logitech Giay Sport,Logitech,Giay,2062000,177,San pham chat luong cao
P-03810,Asus Giay Sport,Asus,Giay,1447000,110,San pham chat luong cao
P-03811,HP Webcam XL,HP,Webcam,4613000,27,San pham chat luong cao
P-03812,Sony Webcam Sport,Sony,Webcam,2274000,183,San pham chat luong cao
P-03813,Asus Tai Nghe Plus,Asus,Tai Nghe,1047000,81,San pham chat luong cao
P-03814,Logitech Giay Classic,Logitech,Giay,2574000,357,San pham chat luong cao
P-03815,Xiaomi Laptop Classic,Xiaomi,Laptop,3803000,269,San pham chat luong cao
P-03816,Samsung Ban Phim Mini,Samsung,Ban Phim,2063000,29,San pham chat luong cao
P-03817,Asus May Anh Sport,Asus,May Anh,3039000,155,San pham chat luong cao
P-03818,Logitech Sac Du Phong V2,Logitech,Sac Du Phong,3559000,229,San pham chat luong cao
P-03819,Asus USB Hub Ultra,Asus,USB Hub,1698000,489,San pham chat luong cao
P-03820,Apple Dong Ho Mini,Apple,Dong Ho,1968000,126,San pham chat luong cao
P-03821,Samsung Quat Mini XL,Samsung,Quat Mini,1725000,107,San pham chat luong cao
P-03822,Logitech Webcam Ultra,Logitech,Webcam,4181000,478,San pham chat luong cao
P-03823,HP Sac Du Phong Lite,HP,Sac Du Phong,876000,178,San pham chat luong cao
P-03824,Xiaomi Kinh Mat XL,Xiaomi,Kinh Mat,1286000,357,San pham chat luong cao
P-03825,Sony Tai Nghe Premium,Sony,Tai Nghe,1903000,268,San pham chat luong cao
P-03826,Asus Chuot Gaming Lite,Asus,Chuot Gaming,2003000,393,San pham chat luong cao
P-03827,Anker Cap Sac Lite,Anker,Cap Sac,2020000,345,San pham chat luong cao
P-03828,Razer Quat Mini Plus,Razer,Quat Mini,423000,157,San pham chat luong cao
P-03829,Xiaomi Tai Nghe Lite,Xiaomi,Tai Nghe,3516000,474,San pham chat luong cao
P-03830,Samsung Balo Ultra,Samsung,Balo,2999000,201,San pham chat luong cao
P-03831,Xiaomi Cap Sac Mini,Xiaomi,Cap Sac,3203000,383,San pham chat luong cao
P-03832,JBL Ban Phim Premium,JBL,Ban Phim,904000,277,San pham chat luong cao
P-03833,Apple Giay Sport,Apple,Giay,1262000,208,San pham chat luong cao
P-03834,Sony Ong Nhom Lite,Sony,Ong Nhom,760000,409,San pham chat luong cao
P-03835,JBL Chuot Gaming Pro Max,JBL,Chuot Gaming,3858000,351,San pham chat luong cao
P-03836,JBL Kinh Mat Pro Max,JBL,Kinh Mat,1444000,274,San pham chat luong cao
P-03837,HP Tai Nghe Pro Max,HP,Tai Nghe,4115000,356,San pham chat luong cao
P-03838,Samsung Webcam Premium,Samsung,Webcam,607000,306,San pham chat luong cao
P-03839,JBL Kinh Mat Premium,JBL,Kinh Mat,3318000,61,San pham chat luong cao
P-03840,Sony Loa XL,Sony,Loa,4220000,421,San pham chat luong cao
P-03841,Anker Tablet Mini,Anker,Tablet,477000,248,San pham chat luong cao
P-03842,Apple Balo Ultra,Apple,Balo,3994000,141,San pham chat luong cao
P-03843,Apple USB Hub XL,Apple,USB Hub,2489000,271,San pham chat luong cao
P-03844,JBL Laptop XL,JBL,Laptop,4655000,98,San pham chat luong cao
P-03845,Razer Laptop Plus,Razer,Laptop,1483000,264,San pham chat luong cao
P-03846,Asus Ao Thun Pro Max,Asus,Ao Thun,150000,158,San pham chat luong cao
P-03847,Anker Ban Phim Mini,Anker,Ban Phim,810000,129,San pham chat luong cao
P-03848,HP Op Lung Pro Max,HP,Op Lung,131000,128,San pham chat luong cao
P-03849,Asus Laptop Premium,Asus,Laptop,1253000,372,San pham chat luong cao
P-03850,Anker Sac Du Phong Pro Max,Anker,Sac Du Phong,835000,381,San pham chat luong cao
P-03851,Logitech Monitor Premium,Logitech,Monitor,3639000,71,San pham chat luong cao
P-03852,Anker Tai Nghe Plus,Anker,Tai Nghe,1974000,137,San pham chat luong cao
P-03853,Asus Balo XL,Asus,Balo,2766000,168,San pham chat luong cao
P-03854,Razer Ban Phim Mini,Razer,Ban Phim,772000,10,San pham chat luong cao
P-03855,Asus Balo Premium,Asus,Balo,953000,16,San pham chat luong cao
P-03856,Anker Balo Lite,Anker,Balo,3433000,36,San pham chat luong cao
P-03857,Samsung Ong Nhom Lite,Samsung,Ong Nhom,3419000,197,San pham chat luong cao
P-03858,Apple Cap Sac Classic,Apple,Cap Sac,886000,55,San pham chat luong cao
P-03859,JBL Laptop Pro Max,JBL,Laptop,298000,91,San pham chat luong cao
P-03860,Sony Cap Sac Lite,Sony,Cap Sac,4138000,352,San pham chat luong cao
P-03861,Sony USB Hub Mini,Sony,USB Hub,4909000,395,San pham chat luong cao
P-03862,Razer Ban Phim Mini,Razer,Ban Phim,3515000,83,San pham chat luong cao
P-03863,Xiaomi Chuot Gaming Pro Max,Xiaomi,Chuot Gaming,1888000,328,San pham chat luong cao
P-03864,Logitech Giay Premium,Logitech,Giay,4702000,301,San pham chat luong cao
P-03865,Razer Sac Du Phong V2,Razer,Sac Du Phong,4776000,415,San pham chat luong cao
P-03866,Anker Balo Plus,Anker,Balo,1834000,60,San pham chat luong cao
P-03867,Apple Chuot Gaming Mini,Apple,Chuot Gaming,2512000,77,San pham chat luong cao
P-03868,HP Cap Sac Ultra,HP,Cap Sac,2230000,66,San pham chat luong cao
P-03869,Samsung Ban Phim Plus,Samsung,Ban Phim,560000,203,San pham chat luong cao
P-03870,Asus Cap Sac Pro Max,Asus,Cap Sac,2552000,237,San pham chat luong cao
P-03871,Samsung Webcam V2,Samsung,Webcam,2316000,270,San pham chat luong cao
P-03872,Xiaomi Op Lung Premium,Xiaomi,Op Lung,1027000,326,San pham chat luong cao
P-03873,Razer Giay Lite,Razer,Giay,2755000,313,San pham chat luong cao
P-03874,Apple Ong Nhom Pro Max,Apple,Ong Nhom,2025000,152,San pham chat luong cao
P-03875,Asus Tablet Plus,Asus,Tablet,4196000,180,San pham chat luong cao
P-03876,Asus Tai Nghe Pro Max,Asus,Tai Nghe,411000,179,San pham chat luong cao
P-03877,Sony Laptop V2,Sony,Laptop,571000,486,San pham chat luong cao
P-03878,JBL Tai Nghe Mini,JBL,Tai Nghe,2094000,299,San pham chat luong cao
P-03879,JBL Tai Nghe Pro Max,JBL,Tai Nghe,3359000,337,San pham chat luong cao
P-03880,Xiaomi Quat Mini Sport,Xiaomi,Quat Mini,1145000,121,San pham chat luong cao
P-03881,Asus Monitor Sport,Asus,Monitor,2630000,254,San pham chat luong cao
P-03882,JBL Ban Phim Pro Max,JBL,Ban Phim,1994000,292,San pham chat luong cao
P-03883,Apple Ong Nhom Pro Max,Apple,Ong Nhom,1332000,315,San pham chat luong cao
P-03884,Asus Kinh Mat Premium,Asus,Kinh Mat,3443000,450,San pham chat luong cao
P-03885,Logitech Ao Thun Ultra,Logitech,Ao Thun,1183000,127,San pham chat luong cao
P-03886,Apple Loa Plus,Apple,Loa,116000,460,San pham chat luong cao
P-03887,Logitech Giay XL,Logitech,Giay,2336000,121,San pham chat luong cao
P-03888,Logitech Tablet Sport,Logitech,Tablet,4262000,386,San pham chat luong cao
P-03889,Apple Giay Mini,Apple,Giay,2771000,245,San pham chat luong cao
P-03890,JBL Tai Nghe XL,JBL,Tai Nghe,1999000,146,San pham chat luong cao
P-03891,JBL May Anh Plus,JBL,May Anh,4616000,302,San pham chat luong cao
P-03892,Logitech Ao Thun Plus,Logitech,Ao Thun,4290000,168,San pham chat luong cao
P-03893,Asus Loa Premium,Asus,Loa,1669000,70,San pham chat luong cao
P-03894,Sony Ban Phim V2,Sony,Ban Phim,3075000,336,San pham chat luong cao
P-03895,Logitech Ban Phim Plus,Logitech,Ban Phim,1037000,82,San pham chat luong cao
P-03896,JBL Op Lung Pro Max,JBL,Op Lung,411000,24,San pham chat luong cao
P-03897,Anker Sac Du Phong Classic,Anker,Sac Du Phong,3543000,423,San pham chat luong cao
P-03898,Anker Kinh Mat Premium,Anker,Kinh Mat,262000,310,San pham chat luong cao
P-03899,Asus Ong Nhom Pro Max,Asus,Ong Nhom,4505000,298,San pham chat luong cao
P-03900,Samsung Monitor Lite,Samsung,Monitor,199000,468,San pham chat luong cao
P-03901,Samsung May Anh Premium,Samsung,May Anh,2093000,108,San pham chat luong cao
P-03902,Anker Webcam Pro Max,Anker,Webcam,3691000,262,San pham chat luong cao
P-03903,HP Quat Mini Plus,HP,Quat Mini,1191000,344,San pham chat luong cao
P-03904,Asus Chuot Gaming Premium,Asus,Chuot Gaming,929000,477,San pham chat luong cao
P-03905,HP Laptop XL,HP,Laptop,3121000,166,San pham chat luong cao
P-03906,Xiaomi Tai Nghe Premium,Xiaomi,Tai Nghe,3585000,254,San pham chat luong cao
P-03907,Xiaomi Tablet Pro Max,Xiaomi,Tablet,2060000,280,San pham chat luong cao
P-03908,Xiaomi Monitor Classic,Xiaomi,Monitor,2677000,391,San pham chat luong cao
P-03909,Asus Op Lung V2,Asus,Op Lung,1029000,196,San pham chat luong cao
P-03910,Apple Op Lung Pro Max,Apple,Op Lung,1374000,498,San pham chat luong cao
P-03911,Xiaomi Giay Mini,Xiaomi,Giay,4221000,192,San pham chat luong cao
P-03912,Razer Tablet Plus,Razer,Tablet,4799000,381,San pham chat luong cao
P-03913,Apple Cap Sac Lite,Apple,Cap Sac,2678000,203,San pham chat luong cao
P-03914,HP Balo Ultra,HP,Balo,3645000,250,San pham chat luong cao
P-03915,Sony Tai Nghe Lite,Sony,Tai Nghe,2409000,34,San pham chat luong cao
P-03916,Xiaomi Ban Phim Lite,Xiaomi,Ban Phim,2982000,213,San pham chat luong cao
P-03917,Asus USB Hub Pro Max,Asus,USB Hub,203000,403,San pham chat luong cao
P-03918,JBL USB Hub Classic,JBL,USB Hub,860000,371,San pham chat luong cao
P-03919,Sony May Anh Plus,Sony,May Anh,359000,207,San pham chat luong cao
P-03920,Samsung Tablet Pro Max,Samsung,Tablet,2127000,437,San pham chat luong cao
P-03921,Apple Monitor Classic,Apple,Monitor,3183000,202,San pham chat luong cao
P-03922,Xiaomi Sac Du Phong Lite,Xiaomi,Sac Du Phong,536000,326,San pham chat luong cao
P-03923,Xiaomi Sac Du Phong Sport,Xiaomi,Sac Du Phong,344000,323,San pham chat luong cao
P-03924,Apple USB Hub Ultra,Apple,USB Hub,4020000,387,San pham chat luong cao
P-03925,Asus Ban Phim Classic,Asus,Ban Phim,335000,500,San pham chat luong cao
P-03926,Xiaomi May Anh Pro Max,Xiaomi,May Anh,2779000,189,San pham chat luong cao
P-03927,Razer May Anh Pro Max,Razer,May Anh,4990000,329,San pham chat luong cao
P-03928,Logitech Cap Sac Sport,Logitech,Cap Sac,3612000,360,San pham chat luong cao
P-03929,Asus Loa Ultra,Asus,Loa,241000,284,San pham chat luong cao
P-03930,Logitech Kinh Mat Plus,Logitech,Kinh Mat,3234000,10,San pham chat luong cao
P-03931,Anker Ban Phim Sport,Anker,Ban Phim,3345000,128,San pham chat luong cao
P-03932,Xiaomi Cap Sac XL,Xiaomi,Cap Sac,269000,193,San pham chat luong cao
P-03933,Xiaomi Tai Nghe Classic,Xiaomi,Tai Nghe,2255000,69,San pham chat luong cao
P-03934,Anker Chuot Gaming Sport,Anker,Chuot Gaming,3981000,391,San pham chat luong cao
P-03935,Anker Sac Du Phong Mini,Anker,Sac Du Phong,4599000,465,San pham chat luong cao
P-03936,Xiaomi Ong Nhom XL,Xiaomi,Ong Nhom,2050000,308,San pham chat luong cao
P-03937,Razer Balo V2,Razer,Balo,4314000,142,San pham chat luong cao
P-03938,Apple May Anh Lite,Apple,May Anh,2825000,392,San pham chat luong cao
P-03939,HP Cap Sac Premium,HP,Cap Sac,234000,480,San pham chat luong cao
P-03940,Xiaomi Tai Nghe XL,Xiaomi,Tai Nghe,2132000,124,San pham chat luong cao
P-03941,Samsung Chuot Gaming Pro Max,Samsung,Chuot Gaming,1992000,337,San pham chat luong cao
P-03942,HP Ong Nhom Mini,HP,Ong Nhom,4673000,105,San pham chat luong cao
P-03943,Asus Loa XL,Asus,Loa,2652000,303,San pham chat luong cao
P-03944,Anker Webcam Lite,Anker,Webcam,567000,345,San pham chat luong cao
P-03945,JBL Chuot Gaming XL,JBL,Chuot Gaming,896000,272,San pham chat luong cao
P-03946,Razer Laptop V2,Razer,Laptop,4491000,413,San pham chat luong cao
P-03947,Logitech Ong Nhom Plus,Logitech,Ong Nhom,3658000,262,San pham chat luong cao
P-03948,HP Monitor Lite,HP,Monitor,3084000,444,San pham chat luong cao
P-03949,JBL May Anh V2,JBL,May Anh,4710000,395,San pham chat luong cao
P-03950,Logitech Kinh Mat Classic,Logitech,Kinh Mat,3476000,345,San pham chat luong cao
P-03951,Razer Loa Mini,Razer,Loa,3893000,421,San pham chat luong cao
P-03952,Asus Quat Mini Mini,Asus,Quat Mini,3052000,18,San pham chat luong cao
P-03953,Asus Dong Ho Sport,Asus,Dong Ho,4608000,68,San pham chat luong cao
P-03954,JBL Balo Sport,JBL,Balo,4580000,385,San pham chat luong cao
P-03955,JBL Kinh Mat Ultra,JBL,Kinh Mat,3105000,299,San pham chat luong cao
P-03956,Razer Balo XL,Razer,Balo,3763000,185,San pham chat luong cao
P-03957,Asus Webcam Classic,Asus,Webcam,3539000,250,San pham chat luong cao
P-03958,JBL Ao Thun Ultra,JBL,Ao Thun,2162000,494,San pham chat luong cao
P-03959,Apple Cap Sac Sport,Apple,Cap Sac,4927000,432,San pham chat luong cao
P-03960,Razer Tablet Classic,Razer,Tablet,4501000,196,San pham chat luong cao
P-03961,Asus Monitor Mini,Asus,Monitor,1033000,19,San pham chat luong cao
P-03962,HP Quat Mini XL,HP,Quat Mini,3798000,39,San pham chat luong cao
P-03963,Anker Laptop V2,Anker,Laptop,1101000,134,San pham chat luong cao
P-03964,Samsung USB Hub Classic,Samsung,USB Hub,58000,376,San pham chat luong cao
P-03965,Xiaomi Quat Mini XL,Xiaomi,Quat Mini,4882000,248,San pham chat luong cao
P-03966,Logitech Loa V2,Logitech,Loa,926000,301,San pham chat luong cao
P-03967,Logitech Op Lung Ultra,Logitech,Op Lung,2435000,442,San pham chat luong cao
P-03968,JBL Cap Sac Premium,JBL,Cap Sac,1924000,127,San pham chat luong cao
P-03969,HP Tai Nghe Pro Max,HP,Tai Nghe,2261000,171,San pham chat luong cao
P-03970,Asus Dong Ho Ultra,Asus,Dong Ho,3169000,260,San pham chat luong cao
P-03971,HP Cap Sac Ultra,HP,Cap Sac,2650000,268,San pham chat luong cao
P-03972,Sony USB Hub Pro Max,Sony,USB Hub,4084000,283,San pham chat luong cao
P-03973,Asus Quat Mini Premium,Asus,Quat Mini,4335000,498,San pham chat luong cao
P-03974,Sony Ao Thun XL,Sony,Ao Thun,4761000,36,San pham chat luong cao
P-03975,HP Sac Du Phong Pro Max,HP,Sac Du Phong,2081000,353,San pham chat luong cao
P-03976,Samsung Balo V2,Samsung,Balo,1414000,499,San pham chat luong cao
P-03977,Samsung Chuot Gaming Lite,Samsung,Chuot Gaming,773000,121,San pham chat luong cao
P-03978,Logitech Tablet Plus,Logitech,Tablet,2944000,53,San pham chat luong cao
P-03979,Apple Quat Mini V2,Apple,Quat Mini,1449000,206,San pham chat luong cao
P-03980,HP USB Hub Mini,HP,USB Hub,3875000,74,San pham chat luong cao
P-03981,Logitech Ong Nhom XL,Logitech,Ong Nhom,752000,351,San pham chat luong cao
P-03982,Anker Laptop XL,Anker,Laptop,548000,347,San pham chat luong cao
P-03983,Asus Sac Du Phong Ultra,Asus,Sac Du Phong,1316000,158,San pham chat luong cao
P-03984,Xiaomi Monitor Plus,Xiaomi,Monitor,1950000,68,San pham chat luong cao
P-03985,Razer Webcam Mini,Razer,Webcam,225000,175,San pham chat luong cao
P-03986,Razer Quat Mini XL,Razer,Quat Mini,3134000,89,San pham chat luong cao
P-03987,Apple Chuot Gaming Plus,Apple,Chuot Gaming,3186000,135,San pham chat luong cao
P-03988,Razer May Anh Lite,Razer,May Anh,1912000,46,San pham chat luong cao
P-03989,Sony Laptop Pro Max,Sony,Laptop,4949000,323,San pham chat luong cao
P-03990,JBL Loa V2,JBL,Loa,2974000,290,San pham chat luong cao
P-03991,Asus USB Hub Classic,Asus,USB Hub,813000,176,San pham chat luong cao
P-03992,Sony Laptop Mini,Sony,Laptop,4858000,482,San pham chat luong cao
P-03993,Apple Laptop Plus,Apple,Laptop,2418000,407,San pham chat luong cao
P-03994,Razer Op Lung Classic,Razer,Op Lung,1267000,137,San pham chat luong cao
P-03995,Samsung Ban Phim Premium,Samsung,Ban Phim,3647000,188,San pham chat luong cao
P-03996,Sony May Anh Classic,Sony,May Anh,4881000,109,San pham chat luong cao
P-03997,Xiaomi Sac Du Phong Premium,Xiaomi,Sac Du Phong,2241000,19,San pham chat luong cao
P-03998,Sony May Anh Sport,Sony,May Anh,4657000,150,San pham chat luong cao
P-03999,Logitech Tai Nghe Pro Max,Logitech,Tai Nghe,888000,10,San pham chat luong cao
P-04000,Logitech Chuot Gaming Pro Max,Logitech,Chuot Gaming,4053000,162,San pham chat luong cao
P-04001,HP Ong Nhom Classic,HP,Ong Nhom,4114000,40,San pham chat luong cao
P-04002,HP Ong Nhom Plus,HP,Ong Nhom,4621000,264,San pham chat luong cao
P-04003,Anker May Anh Premium,Anker,May Anh,4248000,148,San pham chat luong cao
P-04004,HP USB Hub Classic,HP,USB Hub,2693000,143,San pham chat luong cao
P-04005,HP Kinh Mat XL,HP,Kinh Mat,1329000,195,San pham chat luong cao
P-04006,Sony Cap Sac Sport,Sony,Cap Sac,2990000,149,San pham chat luong cao
P-04007,Apple Ao Thun Mini,Apple,Ao Thun,1619000,380,San pham chat luong cao
P-04008,HP Laptop Plus,HP,Laptop,3447000,500,San pham chat luong cao
P-04009,Logitech Kinh Mat Premium,Logitech,Kinh Mat,247000,373,San pham chat luong cao
P-04010,Xiaomi USB Hub Ultra,Xiaomi,USB Hub,524000,142,San pham chat luong cao
P-04011,Asus Kinh Mat V2,Asus,Kinh Mat,817000,80,San pham chat luong cao
P-04012,Sony Ong Nhom Sport,Sony,Ong Nhom,146000,321,San pham chat luong cao
P-04013,JBL Ban Phim Pro Max,JBL,Ban Phim,954000,125,San pham chat luong cao
P-04014,Sony Op Lung Plus,Sony,Op Lung,3177000,268,San pham chat luong cao
P-04015,Xiaomi Loa Lite,Xiaomi,Loa,493000,213,San pham chat luong cao
P-04016,Anker Quat Mini Ultra,Anker,Quat Mini,2864000,380,San pham chat luong cao
P-04017,Anker Monitor Ultra,Anker,Monitor,1929000,208,San pham chat luong cao
P-04018,Sony Ong Nhom Mini,Sony,Ong Nhom,4547000,243,San pham chat luong cao
P-04019,Apple Ao Thun Classic,Apple,Ao Thun,152000,125,San pham chat luong cao
P-04020,JBL Chuot Gaming Classic,JBL,Chuot Gaming,4563000,213,San pham chat luong cao
P-04021,Asus Webcam Lite,Asus,Webcam,1320000,150,San pham chat luong cao
P-04022,Razer Ao Thun Sport,Razer,Ao Thun,4392000,252,San pham chat luong cao
P-04023,Razer Monitor Lite,Razer,Monitor,2692000,254,San pham chat luong cao
P-04024,HP Ong Nhom Plus,HP,Ong Nhom,1989000,250,San pham chat luong cao
P-04025,Sony Webcam Pro Max,Sony,Webcam,96000,368,San pham chat luong cao
P-04026,Anker May Anh Mini,Anker,May Anh,3350000,465,San pham chat luong cao
P-04027,JBL Giay Ultra,JBL,Giay,259000,499,San pham chat luong cao
P-04028,HP May Anh Lite,HP,May Anh,1714000,179,San pham chat luong cao
P-04029,Logitech Quat Mini V2,Logitech,Quat Mini,3003000,322,San pham chat luong cao
P-04030,Anker Cap Sac V2,Anker,Cap Sac,713000,138,San pham chat luong cao
P-04031,Samsung Balo Premium,Samsung,Balo,1800000,151,San pham chat luong cao
P-04032,Xiaomi Ban Phim Sport,Xiaomi,Ban Phim,3797000,161,San pham chat luong cao
P-04033,Asus Quat Mini V2,Asus,Quat Mini,2265000,283,San pham chat luong cao
P-04034,Asus Cap Sac Classic,Asus,Cap Sac,1976000,140,San pham chat luong cao
P-04035,JBL Ao Thun Plus,JBL,Ao Thun,2834000,135,San pham chat luong cao
P-04036,Samsung USB Hub V2,Samsung,USB Hub,975000,404,San pham chat luong cao
P-04037,Apple Sac Du Phong Sport,Apple,Sac Du Phong,2525000,205,San pham chat luong cao
P-04038,Anker Monitor Pro Max,Anker,Monitor,4823000,65,San pham chat luong cao
P-04039,JBL Laptop Plus,JBL,Laptop,3551000,136,San pham chat luong cao
P-04040,HP Balo Pro Max,HP,Balo,4976000,34,San pham chat luong cao
P-04041,Apple Kinh Mat Mini,Apple,Kinh Mat,1861000,176,San pham chat luong cao
P-04042,Anker USB Hub XL,Anker,USB Hub,1679000,155,San pham chat luong cao
P-04043,Anker Monitor Sport,Anker,Monitor,398000,490,San pham chat luong cao
P-04044,Asus Giay Sport,Asus,Giay,4461000,90,San pham chat luong cao
P-04045,JBL Kinh Mat Ultra,JBL,Kinh Mat,1276000,77,San pham chat luong cao
P-04046,Samsung Cap Sac XL,Samsung,Cap Sac,2697000,256,San pham chat luong cao
P-04047,Xiaomi Ao Thun Lite,Xiaomi,Ao Thun,3767000,31,San pham chat luong cao
P-04048,Asus Ao Thun V2,Asus,Ao Thun,4471000,290,San pham chat luong cao
P-04049,Samsung Chuot Gaming Pro Max,Samsung,Chuot Gaming,2926000,85,San pham chat luong cao
P-04050,Logitech Monitor Sport,Logitech,Monitor,4262000,455,San pham chat luong cao
P-04051,Sony Ao Thun XL,Sony,Ao Thun,1339000,436,San pham chat luong cao
P-04052,Logitech Cap Sac V2,Logitech,Cap Sac,1777000,16,San pham chat luong cao
P-04053,Anker May Anh Premium,Anker,May Anh,3244000,447,San pham chat luong cao
P-04054,Razer USB Hub Lite,Razer,USB Hub,3424000,255,San pham chat luong cao
P-04055,Asus Giay Ultra,Asus,Giay,82000,500,San pham chat luong cao
P-04056,Apple Ong Nhom Pro Max,Apple,Ong Nhom,1867000,447,San pham chat luong cao
P-04057,JBL Op Lung Sport,JBL,Op Lung,1332000,262,San pham chat luong cao
P-04058,Logitech May Anh Sport,Logitech,May Anh,3075000,290,San pham chat luong cao
P-04059,HP Tablet Classic,HP,Tablet,2909000,112,San pham chat luong cao
P-04060,Xiaomi Monitor XL,Xiaomi,Monitor,964000,425,San pham chat luong cao
P-04061,Apple Dong Ho V2,Apple,Dong Ho,3227000,196,San pham chat luong cao
P-04062,Sony Tai Nghe Lite,Sony,Tai Nghe,2845000,88,San pham chat luong cao
P-04063,Logitech USB Hub V2,Logitech,USB Hub,1523000,374,San pham chat luong cao
P-04064,JBL Ban Phim V2,JBL,Ban Phim,3127000,413,San pham chat luong cao
P-04065,Asus Op Lung Mini,Asus,Op Lung,3475000,94,San pham chat luong cao
P-04066,Razer Laptop XL,Razer,Laptop,4184000,262,San pham chat luong cao
P-04067,Logitech Ao Thun Sport,Logitech,Ao Thun,4469000,444,San pham chat luong cao
P-04068,Samsung Balo Sport,Samsung,Balo,2945000,104,San pham chat luong cao
P-04069,Samsung Cap Sac Sport,Samsung,Cap Sac,332000,283,San pham chat luong cao
P-04070,Samsung Quat Mini Plus,Samsung,Quat Mini,3742000,153,San pham chat luong cao
P-04071,Anker Monitor Lite,Anker,Monitor,1210000,268,San pham chat luong cao
P-04072,Logitech Giay XL,Logitech,Giay,1603000,216,San pham chat luong cao
P-04073,Sony Sac Du Phong Plus,Sony,Sac Du Phong,994000,113,San pham chat luong cao
P-04074,Logitech Giay Ultra,Logitech,Giay,3499000,189,San pham chat luong cao
P-04075,Anker Chuot Gaming V2,Anker,Chuot Gaming,1469000,226,San pham chat luong cao
P-04076,Anker Ban Phim Sport,Anker,Ban Phim,2785000,491,San pham chat luong cao
P-04077,Xiaomi Loa Lite,Xiaomi,Loa,3217000,186,San pham chat luong cao
P-04078,JBL Ban Phim Premium,JBL,Ban Phim,646000,257,San pham chat luong cao
P-04079,HP Giay XL,HP,Giay,4764000,386,San pham chat luong cao
P-04080,Logitech Ao Thun Lite,Logitech,Ao Thun,1457000,39,San pham chat luong cao
P-04081,Anker Ban Phim XL,Anker,Ban Phim,2545000,469,San pham chat luong cao
P-04082,Logitech Quat Mini Classic,Logitech,Quat Mini,4173000,363,San pham chat luong cao
P-04083,Anker Ong Nhom Premium,Anker,Ong Nhom,4565000,252,San pham chat luong cao
P-04084,Apple Tai Nghe Sport,Apple,Tai Nghe,3585000,374,San pham chat luong cao
P-04085,Samsung Dong Ho Mini,Samsung,Dong Ho,1272000,343,San pham chat luong cao
P-04086,Asus Laptop Mini,Asus,Laptop,2837000,258,San pham chat luong cao
P-04087,Xiaomi Quat Mini Classic,Xiaomi,Quat Mini,659000,317,San pham chat luong cao
P-04088,JBL Chuot Gaming V2,JBL,Chuot Gaming,178000,214,San pham chat luong cao
P-04089,Sony May Anh XL,Sony,May Anh,2935000,480,San pham chat luong cao
P-04090,Xiaomi May Anh Pro Max,Xiaomi,May Anh,1112000,175,San pham chat luong cao
P-04091,Logitech May Anh Sport,Logitech,May Anh,4162000,418,San pham chat luong cao
P-04092,Apple Kinh Mat XL,Apple,Kinh Mat,2065000,51,San pham chat luong cao
P-04093,JBL Chuot Gaming Plus,JBL,Chuot Gaming,1956000,290,San pham chat luong cao
P-04094,Asus Sac Du Phong Lite,Asus,Sac Du Phong,1340000,107,San pham chat luong cao
P-04095,Apple Sac Du Phong XL,Apple,Sac Du Phong,3151000,439,San pham chat luong cao
P-04096,Logitech Laptop Premium,Logitech,Laptop,366000,494,San pham chat luong cao
P-04097,Razer Quat Mini Plus,Razer,Quat Mini,2123000,263,San pham chat luong cao
P-04098,Xiaomi Chuot Gaming XL,Xiaomi,Chuot Gaming,1466000,10,San pham chat luong cao
P-04099,Sony Sac Du Phong Plus,Sony,Sac Du Phong,3680000,367,San pham chat luong cao
P-04100,Xiaomi Balo Mini,Xiaomi,Balo,990000,95,San pham chat luong cao
P-04101,Razer Cap Sac Ultra,Razer,Cap Sac,4948000,370,San pham chat luong cao
P-04102,HP Sac Du Phong Plus,HP,Sac Du Phong,3960000,326,San pham chat luong cao
P-04103,Samsung Giay Classic,Samsung,Giay,2690000,77,San pham chat luong cao
P-04104,Samsung Giay Sport,Samsung,Giay,4298000,462,San pham chat luong cao
P-04105,Anker USB Hub Sport,Anker,USB Hub,2412000,224,San pham chat luong cao
P-04106,Anker May Anh Plus,Anker,May Anh,3169000,11,San pham chat luong cao
P-04107,Xiaomi Laptop Plus,Xiaomi,Laptop,1914000,492,San pham chat luong cao
P-04108,Xiaomi Monitor Plus,Xiaomi,Monitor,4950000,218,San pham chat luong cao
P-04109,Anker Quat Mini Premium,Anker,Quat Mini,4330000,425,San pham chat luong cao
P-04110,HP Tablet Premium,HP,Tablet,3017000,276,San pham chat luong cao
P-04111,Anker Op Lung Plus,Anker,Op Lung,3867000,458,San pham chat luong cao
P-04112,Apple Ban Phim Classic,Apple,Ban Phim,4245000,414,San pham chat luong cao
P-04113,Razer May Anh Mini,Razer,May Anh,3480000,371,San pham chat luong cao
P-04114,Sony Loa Sport,Sony,Loa,924000,321,San pham chat luong cao
P-04115,Anker Quat Mini Ultra,Anker,Quat Mini,940000,491,San pham chat luong cao
P-04116,Xiaomi Giay Classic,Xiaomi,Giay,2291000,360,San pham chat luong cao
P-04117,Razer Sac Du Phong V2,Razer,Sac Du Phong,2543000,139,San pham chat luong cao
P-04118,Asus Loa Lite,Asus,Loa,3004000,360,San pham chat luong cao
P-04119,Anker Webcam Lite,Anker,Webcam,3238000,391,San pham chat luong cao
P-04120,Razer Quat Mini Mini,Razer,Quat Mini,3006000,383,San pham chat luong cao
P-04121,Logitech Kinh Mat Ultra,Logitech,Kinh Mat,1707000,100,San pham chat luong cao
P-04122,Sony Dong Ho Classic,Sony,Dong Ho,2632000,204,San pham chat luong cao
P-04123,Xiaomi Giay V2,Xiaomi,Giay,1320000,162,San pham chat luong cao
P-04124,HP Sac Du Phong Ultra,HP,Sac Du Phong,2404000,162,San pham chat luong cao
P-04125,Apple Op Lung V2,Apple,Op Lung,2534000,83,San pham chat luong cao
P-04126,Sony Ban Phim V2,Sony,Ban Phim,1076000,183,San pham chat luong cao
P-04127,Asus Monitor XL,Asus,Monitor,2739000,62,San pham chat luong cao
P-04128,HP Kinh Mat Mini,HP,Kinh Mat,818000,347,San pham chat luong cao
P-04129,Samsung Op Lung Premium,Samsung,Op Lung,3332000,160,San pham chat luong cao
P-04130,Asus Kinh Mat Classic,Asus,Kinh Mat,600000,269,San pham chat luong cao
P-04131,Xiaomi Loa Plus,Xiaomi,Loa,3524000,233,San pham chat luong cao
P-04132,Logitech Webcam Pro Max,Logitech,Webcam,2375000,244,San pham chat luong cao
P-04133,Anker Quat Mini Mini,Anker,Quat Mini,4442000,433,San pham chat luong cao
P-04134,HP Dong Ho XL,HP,Dong Ho,4075000,272,San pham chat luong cao
P-04135,Samsung Ong Nhom Classic,Samsung,Ong Nhom,2507000,134,San pham chat luong cao
P-04136,JBL Ban Phim Premium,JBL,Ban Phim,2385000,260,San pham chat luong cao
P-04137,JBL May Anh V2,JBL,May Anh,278000,491,San pham chat luong cao
P-04138,Xiaomi Webcam Plus,Xiaomi,Webcam,2144000,161,San pham chat luong cao
P-04139,Apple Ao Thun Pro Max,Apple,Ao Thun,738000,142,San pham chat luong cao
P-04140,Logitech Laptop Ultra,Logitech,Laptop,4509000,358,San pham chat luong cao
P-04141,JBL Webcam Lite,JBL,Webcam,2279000,157,San pham chat luong cao
P-04142,Xiaomi Laptop Premium,Xiaomi,Laptop,889000,172,San pham chat luong cao
P-04143,JBL Sac Du Phong Ultra,JBL,Sac Du Phong,2049000,44,San pham chat luong cao
P-04144,Sony Kinh Mat Classic,Sony,Kinh Mat,4928000,258,San pham chat luong cao
P-04145,Apple Tablet XL,Apple,Tablet,3146000,222,San pham chat luong cao
P-04146,Apple Tablet Classic,Apple,Tablet,4242000,471,San pham chat luong cao
P-04147,Razer Sac Du Phong Sport,Razer,Sac Du Phong,2383000,485,San pham chat luong cao
P-04148,Anker Ong Nhom Sport,Anker,Ong Nhom,1390000,105,San pham chat luong cao
P-04149,Sony May Anh Lite,Sony,May Anh,348000,273,San pham chat luong cao
P-04150,Sony USB Hub Classic,Sony,USB Hub,2261000,214,San pham chat luong cao
P-04151,Sony Monitor Classic,Sony,Monitor,3986000,457,San pham chat luong cao
P-04152,Xiaomi May Anh Classic,Xiaomi,May Anh,3693000,483,San pham chat luong cao
P-04153,Xiaomi Ban Phim Ultra,Xiaomi,Ban Phim,2288000,152,San pham chat luong cao
P-04154,Samsung Op Lung Classic,Samsung,Op Lung,4436000,371,San pham chat luong cao
P-04155,Sony USB Hub Plus,Sony,USB Hub,4382000,251,San pham chat luong cao
P-04156,Apple Cap Sac Premium,Apple,Cap Sac,1000000,180,San pham chat luong cao
P-04157,Anker Laptop V2,Anker,Laptop,3714000,45,San pham chat luong cao
P-04158,HP Ban Phim Plus,HP,Ban Phim,3810000,431,San pham chat luong cao
P-04159,Apple Ao Thun Pro Max,Apple,Ao Thun,436000,228,San pham chat luong cao
P-04160,Asus Dong Ho Sport,Asus,Dong Ho,4366000,232,San pham chat luong cao
P-04161,Asus Cap Sac Classic,Asus,Cap Sac,4533000,140,San pham chat luong cao
P-04162,Anker Monitor Pro Max,Anker,Monitor,1662000,436,San pham chat luong cao
P-04163,Asus Tai Nghe Ultra,Asus,Tai Nghe,2699000,331,San pham chat luong cao
P-04164,JBL Kinh Mat Mini,JBL,Kinh Mat,573000,214,San pham chat luong cao
P-04165,JBL Webcam Classic,JBL,Webcam,430000,246,San pham chat luong cao
P-04166,Anker Chuot Gaming XL,Anker,Chuot Gaming,959000,128,San pham chat luong cao
P-04167,Anker Balo V2,Anker,Balo,609000,225,San pham chat luong cao
P-04168,Anker Sac Du Phong Premium,Anker,Sac Du Phong,896000,205,San pham chat luong cao
P-04169,Xiaomi Laptop Classic,Xiaomi,Laptop,4503000,180,San pham chat luong cao
P-04170,Xiaomi May Anh Ultra,Xiaomi,May Anh,2092000,75,San pham chat luong cao
P-04171,Samsung Ban Phim XL,Samsung,Ban Phim,4663000,111,San pham chat luong cao
P-04172,Anker Tablet V2,Anker,Tablet,1580000,398,San pham chat luong cao
P-04173,HP USB Hub Classic,HP,USB Hub,4932000,418,San pham chat luong cao
P-04174,Logitech Monitor Mini,Logitech,Monitor,4579000,458,San pham chat luong cao
P-04175,Razer Webcam Plus,Razer,Webcam,4636000,285,San pham chat luong cao
P-04176,Xiaomi Kinh Mat V2,Xiaomi,Kinh Mat,3563000,266,San pham chat luong cao
P-04177,HP Balo Pro Max,HP,Balo,3738000,328,San pham chat luong cao
P-04178,Logitech Loa V2,Logitech,Loa,2501000,266,San pham chat luong cao
P-04179,Samsung Chuot Gaming Pro Max,Samsung,Chuot Gaming,2299000,381,San pham chat luong cao
P-04180,Apple Dong Ho Sport,Apple,Dong Ho,2472000,144,San pham chat luong cao
P-04181,Anker Ao Thun Lite,Anker,Ao Thun,3648000,474,San pham chat luong cao
P-04182,Asus Chuot Gaming Ultra,Asus,Chuot Gaming,3703000,31,San pham chat luong cao
P-04183,Razer Tablet Pro Max,Razer,Tablet,1008000,345,San pham chat luong cao
P-04184,Sony Ao Thun V2,Sony,Ao Thun,4840000,479,San pham chat luong cao
P-04185,Apple Ao Thun Ultra,Apple,Ao Thun,4137000,410,San pham chat luong cao
P-04186,Samsung May Anh V2,Samsung,May Anh,3515000,10,San pham chat luong cao
P-04187,Anker Ong Nhom Ultra,Anker,Ong Nhom,2567000,198,San pham chat luong cao
P-04188,Anker Giay Mini,Anker,Giay,1939000,190,San pham chat luong cao
P-04189,Logitech Ong Nhom Premium,Logitech,Ong Nhom,3437000,130,San pham chat luong cao
P-04190,Anker Tablet XL,Anker,Tablet,2693000,369,San pham chat luong cao
P-04191,Logitech Ao Thun Premium,Logitech,Ao Thun,2436000,13,San pham chat luong cao
P-04192,Razer Kinh Mat Ultra,Razer,Kinh Mat,3822000,28,San pham chat luong cao
P-04193,Logitech May Anh Pro Max,Logitech,May Anh,3409000,45,San pham chat luong cao
P-04194,Apple Sac Du Phong Classic,Apple,Sac Du Phong,84000,203,San pham chat luong cao
P-04195,Razer May Anh XL,Razer,May Anh,348000,346,San pham chat luong cao
P-04196,Razer Tai Nghe Sport,Razer,Tai Nghe,2894000,358,San pham chat luong cao
P-04197,HP Monitor XL,HP,Monitor,4618000,124,San pham chat luong cao
P-04198,Samsung May Anh V2,Samsung,May Anh,3705000,227,San pham chat luong cao
P-04199,Anker Tablet Premium,Anker,Tablet,3683000,118,San pham chat luong cao
P-04200,Anker Sac Du Phong Lite,Anker,Sac Du Phong,3388000,391,San pham chat luong cao
P-04201,Xiaomi Webcam Premium,Xiaomi,Webcam,1121000,186,San pham chat luong cao
P-04202,Anker Chuot Gaming Sport,Anker,Chuot Gaming,4489000,187,San pham chat luong cao
P-04203,Sony Tablet Plus,Sony,Tablet,1175000,224,San pham chat luong cao
P-04204,Logitech Quat Mini Mini,Logitech,Quat Mini,1669000,327,San pham chat luong cao
P-04205,Asus Kinh Mat Lite,Asus,Kinh Mat,2299000,121,San pham chat luong cao
P-04206,JBL Ban Phim Mini,JBL,Ban Phim,4132000,141,San pham chat luong cao
P-04207,JBL Tablet Sport,JBL,Tablet,1771000,152,San pham chat luong cao
P-04208,Razer Giay XL,Razer,Giay,1454000,493,San pham chat luong cao
P-04209,Anker Monitor Premium,Anker,Monitor,2418000,30,San pham chat luong cao
P-04210,Apple Tai Nghe Pro Max,Apple,Tai Nghe,3673000,248,San pham chat luong cao
P-04211,Samsung Chuot Gaming Lite,Samsung,Chuot Gaming,179000,186,San pham chat luong cao
P-04212,Xiaomi Giay Lite,Xiaomi,Giay,3145000,360,San pham chat luong cao
P-04213,Razer Laptop Premium,Razer,Laptop,1291000,170,San pham chat luong cao
P-04214,Xiaomi Ao Thun Ultra,Xiaomi,Ao Thun,4863000,110,San pham chat luong cao
P-04215,Asus Ban Phim Sport,Asus,Ban Phim,374000,73,San pham chat luong cao
P-04216,Logitech Ao Thun Plus,Logitech,Ao Thun,2756000,282,San pham chat luong cao
P-04217,Sony USB Hub XL,Sony,USB Hub,3260000,116,San pham chat luong cao
P-04218,Samsung Balo V2,Samsung,Balo,1262000,87,San pham chat luong cao
P-04219,Xiaomi Op Lung XL,Xiaomi,Op Lung,2514000,93,San pham chat luong cao
P-04220,Logitech Op Lung Pro Max,Logitech,Op Lung,4883000,200,San pham chat luong cao
P-04221,Razer Op Lung Sport,Razer,Op Lung,2171000,85,San pham chat luong cao
P-04222,Asus Sac Du Phong Ultra,Asus,Sac Du Phong,3277000,41,San pham chat luong cao
P-04223,Anker USB Hub Classic,Anker,USB Hub,3818000,421,San pham chat luong cao
P-04224,Razer Laptop V2,Razer,Laptop,1978000,155,San pham chat luong cao
P-04225,HP Balo Classic,HP,Balo,1883000,258,San pham chat luong cao
P-04226,Asus Ban Phim Plus,Asus,Ban Phim,2510000,117,San pham chat luong cao
P-04227,Samsung Sac Du Phong Ultra,Samsung,Sac Du Phong,655000,41,San pham chat luong cao
P-04228,Xiaomi Monitor Sport,Xiaomi,Monitor,2907000,176,San pham chat luong cao
P-04229,Xiaomi Ban Phim Classic,Xiaomi,Ban Phim,782000,400,San pham chat luong cao
P-04230,Asus Op Lung Mini,Asus,Op Lung,311000,254,San pham chat luong cao
P-04231,JBL Giay Sport,JBL,Giay,1650000,111,San pham chat luong cao
P-04232,Razer Tablet V2,Razer,Tablet,755000,411,San pham chat luong cao
P-04233,Sony Ban Phim V2,Sony,Ban Phim,3176000,373,San pham chat luong cao
P-04234,Asus Ban Phim Mini,Asus,Ban Phim,4308000,68,San pham chat luong cao
P-04235,Apple Dong Ho Ultra,Apple,Dong Ho,1684000,53,San pham chat luong cao
P-04236,Apple Ao Thun Plus,Apple,Ao Thun,2023000,438,San pham chat luong cao
P-04237,Xiaomi Laptop Mini,Xiaomi,Laptop,2300000,209,San pham chat luong cao
P-04238,Razer Ong Nhom V2,Razer,Ong Nhom,749000,123,San pham chat luong cao
P-04239,Logitech Loa Plus,Logitech,Loa,4469000,459,San pham chat luong cao
P-04240,HP Tablet Plus,HP,Tablet,3867000,381,San pham chat luong cao
P-04241,Anker Balo V2,Anker,Balo,1872000,408,San pham chat luong cao
P-04242,Apple Balo Mini,Apple,Balo,2491000,32,San pham chat luong cao
P-04243,Samsung Kinh Mat Pro Max,Samsung,Kinh Mat,54000,189,San pham chat luong cao
P-04244,Asus Chuot Gaming Plus,Asus,Chuot Gaming,4811000,182,San pham chat luong cao
P-04245,Sony Quat Mini Mini,Sony,Quat Mini,1928000,68,San pham chat luong cao
P-04246,HP Tablet Classic,HP,Tablet,4287000,58,San pham chat luong cao
P-04247,Sony Op Lung Sport,Sony,Op Lung,4124000,256,San pham chat luong cao
P-04248,Apple Tai Nghe Mini,Apple,Tai Nghe,1081000,18,San pham chat luong cao
P-04249,Samsung Ao Thun Premium,Samsung,Ao Thun,3227000,441,San pham chat luong cao
P-04250,JBL Ong Nhom Pro Max,JBL,Ong Nhom,75000,439,San pham chat luong cao
P-04251,Sony Kinh Mat Pro Max,Sony,Kinh Mat,405000,169,San pham chat luong cao
P-04252,Sony Giay V2,Sony,Giay,4878000,121,San pham chat luong cao
P-04253,Razer Ban Phim XL,Razer,Ban Phim,2561000,48,San pham chat luong cao
P-04254,HP USB Hub V2,HP,USB Hub,397000,384,San pham chat luong cao
P-04255,Razer Dong Ho XL,Razer,Dong Ho,2212000,392,San pham chat luong cao
P-04256,JBL Giay Ultra,JBL,Giay,4625000,224,San pham chat luong cao
P-04257,Logitech Ao Thun XL,Logitech,Ao Thun,3907000,408,San pham chat luong cao
P-04258,Xiaomi Tai Nghe Classic,Xiaomi,Tai Nghe,218000,51,San pham chat luong cao
P-04259,Sony Giay V2,Sony,Giay,1319000,320,San pham chat luong cao
P-04260,HP May Anh Ultra,HP,May Anh,2989000,11,San pham chat luong cao
P-04261,Sony Webcam Premium,Sony,Webcam,977000,298,San pham chat luong cao
P-04262,Logitech Monitor Premium,Logitech,Monitor,3410000,26,San pham chat luong cao
P-04263,Apple Ao Thun Lite,Apple,Ao Thun,954000,282,San pham chat luong cao
P-04264,Samsung Kinh Mat Premium,Samsung,Kinh Mat,1096000,328,San pham chat luong cao
P-04265,Anker Quat Mini XL,Anker,Quat Mini,892000,12,San pham chat luong cao
P-04266,Sony USB Hub Sport,Sony,USB Hub,2655000,296,San pham chat luong cao
P-04267,Samsung Loa Premium,Samsung,Loa,3751000,297,San pham chat luong cao
P-04268,Apple Dong Ho Pro Max,Apple,Dong Ho,2968000,123,San pham chat luong cao
P-04269,Razer Kinh Mat Mini,Razer,Kinh Mat,3008000,430,San pham chat luong cao
P-04270,Samsung Webcam Sport,Samsung,Webcam,1624000,247,San pham chat luong cao
P-04271,JBL Loa V2,JBL,Loa,252000,363,San pham chat luong cao
P-04272,Sony Giay Plus,Sony,Giay,3916000,31,San pham chat luong cao
P-04273,Anker Tai Nghe Ultra,Anker,Tai Nghe,3830000,362,San pham chat luong cao
P-04274,Xiaomi Monitor XL,Xiaomi,Monitor,1494000,497,San pham chat luong cao
P-04275,Samsung Monitor Lite,Samsung,Monitor,1533000,273,San pham chat luong cao
P-04276,Samsung Ong Nhom Lite,Samsung,Ong Nhom,4834000,84,San pham chat luong cao
P-04277,Apple Tai Nghe Premium,Apple,Tai Nghe,292000,326,San pham chat luong cao
P-04278,Razer Tai Nghe Plus,Razer,Tai Nghe,1273000,201,San pham chat luong cao
P-04279,Apple Tablet Premium,Apple,Tablet,3890000,284,San pham chat luong cao
P-04280,Anker Dong Ho Ultra,Anker,Dong Ho,916000,67,San pham chat luong cao
P-04281,Apple Webcam Pro Max,Apple,Webcam,2463000,205,San pham chat luong cao
P-04282,Logitech Sac Du Phong Plus,Logitech,Sac Du Phong,4886000,184,San pham chat luong cao
P-04283,Anker USB Hub Ultra,Anker,USB Hub,3230000,37,San pham chat luong cao
P-04284,Sony Balo Mini,Sony,Balo,1081000,195,San pham chat luong cao
P-04285,Anker Chuot Gaming XL,Anker,Chuot Gaming,51000,254,San pham chat luong cao
P-04286,Samsung Op Lung V2,Samsung,Op Lung,4086000,330,San pham chat luong cao
P-04287,HP USB Hub V2,HP,USB Hub,1201000,235,San pham chat luong cao
P-04288,JBL Ao Thun Ultra,JBL,Ao Thun,682000,71,San pham chat luong cao
P-04289,HP Ong Nhom Sport,HP,Ong Nhom,341000,290,San pham chat luong cao
P-04290,Razer Tablet Pro Max,Razer,Tablet,731000,459,San pham chat luong cao
P-04291,Apple Ong Nhom Pro Max,Apple,Ong Nhom,2900000,398,San pham chat luong cao
P-04292,Xiaomi May Anh XL,Xiaomi,May Anh,4477000,17,San pham chat luong cao
P-04293,Xiaomi May Anh V2,Xiaomi,May Anh,2560000,423,San pham chat luong cao
P-04294,Anker Giay Plus,Anker,Giay,1283000,80,San pham chat luong cao
P-04295,Asus USB Hub Ultra,Asus,USB Hub,4330000,186,San pham chat luong cao
P-04296,HP Ao Thun Premium,HP,Ao Thun,3399000,102,San pham chat luong cao
P-04297,Anker Kinh Mat Mini,Anker,Kinh Mat,3120000,268,San pham chat luong cao
P-04298,Anker Ong Nhom XL,Anker,Ong Nhom,3507000,209,San pham chat luong cao
P-04299,Anker Webcam XL,Anker,Webcam,1349000,452,San pham chat luong cao
P-04300,Razer Dong Ho V2,Razer,Dong Ho,1990000,74,San pham chat luong cao
P-04301,Razer Cap Sac Lite,Razer,Cap Sac,414000,234,San pham chat luong cao
P-04302,Sony May Anh Premium,Sony,May Anh,729000,89,San pham chat luong cao
P-04303,HP Monitor Classic,HP,Monitor,3795000,68,San pham chat luong cao
P-04304,Sony Quat Mini Mini,Sony,Quat Mini,2671000,205,San pham chat luong cao
P-04305,Samsung Loa Premium,Samsung,Loa,1526000,408,San pham chat luong cao
P-04306,JBL Monitor Mini,JBL,Monitor,3283000,236,San pham chat luong cao
P-04307,Anker Quat Mini Sport,Anker,Quat Mini,1124000,29,San pham chat luong cao
P-04308,Apple Ong Nhom Mini,Apple,Ong Nhom,1262000,327,San pham chat luong cao
P-04309,Asus USB Hub Sport,Asus,USB Hub,3009000,85,San pham chat luong cao
P-04310,Xiaomi Quat Mini XL,Xiaomi,Quat Mini,1710000,194,San pham chat luong cao
P-04311,HP Chuot Gaming XL,HP,Chuot Gaming,186000,266,San pham chat luong cao
P-04312,Sony Giay Lite,Sony,Giay,789000,469,San pham chat luong cao
P-04313,Samsung Quat Mini Ultra,Samsung,Quat Mini,2048000,196,San pham chat luong cao
P-04314,Razer Giay Classic,Razer,Giay,677000,143,San pham chat luong cao
P-04315,Apple Ban Phim Classic,Apple,Ban Phim,116000,106,San pham chat luong cao
P-04316,Samsung May Anh V2,Samsung,May Anh,895000,234,San pham chat luong cao
P-04317,Samsung Monitor Plus,Samsung,Monitor,1865000,25,San pham chat luong cao
P-04318,Razer Dong Ho Sport,Razer,Dong Ho,4071000,273,San pham chat luong cao
P-04319,Apple Ao Thun Classic,Apple,Ao Thun,3935000,308,San pham chat luong cao
P-04320,Samsung Op Lung Classic,Samsung,Op Lung,3043000,287,San pham chat luong cao
P-04321,Xiaomi Laptop Pro Max,Xiaomi,Laptop,525000,309,San pham chat luong cao
P-04322,Razer Tai Nghe Lite,Razer,Tai Nghe,1638000,406,San pham chat luong cao
P-04323,HP Quat Mini V2,HP,Quat Mini,4207000,214,San pham chat luong cao
P-04324,HP Cap Sac Ultra,HP,Cap Sac,3327000,462,San pham chat luong cao
P-04325,JBL Tai Nghe Classic,JBL,Tai Nghe,1455000,144,San pham chat luong cao
P-04326,JBL Ao Thun Pro Max,JBL,Ao Thun,3399000,383,San pham chat luong cao
P-04327,Sony Loa Mini,Sony,Loa,1773000,26,San pham chat luong cao
P-04328,Logitech May Anh V2,Logitech,May Anh,1362000,179,San pham chat luong cao
P-04329,Logitech Cap Sac Classic,Logitech,Cap Sac,599000,72,San pham chat luong cao
P-04330,Sony Ban Phim Classic,Sony,Ban Phim,1246000,454,San pham chat luong cao
P-04331,Anker Monitor Mini,Anker,Monitor,2911000,61,San pham chat luong cao
P-04332,Anker Cap Sac Mini,Anker,Cap Sac,4648000,287,San pham chat luong cao
P-04333,JBL Monitor Pro Max,JBL,Monitor,1614000,221,San pham chat luong cao
P-04334,Asus Ao Thun Lite,Asus,Ao Thun,735000,159,San pham chat luong cao
P-04335,Logitech Webcam Plus,Logitech,Webcam,2708000,286,San pham chat luong cao
P-04336,HP Tai Nghe V2,HP,Tai Nghe,1808000,127,San pham chat luong cao
P-04337,Sony Laptop Pro Max,Sony,Laptop,4747000,478,San pham chat luong cao
P-04338,JBL Laptop Classic,JBL,Laptop,3417000,163,San pham chat luong cao
P-04339,Anker Quat Mini Classic,Anker,Quat Mini,2735000,477,San pham chat luong cao
P-04340,Razer Sac Du Phong Ultra,Razer,Sac Du Phong,2982000,199,San pham chat luong cao
P-04341,Anker USB Hub Pro Max,Anker,USB Hub,4185000,165,San pham chat luong cao
P-04342,Apple Cap Sac XL,Apple,Cap Sac,3819000,276,San pham chat luong cao
P-04343,Anker Chuot Gaming Mini,Anker,Chuot Gaming,1102000,72,San pham chat luong cao
P-04344,HP Loa Pro Max,HP,Loa,2068000,364,San pham chat luong cao
P-04345,Asus Ban Phim V2,Asus,Ban Phim,4176000,211,San pham chat luong cao
P-04346,JBL May Anh V2,JBL,May Anh,105000,275,San pham chat luong cao
P-04347,Sony May Anh Mini,Sony,May Anh,577000,137,San pham chat luong cao
P-04348,HP Cap Sac Classic,HP,Cap Sac,360000,350,San pham chat luong cao
P-04349,Logitech Giay Classic,Logitech,Giay,3912000,390,San pham chat luong cao
P-04350,JBL Laptop Ultra,JBL,Laptop,1644000,484,San pham chat luong cao
P-04351,HP Ao Thun Pro Max,HP,Ao Thun,288000,167,San pham chat luong cao
P-04352,Samsung Cap Sac Classic,Samsung,Cap Sac,3581000,237,San pham chat luong cao
P-04353,Asus Sac Du Phong Premium,Asus,Sac Du Phong,4226000,151,San pham chat luong cao
P-04354,Anker Sac Du Phong Premium,Anker,Sac Du Phong,4470000,200,San pham chat luong cao
P-04355,Logitech USB Hub Plus,Logitech,USB Hub,3021000,263,San pham chat luong cao
P-04356,Apple Cap Sac V2,Apple,Cap Sac,686000,184,San pham chat luong cao
P-04357,Anker Op Lung Premium,Anker,Op Lung,3759000,222,San pham chat luong cao
P-04358,Sony USB Hub Ultra,Sony,USB Hub,3121000,447,San pham chat luong cao
P-04359,Xiaomi Ao Thun Plus,Xiaomi,Ao Thun,4754000,222,San pham chat luong cao
P-04360,Samsung Quat Mini Mini,Samsung,Quat Mini,3906000,266,San pham chat luong cao
P-04361,Asus Ao Thun Lite,Asus,Ao Thun,3012000,126,San pham chat luong cao
P-04362,HP Kinh Mat XL,HP,Kinh Mat,3642000,12,San pham chat luong cao
P-04363,Apple Sac Du Phong Sport,Apple,Sac Du Phong,3645000,92,San pham chat luong cao
P-04364,Xiaomi Monitor Ultra,Xiaomi,Monitor,1892000,101,San pham chat luong cao
P-04365,Logitech May Anh V2,Logitech,May Anh,606000,443,San pham chat luong cao
P-04366,Anker May Anh Ultra,Anker,May Anh,143000,479,San pham chat luong cao
P-04367,Razer Chuot Gaming XL,Razer,Chuot Gaming,1785000,197,San pham chat luong cao
P-04368,Anker Loa Plus,Anker,Loa,2426000,472,San pham chat luong cao
P-04369,Xiaomi Ban Phim Plus,Xiaomi,Ban Phim,1122000,387,San pham chat luong cao
P-04370,Asus Sac Du Phong Premium,Asus,Sac Du Phong,4088000,89,San pham chat luong cao
P-04371,Xiaomi Giay Mini,Xiaomi,Giay,3420000,327,San pham chat luong cao
P-04372,Logitech Ong Nhom Classic,Logitech,Ong Nhom,3676000,353,San pham chat luong cao
P-04373,Apple Op Lung Ultra,Apple,Op Lung,405000,236,San pham chat luong cao
P-04374,JBL May Anh Mini,JBL,May Anh,4001000,487,San pham chat luong cao
P-04375,Samsung Cap Sac Mini,Samsung,Cap Sac,2445000,420,San pham chat luong cao
P-04376,Sony Cap Sac Pro Max,Sony,Cap Sac,3973000,28,San pham chat luong cao
P-04377,Apple Ban Phim Premium,Apple,Ban Phim,4559000,411,San pham chat luong cao
P-04378,Asus Ban Phim Ultra,Asus,Ban Phim,1014000,299,San pham chat luong cao
P-04379,Apple Dong Ho Plus,Apple,Dong Ho,1478000,166,San pham chat luong cao
P-04380,Samsung Ban Phim V2,Samsung,Ban Phim,3693000,239,San pham chat luong cao
P-04381,HP Ong Nhom Premium,HP,Ong Nhom,3514000,12,San pham chat luong cao
P-04382,JBL May Anh Ultra,JBL,May Anh,4961000,382,San pham chat luong cao
P-04383,Razer Kinh Mat Plus,Razer,Kinh Mat,3861000,151,San pham chat luong cao
P-04384,Razer Tai Nghe Sport,Razer,Tai Nghe,2494000,436,San pham chat luong cao
P-04385,Logitech Sac Du Phong Sport,Logitech,Sac Du Phong,2586000,70,San pham chat luong cao
P-04386,HP Webcam Classic,HP,Webcam,3232000,326,San pham chat luong cao
P-04387,Razer Kinh Mat Premium,Razer,Kinh Mat,225000,83,San pham chat luong cao
P-04388,Logitech Kinh Mat Premium,Logitech,Kinh Mat,1180000,86,San pham chat luong cao
P-04389,Razer Laptop Pro Max,Razer,Laptop,3650000,114,San pham chat luong cao
P-04390,JBL Tai Nghe Pro Max,JBL,Tai Nghe,981000,439,San pham chat luong cao
P-04391,Samsung Webcam Sport,Samsung,Webcam,137000,458,San pham chat luong cao
P-04392,Xiaomi Monitor Pro Max,Xiaomi,Monitor,1917000,190,San pham chat luong cao
P-04393,HP Tablet Mini,HP,Tablet,4284000,307,San pham chat luong cao
P-04394,Xiaomi Webcam Ultra,Xiaomi,Webcam,1372000,163,San pham chat luong cao
P-04395,Logitech May Anh Classic,Logitech,May Anh,1268000,474,San pham chat luong cao
P-04396,JBL Monitor Plus,JBL,Monitor,1144000,282,San pham chat luong cao
P-04397,Anker Tablet Classic,Anker,Tablet,484000,292,San pham chat luong cao
P-04398,Razer Sac Du Phong XL,Razer,Sac Du Phong,568000,298,San pham chat luong cao
P-04399,Logitech Quat Mini Premium,Logitech,Quat Mini,1967000,29,San pham chat luong cao
P-04400,HP Chuot Gaming Premium,HP,Chuot Gaming,1212000,370,San pham chat luong cao
P-04401,Apple Balo Lite,Apple,Balo,3700000,52,San pham chat luong cao
P-04402,Sony Loa Sport,Sony,Loa,4606000,392,San pham chat luong cao
P-04403,JBL USB Hub Lite,JBL,USB Hub,524000,85,San pham chat luong cao
P-04404,JBL Ao Thun Plus,JBL,Ao Thun,4504000,252,San pham chat luong cao
P-04405,Samsung Ban Phim XL,Samsung,Ban Phim,656000,22,San pham chat luong cao
P-04406,HP Tablet V2,HP,Tablet,2038000,41,San pham chat luong cao
P-04407,Apple Op Lung Ultra,Apple,Op Lung,782000,96,San pham chat luong cao
P-04408,Apple Webcam Premium,Apple,Webcam,4050000,342,San pham chat luong cao
P-04409,Anker Laptop XL,Anker,Laptop,2107000,360,San pham chat luong cao
P-04410,HP Tablet Pro Max,HP,Tablet,2022000,14,San pham chat luong cao
P-04411,Xiaomi USB Hub Classic,Xiaomi,USB Hub,4571000,432,San pham chat luong cao
P-04412,Logitech Sac Du Phong Ultra,Logitech,Sac Du Phong,2409000,47,San pham chat luong cao
P-04413,Samsung Tai Nghe Plus,Samsung,Tai Nghe,3557000,379,San pham chat luong cao
P-04414,Sony Ao Thun Lite,Sony,Ao Thun,1954000,456,San pham chat luong cao
P-04415,Sony Op Lung Premium,Sony,Op Lung,1505000,469,San pham chat luong cao
P-04416,Logitech Tablet Ultra,Logitech,Tablet,4736000,228,San pham chat luong cao
P-04417,Logitech Dong Ho Lite,Logitech,Dong Ho,1260000,203,San pham chat luong cao
P-04418,JBL Dong Ho Pro Max,JBL,Dong Ho,4571000,22,San pham chat luong cao
P-04419,Sony Cap Sac Classic,Sony,Cap Sac,4758000,154,San pham chat luong cao
P-04420,Xiaomi Kinh Mat Ultra,Xiaomi,Kinh Mat,3743000,164,San pham chat luong cao
P-04421,Logitech Sac Du Phong Premium,Logitech,Sac Du Phong,377000,280,San pham chat luong cao
P-04422,Anker Balo Premium,Anker,Balo,4864000,306,San pham chat luong cao
P-04423,Sony Sac Du Phong Classic,Sony,Sac Du Phong,4968000,163,San pham chat luong cao
P-04424,Samsung Cap Sac Plus,Samsung,Cap Sac,77000,234,San pham chat luong cao
P-04425,HP Tablet Premium,HP,Tablet,4036000,201,San pham chat luong cao
P-04426,JBL Loa Mini,JBL,Loa,4392000,492,San pham chat luong cao
P-04427,Samsung Ong Nhom Lite,Samsung,Ong Nhom,4920000,266,San pham chat luong cao
P-04428,Anker Ban Phim Mini,Anker,Ban Phim,2289000,88,San pham chat luong cao
P-04429,Logitech May Anh Pro Max,Logitech,May Anh,4055000,25,San pham chat luong cao
P-04430,Apple Sac Du Phong Premium,Apple,Sac Du Phong,1684000,385,San pham chat luong cao
P-04431,JBL Monitor XL,JBL,Monitor,1648000,443,San pham chat luong cao
P-04432,Asus Kinh Mat Premium,Asus,Kinh Mat,1316000,328,San pham chat luong cao
P-04433,Sony Loa Plus,Sony,Loa,298000,54,San pham chat luong cao
P-04434,HP Balo XL,HP,Balo,3526000,272,San pham chat luong cao
P-04435,Asus Ong Nhom Mini,Asus,Ong Nhom,1930000,485,San pham chat luong cao
P-04436,Anker Sac Du Phong XL,Anker,Sac Du Phong,2473000,82,San pham chat luong cao
P-04437,Sony May Anh Lite,Sony,May Anh,62000,143,San pham chat luong cao
P-04438,Razer Tai Nghe Mini,Razer,Tai Nghe,522000,48,San pham chat luong cao
P-04439,Asus Giay Ultra,Asus,Giay,1036000,356,San pham chat luong cao
P-04440,Logitech Balo Sport,Logitech,Balo,3892000,150,San pham chat luong cao
P-04441,Xiaomi Ao Thun V2,Xiaomi,Ao Thun,4363000,175,San pham chat luong cao
P-04442,Xiaomi USB Hub Classic,Xiaomi,USB Hub,1105000,456,San pham chat luong cao
P-04443,Logitech May Anh Ultra,Logitech,May Anh,3418000,418,San pham chat luong cao
P-04444,Asus Kinh Mat V2,Asus,Kinh Mat,822000,422,San pham chat luong cao
P-04445,Xiaomi Quat Mini Classic,Xiaomi,Quat Mini,3703000,260,San pham chat luong cao
P-04446,Anker Quat Mini XL,Anker,Quat Mini,696000,383,San pham chat luong cao
P-04447,HP Chuot Gaming Pro Max,HP,Chuot Gaming,3812000,495,San pham chat luong cao
P-04448,Samsung Ong Nhom Lite,Samsung,Ong Nhom,3735000,416,San pham chat luong cao
P-04449,Xiaomi Giay Classic,Xiaomi,Giay,2273000,396,San pham chat luong cao
P-04450,Razer Ao Thun Ultra,Razer,Ao Thun,1800000,391,San pham chat luong cao
P-04451,Xiaomi Sac Du Phong Classic,Xiaomi,Sac Du Phong,3888000,56,San pham chat luong cao
P-04452,Logitech May Anh Premium,Logitech,May Anh,1212000,169,San pham chat luong cao
P-04453,HP Ban Phim Lite,HP,Ban Phim,1070000,192,San pham chat luong cao
P-04454,Xiaomi Laptop Mini,Xiaomi,Laptop,2104000,237,San pham chat luong cao
P-04455,Sony Ao Thun Sport,Sony,Ao Thun,853000,388,San pham chat luong cao
P-04456,Apple Kinh Mat Lite,Apple,Kinh Mat,1013000,445,San pham chat luong cao
P-04457,Asus Cap Sac Classic,Asus,Cap Sac,3212000,269,San pham chat luong cao
P-04458,Asus Tablet Plus,Asus,Tablet,2935000,84,San pham chat luong cao
P-04459,HP May Anh Plus,HP,May Anh,3806000,281,San pham chat luong cao
P-04460,Apple Dong Ho V2,Apple,Dong Ho,2115000,470,San pham chat luong cao
P-04461,HP Quat Mini Classic,HP,Quat Mini,3824000,347,San pham chat luong cao
P-04462,HP Monitor XL,HP,Monitor,4368000,325,San pham chat luong cao
P-04463,HP Laptop Classic,HP,Laptop,51000,344,San pham chat luong cao
P-04464,JBL Loa Mini,JBL,Loa,3403000,160,San pham chat luong cao
P-04465,Xiaomi Ong Nhom Ultra,Xiaomi,Ong Nhom,3715000,267,San pham chat luong cao
P-04466,Asus Monitor Plus,Asus,Monitor,551000,334,San pham chat luong cao
P-04467,Asus Quat Mini Pro Max,Asus,Quat Mini,3354000,435,San pham chat luong cao
P-04468,JBL Laptop Premium,JBL,Laptop,1850000,431,San pham chat luong cao
P-04469,Samsung Loa Lite,Samsung,Loa,1973000,425,San pham chat luong cao
P-04470,Razer Tai Nghe Sport,Razer,Tai Nghe,4455000,45,San pham chat luong cao
P-04471,Razer May Anh XL,Razer,May Anh,1059000,413,San pham chat luong cao
P-04472,Logitech Ong Nhom Plus,Logitech,Ong Nhom,657000,266,San pham chat luong cao
P-04473,Logitech Chuot Gaming Premium,Logitech,Chuot Gaming,2039000,112,San pham chat luong cao
P-04474,Asus Dong Ho V2,Asus,Dong Ho,528000,498,San pham chat luong cao
P-04475,Logitech May Anh Premium,Logitech,May Anh,4308000,365,San pham chat luong cao
P-04476,Logitech Op Lung Pro Max,Logitech,Op Lung,1006000,227,San pham chat luong cao
P-04477,Xiaomi Webcam Ultra,Xiaomi,Webcam,4574000,194,San pham chat luong cao
P-04478,Xiaomi Op Lung Mini,Xiaomi,Op Lung,4026000,466,San pham chat luong cao
P-04479,Sony Ban Phim Premium,Sony,Ban Phim,4769000,318,San pham chat luong cao
P-04480,Samsung Quat Mini Lite,Samsung,Quat Mini,902000,10,San pham chat luong cao
P-04481,JBL Sac Du Phong V2,JBL,Sac Du Phong,4771000,274,San pham chat luong cao
P-04482,JBL Giay Plus,JBL,Giay,4078000,81,San pham chat luong cao
P-04483,Razer Quat Mini Classic,Razer,Quat Mini,4323000,481,San pham chat luong cao
P-04484,Asus Tai Nghe XL,Asus,Tai Nghe,3641000,316,San pham chat luong cao
P-04485,Anker USB Hub Plus,Anker,USB Hub,2614000,84,San pham chat luong cao
P-04486,JBL Tai Nghe XL,JBL,Tai Nghe,4811000,105,San pham chat luong cao
P-04487,HP Cap Sac Pro Max,HP,Cap Sac,401000,195,San pham chat luong cao
P-04488,Asus Cap Sac Plus,Asus,Cap Sac,2132000,369,San pham chat luong cao
P-04489,JBL Laptop XL,JBL,Laptop,2289000,339,San pham chat luong cao
P-04490,Samsung Giay V2,Samsung,Giay,2140000,420,San pham chat luong cao
P-04491,Anker Balo Sport,Anker,Balo,173000,473,San pham chat luong cao
P-04492,Xiaomi Dong Ho Plus,Xiaomi,Dong Ho,1024000,383,San pham chat luong cao
P-04493,Samsung Giay XL,Samsung,Giay,4598000,349,San pham chat luong cao
P-04494,HP Cap Sac Pro Max,HP,Cap Sac,334000,413,San pham chat luong cao
P-04495,Anker Webcam Plus,Anker,Webcam,2417000,188,San pham chat luong cao
P-04496,Sony Loa Plus,Sony,Loa,446000,427,San pham chat luong cao
P-04497,Samsung Chuot Gaming Lite,Samsung,Chuot Gaming,2206000,438,San pham chat luong cao
P-04498,Razer Ban Phim Mini,Razer,Ban Phim,3709000,441,San pham chat luong cao
P-04499,HP Quat Mini Classic,HP,Quat Mini,237000,401,San pham chat luong cao
P-04500,HP Loa Lite,HP,Loa,4607000,48,San pham chat luong cao
P-04501,Logitech Webcam XL,Logitech,Webcam,4083000,144,San pham chat luong cao
P-04502,Asus Ao Thun Classic,Asus,Ao Thun,4152000,210,San pham chat luong cao
P-04503,HP Cap Sac Pro Max,HP,Cap Sac,2974000,350,San pham chat luong cao
P-04504,Anker Tai Nghe Mini,Anker,Tai Nghe,300000,417,San pham chat luong cao
P-04505,Anker Dong Ho V2,Anker,Dong Ho,3283000,174,San pham chat luong cao
P-04506,Logitech Chuot Gaming Ultra,Logitech,Chuot Gaming,1247000,88,San pham chat luong cao
P-04507,Anker Balo Ultra,Anker,Balo,4924000,106,San pham chat luong cao
P-04508,Asus Ong Nhom Mini,Asus,Ong Nhom,4964000,340,San pham chat luong cao
P-04509,Anker Tai Nghe Mini,Anker,Tai Nghe,778000,495,San pham chat luong cao
P-04510,JBL Ao Thun XL,JBL,Ao Thun,3421000,319,San pham chat luong cao
P-04511,Logitech Cap Sac V2,Logitech,Cap Sac,4175000,235,San pham chat luong cao
P-04512,Sony Monitor Premium,Sony,Monitor,3619000,311,San pham chat luong cao
P-04513,Anker Webcam Plus,Anker,Webcam,2282000,292,San pham chat luong cao
P-04514,JBL Cap Sac Classic,JBL,Cap Sac,1759000,111,San pham chat luong cao
P-04515,Anker Sac Du Phong V2,Anker,Sac Du Phong,3744000,455,San pham chat luong cao
P-04516,Razer Tablet Mini,Razer,Tablet,2865000,324,San pham chat luong cao
P-04517,Samsung Tai Nghe Mini,Samsung,Tai Nghe,3739000,79,San pham chat luong cao
P-04518,Anker May Anh Plus,Anker,May Anh,3382000,139,San pham chat luong cao
P-04519,Razer Laptop Mini,Razer,Laptop,3187000,329,San pham chat luong cao
P-04520,Anker Tai Nghe XL,Anker,Tai Nghe,2336000,69,San pham chat luong cao
P-04521,Razer Ao Thun Lite,Razer,Ao Thun,4520000,159,San pham chat luong cao
P-04522,JBL Webcam XL,JBL,Webcam,1372000,377,San pham chat luong cao
P-04523,Apple Loa XL,Apple,Loa,2425000,175,San pham chat luong cao
P-04524,HP Op Lung Premium,HP,Op Lung,497000,128,San pham chat luong cao
P-04525,JBL Webcam Mini,JBL,Webcam,2436000,346,San pham chat luong cao
P-04526,Logitech Kinh Mat XL,Logitech,Kinh Mat,2294000,357,San pham chat luong cao
P-04527,Razer USB Hub Lite,Razer,USB Hub,4036000,108,San pham chat luong cao
P-04528,Apple Chuot Gaming Pro Max,Apple,Chuot Gaming,2010000,199,San pham chat luong cao
P-04529,JBL Dong Ho Classic,JBL,Dong Ho,1939000,194,San pham chat luong cao
P-04530,JBL Op Lung Premium,JBL,Op Lung,3523000,398,San pham chat luong cao
P-04531,Asus Tablet V2,Asus,Tablet,2507000,82,San pham chat luong cao
P-04532,Sony Sac Du Phong Classic,Sony,Sac Du Phong,2273000,13,San pham chat luong cao
P-04533,JBL Op Lung Classic,JBL,Op Lung,4322000,478,San pham chat luong cao
P-04534,JBL Chuot Gaming Lite,JBL,Chuot Gaming,3896000,433,San pham chat luong cao
P-04535,Razer Op Lung V2,Razer,Op Lung,1108000,63,San pham chat luong cao
P-04536,Apple Kinh Mat Sport,Apple,Kinh Mat,4845000,50,San pham chat luong cao
P-04537,Razer Monitor V2,Razer,Monitor,599000,404,San pham chat luong cao
P-04538,Asus Op Lung Classic,Asus,Op Lung,2868000,475,San pham chat luong cao
P-04539,Asus Chuot Gaming V2,Asus,Chuot Gaming,1582000,80,San pham chat luong cao
P-04540,Sony Webcam Sport,Sony,Webcam,2919000,180,San pham chat luong cao
P-04541,Razer USB Hub Plus,Razer,USB Hub,2540000,184,San pham chat luong cao
P-04542,HP Ong Nhom Premium,HP,Ong Nhom,4315000,318,San pham chat luong cao
P-04543,HP Cap Sac Premium,HP,Cap Sac,2527000,286,San pham chat luong cao
P-04544,Logitech Ong Nhom Plus,Logitech,Ong Nhom,3817000,102,San pham chat luong cao
P-04545,Razer Giay Sport,Razer,Giay,4211000,93,San pham chat luong cao
P-04546,Xiaomi Op Lung Classic,Xiaomi,Op Lung,318000,349,San pham chat luong cao
P-04547,Apple Quat Mini Ultra,Apple,Quat Mini,4261000,279,San pham chat luong cao
P-04548,Apple Laptop Premium,Apple,Laptop,4481000,484,San pham chat luong cao
P-04549,Logitech Quat Mini V2,Logitech,Quat Mini,146000,26,San pham chat luong cao
P-04550,Logitech Kinh Mat Pro Max,Logitech,Kinh Mat,1131000,414,San pham chat luong cao
P-04551,Apple Ong Nhom V2,Apple,Ong Nhom,1548000,382,San pham chat luong cao
P-04552,Anker Ong Nhom V2,Anker,Ong Nhom,4423000,117,San pham chat luong cao
P-04553,Logitech Tai Nghe Ultra,Logitech,Tai Nghe,1154000,202,San pham chat luong cao
P-04554,HP Tai Nghe Mini,HP,Tai Nghe,441000,327,San pham chat luong cao
P-04555,Razer Loa Lite,Razer,Loa,2718000,433,San pham chat luong cao
P-04556,Asus Monitor Pro Max,Asus,Monitor,149000,27,San pham chat luong cao
P-04557,Sony Laptop Plus,Sony,Laptop,2274000,322,San pham chat luong cao
P-04558,Logitech Dong Ho Premium,Logitech,Dong Ho,3206000,94,San pham chat luong cao
P-04559,Asus Tablet XL,Asus,Tablet,1732000,179,San pham chat luong cao
P-04560,Xiaomi USB Hub Ultra,Xiaomi,USB Hub,784000,103,San pham chat luong cao
P-04561,Sony Dong Ho XL,Sony,Dong Ho,1780000,306,San pham chat luong cao
P-04562,Xiaomi Quat Mini Premium,Xiaomi,Quat Mini,3446000,116,San pham chat luong cao
P-04563,JBL Balo V2,JBL,Balo,3342000,251,San pham chat luong cao
P-04564,Razer Sac Du Phong Ultra,Razer,Sac Du Phong,2222000,233,San pham chat luong cao
P-04565,Logitech Op Lung V2,Logitech,Op Lung,1973000,273,San pham chat luong cao
P-04566,Xiaomi Cap Sac XL,Xiaomi,Cap Sac,777000,132,San pham chat luong cao
P-04567,Sony Ban Phim V2,Sony,Ban Phim,1841000,344,San pham chat luong cao
P-04568,Xiaomi Ao Thun Pro Max,Xiaomi,Ao Thun,4341000,206,San pham chat luong cao
P-04569,Xiaomi USB Hub Lite,Xiaomi,USB Hub,3276000,150,San pham chat luong cao
P-04570,HP Dong Ho Premium,HP,Dong Ho,3456000,234,San pham chat luong cao
P-04571,Anker Ban Phim V2,Anker,Ban Phim,113000,22,San pham chat luong cao
P-04572,Sony Ong Nhom XL,Sony,Ong Nhom,4284000,30,San pham chat luong cao
P-04573,Sony Ong Nhom Lite,Sony,Ong Nhom,60000,93,San pham chat luong cao
P-04574,Asus Dong Ho Plus,Asus,Dong Ho,1878000,49,San pham chat luong cao
P-04575,Razer Loa Plus,Razer,Loa,4975000,174,San pham chat luong cao
P-04576,Asus Balo XL,Asus,Balo,4145000,285,San pham chat luong cao
P-04577,Xiaomi Chuot Gaming XL,Xiaomi,Chuot Gaming,4076000,461,San pham chat luong cao
P-04578,HP Loa Lite,HP,Loa,526000,184,San pham chat luong cao
P-04579,HP Chuot Gaming Ultra,HP,Chuot Gaming,4604000,175,San pham chat luong cao
P-04580,Sony Ao Thun Classic,Sony,Ao Thun,2931000,414,San pham chat luong cao
P-04581,Xiaomi Cap Sac XL,Xiaomi,Cap Sac,224000,136,San pham chat luong cao
P-04582,Samsung Cap Sac Mini,Samsung,Cap Sac,333000,219,San pham chat luong cao
P-04583,Asus Ao Thun Mini,Asus,Ao Thun,1474000,85,San pham chat luong cao
P-04584,Apple Kinh Mat XL,Apple,Kinh Mat,2686000,148,San pham chat luong cao
P-04585,Anker Laptop V2,Anker,Laptop,255000,152,San pham chat luong cao
P-04586,Apple Sac Du Phong Ultra,Apple,Sac Du Phong,2215000,243,San pham chat luong cao
P-04587,Samsung Kinh Mat Mini,Samsung,Kinh Mat,3517000,418,San pham chat luong cao
P-04588,Samsung Laptop Pro Max,Samsung,Laptop,4600000,273,San pham chat luong cao
P-04589,Logitech Tablet Sport,Logitech,Tablet,4199000,261,San pham chat luong cao
P-04590,Sony Ong Nhom XL,Sony,Ong Nhom,4870000,212,San pham chat luong cao
P-04591,HP Loa V2,HP,Loa,274000,219,San pham chat luong cao
P-04592,Xiaomi Tai Nghe Plus,Xiaomi,Tai Nghe,77000,175,San pham chat luong cao
P-04593,Samsung Quat Mini Ultra,Samsung,Quat Mini,3207000,247,San pham chat luong cao
P-04594,Razer Dong Ho Plus,Razer,Dong Ho,3764000,65,San pham chat luong cao
P-04595,Apple Op Lung Ultra,Apple,Op Lung,2390000,471,San pham chat luong cao
P-04596,Samsung Giay XL,Samsung,Giay,2291000,457,San pham chat luong cao
P-04597,Anker Quat Mini V2,Anker,Quat Mini,423000,500,San pham chat luong cao
P-04598,JBL Cap Sac XL,JBL,Cap Sac,498000,279,San pham chat luong cao
P-04599,Sony Quat Mini Premium,Sony,Quat Mini,3016000,207,San pham chat luong cao
P-04600,JBL Tablet Mini,JBL,Tablet,2882000,425,San pham chat luong cao
P-04601,Anker Monitor Lite,Anker,Monitor,1147000,22,San pham chat luong cao
P-04602,HP Loa Pro Max,HP,Loa,4126000,250,San pham chat luong cao
P-04603,Apple Cap Sac Premium,Apple,Cap Sac,4810000,73,San pham chat luong cao
P-04604,Logitech Quat Mini Mini,Logitech,Quat Mini,2293000,147,San pham chat luong cao
P-04605,HP Ban Phim Classic,HP,Ban Phim,3647000,346,San pham chat luong cao
P-04606,Razer Laptop Premium,Razer,Laptop,564000,484,San pham chat luong cao
P-04607,Samsung Sac Du Phong Sport,Samsung,Sac Du Phong,4904000,17,San pham chat luong cao
P-04608,Logitech Dong Ho Classic,Logitech,Dong Ho,4943000,121,San pham chat luong cao
P-04609,JBL Balo Sport,JBL,Balo,1335000,372,San pham chat luong cao
P-04610,Logitech Monitor Premium,Logitech,Monitor,2758000,430,San pham chat luong cao
P-04611,Razer Ong Nhom Pro Max,Razer,Ong Nhom,1983000,424,San pham chat luong cao
P-04612,HP May Anh Mini,HP,May Anh,1472000,175,San pham chat luong cao
P-04613,Samsung May Anh Mini,Samsung,May Anh,1403000,310,San pham chat luong cao
P-04614,Asus Op Lung Mini,Asus,Op Lung,251000,107,San pham chat luong cao
P-04615,Sony Sac Du Phong Premium,Sony,Sac Du Phong,3681000,411,San pham chat luong cao
P-04616,Sony Giay Ultra,Sony,Giay,4250000,331,San pham chat luong cao
P-04617,HP Tablet Plus,HP,Tablet,582000,31,San pham chat luong cao
P-04618,Logitech Laptop Ultra,Logitech,Laptop,4068000,391,San pham chat luong cao
P-04619,JBL Balo Ultra,JBL,Balo,1822000,294,San pham chat luong cao
P-04620,Razer USB Hub Pro Max,Razer,USB Hub,2871000,325,San pham chat luong cao
P-04621,Sony Kinh Mat XL,Sony,Kinh Mat,1879000,483,San pham chat luong cao
P-04622,Sony Op Lung V2,Sony,Op Lung,4877000,50,San pham chat luong cao
P-04623,Anker May Anh XL,Anker,May Anh,4934000,37,San pham chat luong cao
P-04624,Apple Op Lung Mini,Apple,Op Lung,3091000,209,San pham chat luong cao
P-04625,Razer Dong Ho Mini,Razer,Dong Ho,1722000,448,San pham chat luong cao
P-04626,Apple Giay Ultra,Apple,Giay,4970000,30,San pham chat luong cao
P-04627,Logitech Tai Nghe Classic,Logitech,Tai Nghe,3758000,164,San pham chat luong cao
P-04628,Logitech Webcam Pro Max,Logitech,Webcam,1045000,269,San pham chat luong cao
P-04629,HP Kinh Mat Lite,HP,Kinh Mat,1358000,497,San pham chat luong cao
P-04630,JBL Quat Mini Premium,JBL,Quat Mini,4634000,117,San pham chat luong cao
P-04631,HP Sac Du Phong Sport,HP,Sac Du Phong,1608000,71,San pham chat luong cao
P-04632,Razer Cap Sac Plus,Razer,Cap Sac,3903000,214,San pham chat luong cao
P-04633,Anker USB Hub Pro Max,Anker,USB Hub,4874000,354,San pham chat luong cao
P-04634,JBL Webcam Sport,JBL,Webcam,1110000,286,San pham chat luong cao
P-04635,Logitech Loa XL,Logitech,Loa,4228000,244,San pham chat luong cao
P-04636,Samsung Quat Mini Classic,Samsung,Quat Mini,332000,458,San pham chat luong cao
P-04637,HP Ban Phim V2,HP,Ban Phim,3512000,163,San pham chat luong cao
P-04638,Razer Ao Thun Lite,Razer,Ao Thun,4453000,130,San pham chat luong cao
P-04639,Apple Quat Mini Premium,Apple,Quat Mini,2649000,400,San pham chat luong cao
P-04640,Asus Op Lung Sport,Asus,Op Lung,1411000,184,San pham chat luong cao
P-04641,Samsung Tai Nghe Plus,Samsung,Tai Nghe,2907000,459,San pham chat luong cao
P-04642,Xiaomi Giay V2,Xiaomi,Giay,4378000,450,San pham chat luong cao
P-04643,Sony Op Lung Classic,Sony,Op Lung,4519000,72,San pham chat luong cao
P-04644,Asus Ong Nhom Pro Max,Asus,Ong Nhom,2969000,406,San pham chat luong cao
P-04645,Anker Ban Phim XL,Anker,Ban Phim,4465000,287,San pham chat luong cao
P-04646,Razer Ao Thun Premium,Razer,Ao Thun,1783000,119,San pham chat luong cao
P-04647,JBL USB Hub Lite,JBL,USB Hub,1695000,140,San pham chat luong cao
P-04648,Razer Cap Sac Premium,Razer,Cap Sac,3139000,395,San pham chat luong cao
P-04649,Samsung USB Hub Mini,Samsung,USB Hub,4329000,157,San pham chat luong cao
P-04650,Apple Ong Nhom Classic,Apple,Ong Nhom,2517000,495,San pham chat luong cao
P-04651,Samsung Ao Thun Ultra,Samsung,Ao Thun,4843000,13,San pham chat luong cao
P-04652,Asus Kinh Mat Premium,Asus,Kinh Mat,1150000,421,San pham chat luong cao
P-04653,HP Webcam Pro Max,HP,Webcam,1390000,134,San pham chat luong cao
P-04654,HP Tablet Plus,HP,Tablet,1376000,269,San pham chat luong cao
P-04655,Apple Ban Phim Classic,Apple,Ban Phim,3724000,71,San pham chat luong cao
P-04656,JBL Tablet XL,JBL,Tablet,2650000,98,San pham chat luong cao
P-04657,Samsung Sac Du Phong Plus,Samsung,Sac Du Phong,3577000,189,San pham chat luong cao
P-04658,Razer Ong Nhom Premium,Razer,Ong Nhom,2326000,392,San pham chat luong cao
P-04659,Asus Ban Phim Pro Max,Asus,Ban Phim,2451000,56,San pham chat luong cao
P-04660,HP Dong Ho Plus,HP,Dong Ho,1830000,455,San pham chat luong cao
P-04661,Logitech Tablet V2,Logitech,Tablet,60000,242,San pham chat luong cao
P-04662,Xiaomi Tai Nghe Classic,Xiaomi,Tai Nghe,289000,341,San pham chat luong cao
P-04663,Logitech Laptop Classic,Logitech,Laptop,3042000,299,San pham chat luong cao
P-04664,Anker Giay Classic,Anker,Giay,3949000,423,San pham chat luong cao
P-04665,Samsung Laptop Premium,Samsung,Laptop,2246000,341,San pham chat luong cao
P-04666,Razer Ao Thun Classic,Razer,Ao Thun,4589000,100,San pham chat luong cao
P-04667,Anker Op Lung V2,Anker,Op Lung,700000,490,San pham chat luong cao
P-04668,Samsung Dong Ho Ultra,Samsung,Dong Ho,1640000,273,San pham chat luong cao
P-04669,Anker Chuot Gaming Lite,Anker,Chuot Gaming,1629000,487,San pham chat luong cao
P-04670,Samsung Laptop Mini,Samsung,Laptop,4612000,171,San pham chat luong cao
P-04671,Anker Ban Phim Sport,Anker,Ban Phim,3863000,211,San pham chat luong cao
P-04672,Logitech Ao Thun Ultra,Logitech,Ao Thun,1377000,15,San pham chat luong cao
P-04673,Razer Giay Sport,Razer,Giay,3967000,112,San pham chat luong cao
P-04674,HP Dong Ho Premium,HP,Dong Ho,1908000,109,San pham chat luong cao
P-04675,Apple USB Hub V2,Apple,USB Hub,229000,342,San pham chat luong cao
P-04676,Sony Ban Phim Pro Max,Sony,Ban Phim,4416000,411,San pham chat luong cao
P-04677,JBL Tai Nghe Plus,JBL,Tai Nghe,2032000,165,San pham chat luong cao
P-04678,Razer Balo XL,Razer,Balo,2095000,327,San pham chat luong cao
P-04679,Asus Monitor V2,Asus,Monitor,2678000,458,San pham chat luong cao
P-04680,HP USB Hub Sport,HP,USB Hub,2765000,258,San pham chat luong cao
P-04681,Xiaomi Laptop Pro Max,Xiaomi,Laptop,2835000,292,San pham chat luong cao
P-04682,Asus Op Lung Lite,Asus,Op Lung,4087000,81,San pham chat luong cao
P-04683,Razer Webcam Sport,Razer,Webcam,3052000,128,San pham chat luong cao
P-04684,HP Quat Mini Classic,HP,Quat Mini,2999000,354,San pham chat luong cao
P-04685,Sony Quat Mini Pro Max,Sony,Quat Mini,1984000,168,San pham chat luong cao
P-04686,JBL Ong Nhom Lite,JBL,Ong Nhom,1839000,171,San pham chat luong cao
P-04687,Apple Ao Thun Sport,Apple,Ao Thun,2804000,379,San pham chat luong cao
P-04688,Asus Cap Sac Pro Max,Asus,Cap Sac,2796000,352,San pham chat luong cao
P-04689,Sony Kinh Mat Classic,Sony,Kinh Mat,1398000,382,San pham chat luong cao
P-04690,Xiaomi Quat Mini Pro Max,Xiaomi,Quat Mini,998000,62,San pham chat luong cao
P-04691,JBL May Anh Ultra,JBL,May Anh,3616000,359,San pham chat luong cao
P-04692,Samsung USB Hub Pro Max,Samsung,USB Hub,1416000,319,San pham chat luong cao
P-04693,Sony Ong Nhom XL,Sony,Ong Nhom,1809000,133,San pham chat luong cao
P-04694,Anker Giay Sport,Anker,Giay,478000,490,San pham chat luong cao
P-04695,HP Balo Ultra,HP,Balo,4324000,406,San pham chat luong cao
P-04696,Samsung Ao Thun Ultra,Samsung,Ao Thun,986000,218,San pham chat luong cao
P-04697,Anker Loa Plus,Anker,Loa,2244000,57,San pham chat luong cao
P-04698,Xiaomi Quat Mini Sport,Xiaomi,Quat Mini,1279000,104,San pham chat luong cao
P-04699,Razer Tablet XL,Razer,Tablet,491000,430,San pham chat luong cao
P-04700,Xiaomi Ban Phim Sport,Xiaomi,Ban Phim,3005000,344,San pham chat luong cao
P-04701,Apple Dong Ho V2,Apple,Dong Ho,2571000,12,San pham chat luong cao
P-04702,HP Balo Sport,HP,Balo,1066000,443,San pham chat luong cao
P-04703,Samsung Monitor Ultra,Samsung,Monitor,2986000,475,San pham chat luong cao
P-04704,Anker Balo Mini,Anker,Balo,1589000,44,San pham chat luong cao
P-04705,Sony Giay Pro Max,Sony,Giay,2781000,389,San pham chat luong cao
P-04706,Asus Kinh Mat XL,Asus,Kinh Mat,2629000,212,San pham chat luong cao
P-04707,Logitech Tai Nghe Classic,Logitech,Tai Nghe,3997000,315,San pham chat luong cao
P-04708,Anker Dong Ho XL,Anker,Dong Ho,132000,24,San pham chat luong cao
P-04709,HP Ban Phim Pro Max,HP,Ban Phim,3521000,93,San pham chat luong cao
P-04710,Asus Dong Ho Lite,Asus,Dong Ho,3968000,350,San pham chat luong cao
P-04711,HP Monitor Classic,HP,Monitor,4297000,92,San pham chat luong cao
P-04712,Xiaomi Dong Ho Premium,Xiaomi,Dong Ho,2060000,160,San pham chat luong cao
P-04713,Apple Tai Nghe Ultra,Apple,Tai Nghe,4246000,231,San pham chat luong cao
P-04714,Anker Tai Nghe XL,Anker,Tai Nghe,152000,119,San pham chat luong cao
P-04715,Logitech Quat Mini Pro Max,Logitech,Quat Mini,1276000,426,San pham chat luong cao
P-04716,Logitech Ao Thun Premium,Logitech,Ao Thun,795000,314,San pham chat luong cao
P-04717,Logitech Op Lung Ultra,Logitech,Op Lung,4925000,140,San pham chat luong cao
P-04718,Anker Sac Du Phong Pro Max,Anker,Sac Du Phong,2762000,418,San pham chat luong cao
P-04719,Asus Laptop Plus,Asus,Laptop,3380000,443,San pham chat luong cao
P-04720,HP Quat Mini Sport,HP,Quat Mini,3253000,88,San pham chat luong cao
P-04721,HP USB Hub XL,HP,USB Hub,1307000,171,San pham chat luong cao
P-04722,JBL Laptop Premium,JBL,Laptop,375000,402,San pham chat luong cao
P-04723,Apple Ong Nhom Sport,Apple,Ong Nhom,2154000,490,San pham chat luong cao
P-04724,Razer Giay Pro Max,Razer,Giay,703000,360,San pham chat luong cao
P-04725,Razer Balo Premium,Razer,Balo,3367000,475,San pham chat luong cao
P-04726,Anker Sac Du Phong Plus,Anker,Sac Du Phong,3590000,156,San pham chat luong cao
P-04727,Anker Giay Pro Max,Anker,Giay,2443000,218,San pham chat luong cao
P-04728,Anker Monitor XL,Anker,Monitor,596000,249,San pham chat luong cao
P-04729,Razer Sac Du Phong Ultra,Razer,Sac Du Phong,3469000,293,San pham chat luong cao
P-04730,Xiaomi Tablet Plus,Xiaomi,Tablet,1288000,209,San pham chat luong cao
P-04731,HP Laptop Sport,HP,Laptop,1391000,243,San pham chat luong cao
P-04732,Xiaomi Ao Thun V2,Xiaomi,Ao Thun,3384000,332,San pham chat luong cao
P-04733,Xiaomi Tai Nghe V2,Xiaomi,Tai Nghe,4638000,61,San pham chat luong cao
P-04734,Asus Ao Thun Mini,Asus,Ao Thun,4943000,43,San pham chat luong cao
P-04735,Razer Op Lung XL,Razer,Op Lung,2222000,260,San pham chat luong cao
P-04736,Razer Kinh Mat Plus,Razer,Kinh Mat,1155000,30,San pham chat luong cao
P-04737,HP Op Lung Lite,HP,Op Lung,4877000,397,San pham chat luong cao
P-04738,Sony Sac Du Phong Classic,Sony,Sac Du Phong,1441000,19,San pham chat luong cao
P-04739,Asus Loa Pro Max,Asus,Loa,4016000,320,San pham chat luong cao
P-04740,HP Dong Ho Ultra,HP,Dong Ho,1371000,492,San pham chat luong cao
P-04741,Apple Tai Nghe XL,Apple,Tai Nghe,266000,123,San pham chat luong cao
P-04742,Apple Giay Sport,Apple,Giay,619000,431,San pham chat luong cao
P-04743,Anker Quat Mini Pro Max,Anker,Quat Mini,3078000,74,San pham chat luong cao
P-04744,Samsung Tai Nghe Premium,Samsung,Tai Nghe,4561000,119,San pham chat luong cao
P-04745,Logitech Monitor V2,Logitech,Monitor,4052000,231,San pham chat luong cao
P-04746,HP Ong Nhom V2,HP,Ong Nhom,400000,193,San pham chat luong cao
P-04747,Anker Balo Lite,Anker,Balo,3466000,30,San pham chat luong cao
P-04748,Xiaomi Giay Plus,Xiaomi,Giay,2604000,448,San pham chat luong cao
P-04749,Samsung Giay XL,Samsung,Giay,3274000,113,San pham chat luong cao
P-04750,Anker Laptop Ultra,Anker,Laptop,1257000,23,San pham chat luong cao
P-04751,JBL Ban Phim Classic,JBL,Ban Phim,4281000,259,San pham chat luong cao
P-04752,HP Kinh Mat Lite,HP,Kinh Mat,4612000,171,San pham chat luong cao
P-04753,Apple Quat Mini Lite,Apple,Quat Mini,1090000,498,San pham chat luong cao
P-04754,JBL Monitor Classic,JBL,Monitor,3692000,115,San pham chat luong cao
P-04755,Razer Laptop Premium,Razer,Laptop,3464000,455,San pham chat luong cao
P-04756,Anker May Anh Classic,Anker,May Anh,4468000,455,San pham chat luong cao
P-04757,Razer Quat Mini Sport,Razer,Quat Mini,4103000,59,San pham chat luong cao
P-04758,HP Tablet Lite,HP,Tablet,1830000,430,San pham chat luong cao
P-04759,Razer Ong Nhom Plus,Razer,Ong Nhom,3476000,198,San pham chat luong cao
P-04760,Apple Ao Thun Plus,Apple,Ao Thun,3240000,181,San pham chat luong cao
P-04761,HP Dong Ho Mini,HP,Dong Ho,3117000,392,San pham chat luong cao
P-04762,JBL Giay Ultra,JBL,Giay,1514000,64,San pham chat luong cao
P-04763,Anker Monitor Premium,Anker,Monitor,3738000,119,San pham chat luong cao
P-04764,Razer Monitor Lite,Razer,Monitor,3341000,297,San pham chat luong cao
P-04765,Razer Ong Nhom Sport,Razer,Ong Nhom,1247000,152,San pham chat luong cao
P-04766,Asus May Anh XL,Asus,May Anh,357000,365,San pham chat luong cao
P-04767,Apple Ban Phim Plus,Apple,Ban Phim,796000,173,San pham chat luong cao
P-04768,Apple Webcam XL,Apple,Webcam,3463000,266,San pham chat luong cao
P-04769,Razer Ao Thun Pro Max,Razer,Ao Thun,286000,34,San pham chat luong cao
P-04770,Logitech Dong Ho Pro Max,Logitech,Dong Ho,1909000,229,San pham chat luong cao
P-04771,Anker Webcam XL,Anker,Webcam,4256000,126,San pham chat luong cao
P-04772,Sony Balo Classic,Sony,Balo,4775000,421,San pham chat luong cao
P-04773,Apple Sac Du Phong Mini,Apple,Sac Du Phong,3843000,347,San pham chat luong cao
P-04774,JBL Balo Lite,JBL,Balo,4306000,179,San pham chat luong cao
P-04775,JBL Monitor Premium,JBL,Monitor,3762000,367,San pham chat luong cao
P-04776,HP Giay Mini,HP,Giay,572000,336,San pham chat luong cao
P-04777,Xiaomi Cap Sac Pro Max,Xiaomi,Cap Sac,780000,367,San pham chat luong cao
P-04778,Apple Dong Ho Premium,Apple,Dong Ho,3088000,83,San pham chat luong cao
P-04779,HP Tai Nghe Ultra,HP,Tai Nghe,1086000,215,San pham chat luong cao
P-04780,Anker Dong Ho Plus,Anker,Dong Ho,1620000,140,San pham chat luong cao
P-04781,Logitech Monitor Pro Max,Logitech,Monitor,1690000,311,San pham chat luong cao
P-04782,Sony May Anh Sport,Sony,May Anh,2240000,360,San pham chat luong cao
P-04783,HP USB Hub Premium,HP,USB Hub,537000,138,San pham chat luong cao
P-04784,Razer Laptop Sport,Razer,Laptop,4120000,27,San pham chat luong cao
P-04785,Apple Tai Nghe Pro Max,Apple,Tai Nghe,944000,191,San pham chat luong cao
P-04786,Anker May Anh Ultra,Anker,May Anh,1038000,233,San pham chat luong cao
P-04787,HP Loa Mini,HP,Loa,3247000,158,San pham chat luong cao
P-04788,Asus USB Hub Premium,Asus,USB Hub,4192000,146,San pham chat luong cao
P-04789,Apple Ong Nhom Ultra,Apple,Ong Nhom,3387000,184,San pham chat luong cao
P-04790,Razer Dong Ho Pro Max,Razer,Dong Ho,4931000,491,San pham chat luong cao
P-04791,Logitech Dong Ho XL,Logitech,Dong Ho,975000,68,San pham chat luong cao
P-04792,Samsung Webcam XL,Samsung,Webcam,1014000,123,San pham chat luong cao
P-04793,Xiaomi Chuot Gaming Plus,Xiaomi,Chuot Gaming,303000,158,San pham chat luong cao
P-04794,Sony Laptop Mini,Sony,Laptop,2852000,220,San pham chat luong cao
P-04795,Apple Dong Ho Mini,Apple,Dong Ho,2473000,157,San pham chat luong cao
P-04796,Asus Sac Du Phong V2,Asus,Sac Du Phong,424000,145,San pham chat luong cao
P-04797,Asus Tai Nghe Plus,Asus,Tai Nghe,1690000,160,San pham chat luong cao
P-04798,Asus May Anh Lite,Asus,May Anh,510000,199,San pham chat luong cao
P-04799,Anker Ao Thun Premium,Anker,Ao Thun,3463000,469,San pham chat luong cao
P-04800,HP Ban Phim V2,HP,Ban Phim,784000,212,San pham chat luong cao
P-04801,Samsung Op Lung Premium,Samsung,Op Lung,4486000,446,San pham chat luong cao
P-04802,Sony Sac Du Phong Classic,Sony,Sac Du Phong,3192000,63,San pham chat luong cao
P-04803,Xiaomi Balo Sport,Xiaomi,Balo,4144000,233,San pham chat luong cao
P-04804,JBL Cap Sac Sport,JBL,Cap Sac,2769000,460,San pham chat luong cao
P-04805,Samsung Monitor Lite,Samsung,Monitor,1405000,318,San pham chat luong cao
P-04806,Samsung USB Hub Premium,Samsung,USB Hub,3605000,143,San pham chat luong cao
P-04807,Samsung Webcam Sport,Samsung,Webcam,616000,307,San pham chat luong cao
P-04808,Xiaomi Monitor Ultra,Xiaomi,Monitor,3776000,366,San pham chat luong cao
P-04809,Xiaomi Cap Sac Classic,Xiaomi,Cap Sac,3625000,302,San pham chat luong cao
P-04810,Xiaomi Sac Du Phong Lite,Xiaomi,Sac Du Phong,4441000,226,San pham chat luong cao
P-04811,Xiaomi Op Lung Ultra,Xiaomi,Op Lung,581000,451,San pham chat luong cao
P-04812,Samsung Monitor Plus,Samsung,Monitor,907000,83,San pham chat luong cao
P-04813,Anker Tablet Plus,Anker,Tablet,3028000,405,San pham chat luong cao
P-04814,Samsung USB Hub Plus,Samsung,USB Hub,1454000,83,San pham chat luong cao
P-04815,Logitech Balo Ultra,Logitech,Balo,3575000,64,San pham chat luong cao
P-04816,Xiaomi Giay Sport,Xiaomi,Giay,2337000,484,San pham chat luong cao
P-04817,Asus Tai Nghe V2,Asus,Tai Nghe,2743000,294,San pham chat luong cao
P-04818,Xiaomi Balo Premium,Xiaomi,Balo,2820000,496,San pham chat luong cao
P-04819,Apple Sac Du Phong Sport,Apple,Sac Du Phong,1384000,47,San pham chat luong cao
P-04820,Anker USB Hub Lite,Anker,USB Hub,3940000,151,San pham chat luong cao
P-04821,HP Chuot Gaming Lite,HP,Chuot Gaming,4138000,143,San pham chat luong cao
P-04822,Apple Monitor Classic,Apple,Monitor,1387000,80,San pham chat luong cao
P-04823,Asus Dong Ho Classic,Asus,Dong Ho,3158000,202,San pham chat luong cao
P-04824,Anker Tai Nghe XL,Anker,Tai Nghe,4898000,153,San pham chat luong cao
P-04825,Asus Op Lung Classic,Asus,Op Lung,2401000,91,San pham chat luong cao
P-04826,HP Laptop V2,HP,Laptop,1469000,438,San pham chat luong cao
P-04827,HP Loa Sport,HP,Loa,4304000,104,San pham chat luong cao
P-04828,Apple Op Lung Lite,Apple,Op Lung,4523000,344,San pham chat luong cao
P-04829,Razer Laptop V2,Razer,Laptop,1780000,449,San pham chat luong cao
P-04830,HP Tai Nghe Sport,HP,Tai Nghe,1809000,24,San pham chat luong cao
P-04831,Asus Ong Nhom V2,Asus,Ong Nhom,560000,412,San pham chat luong cao
P-04832,HP Kinh Mat Classic,HP,Kinh Mat,1815000,431,San pham chat luong cao
P-04833,Apple Cap Sac Lite,Apple,Cap Sac,3556000,470,San pham chat luong cao
P-04834,Razer Tablet Pro Max,Razer,Tablet,2014000,80,San pham chat luong cao
P-04835,Sony May Anh Ultra,Sony,May Anh,2311000,333,San pham chat luong cao
P-04836,Razer May Anh Classic,Razer,May Anh,371000,291,San pham chat luong cao
P-04837,Sony Webcam Premium,Sony,Webcam,1586000,200,San pham chat luong cao
P-04838,Razer Tablet Ultra,Razer,Tablet,2182000,347,San pham chat luong cao
P-04839,Samsung Ban Phim XL,Samsung,Ban Phim,1925000,39,San pham chat luong cao
P-04840,JBL Tablet XL,JBL,Tablet,2146000,340,San pham chat luong cao
P-04841,JBL Op Lung Lite,JBL,Op Lung,144000,60,San pham chat luong cao
P-04842,Logitech Op Lung Premium,Logitech,Op Lung,287000,74,San pham chat luong cao
P-04843,Logitech Op Lung Plus,Logitech,Op Lung,1720000,146,San pham chat luong cao
P-04844,Apple Sac Du Phong Ultra,Apple,Sac Du Phong,4648000,246,San pham chat luong cao
P-04845,Logitech Tablet V2,Logitech,Tablet,4248000,193,San pham chat luong cao
P-04846,Logitech Tai Nghe Lite,Logitech,Tai Nghe,1387000,21,San pham chat luong cao
P-04847,Apple Ao Thun XL,Apple,Ao Thun,3967000,293,San pham chat luong cao
P-04848,Logitech May Anh XL,Logitech,May Anh,501000,51,San pham chat luong cao
P-04849,Asus Webcam V2,Asus,Webcam,4910000,126,San pham chat luong cao
P-04850,JBL Loa Premium,JBL,Loa,1059000,79,San pham chat luong cao
P-04851,JBL Kinh Mat Lite,JBL,Kinh Mat,4489000,346,San pham chat luong cao
P-04852,Asus Loa Mini,Asus,Loa,4738000,101,San pham chat luong cao
P-04853,Xiaomi Balo Premium,Xiaomi,Balo,1343000,147,San pham chat luong cao
P-04854,Samsung Laptop Mini,Samsung,Laptop,128000,371,San pham chat luong cao
P-04855,Xiaomi Ban Phim V2,Xiaomi,Ban Phim,4805000,148,San pham chat luong cao
P-04856,HP Ban Phim Lite,HP,Ban Phim,4600000,344,San pham chat luong cao
P-04857,Anker Ong Nhom V2,Anker,Ong Nhom,1265000,146,San pham chat luong cao
P-04858,Razer Ban Phim Plus,Razer,Ban Phim,4194000,229,San pham chat luong cao
P-04859,Apple Cap Sac XL,Apple,Cap Sac,334000,368,San pham chat luong cao
P-04860,HP Webcam XL,HP,Webcam,3074000,380,San pham chat luong cao
P-04861,Anker Sac Du Phong V2,Anker,Sac Du Phong,2027000,282,San pham chat luong cao
P-04862,Samsung Balo Plus,Samsung,Balo,1348000,41,San pham chat luong cao
P-04863,Razer Chuot Gaming Classic,Razer,Chuot Gaming,772000,317,San pham chat luong cao
P-04864,Asus Quat Mini Lite,Asus,Quat Mini,924000,392,San pham chat luong cao
P-04865,Logitech Cap Sac Ultra,Logitech,Cap Sac,4399000,500,San pham chat luong cao
P-04866,Asus Ong Nhom Premium,Asus,Ong Nhom,3888000,88,San pham chat luong cao
P-04867,Sony Kinh Mat Ultra,Sony,Kinh Mat,2263000,55,San pham chat luong cao
P-04868,Xiaomi Kinh Mat Lite,Xiaomi,Kinh Mat,2343000,208,San pham chat luong cao
P-04869,Razer Chuot Gaming V2,Razer,Chuot Gaming,2170000,301,San pham chat luong cao
P-04870,Logitech May Anh Plus,Logitech,May Anh,2530000,339,San pham chat luong cao
P-04871,Samsung Balo Plus,Samsung,Balo,953000,120,San pham chat luong cao
P-04872,Xiaomi Giay Plus,Xiaomi,Giay,225000,186,San pham chat luong cao
P-04873,Anker Balo Sport,Anker,Balo,2634000,92,San pham chat luong cao
P-04874,Apple Ao Thun Plus,Apple,Ao Thun,2222000,431,San pham chat luong cao
P-04875,JBL Giay Premium,JBL,Giay,4327000,260,San pham chat luong cao
P-04876,Razer May Anh V2,Razer,May Anh,491000,223,San pham chat luong cao
P-04877,Samsung Ao Thun Classic,Samsung,Ao Thun,3965000,386,San pham chat luong cao
P-04878,JBL May Anh Premium,JBL,May Anh,1829000,230,San pham chat luong cao
P-04879,Logitech Quat Mini Ultra,Logitech,Quat Mini,1698000,470,San pham chat luong cao
P-04880,Asus Giay Mini,Asus,Giay,4124000,105,San pham chat luong cao
P-04881,Asus Loa Premium,Asus,Loa,978000,344,San pham chat luong cao
P-04882,Razer Monitor Ultra,Razer,Monitor,1980000,341,San pham chat luong cao
P-04883,Xiaomi Quat Mini Premium,Xiaomi,Quat Mini,2248000,100,San pham chat luong cao
P-04884,Asus Laptop Pro Max,Asus,Laptop,872000,92,San pham chat luong cao
P-04885,Asus Giay Premium,Asus,Giay,522000,304,San pham chat luong cao
P-04886,HP Laptop V2,HP,Laptop,3851000,460,San pham chat luong cao
P-04887,Samsung Cap Sac Classic,Samsung,Cap Sac,1175000,146,San pham chat luong cao
P-04888,Logitech Ban Phim Lite,Logitech,Ban Phim,683000,119,San pham chat luong cao
P-04889,Anker Op Lung V2,Anker,Op Lung,4677000,432,San pham chat luong cao
P-04890,JBL Ban Phim Premium,JBL,Ban Phim,859000,240,San pham chat luong cao
P-04891,JBL Chuot Gaming Premium,JBL,Chuot Gaming,1313000,143,San pham chat luong cao
P-04892,Anker Tablet Ultra,Anker,Tablet,2675000,185,San pham chat luong cao
P-04893,Samsung Ong Nhom Sport,Samsung,Ong Nhom,4698000,332,San pham chat luong cao
P-04894,Razer Kinh Mat Mini,Razer,Kinh Mat,1794000,370,San pham chat luong cao
P-04895,Logitech Kinh Mat Classic,Logitech,Kinh Mat,3614000,210,San pham chat luong cao
P-04896,Razer Balo Pro Max,Razer,Balo,4639000,60,San pham chat luong cao
P-04897,Apple Cap Sac Plus,Apple,Cap Sac,2870000,459,San pham chat luong cao
P-04898,Xiaomi USB Hub Ultra,Xiaomi,USB Hub,4901000,184,San pham chat luong cao
P-04899,HP Laptop Pro Max,HP,Laptop,917000,285,San pham chat luong cao
P-04900,Anker Tai Nghe V2,Anker,Tai Nghe,2706000,387,San pham chat luong cao
P-04901,Sony Dong Ho Mini,Sony,Dong Ho,4344000,219,San pham chat luong cao
P-04902,JBL USB Hub XL,JBL,USB Hub,3241000,86,San pham chat luong cao
P-04903,JBL Sac Du Phong Sport,JBL,Sac Du Phong,75000,146,San pham chat luong cao
P-04904,Samsung Ong Nhom Sport,Samsung,Ong Nhom,4007000,99,San pham chat luong cao
P-04905,Samsung Loa Lite,Samsung,Loa,4592000,86,San pham chat luong cao
P-04906,HP Giay XL,HP,Giay,2401000,364,San pham chat luong cao
P-04907,Samsung May Anh V2,Samsung,May Anh,3662000,409,San pham chat luong cao
P-04908,Apple Sac Du Phong Sport,Apple,Sac Du Phong,3042000,356,San pham chat luong cao
P-04909,Anker Ong Nhom Lite,Anker,Ong Nhom,615000,423,San pham chat luong cao
P-04910,Anker Op Lung Plus,Anker,Op Lung,3728000,133,San pham chat luong cao
P-04911,HP Ban Phim XL,HP,Ban Phim,1334000,493,San pham chat luong cao
P-04912,Anker Giay V2,Anker,Giay,2845000,417,San pham chat luong cao
P-04913,Samsung Ban Phim Premium,Samsung,Ban Phim,1275000,354,San pham chat luong cao
P-04914,Razer Op Lung Ultra,Razer,Op Lung,2468000,308,San pham chat luong cao
P-04915,Razer Loa Sport,Razer,Loa,166000,108,San pham chat luong cao
P-04916,Sony Loa Classic,Sony,Loa,2298000,87,San pham chat luong cao
P-04917,Asus Dong Ho XL,Asus,Dong Ho,1840000,296,San pham chat luong cao
P-04918,Apple Kinh Mat Sport,Apple,Kinh Mat,3205000,463,San pham chat luong cao
P-04919,Xiaomi Ong Nhom Plus,Xiaomi,Ong Nhom,761000,375,San pham chat luong cao
P-04920,Asus Loa Ultra,Asus,Loa,2341000,97,San pham chat luong cao
P-04921,Samsung Giay Classic,Samsung,Giay,68000,87,San pham chat luong cao
P-04922,Sony Sac Du Phong Ultra,Sony,Sac Du Phong,998000,352,San pham chat luong cao
P-04923,Sony Dong Ho XL,Sony,Dong Ho,2626000,183,San pham chat luong cao
P-04924,JBL May Anh Ultra,JBL,May Anh,1711000,48,San pham chat luong cao
P-04925,Xiaomi Laptop XL,Xiaomi,Laptop,2642000,17,San pham chat luong cao
P-04926,Xiaomi Laptop Sport,Xiaomi,Laptop,272000,126,San pham chat luong cao
P-04927,Samsung Tai Nghe V2,Samsung,Tai Nghe,1887000,59,San pham chat luong cao
P-04928,Anker Op Lung V2,Anker,Op Lung,4890000,11,San pham chat luong cao
P-04929,Asus Op Lung Pro Max,Asus,Op Lung,3155000,153,San pham chat luong cao
P-04930,Xiaomi Kinh Mat Premium,Xiaomi,Kinh Mat,4723000,202,San pham chat luong cao
P-04931,Logitech Monitor XL,Logitech,Monitor,1658000,313,San pham chat luong cao
P-04932,JBL Ban Phim V2,JBL,Ban Phim,1801000,171,San pham chat luong cao
P-04933,Razer USB Hub Classic,Razer,USB Hub,1779000,377,San pham chat luong cao
P-04934,HP Laptop Mini,HP,Laptop,2376000,208,San pham chat luong cao
P-04935,Samsung Webcam Premium,Samsung,Webcam,129000,141,San pham chat luong cao
P-04936,Razer Ong Nhom Premium,Razer,Ong Nhom,4932000,455,San pham chat luong cao
P-04937,Samsung Webcam Premium,Samsung,Webcam,2590000,344,San pham chat luong cao
P-04938,Apple Balo Plus,Apple,Balo,4404000,180,San pham chat luong cao
P-04939,Asus Loa XL,Asus,Loa,207000,201,San pham chat luong cao
P-04940,Asus Giay Pro Max,Asus,Giay,4967000,16,San pham chat luong cao
P-04941,JBL Cap Sac Ultra,JBL,Cap Sac,3873000,195,San pham chat luong cao
P-04942,JBL Tablet Lite,JBL,Tablet,2452000,281,San pham chat luong cao
P-04943,JBL Op Lung Lite,JBL,Op Lung,4582000,333,San pham chat luong cao
P-04944,Apple Monitor V2,Apple,Monitor,3210000,189,San pham chat luong cao
P-04945,Apple Dong Ho Ultra,Apple,Dong Ho,1814000,385,San pham chat luong cao
P-04946,HP Webcam Sport,HP,Webcam,3196000,222,San pham chat luong cao
P-04947,Anker Monitor Plus,Anker,Monitor,3669000,255,San pham chat luong cao
P-04948,Sony Tai Nghe Classic,Sony,Tai Nghe,252000,308,San pham chat luong cao
P-04949,Xiaomi Giay V2,Xiaomi,Giay,3583000,266,San pham chat luong cao
P-04950,Asus Sac Du Phong Plus,Asus,Sac Du Phong,4014000,116,San pham chat luong cao
P-04951,Xiaomi Balo Lite,Xiaomi,Balo,1287000,80,San pham chat luong cao
P-04952,Samsung Tai Nghe Plus,Samsung,Tai Nghe,312000,398,San pham chat luong cao
P-04953,Anker May Anh XL,Anker,May Anh,4971000,191,San pham chat luong cao
P-04954,Razer Cap Sac Ultra,Razer,Cap Sac,435000,364,San pham chat luong cao
P-04955,Anker Tai Nghe Pro Max,Anker,Tai Nghe,4751000,215,San pham chat luong cao
P-04956,Sony Loa Plus,Sony,Loa,719000,359,San pham chat luong cao
P-04957,Anker Tablet Plus,Anker,Tablet,1112000,152,San pham chat luong cao
P-04958,Anker Balo Lite,Anker,Balo,312000,423,San pham chat luong cao
P-04959,Samsung Quat Mini Premium,Samsung,Quat Mini,4095000,361,San pham chat luong cao
P-04960,Asus Giay XL,Asus,Giay,3930000,168,San pham chat luong cao
P-04961,Sony May Anh Ultra,Sony,May Anh,3561000,16,San pham chat luong cao
P-04962,Sony Laptop Pro Max,Sony,Laptop,814000,160,San pham chat luong cao
P-04963,Xiaomi USB Hub Lite,Xiaomi,USB Hub,2198000,216,San pham chat luong cao
P-04964,Asus USB Hub Pro Max,Asus,USB Hub,2241000,56,San pham chat luong cao
P-04965,Samsung Tablet Sport,Samsung,Tablet,4454000,260,San pham chat luong cao
P-04966,Xiaomi Giay Pro Max,Xiaomi,Giay,134000,189,San pham chat luong cao
P-04967,Xiaomi Ong Nhom Premium,Xiaomi,Ong Nhom,526000,262,San pham chat luong cao
P-04968,Anker Monitor Pro Max,Anker,Monitor,3544000,63,San pham chat luong cao
P-04969,Anker Quat Mini Plus,Anker,Quat Mini,624000,153,San pham chat luong cao
P-04970,Apple Webcam V2,Apple,Webcam,4948000,369,San pham chat luong cao
P-04971,Razer Op Lung Lite,Razer,Op Lung,4579000,210,San pham chat luong cao
P-04972,JBL Giay Lite,JBL,Giay,3290000,354,San pham chat luong cao
P-04973,Apple Sac Du Phong Plus,Apple,Sac Du Phong,1288000,225,San pham chat luong cao
P-04974,Anker Monitor Pro Max,Anker,Monitor,2397000,158,San pham chat luong cao
P-04975,Logitech Monitor Sport,Logitech,Monitor,2247000,172,San pham chat luong cao
P-04976,Razer Kinh Mat Ultra,Razer,Kinh Mat,1954000,150,San pham chat luong cao
P-04977,Sony Cap Sac Sport,Sony,Cap Sac,3505000,276,San pham chat luong cao
P-04978,JBL Dong Ho Pro Max,JBL,Dong Ho,86000,281,San pham chat luong cao
P-04979,Xiaomi Quat Mini XL,Xiaomi,Quat Mini,1935000,447,San pham chat luong cao
P-04980,Apple Laptop Pro Max,Apple,Laptop,2863000,452,San pham chat luong cao
P-04981,Xiaomi Kinh Mat Premium,Xiaomi,Kinh Mat,435000,273,San pham chat luong cao
P-04982,HP Webcam Premium,HP,Webcam,733000,222,San pham chat luong cao
P-04983,Apple Kinh Mat Pro Max,Apple,Kinh Mat,3879000,234,San pham chat luong cao
P-04984,Logitech Ban Phim Pro Max,Logitech,Ban Phim,1756000,447,San pham chat luong cao
P-04985,Razer Ban Phim Premium,Razer,Ban Phim,3496000,142,San pham chat luong cao
P-04986,Razer Tablet Mini,Razer,Tablet,4533000,208,San pham chat luong cao
P-04987,Asus Ong Nhom XL,Asus,Ong Nhom,2768000,340,San pham chat luong cao
P-04988,Apple USB Hub Premium,Apple,USB Hub,2093000,289,San pham chat luong cao
P-04989,Asus Cap Sac Classic,Asus,Cap Sac,908000,403,San pham chat luong cao
P-04990,JBL Loa Mini,JBL,Loa,586000,133,San pham chat luong cao
P-04991,Xiaomi Webcam Mini,Xiaomi,Webcam,4575000,457,San pham chat luong cao
P-04992,Samsung Op Lung Sport,Samsung,Op Lung,2889000,371,San pham chat luong cao
P-04993,Sony Ong Nhom Ultra,Sony,Ong Nhom,202000,333,San pham chat luong cao
P-04994,Sony Balo Plus,Sony,Balo,4012000,255,San pham chat luong cao
P-04995,Razer Kinh Mat Premium,Razer,Kinh Mat,4383000,164,San pham chat luong cao
P-04996,Xiaomi Tablet XL,Xiaomi,Tablet,2456000,194,San pham chat luong cao
P-04997,Asus Ong Nhom Pro Max,Asus,Ong Nhom,1565000,179,San pham chat luong cao
P-04998,Razer Sac Du Phong Ultra,Razer,Sac Du Phong,3101000,420,San pham chat luong cao
P-04999,Apple Monitor Plus,Apple,Monitor,4343000,29,San pham chat luong cao
P-05000,HP Op Lung Lite,HP,Op Lung,3179000,86,San pham chat luong cao
