customerId,name,email,phone,address,avatarUrl,tier,status,password,walletBalance
C-00001,Dang Van Hung,danghung1@gmail.com,0942557459,Ha Noi,,STANDARD,ACTIVE,"$argon2id$v=19$m=19456,t=2,p=1$pAMrcZvnf82snB7mZk6yYg$IO2e2aDrDVQgfOw+5PnFfopwVEP9uZtMB4Lf2rJp2Z0",10000000
C-00002,Vu Van Dung,vudung2@gmail.com,0949675776,Ha Noi,,STANDARD,ACTIVE,"$argon2id$v=19$m=19456,t=2,p=1$pAMrcZvnf82snB7mZk6yYg$IO2e2aDrDVQgfOw+5PnFfopwVEP9uZtMB4Lf2rJp2Z0",10000000
C-00003,Pham Van Linh,phamlinh3@gmail.com,0955772963,Ha Noi,,SILVER,ACTIVE,"$argon2id$v=19$m=19456,t=2,p=1$pAMrcZvnf82snB7mZk6yYg$IO2e2aDrDVQgfOw+5PnFfopwVEP9uZtMB4Lf2rJp2Z0",10000000
C-00004,Hoang Van Son,hoangson4@gmail.com,0991937751,Ha Noi,,STANDARD,ACTIVE,"$argon2id$v=19$m=19456,t=2,p=1$pAMrcZvnf82snB7mZk6yYg$IO2e2aDrDVQgfOw+5PnFfopwVEP9uZtMB4Lf2rJp2Z0",10000000
C-00005,Phan Van Hung,phanhung5@gmail.com,0954356687,Ha Noi,,STANDARD,ACTIVE,"$argon2id$v=19$m=19456,t=2,p=1$pAMrcZvnf82snB7mZk6yYg$IO2e2aDrDVQgfOw+5PnFfopwVEP9uZtMB4Lf2rJp2Z0",10000000
C-00006,Hoang Van Khanh,hoangkhanh6@gmail.com,0958354853,Ha Noi,,STANDARD,ACTIVE,"$argon2id$v=19$m=19456,t=2,p=1$pAMrcZvnf82snB7mZk6yYg$IO2e2aDrDVQgfOw+5PnFfopwVEP9uZtMB4Lf2rJp2Z0",10000000
C-00007,Pham Van Hieu,phamhieu7@gmail.com,0993079938,Ha Noi,,STANDARD,ACTIVE,"$argon2id$v=19$m=19456,t=2,p=1$pAMrcZvnf82snB7mZk6yYg$IO2e2aDrDVQgfOw+5PnFfopwVEP9uZtMB4Lf2rJp2Z0",10000000
C-00008,Pham Van Nam,phamnam8@gmail.com,0926244962,Ha Noi,,GOLD,ACTIVE,"$argon2id$v=19$m=19456,t=2,p=1$pAMrcZvnf82snB7mZk6yYg$IO2e2aDrDVQgfOw+5PnFfopwVEP9uZtMB4Lf2rJp2Z0",10000000
C-00009,Nguyen Van Hieu,nguyenhieu9@gmail.com,0974121123,Ha Noi,,STANDARD,ACTIVE,"$argon2id$v=19$m=19456,t=2,p=1$pAMrcZvnf82snB7mZk6yYg$IO2e2aDrDVQgfOw+5PnFfopwVEP9uZtMB4Lf2rJp2Z0",10000000
C-00010,Pham Van Thanh,phamthanh10@gmail.com,0925572112,Ha Noi,,SILVER,ACTIVE,"$argon2id$v=19$m=19456,t=2,p=1$pAMrcZvnf82snB7mZk6yYg$IO2e2aDrDVQgfOw+5PnFfopwVEP9uZtMB4Lf2rJp2Z0",10000000
C-00011,Tran Van Son,transon11@gmail.com,0999798773,Ha Noi,,STANDARD,ACTIVE,"$argon2id$v=19$m=19456,t=2,p=1$pAMrcZvnf82snB7mZk6yYg$IO2e2aDrDVQgfOw+5PnFfopwVEP9uZtMB4Lf2rJp2Z0",10000000
C-00012,Nguyen Van Hung,nguyenhung12@gmail.com,0972842031,Ha Noi,,STANDARD,ACTIVE,"$argon2id$v=19$m=19456,t=2,p=1$pAMrcZvnf82snB7mZk6yYg$IO2e2aDrDVQgfOw+5PnFfopwVEP9uZtMB4Lf2rJp2Z0",10000000
C-00013,Tran Van Nam,trannam13@gmail.com,0975541518,Ha Noi,,DIAMOND,ACTIVE,"$argon2id$v=19$m=19456,t=2,p=1$pAMrcZvnf82snB7mZk6yYg$IO2e2aDrDVQgfOw+5PnFfopwVEP9uZtMB4Lf2rJp2Z0",10000000
C-00014,Vo Van Khanh,vokhanh14@gmail.com,0984832531,Ha Noi,,GOLD,ACTIVE,"$argon2id$v=19$m=19456,t=2,p=1$pAMrcZvnf82snB7mZk6yYg$IO2e2aDrDVQgfOw+5PnFfopwVEP9uZtMB4Lf2rJp2Z0",10000000
C-00015,Le Van Son,leson15@gmail.com,0951316613,Ha Noi,,STANDARD,ACTIVE,"$argon2id$v=19$m=19456,t=2,p=1$pAMrcZvnf82snB7mZk6yYg$IO2e2aDrDVQgfOw+5PnFfopwVEP9uZtMB4Lf2rJp2Z0",10000000
C-00016,Bui Van Anh,buianh16@gmail.com,0943099239,Ha Noi,,STANDARD,ACTIVE,"$argon2id$v=19$m=19456,t=2,p=1$pAMrcZvnf82snB7mZk6yYg$IO2e2aDrDVQgfOw+5PnFfopwVEP9uZtMB4Lf2rJp2Z0",10000000
C-00017,Vu Van Anh,vuanh17@gmail.com,0989620047,Ha Noi,,GOLD,ACTIVE,"$argon2id$v=19$m=19456,t=2,p=1$pAMrcZvnf82snB7mZk6yYg$IO2e2aDrDVQgfOw+5PnFfopwVEP9uZtMB4Lf2rJp2Z0",10000000
C-00018,Dang Van Nam,dangnam18@gmail.com,0991744263,Ha Noi,,GOLD,ACTIVE,"$argon2id$v=19$m=19456,t=2,p=1$pAMrcZvnf82snB7mZk6yYg$IO2e2aDrDVQgfOw+5PnFfopwVEP9uZtMB4Lf2rJp2Z0",10000000
C-00019,Hoang Van Anh,hoanganh19@gmail.com,0933097158,Ha Noi,,STANDARD,ACTIVE,"$argon2id$v=19$m=19456,t=2,p=1$pAMrcZvnf82snB7mZk6yYg$IO2e2aDrDVQgfOw+5PnFfopwVEP9uZtMB4Lf2rJp2Z0",10000000
C-00020,Le Van Nam,lenam20@gmail.com,0963624165,Ha Noi,,STANDARD,ACTIVE,"$argon2id$v=19$m=19456,t=2,p=1$pAMrcZvnf82snB7mZk6yYg$IO2e2aDrDVQgfOw+5PnFfopwVEP9uZtMB4Lf2rJp2Z0",10000000
C-00021,Tran Van Thanh,tranthanh21@gmail.com,0951123039,Ha Noi,,SILVER,ACTIVE,"$argon2id$v=19$m=19456,t=2,p=1$pAMrcZvnf82snB7mZk6yYg$IO2e2aDrDVQgfOw+5PnFfopwVEP9uZtMB4Lf2rJp2Z0",10000000
C-00022,Vu Van Hung,vuhung22@gmail.com,0957823713,Ha Noi,,SILVER,ACTIVE,"$argon2id$v=19$m=19456,t=2,p=1$pAMrcZvnf82snB7mZk6yYg$IO2e2aDrDVQgfOw+5PnFfopwVEP9uZtMB4Lf2rJp2Z0",10000000
C-00023,Dang Van Minh,dangminh23@gmail.com,0972730111,Ha Noi,,STANDARD,ACTIVE,"$argon2id$v=19$m=19456,t=2,p=1$pAMrcZvnf82snB7mZk6yYg$IO2e2aDrDVQgfOw+5PnFfopwVEP9uZtMB4Lf2rJp2Z0",10000000
C-00024,Vu Van Hieu,vuhieu24@gmail.com,0954706442,Ha Noi,,STANDARD,ACTIVE,"$argon2id$v=19$m=19456,t=2,p=1$pAMrcZvnf82snB7mZk6yYg$IO2e2aDrDVQgfOw+5PnFfopwVEP9uZtMB4Lf2rJp2Z0",10000000
C-00025,Dang Van Cuong,dangcuong25@gmail.com,0910948638,Ha Noi,,STANDARD,ACTIVE,"$argon2id$v=19$m=19456,t=2,p=1$pAMrcZvnf82snB7mZk6yYg$IO2e2aDrDVQgfOw+5PnFfopwVEP9uZtMB4Lf2rJp2Z0",10000000
C-00026,Bui Van Phuc,buiphuc26@gmail.com,0944760310,Ha Noi,,DIAMOND,ACTIVE,"$argon2id$v=19$m=19456,t=2,p=1$pAMrcZvnf82snB7mZk6yYg$IO2e2aDrDVQgfOw+5PnFfopwVEP9uZtMB4Lf2rJp2Z0",10000000
C-00027,Vu Van Son,vuson27@gmail.com,0920748022,Ha Noi,,STANDARD,ACTIVE,"$argon2id$v=19$m=19456,t=2,p=1$pAMrcZvnf82snB7mZk6yYg$IO2e2aDrDVQgfOw+5PnFfopwVEP9uZtMB4Lf2rJp2Z0",10000000
C-00028,Phan Van Minh,phanminh28@gmail.com,0911620451,Ha Noi,,STANDARD,ACTIVE,"$argon2id$v=19$m=19456,t=2,p=1$pAMrcZvnf82snB7mZk6yYg$IO2e2aDrDVQgfOw+5PnFfopwVEP9uZtMB4Lf2rJp2Z0",10000000
C-00029,Pham Van Phuc,phamphuc29@gmail.com,0987737732,Ha Noi,,STANDARD,ACTIVE,"$argon2id$v=19$m=19456,t=2,p=1$pAMrcZvnf82snB7mZk6yYg$IO2e2aDrDVQgfOw+5PnFfopwVEP9uZtMB4Lf2rJp2Z0",10000000
C-00030,Tran Van Hung,tranhung30@gmail.com,0966433224,Ha Noi,,STANDARD,ACTIVE,"$argon2id$v=19$m=19456,t=2,p=1$pAMrcZvnf82snB7mZk6yYg$IO2e2aDrDVQgfOw+5PnFfopwVEP9uZtMB4Lf2rJp2Z0",10000000
C-00031,Bui Van Cuong,buicuong31@gmail.com,0973375797,Ha Noi,,SILVER,ACTIVE,"$argon2id$v=19$m=19456,t=2,p=1$pAMrcZvnf82snB7mZk6yYg$IO2e2aDrDVQgfOw+5PnFfopwVEP9uZtMB4Lf2rJp2Z0",10000000
C-00032,Pham Van Hieu,phamhieu32@gmail.com,0960126177,Ha Noi,,SILVER,ACTIVE,"$argon2id$v=19$m=19456,t=2,p=1$pAMrcZvnf82snB7mZk6yYg$IO2e2aDrDVQgfOw+5PnFfopwVEP9uZtMB4Lf2rJp2Z0",10000000
C-00033,Vo Van Anh,voanh33@gmail.com,0967353311,Ha Noi,,STANDARD,ACTIVE,"$argon2id$v=19$m=19456,t=2,p=1$pAMrcZvnf82snB7mZk6yYg$IO2e2aDrDVQgfOw+5PnFfopwVEP9uZtMB4Lf2rJp2Z0",10000000
C-00034,Vo Van Anh,voanh34@gmail.com,0929031281,Ha Noi,,SILVER,ACTIVE,"$argon2id$v=19$m=19456,t=2,p=1$pAMrcZvnf82snB7mZk6yYg$IO2e2aDrDVQgfOw+5PnFfopwVEP9uZtMB4Lf2rJp2Z0",10000000
C-00035,Phan Van Hung,phanhung35@gmail.com,0995733908,Ha Noi,,STANDARD,ACTIVE,"$argon2id$v=19$m=19456,t=2,p=1$pAMrcZvnf82snB7mZk6yYg$IO2e2aDrDVQgfOw+5PnFfopwVEP9uZtMB4Lf2rJp2Z0",10000000
C-00036,Vo Van Cuong,vocuong36@gmail.com,0914304819,Ha Noi,,STANDARD,ACTIVE,"$argon2id$v=19$m=19456,t=2,p=1$pAMrcZvnf82snB7mZk6yYg$IO2e2aDrDVQgfOw+5PnFfopwVEP9uZtMB4Lf2rJp2Z0",10000000
C-00037,Vo Van Nam,vonam37@gmail.com,0989319913,Ha Noi,,STANDARD,ACTIVE,"$argon2id$v=19$m=19456,t=2,p=1$pAMrcZvnf82snB7mZk6yYg$IO2e2aDrDVQgfOw+5PnFfopwVEP9uZtMB4Lf2rJp2Z0",10000000
C-00038,Hoang Van Linh,hoanglinh38@gmail.com,0989918494,Ha Noi,,SILVER,ACTIVE,"$argon2id$v=19$m=19456,t=2,p=1$pAMrcZvnf82snB7mZk6yYg$IO2e2aDrDVQgfOw+5PnFfopwVEP9uZtMB4Lf2rJp2Z0",10000000
C-00039,Tran Van Trung,trantrung39@gmail.com,0962445297,Ha Noi,,GOLD,ACTIVE,"$argon2id$v=19$m=19456,t=2,p=1$pAMrcZvnf82snB7mZk6yYg$IO2e2aDrDVQgfOw+5PnFfopwVEP9uZtMB4Lf2rJp2Z0",10000000
C-00040,Vo Van Hieu,vohieu40@gmail.com,0974687899,Ha Noi,,STANDARD,ACTIVE,"$argon2id$v=19$m=19456,t=2,p=1$pAMrcZvnf82snB7mZk6yYg$IO2e2aDrDVQgfOw+5PnFfopwVEP9uZtMB4Lf2rJp2Z0",10000000
C-00041,Bui Van Binh,buibinh41@gmail.com,0931448732,Ha Noi,,STANDARD,ACTIVE,"$argon2id$v=19$m=19456,t=2,p=1$pAMrcZvnf82snB7mZk6yYg$IO2e2aDrDVQgfOw+5PnFfopwVEP9uZtMB4Lf2rJp2Z0",10000000
C-00042,Vo Van Quang,voquang42@gmail.com,0964517490,Ha Noi,,STANDARD,ACTIVE,"$argon2id$v=19$m=19456,t=2,p=1$pAMrcZvnf82snB7mZk6yYg$IO2e2aDrDVQgfOw+5PnFfopwVEP9uZtMB4Lf2rJp2Z0",10000000
C-00043,Vu Van Dung,vudung43@gmail.com,0980077296,Ha Noi,,STANDARD,ACTIVE,"$argon2id$v=19$m=19456,t=2,p=1$pAMrcZvnf82snB7mZk6yYg$IO2e2aDrDVQgfOw+5PnFfopwVEP9uZtMB4Lf2rJp2Z0",10000000
C-00044,Tran Van Minh,tranminh44@gmail.com,0957824954,Ha Noi,,STANDARD,ACTIVE,"$argon2id$v=19$m=19456,t=2,p=1$pAMrcZvnf82snB7mZk6yYg$IO2e2aDrDVQgfOw+5PnFfopwVEP9uZtMB4Lf2rJp2Z0",10000000
C-00045,Phan Van Quang,phanquang45@gmail.com,0964214264,Ha Noi,,SILVER,ACTIVE,"$argon2id$v=19$m=19456,t=2,p=1$pAMrcZvnf82snB7mZk6yYg$IO2e2aDrDVQgfOw+5PnFfopwVEP9uZtMB4Lf2rJp2Z0",10000000
C-00046,Dang Van Phuc,dangphuc46@gmail.com,0924177554,Ha Noi,,STANDARD,ACTIVE,"$argon2id$v=19$m=19456,t=2,p=1$pAMrcZvnf82snB7mZk6yYg$IO2e2aDrDVQgfOw+5PnFfopwVEP9uZtMB4Lf2rJp2Z0",10000000
C-00047,Hoang Van Minh,hoangminh47@gmail.com,0929817375,Ha Noi,,STANDARD,ACTIVE,"$argon2id$v=19$m=19456,t=2,p=1$pAMrcZvnf82snB7mZk6yYg$IO2e2aDrDVQgfOw+5PnFfopwVEP9uZtMB4Lf2rJp2Z0",10000000
C-00048,Le Van Quang,lequang48@gmail.com,0994900939,Ha Noi,,STANDARD,ACTIVE,"$argon2id$v=19$m=19456,t=2,p=1$pAMrcZvnf82snB7mZk6yYg$IO2e2aDrDVQgfOw+5PnFfopwVEP9uZtMB4Lf2rJp2Z0",10000000
C-00049,Dang Van Thanh,dangthanh49@gmail.com,0917512730,Ha Noi,,SILVER,ACTIVE,"$argon2id$v=19$m=19456,t=2,p=1$pAMrcZvnf82snB7mZk6yYg$IO2e2aDrDVQgfOw+5PnFfopwVEP9uZtMB4Lf2rJp2Z0",10000000
C-00050,Bui Van Quang,buiquang50@gmail.com,0910245766,Ha Noi,,STANDARD,ACTIVE,"$argon2id$v=19$m=19456,t=2,p=1$pAMrcZvnf82snB7mZk6yYg$IO2e2aDrDVQgfOw+5PnFfopwVEP9uZtMB4Lf2rJp2Z0",10000000
C-00051,Tran Van Quang,tranquang51@gmail.com,0983185770,Ha Noi,,GOLD,ACTIVE,"$argon2id$v=19$m=19456,t=2,p=1$pAMrcZvnf82snB7mZk6yYg$IO2e2aDrDVQgfOw+5PnFfopwVEP9uZtMB4Lf2rJp2Z0",10000000
C-00052,Phan Van Son,phanson52@gmail.com,0979306401,Ha Noi,,STANDARD,ACTIVE,"$argon2id$v=19$m=19456,t=2,p=1$pAMrcZvnf82snB7mZk6yYg$IO2e2aDrDVQgfOw+5PnFfopwVEP9uZtMB4Lf2rJp2Z0",10000000
C-00053,Nguyen Van Thanh,nguyenthanh53@gmail.com,0995597071,Ha Noi,,STANDARD,ACTIVE,"$argon2id$v=19$m=19456,t=2,p=1$pAMrcZvnf82snB7mZk6yYg$IO2e2aDrDVQgfOw+5PnFfopwVEP9uZtMB4Lf2rJp2Z0",10000000
C-00054,Vu Van Son,vuson54@gmail.com,0916043771,Ha Noi,,STANDARD,ACTIVE,"$argon2id$v=19$m=19456,t=2,p=1$pAMrcZvnf82snB7mZk6yYg$IO2e2aDrDVQgfOw+5PnFfopwVEP9uZtMB4Lf2rJp2Z0",10000000
C-00055,Dang Van Hung,danghung55@gmail.com,0988995836,Ha Noi,,STANDARD,ACTIVE,"$argon2id$v=19$m=19456,t=2,p=1$pAMrcZvnf82snB7mZk6yYg$IO2e2aDrDVQgfOw+5PnFfopwVEP9uZtMB4Lf2rJp2Z0",10000000
C-00056,Vu Van Phuc,vuphuc56@gmail.com,0983486610,Ha Noi,,STANDARD,ACTIVE,"$argon2id$v=19$m=19456,t=2,p=1$pAMrcZvnf82snB7mZk6yYg$IO2e2aDrDVQgfOw+5PnFfopwVEP9uZtMB4Lf2rJp2Z0",10000000
C-00057,Vo Van Khanh,vokhanh57@gmail.com,0988265864,Ha Noi,,GOLD,ACTIVE,"$argon2id$v=19$m=19456,t=2,p=1$pAMrcZvnf82snB7mZk6yYg$IO2e2aDrDVQgfOw+5PnFfopwVEP9uZtMB4Lf2rJp2Z0",10000000
C-00058,Bui Van Anh,buianh58@gmail.com,0963274990,Ha Noi,,STANDARD,ACTIVE,"$argon2id$v=19$m=19456,t=2,p=1$pAMrcZvnf82snB7mZk6yYg$IO2e2aDrDVQgfOw+5PnFfopwVEP9uZtMB4Lf2rJp2Z0",10000000
C-00059,Vu Van Minh,vuminh59@gmail.com,0918571440,Ha Noi,,STANDARD,ACTIVE,"$argon2id$v=19$m=19456,t=2,p=1$pAMrcZvnf82snB7mZk6yYg$IO2e2aDrDVQgfOw+5PnFfopwVEP9uZtMB4Lf2rJp2Z0",10000000
C-00060,Vo Van Anh,voanh60@gmail.com,0916237013,Ha Noi,,SILVER,ACTIVE,"$argon2id$v=19$m=19456,t=2,p=1$pAMrcZvnf82snB7mZk6yYg$IO2e2aDrDVQgfOw+5PnFfopwVEP9uZtMB4Lf2rJp2Z0",10000000
C-00061,Pham Van Hung,phamhung61@gmail.com,0945440566,Ha Noi,,STANDARD,ACTIVE,"$argon2id$v=19$m=19456,t=2,p=1$pAMrcZvnf82snB7mZk6yYg$IO2e2aDrDVQgfOw+5PnFfopwVEP9uZtMB4Lf2rJp2Z0",10000000
C-00062,Bui Van Dung,buidung62@gmail.com,0923739916,Ha Noi,,STANDARD,ACTIVE,"$argon2id$v=19$m=19456,t=2,p=1$pAMrcZvnf82snB7mZk6yYg$IO2e2aDrDVQgfOw+5PnFfopwVEP9uZtMB4Lf2rJp2Z0",10000000
C-00063,Vu Van Thanh,vuthanh63@gmail.com,0930808309,Ha Noi,,STANDARD,ACTIVE,"$argon2id$v=19$m=19456,t=2,p=1$pAMrcZvnf82snB7mZk6yYg$IO2e2aDrDVQgfOw+5PnFfopwVEP9uZtMB4Lf2rJp2Z0",10000000
C-00064,Tran Van Cuong,trancuong64@gmail.com,0919426269,Ha Noi,,SILVER,ACTIVE,"$argon2id$v=19$m=19456,t=2,p=1$pAMrcZvnf82snB7mZk6yYg$IO2e2aDrDVQgfOw+5PnFfopwVEP9uZtMB4Lf2rJp2Z0",10000000
C-00065,Nguyen Van Dung,nguyendung65@gmail.com,0982174983,Ha Noi,,STANDARD,ACTIVE,"$argon2id$v=19$m=19456,t=2,p=1$pAMrcZvnf82snB7mZk6yYg$IO2e2aDrDVQgfOw+5PnFfopwVEP9uZtMB4Lf2rJp2Z0",10000000
C-00066,Bui Van Phuc,buiphuc66@gmail.com,0938410721,Ha Noi,,STANDARD,ACTIVE,"$argon2id$v=19$m=19456,t=2,p=1$pAMrcZvnf82snB7mZk6yYg$IO2e2aDrDVQgfOw+5PnFfopwVEP9uZtMB4Lf2rJp2Z0",10000000
C-00067,Tran Van Binh,tranbinh67@gmail.com,0930390614,Ha Noi,,STANDARD,ACTIVE,"$argon2id$v=19$m=19456,t=2,p=1$pAMrcZvnf82snB7mZk6yYg$IO2e2aDrDVQgfOw+5PnFfopwVEP9uZtMB4Lf2rJp2Z0",10000000
C-00068,Bui Van Khanh,buikhanh68@gmail.com,0922644059,Ha Noi,,SILVER,ACTIVE,"$argon2id$v=19$m=19456,t=2,p=1$pAMrcZvnf82snB7mZk6yYg$IO2e2aDrDVQgfOw+5PnFfopwVEP9uZtMB4Lf2rJp2Z0",10000000
C-00069,Le Van Binh,lebinh69@gmail.com,0951365871,Ha Noi,,STANDARD,ACTIVE,"$argon2id$v=19$m=19456,t=2,p=1$pAMrcZvnf82snB7mZk6yYg$IO2e2aDrDVQgfOw+5PnFfopwVEP9uZtMB4Lf2rJp2Z0",10000000
C-00070,Le Van Quang,lequang70@gmail.com,0917886894,Ha Noi,,STANDARD,ACTIVE,"$argon2id$v=19$m=19456,t=2,p=1$pAMrcZvnf82snB7mZk6yYg$IO2e2aDrDVQgfOw+5PnFfopwVEP9uZtMB4Lf2rJp2Z0",10000000
C-00071,Nguyen Van Hung,nguyenhung71@gmail.com,0973015186,Ha Noi,,STANDARD,ACTIVE,"$argon2id$v=19$m=19456,t=2,p=1$pAMrcZvnf82snB7mZk6yYg$IO2e2aDrDVQgfOw+5PnFfopwVEP9uZtMB4Lf2rJp2Z0",10000000
C-00072,Bui Van Minh,buiminh72@gmail.com,0978985032,Ha Noi,,STANDARD,ACTIVE,"$argon2id$v=19$m=19456,t=2,p=1$pAMrcZvnf82snB7mZk6yYg$IO2e2aDrDVQgfOw+5PnFfopwVEP9uZtMB4Lf2rJp2Z0",10000000
C-00073,Phan Van Nam,phannam73@gmail.com,0926685955,Ha Noi,,STANDARD,ACTIVE,"$argon2id$v=19$m=19456,t=2,p=1$pAMrcZvnf82snB7mZk6yYg$IO2e2aDrDVQgfOw+5PnFfopwVEP9uZtMB4Lf2rJp2Z0",10000000
C-00074,Phan Van Binh,phanbinh74@gmail.com,0972748933,Ha Noi,,GOLD,ACTIVE,"$argon2id$v=19$m=19456,t=2,p=1$pAMrcZvnf82snB7mZk6yYg$IO2e2aDrDVQgfOw+5PnFfopwVEP9uZtMB4Lf2rJp2Z0",10000000
C-00075,Vu Van Dung,vudung75@gmail.com,0936547788,Ha Noi,,STANDARD,ACTIVE,"$argon2id$v=19$m=19456,t=2,p=1$pAMrcZvnf82snB7mZk6yYg$IO2e2aDrDVQgfOw+5PnFfopwVEP9uZtMB4Lf2rJp2Z0",10000000
C-00076,Bui Van Binh,buibinh76@gmail.com,0932163412,Ha Noi,,STANDARD,ACTIVE,"$argon2id$v=19$m=19456,t=2,p=1$pAMrcZvnf82snB7mZk6yYg$IO2e2aDrDVQgfOw+5PnFfopwVEP9uZtMB4Lf2rJp2Z0",10000000
C-00077,Le Van Binh,lebinh77@gmail.com,0922612479,Ha Noi,,STANDARD,ACTIVE,"$argon2id$v=19$m=19456,t=2,p=1$pAMrcZvnf82snB7mZk6yYg$IO2e2aDrDVQgfOw+5PnFfopwVEP9uZtMB4Lf2rJp2Z0",10000000
C-00078,Vu Van Cuong,vucuong78@gmail.com,0929642418,Ha Noi,,STANDARD,ACTIVE,"$argon2id$v=19$m=19456,t=2,p=1$pAMrcZvnf82snB7mZk6yYg$IO2e2aDrDVQgfOw+5PnFfopwVEP9uZtMB4Lf2rJp2Z0",10000000
C-00079,Tran Van Phuc,tranphuc79@gmail.com,0965222588,Ha Noi,,GOLD,ACTIVE,"$argon2id$v=19$m=19456,t=2,p=1$pAMrcZvnf82snB7mZk6yYg$IO2e2aDrDVQgfOw+5PnFfopwVEP9uZtMB4Lf2rJp2Z0",10000000
C-00080,Le Van Anh,leanh80@gmail.com,0967801139,Ha Noi,,STANDARD,ACTIVE,"$argon2id$v=19$m=19456,t=2,p=1$pAMrcZvnf82snB7mZk6yYg$IO2e2aDrDVQgfOw+5PnFfopwVEP9uZtMB4Lf2rJp2Z0",10000000
C-00081,Dang Van Son,dangson81@gmail.com,0935302990,Ha Noi,,GOLD,ACTIVE,"$argon2id$v=19$m=19456,t=2,p=1$pAMrcZvnf82snB7mZk6yYg$IO2e2aDrDVQgfOw+5PnFfopwVEP9uZtMB4Lf2rJp2Z0",10000000
C-00082,Vu Van Binh,vubinh82@gmail.com,0951435909,Ha Noi,,STANDARD,ACTIVE,"$argon2id$v=19$m=19456,t=2,p=1$pAMrcZvnf82snB7mZk6yYg$IO2e2aDrDVQgfOw+5PnFfopwVEP9uZtMB4Lf2rJp2Z0",10000000
C-00083,Bui Van Cuong,buicuong83@gmail.com,0913006422,Ha Noi,,STANDARD,ACTIVE,"$argon2id$v=19$m=19456,t=2,p=1$pAMrcZvnf82snB7mZk6yYg$IO2e2aDrDVQgfOw+5PnFfopwVEP9uZtMB4Lf2rJp2Z0",10000000
C-00084,Pham Van Dung,phamdung84@gmail.com,0991735415,Ha Noi,,STANDARD,ACTIVE,"$argon2id$v=19$m=19456,t=2,p=1$pAMrcZvnf82snB7mZk6yYg$IO2e2aDrDVQgfOw+5PnFfopwVEP9uZtMB4Lf2rJp2Z0",10000000
C-00085,Nguyen Van Minh,nguyenminh85@gmail.com,0941223741,Ha Noi,,STANDARD,ACTIVE,"$argon2id$v=19$m=19456,t=2,p=1$pAMrcZvnf82snB7mZk6yYg$IO2e2aDrDVQgfOw+5PnFfopwVEP9uZtMB4Lf2rJp2Z0",10000000
C-00086,Hoang Van Phuc,hoangphuc86@gmail.com,0980763742,Ha Noi,,SILVER,ACTIVE,"$argon2id$v=19$m=19456,t=2,p=1$pAMrcZvnf82snB7mZk6yYg$IO2e2aDrDVQgfOw+5PnFfopwVEP9uZtMB4Lf2rJp2Z0",10000000
C-00087,Vo Van Hieu,vohieu87@gmail.com,0993968841,Ha Noi,,GOLD,ACTIVE,"$argon2id$v=19$m=19456,t=2,p=1$pAMrcZvnf82snB7mZk6yYg$IO2e2aDrDVQgfOw+5PnFfopwVEP9uZtMB4Lf2rJp2Z0",10000000
C-00088,Phan Van Dung,phandung88@gmail.com,0934211087,Ha Noi,,STANDARD,ACTIVE,"$argon2id$v=19$m=19456,t=2,p=1$pAMrcZvnf82snB7mZk6yYg$IO2e2aDrDVQgfOw+5PnFfopwVEP9uZtMB4Lf2rJp2Z0",10000000
C-00089,Dang Van Dung,dangdung89@gmail.com,0986327491,Ha Noi,,GOLD,ACTIVE,"$argon2id$v=19$m=19456,t=2,p=1$pAMrcZvnf82snB7mZk6yYg$IO2e2aDrDVQgfOw+5PnFfopwVEP9uZtMB4Lf2rJp2Z0",10000000
C-00090,Le Van Khanh,lekhanh90@gmail.com,0911248334,Ha Noi,,SILVER,ACTIVE,"$argon2id$v=19$m=19456,t=2,p=1$pAMrcZvnf82snB7mZk6yYg$IO2e2aDrDVQgfOw+5PnFfopwVEP9uZtMB4Lf2rJp2Z0",10000000
C-00091,Hoang Van Quang,hoangquang91@gmail.com,0986456912,Ha Noi,,STANDARD,ACTIVE,"$argon2id$v=19$m=19456,t=2,p=1$pAMrcZvnf82snB7mZk6yYg$IO2e2aDrDVQgfOw+5PnFfopwVEP9uZtMB4Lf2rJp2Z0",10000000
C-00092,Vo Van Nam,vonam92@gmail.com,0967228811,Ha Noi,,GOLD,ACTIVE,"$argon2id$v=19$m=19456,t=2,p=1$pAMrcZvnf82snB7mZk6yYg$IO2e2aDrDVQgfOw+5PnFfopwVEP9uZtMB4Lf2rJp2Z0",10000000
C-00093,Nguyen Van Binh,nguyenbinh93@gmail.com,0960566022,Ha Noi,,STANDARD,ACTIVE,"$argon2id$v=19$m=19456,t=2,p=1$pAMrcZvnf82snB7mZk6yYg$IO2e2aDrDVQgfOw+5PnFfopwVEP9uZtMB4Lf2rJp2Z0",10000000
C-00094,Le Van Quang,lequang94@gmail.com,0991868864,Ha Noi,,SILVER,ACTIVE,"$argon2id$v=19$m=19456,t=2,p=1$pAMrcZvnf82snB7mZk6yYg$IO2e2aDrDVQgfOw+5PnFfopwVEP9uZtMB4Lf2rJp2Z0",10000000
C-00095,Dang Van Hung,danghung95@gmail.com,0955029414,Ha Noi,,GOLD,ACTIVE,"$argon2id$v=19$m=19456,t=2,p=1$pAMrcZvnf82snB7mZk6yYg$IO2e2aDrDVQgfOw+5PnFfopwVEP9uZtMB4Lf2rJp2Z0",10000000
C-00096,Tran Van Trung,trantrung96@gmail.com,0970875752,Ha Noi,,STANDARD,ACTIVE,"$argon2id$v=19$m=19456,t=2,p=1$pAMrcZvnf82snB7mZk6yYg$IO2e2aDrDVQgfOw+5PnFfopwVEP9uZtMB4Lf2rJp2Z0",10000000
C-00097,Vu Van Hung,vuhung97@gmail.com,0969881866,Ha Noi,,GOLD,ACTIVE,"$argon2id$v=19$m=19456,t=2,p=1$pAMrcZvnf82snB7mZk6yYg$IO2e2aDrDVQgfOw+5PnFfopwVEP9uZtMB4Lf2rJp2Z0",10000000
C-00098,Tran Van Khanh,trankhanh98@gmail.com,0979226771,Ha Noi,,GOLD,ACTIVE,"$argon2id$v=19$m=19456,t=2,p=1$pAMrcZvnf82snB7mZk6yYg$IO2e2aDrDVQgfOw+5PnFfopwVEP9uZtMB4Lf2rJp2Z0",10000000
C-00099,Dang Van Son,dangson99@gmail.com,0974664795,Ha Noi,,STANDARD,ACTIVE,"$argon2id$v=19$m=19456,t=2,p=1$pAMrcZvnf82snB7mZk6yYg$IO2e2aDrDVQgfOw+5PnFfopwVEP9uZtMB4Lf2rJp2Z0",10000000
C-00100,Tran Van Hieu,tranhieu100@gmail.com,0916930726,Ha Noi,,STANDARD,ACTIVE,"$argon2id$v=19$m=19456,t=2,p=1$pAMrcZvnf82snB7mZk6yYg$IO2e2aDrDVQgfOw+5PnFfopwVEP9uZtMB4Lf2rJp2Z0",10000000
C-00101,Pham Van Linh,phamlinh101@gmail.com,0997465627,Ha Noi,,STANDARD,ACTIVE,"$argon2id$v=19$m=19456,t=2,p=1$pAMrcZvnf82snB7mZk6yYg$IO2e2aDrDVQgfOw+5PnFfopwVEP9uZtMB4Lf2rJp2Z0",10000000
C-00102,Dang Van Hieu,danghieu102@gmail.com,0917427066,Ha Noi,,STANDARD,ACTIVE,"$argon2id$v=19$m=19456,t=2,p=1$pAMrcZvnf82snB7mZk6yYg$IO2e2aDrDVQgfOw+5PnFfopwVEP9uZtMB4Lf2rJp2Z0",10000000
C-00103,Hoang Van Hung,hoanghung103@gmail.com,0922448061,Ha Noi,,GOLD,ACTIVE,"$argon2id$v=19$m=19456,t=2,p=1$pAMrcZvnf82snB7mZk6yYg$IO2e2aDrDVQgfOw+5PnFfopwVEP9uZtMB4Lf2rJp2Z0",10000000
C-00104,Vo Van Cuong,vocuong104@gmail.com,0963508467,Ha Noi,,SILVER,ACTIVE,"$argon2id$v=19$m=19456,t=2,p=1$pAMrcZvnf82snB7mZk6yYg$IO2e2aDrDVQgfOw+5PnFfopwVEP9uZtMB4Lf2rJp2Z0",10000000
C-00105,Hoang Van Minh,hoangminh105@gmail.com,0969993366,Ha Noi,,STANDARD,ACTIVE,"$argon2id$v=19$m=19456,t=2,p=1$pAMrcZvnf82snB7mZk6yYg$IO2e2aDrDVQgfOw+5PnFfopwVEP9uZtMB4Lf2rJp2Z0",10000000
C-00106,Vo Van Khanh,vokhanh106@gmail.com,0981032287,Ha Noi,,DIAMOND,ACTIVE,"$argon2id$v=19$m=19456,t=2,p=1$pAMrcZvnf82snB7mZk6yYg$IO2e2aDrDVQgfOw+5PnFfopwVEP9uZtMB4Lf2rJp2Z0",10000000
C-00107,Bui Van Quang,buiquang107@gmail.com,0953157789,Ha Noi,,SILVER,ACTIVE,"$argon2id$v=19$m=19456,t=2,p=1$pAMrcZvnf82snB7mZk6yYg$IO2e2aDrDVQgfOw+5PnFfopwVEP9uZtMB4Lf2rJp2Z0",10000000
C-00108,Pham Van Dung,phamdung108@gmail.com,0949603712,Ha Noi,,STANDARD,ACTIVE,"$argon2id$v=19$m=19456,t=2,p=1$pAMrcZvnf82snB7mZk6yYg$IO2e2aDrDVQgfOw+5PnFfopwVEP9uZtMB4Lf2rJp2Z0",10000000
C-00109,Hoang Van Dung,hoangdung109@gmail.com,0958055959,Ha Noi,,GOLD,ACTIVE,"$argon2id$v=19$m=19456,t=2,p=1$pAMrcZvnf82snB7mZk6yYg$IO2e2aDrDVQgfOw+5PnFfopwVEP9uZtMB4Lf2rJp2Z0",10000000
C-00110,Phan Van Anh,phananh110@gmail.com,0948627478,Ha Noi,,SILVER,ACTIVE,"$argon2id$v=19$m=19456,t=2,p=1$pAMrcZvnf82snB7mZk6yYg$IO2e2aDrDVQgfOw+5PnFfopwVEP9uZtMB4Lf2rJp2Z0",10000000
C-00111,Vo Van Dung,vodung111@gmail.com,0990956343,Ha Noi,,STANDARD,ACTIVE,"$argon2id$v=19$m=19456,t=2,p=1$pAMrcZvnf82snB7mZk6yYg$IO2e2aDrDVQgfOw+5PnFfopwVEP9uZtMB4Lf2rJp2Z0",10000000
C-00112,Hoang Van Anh,hoanganh112@gmail.com,0915335786,Ha Noi,,SILVER,ACTIVE,"$argon2id$v=19$m=19456,t=2,p=1$pAMrcZvnf82snB7mZk6yYg$IO2e2aDrDVQgfOw+5PnFfopwVEP9uZtMB4Lf2rJp2Z0",10000000
C-00113,Bui Van Anh,buianh113@gmail.com,0929458045,Ha Noi,,SILVER,ACTIVE,"$argon2id$v=19$m=19456,t=2,p=1$pAMrcZvnf82snB7mZk6yYg$IO2e2aDrDVQgfOw+5PnFfopwVEP9uZtMB4Lf2rJp2Z0",10000000
C-00114,Vu Van Trung,vutrung114@gmail.com,0965189322,Ha Noi,,STANDARD,ACTIVE,"$argon2id$v=19$m=19456,t=2,p=1$pAMrcZvnf82snB7mZk6yYg$IO2e2aDrDVQgfOw+5PnFfopwVEP9uZtMB4Lf2rJp2Z0",10000000
C-00115,Bui Van Anh,buianh115@gmail.com,0912785797,Ha Noi,,STANDARD,ACTIVE,"$argon2id$v=19$m=19456,t=2,p=1$pAMrcZvnf82snB7mZk6yYg$IO2e2aDrDVQgfOw+5PnFfopwVEP9uZtMB4Lf2rJp2Z0",10000000
C-00116,Vo Van Quang,voquang116@gmail.com,0948128123,Ha Noi,,DIAMOND,ACTIVE,"$argon2id$v=19$m=19456,t=2,p=1$pAMrcZvnf82snB7mZk6yYg$IO2e2aDrDVQgfOw+5PnFfopwVEP9uZtMB4Lf2rJp2Z0",10000000
C-00117,Vo Van Nam,vonam117@gmail.com,0968573061,Ha Noi,,SILVER,ACTIVE,"$argon2id$v=19$m=19456,t=2,p=1$pAMrcZvnf82snB7mZk6yYg$IO2e2aDrDVQgfOw+5PnFfopwVEP9uZtMB4Lf2rJp2Z0",10000000
C-00118,Tran Van Thanh,tranthanh118@gmail.com,0994522173,Ha Noi,,SILVER,ACTIVE,"$argon2id$v=19$m=19456,t=2,p=1$pAMrcZvnf82snB7mZk6yYg$IO2e2aDrDVQgfOw+5PnFfopwVEP9uZtMB4Lf2rJp2Z0",10000000
C-00119,Le Van Hieu,lehieu119@gmail.com,0971519073,Ha Noi,,DIAMOND,ACTIVE,"$argon2id$v=19$m=19456,t=2,p=1$pAMrcZvnf82snB7mZk6yYg$IO2e2aDrDVQgfOw+5PnFfopwVEP9uZtMB4Lf2rJp2Z0",10000000
C-00120,Bui Van Thanh,buithanh120@gmail.com,0983240994,Ha Noi,,GOLD,ACTIVE,"$argon2id$v=19$m=19456,t=2,p=1$pAMrcZvnf82snB7mZk6yYg$IO2e2aDrDVQgfOw+5PnFfopwVEP9uZtMB4Lf2rJp2Z0",10000000
C-00121,Pham Van Son,phamson121@gmail.com,0984649242,Ha Noi,,DIAMOND,ACTIVE,"$argon2id$v=19$m=19456,t=2,p=1$pAMrcZvnf82snB7mZk6yYg$IO2e2aDrDVQgfOw+5PnFfopwVEP9uZtMB4Lf2rJp2Z0",10000000
C-00122,Pham Van Phuc,phamphuc122@gmail.com,0924242250,Ha Noi,,STANDARD,ACTIVE,"$argon2id$v=19$m=19456,t=2,p=1$pAMrcZvnf82snB7mZk6yYg$IO2e2aDrDVQgfOw+5PnFfopwVEP9uZtMB4Lf2rJp2Z0",10000000
C-00123,Tran Van Dung,trandung123@gmail.com,0938833927,Ha Noi,,STANDARD,ACTIVE,"$argon2id$v=19$m=19456,t=2,p=1$pAMrcZvnf82snB7mZk6yYg$IO2e2aDrDVQgfOw+5PnFfopwVEP9uZtMB4Lf2rJp2Z0",10000000
C-00124,Vo Van Anh,voanh124@gmail.com,0925302796,Ha Noi,,STANDARD,ACTIVE,"$argon2id$v=19$m=19456,t=2,p=1$pAMrcZvnf82snB7mZk6yYg$IO2e2aDrDVQgfOw+5PnFfopwVEP9uZtMB4Lf2rJp2Z0",10000000
C-00125,Nguyen Van Khanh,nguyenkhanh125@gmail.com,0999464331,Ha Noi,,SILVER,ACTIVE,"$argon2id$v=19$m=19456,t=2,p=1$pAMrcZvnf82snB7mZk6yYg$IO2e2aDrDVQgfOw+5PnFfopwVEP9uZtMB4Lf2rJp2Z0",10000000
C-00126,Dang Van Dung,dangdung126@gmail.com,0921030241,Ha Noi,,STANDARD,ACTIVE,"$argon2id$v=19$m=19456,t=2,p=1$pAMrcZvnf82snB7mZk6yYg$IO2e2aDrDVQgfOw+5PnFfopwVEP9uZtMB4Lf2rJp2Z0",10000000
C-00127,Vu Van Minh,vuminh127@gmail.com,0977765217,Ha Noi,,STANDARD,ACTIVE,"$argon2id$v=19$m=19456,t=2,p=1$pAMrcZvnf82snB7mZk6yYg$IO2e2aDrDVQgfOw+5PnFfopwVEP9uZtMB4Lf2rJp2Z0",10000000
C-00128,Nguyen Van Hung,nguyenhung128@gmail.com,0944208768,Ha Noi,,STANDARD,ACTIVE,"$argon2id$v=19$m=19456,t=2,p=1$pAMrcZvnf82snB7mZk6yYg$IO2e2aDrDVQgfOw+5PnFfopwVEP9uZtMB4Lf2rJp2Z0",10000000
C-00129,Tran Van Quang,tranquang129@gmail.com,0970136432,Ha Noi,,SILVER,ACTIVE,"$argon2id$v=19$m=19456,t=2,p=1$pAMrcZvnf82snB7mZk6yYg$IO2e2aDrDVQgfOw+5PnFfopwVEP9uZtMB4Lf2rJp2Z0",10000000
C-00130,Dang Van Dung,dangdung130@gmail.com,0957288493,Ha Noi,,STANDARD,ACTIVE,"$argon2id$v=19$m=19456,t=2,p=1$pAMrcZvnf82snB7mZk6yYg$IO2e2aDrDVQgfOw+5PnFfopwVEP9uZtMB4Lf2rJp2Z0",10000000
C-00131,Tran Van Anh,trananh131@gmail.com,0919813726,Ha Noi,,STANDARD,ACTIVE,"$argon2id$v=19$m=19456,t=2,p=1$pAMrcZvnf82snB7mZk6yYg$IO2e2aDrDVQgfOw+5PnFfopwVEP9uZtMB4Lf2rJp2Z0",10000000
C-00132,Vu Van Binh,vubinh132@gmail.com,0985730888,Ha Noi,,STANDARD,ACTIVE,"$argon2id$v=19$m=19456,t=2,p=1$pAMrcZvnf82snB7mZk6yYg$IO2e2aDrDVQgfOw+5PnFfopwVEP9uZtMB4Lf2rJp2Z0",10000000
C-00133,Le Van Anh,leanh133@gmail.com,0968160935,Ha Noi,,STANDARD,ACTIVE,"$argon2id$v=19$m=19456,t=2,p=1$pAMrcZvnf82snB7mZk6yYg$IO2e2aDrDVQgfOw+5PnFfopwVEP9uZtMB4Lf2rJp2Z0",10000000
C-00134,Le Van Linh,lelinh134@gmail.com,0975072342,Ha Noi,,SILVER,ACTIVE,"$argon2id$v=19$m=19456,t=2,p=1$pAMrcZvnf82snB7mZk6yYg$IO2e2aDrDVQgfOw+5PnFfopwVEP9uZtMB4Lf2rJp2Z0",10000000
C-00135,Le Van Trung,letrung135@gmail.com,0987466448,Ha Noi,,STANDARD,ACTIVE,"$argon2id$v=19$m=19456,t=2,p=1$pAMrcZvnf82snB7mZk6yYg$IO2e2aDrDVQgfOw+5PnFfopwVEP9uZtMB4Lf2rJp2Z0",10000000
C-00136,Dang Van Dung,dangdung136@gmail.com,0913709495,Ha Noi,,STANDARD,ACTIVE,"$argon2id$v=19$m=19456,t=2,p=1$pAMrcZvnf82snB7mZk6yYg$IO2e2aDrDVQgfOw+5PnFfopwVEP9uZtMB4Lf2rJp2Z0",10000000
C-00137,Bui Van Phuc,buiphuc137@gmail.com,0995803593,Ha Noi,,GOLD,ACTIVE,"$argon2id$v=19$m=19456,t=2,p=1$pAMrcZvnf82snB7mZk6yYg$IO2e2aDrDVQgfOw+5PnFfopwVEP9uZtMB4Lf2rJp2Z0",10000000
C-00138,Pham Van Nam,phamnam138@gmail.com,0938280442,Ha Noi,,STANDARD,ACTIVE,"$argon2id$v=19$m=19456,t=2,p=1$pAMrcZvnf82snB7mZk6yYg$IO2e2aDrDVQgfOw+5PnFfopwVEP9uZtMB4Lf2rJp2Z0",10000000
C-00139,Tran Van Linh,tranlinh139@gmail.com,0988303242,Ha Noi,,GOLD,ACTIVE,"$argon2id$v=19$m=19456,t=2,p=1$pAMrcZvnf82snB7mZk6yYg$IO2e2aDrDVQgfOw+5PnFfopwVEP9uZtMB4Lf2rJp2Z0",10000000
C-00140,Le Van Minh,leminh140@gmail.com,0969626356,Ha Noi,,STANDARD,ACTIVE,"$argon2id$v=19$m=19456,t=2,p=1$pAMrcZvnf82snB7mZk6yYg$IO2e2aDrDVQgfOw+5PnFfopwVEP9uZtMB4Lf2rJp2Z0",10000000
C-00141,Pham Van Nam,phamnam141@gmail.com,0950220818,Ha Noi,,SILVER,ACTIVE,"$argon2id$v=19$m=19456,t=2,p=1$pAMrcZvnf82snB7mZk6yYg$IO2e2aDrDVQgfOw+5PnFfopwVEP9uZtMB4Lf2rJp2Z0",10000000
C-00142,Nguyen Van Quang,nguyenquang142@gmail.com,0910765367,Ha Noi,,STANDARD,ACTIVE,"$argon2id$v=19$m=19456,t=2,p=1$pAMrcZvnf82snB7mZk6yYg$IO2e2aDrDVQgfOw+5PnFfopwVEP9uZtMB4Lf2rJp2Z0",10000000
C-00143,Dang Van Khanh,dangkhanh143@gmail.com,0992453082,Ha Noi,,STANDARD,ACTIVE,"$argon2id$v=19$m=19456,t=2,p=1$pAMrcZvnf82snB7mZk6yYg$IO2e2aDrDVQgfOw+5PnFfopwVEP9uZtMB4Lf2rJp2Z0",10000000
C-00144,Hoang Van Dung,hoangdung144@gmail.com,0915261608,Ha Noi,,STANDARD,ACTIVE,"$argon2id$v=19$m=19456,t=2,p=1$pAMrcZvnf82snB7mZk6yYg$IO2e2aDrDVQgfOw+5PnFfopwVEP9uZtMB4Lf2rJp2Z0",10000000
C-00145,Dang Van Thanh,dangthanh145@gmail.com,0932072814,Ha Noi,,SILVER,ACTIVE,"$argon2id$v=19$m=19456,t=2,p=1$pAMrcZvnf82snB7mZk6yYg$IO2e2aDrDVQgfOw+5PnFfopwVEP9uZtMB4Lf2rJp2Z0",10000000
C-00146,Bui Van Son,buison146@gmail.com,0994881003,Ha Noi,,STANDARD,ACTIVE,"$argon2id$v=19$m=19456,t=2,p=1$pAMrcZvnf82snB7mZk6yYg$IO2e2aDrDVQgfOw+5PnFfopwVEP9uZtMB4Lf2rJp2Z0",10000000
C-00147,Vo Van Khanh,vokhanh147@gmail.com,0990167420,Ha Noi,,STANDARD,ACTIVE,"$argon2id$v=19$m=19456,t=2,p=1$pAMrcZvnf82snB7mZk6yYg$IO2e2aDrDVQgfOw+5PnFfopwVEP9uZtMB4Lf2rJp2Z0",10000000
C-00148,Phan Van Minh,phanminh148@gmail.com,0913958035,Ha Noi,,STANDARD,ACTIVE,"$argon2id$v=19$m=19456,t=2,p=1$pAMrcZvnf82snB7mZk6yYg$IO2e2aDrDVQgfOw+5PnFfopwVEP9uZtMB4Lf2rJp2Z0",10000000
C-00149,Phan Van Quang,phanquang149@gmail.com,0938822680,Ha Noi,,STANDARD,ACTIVE,"$argon2id$v=19$m=19456,t=2,p=1$pAMrcZvnf82snB7mZk6yYg$IO2e2aDrDVQgfOw+5PnFfopwVEP9uZtMB4Lf2rJp2Z0",10000000
C-00150,Pham Van Trung,phamtrung150@gmail.com,0970113535,Ha Noi,,SILVER,ACTIVE,"$argon2id$v=19$m=19456,t=2,p=1$pAMrcZvnf82snB7mZk6yYg$IO2e2aDrDVQgfOw+5PnFfopwVEP9uZtMB4Lf2rJp2Z0",10000000
C-00151,Vo Van Phuc,vophuc151@gmail.com,0973141742,Ha Noi,,SILVER,ACTIVE,"$argon2id$v=19$m=19456,t=2,p=1$pAMrcZvnf82snB7mZk6yYg$IO2e2aDrDVQgfOw+5PnFfopwVEP9uZtMB4Lf2rJp2Z0",10000000
C-00152,Le Van Anh,leanh152@gmail.com,0981442241,Ha Noi,,SILVER,ACTIVE,"$argon2id$v=19$m=19456,t=2,p=1$pAMrcZvnf82snB7mZk6yYg$IO2e2aDrDVQgfOw+5PnFfopwVEP9uZtMB4Lf2rJp2Z0",10000000
C-00153,Dang Van Son,dangson153@gmail.com,0937451389,Ha Noi,,SILVER,ACTIVE,"$argon2id$v=19$m=19456,t=2,p=1$pAMrcZvnf82snB7mZk6yYg$IO2e2aDrDVQgfOw+5PnFfopwVEP9uZtMB4Lf2rJp2Z0",10000000
C-00154,Tran Van Trung,trantrung154@gmail.com,0996680957,Ha Noi,,STANDARD,ACTIVE,"$argon2id$v=19$m=19456,t=2,p=1$pAMrcZvnf82snB7mZk6yYg$IO2e2aDrDVQgfOw+5PnFfopwVEP9uZtMB4Lf2rJp2Z0",10000000
C-00155,Phan Van Khanh,phankhanh155@gmail.com,0962668263,Ha Noi,,SILVER,ACTIVE,"$argon2id$v=19$m=19456,t=2,p=1$pAMrcZvnf82snB7mZk6yYg$IO2e2aDrDVQgfOw+5PnFfopwVEP9uZtMB4Lf2rJp2Z0",10000000
C-00156,Dang Van Thanh,dangthanh156@gmail.com,0919103584,Ha Noi,,STANDARD,ACTIVE,"$argon2id$v=19$m=19456,t=2,p=1$pAMrcZvnf82snB7mZk6yYg$IO2e2aDrDVQgfOw+5PnFfopwVEP9uZtMB4Lf2rJp2Z0",10000000
C-00157,Vu Van Quang,vuquang157@gmail.com,0991214415,Ha Noi,,STANDARD,ACTIVE,"$argon2id$v=19$m=19456,t=2,p=1$pAMrcZvnf82snB7mZk6yYg$IO2e2aDrDVQgfOw+5PnFfopwVEP9uZtMB4Lf2rJp2Z0",10000000
C-00158,Vu Van Binh,vubinh158@gmail.com,0977830750,Ha Noi,,GOLD,ACTIVE,"$argon2id$v=19$m=19456,t=2,p=1$pAMrcZvnf82snB7mZk6yYg$IO2e2aDrDVQgfOw+5PnFfopwVEP9uZtMB4Lf2rJp2Z0",10000000
C-00159,Tran Van Hung,tranhung159@gmail.com,0975456202,Ha Noi,,STANDARD,ACTIVE,"$argon2id$v=19$m=19456,t=2,p=1$pAMrcZvnf82snB7mZk6yYg$IO2e2aDrDVQgfOw+5PnFfopwVEP9uZtMB4Lf2rJp2Z0",10000000
C-00160,Hoang Van Khanh,hoangkhanh160@gmail.com,0952409078,Ha Noi,,STANDARD,ACTIVE,"$argon2id$v=19$m=19456,t=2,p=1$pAMrcZvnf82snB7mZk6yYg$IO2e2aDrDVQgfOw+5PnFfopwVEP9uZtMB4Lf2rJp2Z0",10000000
C-00161,Pham Van Trung,phamtrung161@gmail.com,0996677492,Ha Noi,,SILVER,ACTIVE,"$argon2id$v=19$m=19456,t=2,p=1$pAMrcZvnf82snB7mZk6yYg$IO2e2aDrDVQgfOw+5PnFfopwVEP9uZtMB4Lf2rJp2Z0",10000000
C-00162,Nguyen Van Trung,nguyentrung162@gmail.com,0953471132,Ha Noi,,SILVER,ACTIVE,"$argon2id$v=19$m=19456,t=2,p=1$pAMrcZvnf82snB7mZk6yYg$IO2e2aDrDVQgfOw+5PnFfopwVEP9uZtMB4Lf2rJp2Z0",10000000
C-00163,Nguyen Van Trung,nguyentrung163@gmail.com,0981739421,Ha Noi,,GOLD,ACTIVE,"$argon2id$v=19$m=19456,t=2,p=1$pAMrcZvnf82snB7mZk6yYg$IO2e2aDrDVQgfOw+5PnFfopwVEP9uZtMB4Lf2rJp2Z0",10000000
C-00164,Nguyen Van Hieu,nguyenhieu164@gmail.com,0978851658,Ha Noi,,STANDARD,ACTIVE,"$argon2id$v=19$m=19456,t=2,p=1$pAMrcZvnf82snB7mZk6yYg$IO2e2aDrDVQgfOw+5PnFfopwVEP9uZtMB4Lf2rJp2Z0",10000000
C-00165,Vo Van Trung,votrung165@gmail.com,0944315978,Ha Noi,,STANDARD,ACTIVE,"$argon2id$v=19$m=19456,t=2,p=1$pAMrcZvnf82snB7mZk6yYg$IO2e2aDrDVQgfOw+5PnFfopwVEP9uZtMB4Lf2rJp2Z0",10000000
C-00166,Hoang Van Minh,hoangminh166@gmail.com,0959345018,Ha Noi,,SILVER,ACTIVE,"$argon2id$v=19$m=19456,t=2,p=1$pAMrcZvnf82snB7mZk6yYg$IO2e2aDrDVQgfOw+5PnFfopwVEP9uZtMB4Lf2rJp2Z0",10000000
C-00167,Bui Van Thanh,buithanh167@gmail.com,0983143064,Ha Noi,,STANDARD,ACTIVE,"$argon2id$v=19$m=19456,t=2,p=1$pAMrcZvnf82snB7mZk6yYg$IO2e2aDrDVQgfOw+5PnFfopwVEP9uZtMB4Lf2rJp2Z0",10000000
C-00168,Tran Van Cuong,trancuong168@gmail.com,0933602756,Ha Noi,,STANDARD,ACTIVE,"$argon2id$v=19$m=19456,t=2,p=1$pAMrcZvnf82snB7mZk6yYg$IO2e2aDrDVQgfOw+5PnFfopwVEP9uZtMB4Lf2rJp2Z0",10000000
C-00169,Tran Van Anh,trananh169@gmail.com,0921481824,Ha Noi,,GOLD,ACTIVE,"$argon2id$v=19$m=19456,t=2,p=1$pAMrcZvnf82snB7mZk6yYg$IO2e2aDrDVQgfOw+5PnFfopwVEP9uZtMB4Lf2rJp2Z0",10000000
C-00170,Vu Van Hung,vuhung170@gmail.com,0913499961,Ha Noi,,GOLD,ACTIVE,"$argon2id$v=19$m=19456,t=2,p=1$pAMrcZvnf82snB7mZk6yYg$IO2e2aDrDVQgfOw+5PnFfopwVEP9uZtMB4Lf2rJp2Z0",10000000
C-00171,Vu Van Quang,vuquang171@gmail.com,0948888990,Ha Noi,,STANDARD,ACTIVE,"$argon2id$v=19$m=19456,t=2,p=1$pAMrcZvnf82snB7mZk6yYg$IO2e2aDrDVQgfOw+5PnFfopwVEP9uZtMB4Lf2rJp2Z0",10000000
C-00172,Vo Van Trung,votrung172@gmail.com,0995824896,Ha Noi,,STANDARD,ACTIVE,"$argon2id$v=19$m=19456,t=2,p=1$pAMrcZvnf82snB7mZk6yYg$IO2e2aDrDVQgfOw+5PnFfopwVEP9uZtMB4Lf2rJp2Z0",10000000
C-00173,Dang Van Linh,danglinh173@gmail.com,0962557185,Ha Noi,,DIAMOND,ACTIVE,"$argon2id$v=19$m=19456,t=2,p=1$pAMrcZvnf82snB7mZk6yYg$IO2e2aDrDVQgfOw+5PnFfopwVEP9uZtMB4Lf2rJp2Z0",10000000
C-00174,Dang Van Hung,danghung174@gmail.com,0934492463,Ha Noi,,STANDARD,ACTIVE,"$argon2id$v=19$m=19456,t=2,p=1$pAMrcZvnf82snB7mZk6yYg$IO2e2aDrDVQgfOw+5PnFfopwVEP9uZtMB4Lf2rJp2Z0",10000000
C-00175,Vu Van Dung,vudung175@gmail.com,0923329751,Ha Noi,,SILVER,ACTIVE,"$argon2id$v=19$m=19456,t=2,p=1$pAMrcZvnf82snB7mZk6yYg$IO2e2aDrDVQgfOw+5PnFfopwVEP9uZtMB4Lf2rJp2Z0",10000000
C-00176,Bui Van Khanh,buikhanh176@gmail.com,0949102743,Ha Noi,,STANDARD,ACTIVE,"$argon2id$v=19$m=19456,t=2,p=1$pAMrcZvnf82snB7mZk6yYg$IO2e2aDrDVQgfOw+5PnFfopwVEP9uZtMB4Lf2rJp2Z0",10000000
C-00177,Dang Van Linh,danglinh177@gmail.com,0965525289,Ha Noi,,STANDARD,ACTIVE,"$argon2id$v=19$m=19456,t=2,p=1$pAMrcZvnf82snB7mZk6yYg$IO2e2aDrDVQgfOw+5PnFfopwVEP9uZtMB4Lf2rJp2Z0",10000000
C-00178,Dang Van Khanh,dangkhanh178@gmail.com,0944145489,Ha Noi,,SILVER,ACTIVE,"$argon2id$v=19$m=19456,t=2,p=1$pAMrcZvnf82snB7mZk6yYg$IO2e2aDrDVQgfOw+5PnFfopwVEP9uZtMB4Lf2rJp2Z0",10000000
C-00179,Hoang Van Anh,hoanganh179@gmail.com,0978039785,Ha Noi,,SILVER,ACTIVE,"$argon2id$v=19$m=19456,t=2,p=1$pAMrcZvnf82snB7mZk6yYg$IO2e2aDrDVQgfOw+5PnFfopwVEP9uZtMB4Lf2rJp2Z0",10000000
C-00180,Bui Van Phuc,buiphuc180@gmail.com,0950747879,Ha Noi,,STANDARD,ACTIVE,"$argon2id$v=19$m=19456,t=2,p=1$pAMrcZvnf82snB7mZk6yYg$IO2e2aDrDVQgfOw+5PnFfopwVEP9uZtMB4Lf2rJp2Z0",10000000
C-00181,Pham Van Quang,phamquang181@gmail.com,0941887674,Ha Noi,,STANDARD,ACTIVE,"$argon2id$v=19$m=19456,t=2,p=1$pAMrcZvnf82snB7mZk6yYg$IO2e2aDrDVQgfOw+5PnFfopwVEP9uZtMB4Lf2rJp2Z0",10000000
C-00182,Tran Van Son,transon182@gmail.com,0981040617,Ha Noi,,GOLD,ACTIVE,"$argon2id$v=19$m=19456,t=2,p=1$pAMrcZvnf82snB7mZk6yYg$IO2e2aDrDVQgfOw+5PnFfopwVEP9uZtMB4Lf2rJp2Z0",10000000
C-00183,Vu Van Linh,vulinh183@gmail.com,0948709778,Ha Noi,,STANDARD,ACTIVE,"$argon2id$v=19$m=19456,t=2,p=1$pAMrcZvnf82snB7mZk6yYg$IO2e2aDrDVQgfOw+5PnFfopwVEP9uZtMB4Lf2rJp2Z0",10000000
C-00184,Phan Van Linh,phanlinh184@gmail.com,0915241024,Ha Noi,,STANDARD,ACTIVE,"$argon2id$v=19$m=19456,t=2,p=1$pAMrcZvnf82snB7mZk6yYg$IO2e2aDrDVQgfOw+5PnFfopwVEP9uZtMB4Lf2rJp2Z0",10000000
C-00185,Vu Van Son,vuson185@gmail.com,0975574622,Ha Noi,,STANDARD,ACTIVE,"$argon2id$v=19$m=19456,t=2,p=1$pAMrcZvnf82snB7mZk6yYg$IO2e2aDrDVQgfOw+5PnFfopwVEP9uZtMB4Lf2rJp2Z0",10000000
C-00186,Le Van Dung,ledung186@gmail.com,0955455482,Ha Noi,,SILVER,ACTIVE,"$argon2id$v=19$m=19456,t=2,p=1$pAMrcZvnf82snB7mZk6yYg$IO2e2aDrDVQgfOw+5PnFfopwVEP9uZtMB4Lf2rJp2Z0",10000000
C-00187,Tran Van Nam,trannam187@gmail.com,0950735218,Ha Noi,,STANDARD,ACTIVE,"$argon2id$v=19$m=19456,t=2,p=1$pAMrcZvnf82snB7mZk6yYg$IO2e2aDrDVQgfOw+5PnFfopwVEP9uZtMB4Lf2rJp2Z0",10000000
C-00188,Dang Van Cuong,dangcuong188@gmail.com,0922222499,Ha Noi,,SILVER,ACTIVE,"$argon2id$v=19$m=19456,t=2,p=1$pAMrcZvnf82snB7mZk6yYg$IO2e2aDrDVQgfOw+5PnFfopwVEP9uZtMB4Lf2rJp2Z0",10000000
C-00189,Phan Van Son,phanson189@gmail.com,0961876797,Ha Noi,,STANDARD,ACTIVE,"$argon2id$v=19$m=19456,t=2,p=1$pAMrcZvnf82snB7mZk6yYg$IO2e2aDrDVQgfOw+5PnFfopwVEP9uZtMB4Lf2rJp2Z0",10000000
C-00190,Vu Van Trung,vutrung190@gmail.com,0949806592,Ha Noi,,SILVER,ACTIVE,"$argon2id$v=19$m=19456,t=2,p=1$pAMrcZvnf82snB7mZk6yYg$IO2e2aDrDVQgfOw+5PnFfopwVEP9uZtMB4Lf2rJp2Z0",10000000
C-00191,Hoang Van Hung,hoanghung191@gmail.com,0999852754,Ha Noi,,GOLD,ACTIVE,"$argon2id$v=19$m=19456,t=2,p=1$pAMrcZvnf82snB7mZk6yYg$IO2e2aDrDVQgfOw+5PnFfopwVEP9uZtMB4Lf2rJp2Z0",10000000
C-00192,Tran Van Son,transon192@gmail.com,0986729279,Ha Noi,,STANDARD,ACTIVE,"$argon2id$v=19$m=19456,t=2,p=1$pAMrcZvnf82snB7mZk6yYg$IO2e2aDrDVQgfOw+5PnFfopwVEP9uZtMB4Lf2rJp2Z0",10000000
C-00193,Dang Van Quang,dangquang193@gmail.com,0952610149,Ha Noi,,STANDARD,ACTIVE,"$argon2id$v=19$m=19456,t=2,p=1$pAMrcZvnf82snB7mZk6yYg$IO2e2aDrDVQgfOw+5PnFfopwVEP9uZtMB4Lf2rJp2Z0",10000000
C-00194,Hoang Van Cuong,hoangcuong194@gmail.com,0983850287,Ha Noi,,SILVER,ACTIVE,"$argon2id$v=19$m=19456,t=2,p=1$pAMrcZvnf82snB7mZk6yYg$IO2e2aDrDVQgfOw+5PnFfopwVEP9uZtMB4Lf2rJp2Z0",10000000
C-00195,Pham Van Hieu,phamhieu195@gmail.com,0946064742,Ha Noi,,SILVER,ACTIVE,"$argon2id$v=19$m=19456,t=2,p=1$pAMrcZvnf82snB7mZk6yYg$IO2e2aDrDVQgfOw+5PnFfopwVEP9uZtMB4Lf2rJp2Z0",10000000
C-00196,Phan Van Anh,phananh196@gmail.com,0914777402,Ha Noi,,STANDARD,ACTIVE,"$argon2id$v=19$m=19456,t=2,p=1$pAMrcZvnf82snB7mZk6yYg$IO2e2aDrDVQgfOw+5PnFfopwVEP9uZtMB4Lf2rJp2Z0",10000000
C-00197,Tran Van Cuong,trancuong197@gmail.com,0986676732,Ha Noi,,STANDARD,ACTIVE,"$argon2id$v=19$m=19456,t=2,p=1$pAMrcZvnf82snB7mZk6yYg$IO2e2aDrDVQgfOw+5PnFfopwVEP9uZtMB4Lf2rJp2Z0",10000000
C-00198,Phan Van Hung,phanhung198@gmail.com,0970820060,Ha Noi,,STANDARD,ACTIVE,"$argon2id$v=19$m=19456,t=2,p=1$pAMrcZvnf82snB7mZk6yYg$IO2e2aDrDVQgfOw+5PnFfopwVEP9uZtMB4Lf2rJp2Z0",10000000
C-00199,Vu Van Quang,vuquang199@gmail.com,0952133104,Ha Noi,,STANDARD,ACTIVE,"$argon2id$v=19$m=19456,t=2,p=1$pAMrcZvnf82snB7mZk6yYg$IO2e2aDrDVQgfOw+5PnFfopwVEP9uZtMB4Lf2rJp2Z0",10000000
C-00200,Le Van Hieu,lehieu200@gmail.com,0948805843,Ha Noi,,GOLD,ACTIVE,"$argon2id$v=19$m=19456,t=2,p=1$pAMrcZvnf82snB7mZk6yYg$IO2e2aDrDVQgfOw+5PnFfopwVEP9uZtMB4Lf2rJp2Z0",10000000
C-00201,Vu Van Anh,vuanh201@gmail.com,0911218479,Ha Noi,,SILVER,ACTIVE,"$argon2id$v=19$m=19456,t=2,p=1$pAMrcZvnf82snB7mZk6yYg$IO2e2aDrDVQgfOw+5PnFfopwVEP9uZtMB4Lf2rJp2Z0",10000000
C-00202,Dang Van Hieu,danghieu202@gmail.com,0958367093,Ha Noi,,STANDARD,ACTIVE,"$argon2id$v=19$m=19456,t=2,p=1$pAMrcZvnf82snB7mZk6yYg$IO2e2aDrDVQgfOw+5PnFfopwVEP9uZtMB4Lf2rJp2Z0",10000000
C-00203,Tran Van Thanh,tranthanh203@gmail.com,0951804724,Ha Noi,,SILVER,ACTIVE,"$argon2id$v=19$m=19456,t=2,p=1$pAMrcZvnf82snB7mZk6yYg$IO2e2aDrDVQgfOw+5PnFfopwVEP9uZtMB4Lf2rJp2Z0",10000000
C-00204,Nguyen Van Dung,nguyendung204@gmail.com,0929569870,Ha Noi,,STANDARD,ACTIVE,"$argon2id$v=19$m=19456,t=2,p=1$pAMrcZvnf82snB7mZk6yYg$IO2e2aDrDVQgfOw+5PnFfopwVEP9uZtMB4Lf2rJp2Z0",10000000
C-00205,Hoang Van Thanh,hoangthanh205@gmail.com,0941593997,Ha Noi,,STANDARD,ACTIVE,"$argon2id$v=19$m=19456,t=2,p=1$pAMrcZvnf82snB7mZk6yYg$IO2e2aDrDVQgfOw+5PnFfopwVEP9uZtMB4Lf2rJp2Z0",10000000
C-00206,Dang Van Phuc,dangphuc206@gmail.com,0985776157,Ha Noi,,STANDARD,ACTIVE,"$argon2id$v=19$m=19456,t=2,p=1$pAMrcZvnf82snB7mZk6yYg$IO2e2aDrDVQgfOw+5PnFfopwVEP9uZtMB4Lf2rJp2Z0",10000000
C-00207,Bui Van Dung,buidung207@gmail.com,0970397215,Ha Noi,,STANDARD,ACTIVE,"$argon2id$v=19$m=19456,t=2,p=1$pAMrcZvnf82snB7mZk6yYg$IO2e2aDrDVQgfOw+5PnFfopwVEP9uZtMB4Lf2rJp2Z0",10000000
C-00208,Dang Van Dung,dangdung208@gmail.com,0990560375,Ha Noi,,STANDARD,ACTIVE,"$argon2id$v=19$m=19456,t=2,p=1$pAMrcZvnf82snB7mZk6yYg$IO2e2aDrDVQgfOw+5PnFfopwVEP9uZtMB4Lf2rJp2Z0",10000000
C-00209,Hoang Van Son,hoangson209@gmail.com,0922596702,Ha Noi,,DIAMOND,ACTIVE,"$argon2id$v=19$m=19456,t=2,p=1$pAMrcZvnf82snB7mZk6yYg$IO2e2aDrDVQgfOw+5PnFfopwVEP9uZtMB4Lf2rJp2Z0",10000000
C-00210,Dang Van Quang,dangquang210@gmail.com,0956185747,Ha Noi,,STANDARD,ACTIVE,"$argon2id$v=19$m=19456,t=2,p=1$pAMrcZvnf82snB7mZk6yYg$IO2e2aDrDVQgfOw+5PnFfopwVEP9uZtMB4Lf2rJp2Z0",10000000
C-00211,Vu Van Minh,vuminh211@gmail.com,0973518645,Ha Noi,,SILVER,ACTIVE,"$argon2id$v=19$m=19456,t=2,p=1$pAMrcZvnf82snB7mZk6yYg$IO2e2aDrDVQgfOw+5PnFfopwVEP9uZtMB4Lf2rJp2Z0",10000000
C-00212,Bui Van Thanh,buithanh212@gmail.com,0980822152,Ha Noi,,STANDARD,ACTIVE,"$argon2id$v=19$m=19456,t=2,p=1$pAMrcZvnf82snB7mZk6yYg$IO2e2aDrDVQgfOw+5PnFfopwVEP9uZtMB4Lf2rJp2Z0",10000000
C-00213,Dang Van Linh,danglinh213@gmail.com,0997169415,Ha Noi,,DIAMOND,ACTIVE,"$argon2id$v=19$m=19456,t=2,p=1$pAMrcZvnf82snB7mZk6yYg$IO2e2aDrDVQgfOw+5PnFfopwVEP9uZtMB4Lf2rJp2Z0",10000000
C-00214,Bui Van Trung,buitrung214@gmail.com,0942640439,Ha Noi,,GOLD,ACTIVE,"$argon2id$v=19$m=19456,t=2,p=1$pAMrcZvnf82snB7mZk6yYg$IO2e2aDrDVQgfOw+5PnFfopwVEP9uZtMB4Lf2rJp2Z0",10000000
C-00215,Le Van Nam,lenam215@gmail.com,0916603122,Ha Noi,,STANDARD,ACTIVE,"$argon2id$v=19$m=19456,t=2,p=1$pAMrcZvnf82snB7mZk6yYg$IO2e2aDrDVQgfOw+5PnFfopwVEP9uZtMB4Lf2rJp2Z0",10000000
C-00216,Nguyen Van Phuc,nguyenphuc216@gmail.com,0979032801,Ha Noi,,STANDARD,ACTIVE,"$argon2id$v=19$m=19456,t=2,p=1$pAMrcZvnf82snB7mZk6yYg$IO2e2aDrDVQgfOw+5PnFfopwVEP9uZtMB4Lf2rJp2Z0",10000000
C-00217,Vu Van Quang,vuquang217@gmail.com,0941374139,Ha Noi,,SILVER,ACTIVE,"$argon2id$v=19$m=19456,t=2,p=1$pAMrcZvnf82snB7mZk6yYg$IO2e2aDrDVQgfOw+5PnFfopwVEP9uZtMB4Lf2rJp2Z0",10000000
C-00218,Tran Van Hieu,tranhieu218@gmail.com,0932321549,Ha Noi,,STANDARD,ACTIVE,"$argon2id$v=19$m=19456,t=2,p=1$pAMrcZvnf82snB7mZk6yYg$IO2e2aDrDVQgfOw+5PnFfopwVEP9uZtMB4Lf2rJp2Z0",10000000
C-00219,Dang Van Quang,dangquang219@gmail.com,0969896251,Ha Noi,,STANDARD,ACTIVE,"$argon2id$v=19$m=19456,t=2,p=1$pAMrcZvnf82snB7mZk6yYg$IO2e2aDrDVQgfOw+5PnFfopwVEP9uZtMB4Lf2rJp2Z0",10000000
C-00220,Bui Van Nam,buinam220@gmail.com,0937560691,Ha Noi,,DIAMOND,ACTIVE,"$argon2id$v=19$m=19456,t=2,p=1$pAMrcZvnf82snB7mZk6yYg$IO2e2aDrDVQgfOw+5PnFfopwVEP9uZtMB4Lf2rJp2Z0",10000000
C-00221,Nguyen Van Cuong,nguyencuong221@gmail.com,0972516316,Ha Noi,,STANDARD,ACTIVE,"$argon2id$v=19$m=19456,t=2,p=1$pAMrcZvnf82snB7mZk6yYg$IO2e2aDrDVQgfOw+5PnFfopwVEP9uZtMB4Lf2rJp2Z0",10000000
C-00222,Vu Van Minh,vuminh222@gmail.com,0912876298,Ha Noi,,SILVER,ACTIVE,"$argon2id$v=19$m=19456,t=2,p=1$pAMrcZvnf82snB7mZk6yYg$IO2e2aDrDVQgfOw+5PnFfopwVEP9uZtMB4Lf2rJp2Z0",10000000
C-00223,Le Van Cuong,lecuong223@gmail.com,0960965303,Ha Noi,,STANDARD,ACTIVE,"$argon2id$v=19$m=19456,t=2,p=1$pAMrcZvnf82snB7mZk6yYg$IO2e2aDrDVQgfOw+5PnFfopwVEP9uZtMB4Lf2rJp2Z0",10000000
C-00224,Dang Van Minh,dangminh224@gmail.com,0944129133,Ha Noi,,SILVER,ACTIVE,"$argon2id$v=19$m=19456,t=2,p=1$pAMrcZvnf82snB7mZk6yYg$IO2e2aDrDVQgfOw+5PnFfopwVEP9uZtMB4Lf2rJp2Z0",10000000
C-00225,Dang Van Hieu,danghieu225@gmail.com,0985649624,Ha Noi,,SILVER,ACTIVE,"$argon2id$v=19$m=19456,t=2,p=1$pAMrcZvnf82snB7mZk6yYg$IO2e2aDrDVQgfOw+5PnFfopwVEP9uZtMB4Lf2rJp2Z0",10000000
C-00226,Le Van Minh,leminh226@gmail.com,0968279360,Ha Noi,,STANDARD,ACTIVE,"$argon2id$v=19$m=19456,t=2,p=1$pAMrcZvnf82snB7mZk6yYg$IO2e2aDrDVQgfOw+5PnFfopwVEP9uZtMB4Lf2rJp2Z0",10000000
C-00227,Vu Van Hung,vuhung227@gmail.com,0971940840,Ha Noi,,STANDARD,ACTIVE,"$argon2id$v=19$m=19456,t=2,p=1$pAMrcZvnf82snB7mZk6yYg$IO2e2aDrDVQgfOw+5PnFfopwVEP9uZtMB4Lf2rJp2Z0",10000000
C-00228,Nguyen Van Thanh,nguyenthanh228@gmail.com,0920922976,Ha Noi,,STANDARD,ACTIVE,"$argon2id$v=19$m=19456,t=2,p=1$pAMrcZvnf82snB7mZk6yYg$IO2e2aDrDVQgfOw+5PnFfopwVEP9uZtMB4Lf2rJp2Z0",10000000
C-00229,Phan Van Nam,phannam229@gmail.com,0952274431,Ha Noi,,STANDARD,ACTIVE,"$argon2id$v=19$m=19456,t=2,p=1$pAMrcZvnf82snB7mZk6yYg$IO2e2aDrDVQgfOw+5PnFfopwVEP9uZtMB4Lf2rJp2Z0",10000000
C-00230,Bui Van Cuong,buicuong230@gmail.com,0923941827,Ha Noi,,SILVER,ACTIVE,"$argon2id$v=19$m=19456,t=2,p=1$pAMrcZvnf82snB7mZk6yYg$IO2e2aDrDVQgfOw+5PnFfopwVEP9uZtMB4Lf2rJp2Z0",10000000
C-00231,Bui Van Linh,builinh231@gmail.com,0936103394,Ha Noi,,STANDARD,ACTIVE,"$argon2id$v=19$m=19456,t=2,p=1$pAMrcZvnf82snB7mZk6yYg$IO2e2aDrDVQgfOw+5PnFfopwVEP9uZtMB4Lf2rJp2Z0",10000000
C-00232,Pham Van Anh,phamanh232@gmail.com,0998182684,Ha Noi,,STANDARD,ACTIVE,"$argon2id$v=19$m=19456,t=2,p=1$pAMrcZvnf82snB7mZk6yYg$IO2e2aDrDVQgfOw+5PnFfopwVEP9uZtMB4Lf2rJp2Z0",10000000
C-00233,Pham Van Nam,phamnam233@gmail.com,0913938444,Ha Noi,,GOLD,ACTIVE,"$argon2id$v=19$m=19456,t=2,p=1$pAMrcZvnf82snB7mZk6yYg$IO2e2aDrDVQgfOw+5PnFfopwVEP9uZtMB4Lf2rJp2Z0",10000000
C-00234,Vu Van Phuc,vuphuc234@gmail.com,0997611122,Ha Noi,,SILVER,ACTIVE,"$argon2id$v=19$m=19456,t=2,p=1$pAMrcZvnf82snB7mZk6yYg$IO2e2aDrDVQgfOw+5PnFfopwVEP9uZtMB4Lf2rJp2Z0",10000000
C-00235,Dang Van Phuc,dangphuc235@gmail.com,0923619335,Ha Noi,,GOLD,ACTIVE,"$argon2id$v=19$m=19456,t=2,p=1$pAMrcZvnf82snB7mZk6yYg$IO2e2aDrDVQgfOw+5PnFfopwVEP9uZtMB4Lf2rJp2Z0",10000000
C-00236,Tran Van Hung,tranhung236@gmail.com,0928435690,Ha Noi,,STANDARD,ACTIVE,"$argon2id$v=19$m=19456,t=2,p=1$pAMrcZvnf82snB7mZk6yYg$IO2e2aDrDVQgfOw+5PnFfopwVEP9uZtMB4Lf2rJp2Z0",10000000
C-00237,Tran Van Anh,trananh237@gmail.com,0988416831,Ha Noi,,STANDARD,ACTIVE,"$argon2id$v=19$m=19456,t=2,p=1$pAMrcZvnf82snB7mZk6yYg$IO2e2aDrDVQgfOw+5PnFfopwVEP9uZtMB4Lf2rJp2Z0",10000000
C-00238,Vo Van Thanh,vothanh238@gmail.com,0969244017,Ha Noi,,STANDARD,ACTIVE,"$argon2id$v=19$m=19456,t=2,p=1$pAMrcZvnf82snB7mZk6yYg$IO2e2aDrDVQgfOw+5PnFfopwVEP9uZtMB4Lf2rJp2Z0",10000000
C-00239,Vu Van Anh,vuanh239@gmail.com,0950329894,Ha Noi,,STANDARD,ACTIVE,"$argon2id$v=19$m=19456,t=2,p=1$pAMrcZvnf82snB7mZk6yYg$IO2e2aDrDVQgfOw+5PnFfopwVEP9uZtMB4Lf2rJp2Z0",10000000
C-00240,Hoang Van Linh,hoanglinh240@gmail.com,0927262158,Ha Noi,,STANDARD,ACTIVE,"$argon2id$v=19$m=19456,t=2,p=1$pAMrcZvnf82snB7mZk6yYg$IO2e2aDrDVQgfOw+5PnFfopwVEP9uZtMB4Lf2rJp2Z0",10000000
C-00241,Vu Van Trung,vutrung241@gmail.com,0948693769,Ha Noi,,STANDARD,ACTIVE,"$argon2id$v=19$m=19456,t=2,p=1$pAMrcZvnf82snB7mZk6yYg$IO2e2aDrDVQgfOw+5PnFfopwVEP9uZtMB4Lf2rJp2Z0",10000000
C-00242,Pham Van Binh,phambinh242@gmail.com,0952849608,Ha Noi,,STANDARD,ACTIVE,"$argon2id$v=19$m=19456,t=2,p=1$pAMrcZvnf82snB7mZk6yYg$IO2e2aDrDVQgfOw+5PnFfopwVEP9uZtMB4Lf2rJp2Z0",10000000
C-00243,Bui Van Phuc,buiphuc243@gmail.com,0942833654,Ha Noi,,SILVER,ACTIVE,"$argon2id$v=19$m=19456,t=2,p=1$pAMrcZvnf82snB7mZk6yYg$IO2e2aDrDVQgfOw+5PnFfopwVEP9uZtMB4Lf2rJp2Z0",10000000
C-00244,Hoang Van Thanh,hoangthanh244@gmail.com,0972626982,Ha Noi,,GOLD,ACTIVE,"$argon2id$v=19$m=19456,t=2,p=1$pAMrcZvnf82snB7mZk6yYg$IO2e2aDrDVQgfOw+5PnFfopwVEP9uZtMB4Lf2rJp2Z0",10000000
C-00245,Le Van Khanh,lekhanh245@gmail.com,0931150228,Ha Noi,,STANDARD,ACTIVE,"$argon2id$v=19$m=19456,t=2,p=1$pAMrcZvnf82snB7mZk6yYg$IO2e2aDrDVQgfOw+5PnFfopwVEP9uZtMB4Lf2rJp2Z0",10000000
C-00246,Nguyen Van Phuc,nguyenphuc246@gmail.com,0945887782,Ha Noi,,STANDARD,ACTIVE,"$argon2id$v=19$m=19456,t=2,p=1$pAMrcZvnf82snB7mZk6yYg$IO2e2aDrDVQgfOw+5PnFfopwVEP9uZtMB4Lf2rJp2Z0",10000000
C-00247,Nguyen Van Minh,nguyenminh247@gmail.com,0935159362,Ha Noi,,DIAMOND,ACTIVE,"$argon2id$v=19$m=19456,t=2,p=1$pAMrcZvnf82snB7mZk6yYg$IO2e2aDrDVQgfOw+5PnFfopwVEP9uZtMB4Lf2rJp2Z0",10000000
C-00248,Vu Van Minh,vuminh248@gmail.com,0970939636,Ha Noi,,SILVER,ACTIVE,"$argon2id$v=19$m=19456,t=2,p=1$pAMrcZvnf82snB7mZk6yYg$IO2e2aDrDVQgfOw+5PnFfopwVEP9uZtMB4Lf2rJp2Z0",10000000
C-00249,Tran Van Minh,tranminh249@gmail.com,0914338297,Ha Noi,,STANDARD,ACTIVE,"$argon2id$v=19$m=19456,t=2,p=1$pAMrcZvnf82snB7mZk6yYg$IO2e2aDrDVQgfOw+5PnFfopwVEP9uZtMB4Lf2rJp2Z0",10000000
C-00250,Pham Van Binh,phambinh250@gmail.com,0945241724,Ha Noi,,STANDARD,ACTIVE,"$argon2id$v=19$m=19456,t=2,p=1$pAMrcZvnf82snB7mZk6yYg$IO2e2aDrDVQgfOw+5PnFfopwVEP9uZtMB4Lf2rJp2Z0",10000000
C-00251,Vu Van Khanh,vukhanh251@gmail.com,0949548481,Ha Noi,,STANDARD,ACTIVE,"$argon2id$v=19$m=19456,t=2,p=1$pAMrcZvnf82snB7mZk6yYg$IO2e2aDrDVQgfOw+5PnFfopwVEP9uZtMB4Lf2rJp2Z0",10000000
C-00252,Vo Van Minh,vominh252@gmail.com,0978072411,Ha Noi,,STANDARD,ACTIVE,"$argon2id$v=19$m=19456,t=2,p=1$pAMrcZvnf82snB7mZk6yYg$IO2e2aDrDVQgfOw+5PnFfopwVEP9uZtMB4Lf2rJp2Z0",10000000
C-00253,Le Van Thanh,lethanh253@gmail.com,0952086727,Ha Noi,,STANDARD,ACTIVE,"$argon2id$v=19$m=19456,t=2,p=1$pAMrcZvnf82snB7mZk6yYg$IO2e2aDrDVQgfOw+5PnFfopwVEP9uZtMB4Lf2rJp2Z0",10000000
C-00254,Vo Van Cuong,vocuong254@gmail.com,0929269682,Ha Noi,,STANDARD,ACTIVE,"$argon2id$v=19$m=19456,t=2,p=1$pAMrcZvnf82snB7mZk6yYg$IO2e2aDrDVQgfOw+5PnFfopwVEP9uZtMB4Lf2rJp2Z0",10000000
C-00255,Vu Van Cuong,vucuong255@gmail.com,0937764686,Ha Noi,,GOLD,ACTIVE,"$argon2id$v=19$m=19456,t=2,p=1$pAMrcZvnf82snB7mZk6yYg$IO2e2aDrDVQgfOw+5PnFfopwVEP9uZtMB4Lf2rJp2Z0",10000000
C-00256,Vu Van Hung,vuhung256@gmail.com,0976216530,Ha Noi,,STANDARD,ACTIVE,"$argon2id$v=19$m=19456,t=2,p=1$pAMrcZvnf82snB7mZk6yYg$IO2e2aDrDVQgfOw+5PnFfopwVEP9uZtMB4Lf2rJp2Z0",10000000
C-00257,Le Van Binh,lebinh257@gmail.com,0978429501,Ha Noi,,STANDARD,ACTIVE,"$argon2id$v=19$m=19456,t=2,p=1$pAMrcZvnf82snB7mZk6yYg$IO2e2aDrDVQgfOw+5PnFfopwVEP9uZtMB4Lf2rJp2Z0",10000000
C-00258,Pham Van Cuong,phamcuong258@gmail.com,0964954495,Ha Noi,,STANDARD,ACTIVE,"$argon2id$v=19$m=19456,t=2,p=1$pAMrcZvnf82snB7mZk6yYg$IO2e2aDrDVQgfOw+5PnFfopwVEP9uZtMB4Lf2rJp2Z0",10000000
C-00259,Phan Van Phuc,phanphuc259@gmail.com,0955373706,Ha Noi,,STANDARD,ACTIVE,"$argon2id$v=19$m=19456,t=2,p=1$pAMrcZvnf82snB7mZk6yYg$IO2e2aDrDVQgfOw+5PnFfopwVEP9uZtMB4Lf2rJp2Z0",10000000
C-00260,Vu Van Minh,vuminh260@gmail.com,0963994444,Ha Noi,,STANDARD,ACTIVE,"$argon2id$v=19$m=19456,t=2,p=1$pAMrcZvnf82snB7mZk6yYg$IO2e2aDrDVQgfOw+5PnFfopwVEP9uZtMB4Lf2rJp2Z0",10000000
C-00261,Le Van Dung,ledung261@gmail.com,0965406007,Ha Noi,,STANDARD,ACTIVE,"$argon2id$v=19$m=19456,t=2,p=1$pAMrcZvnf82snB7mZk6yYg$IO2e2aDrDVQgfOw+5PnFfopwVEP9uZtMB4Lf2rJp2Z0",10000000
C-00262,Hoang Van Binh,hoangbinh262@gmail.com,0956165680,Ha Noi,,GOLD,ACTIVE,"$argon2id$v=19$m=19456,t=2,p=1$pAMrcZvnf82snB7mZk6yYg$IO2e2aDrDVQgfOw+5PnFfopwVEP9uZtMB4Lf2rJp2Z0",10000000
C-00263,Le Van Quang,lequang263@gmail.com,0915243218,Ha Noi,,SILVER,ACTIVE,"$argon2id$v=19$m=19456,t=2,p=1$pAMrcZvnf82snB7mZk6yYg$IO2e2aDrDVQgfOw+5PnFfopwVEP9uZtMB4Lf2rJp2Z0",10000000
C-00264,Vu Van Trung,vutrung264@gmail.com,0954615884,Ha Noi,,DIAMOND,ACTIVE,"$argon2id$v=19$m=19456,t=2,p=1$pAMrcZvnf82snB7mZk6yYg$IO2e2aDrDVQgfOw+5PnFfopwVEP9uZtMB4Lf2rJp2Z0",10000000
C-00265,Hoang Van Cuong,hoangcuong265@gmail.com,0943780248,Ha Noi,,STANDARD,ACTIVE,"$argon2id$v=19$m=19456,t=2,p=1$pAMrcZvnf82snB7mZk6yYg$IO2e2aDrDVQgfOw+5PnFfopwVEP9uZtMB4Lf2rJp2Z0",10000000
C-00266,Nguyen Van Hieu,nguyenhieu266@gmail.com,0972504476,Ha Noi,,STANDARD,ACTIVE,"$argon2id$v=19$m=19456,t=2,p=1$pAMrcZvnf82snB7mZk6yYg$IO2e2aDrDVQgfOw+5PnFfopwVEP9uZtMB4Lf2rJp2Z0",10000000
C-00267,Dang Van Binh,dangbinh267@gmail.com,0982643999,Ha Noi,,STANDARD,ACTIVE,"$argon2id$v=19$m=19456,t=2,p=1$pAMrcZvnf82snB7mZk6yYg$IO2e2aDrDVQgfOw+5PnFfopwVEP9uZtMB4Lf2rJp2Z0",10000000
C-00268,Dang Van Linh,danglinh268@gmail.com,0915866675,Ha Noi,,DIAMOND,ACTIVE,"$argon2id$v=19$m=19456,t=2,p=1$pAMrcZvnf82snB7mZk6yYg$IO2e2aDrDVQgfOw+5PnFfopwVEP9uZtMB4Lf2rJp2Z0",10000000
C-00269,Hoang Van Minh,hoangminh269@gmail.com,0998178619,Ha Noi,,GOLD,ACTIVE,"$argon2id$v=19$m=19456,t=2,p=1$pAMrcZvnf82snB7mZk6yYg$IO2e2aDrDVQgfOw+5PnFfopwVEP9uZtMB4Lf2rJp2Z0",10000000
C-00270,Bui Van Anh,buianh270@gmail.com,0920760739,Ha Noi,,STANDARD,ACTIVE,"$argon2id$v=19$m=19456,t=2,p=1$pAMrcZvnf82snB7mZk6yYg$IO2e2aDrDVQgfOw+5PnFfopwVEP9uZtMB4Lf2rJp2Z0",10000000
C-00271,Hoang Van Phuc,hoangphuc271@gmail.com,0960202823,Ha Noi,,DIAMOND,ACTIVE,"$argon2id$v=19$m=19456,t=2,p=1$pAMrcZvnf82snB7mZk6yYg$IO2e2aDrDVQgfOw+5PnFfopwVEP9uZtMB4Lf2rJp2Z0",10000000
C-00272,Hoang Van Dung,hoangdung272@gmail.com,0916720751,Ha Noi,,STANDARD,ACTIVE,"$argon2id$v=19$m=19456,t=2,p=1$pAMrcZvnf82snB7mZk6yYg$IO2e2aDrDVQgfOw+5PnFfopwVEP9uZtMB4Lf2rJp2Z0",10000000
C-00273,Hoang Van Phuc,hoangphuc273@gmail.com,0912308555,Ha Noi,,STANDARD,ACTIVE,"$argon2id$v=19$m=19456,t=2,p=1$pAMrcZvnf82snB7mZk6yYg$IO2e2aDrDVQgfOw+5PnFfopwVEP9uZtMB4Lf2rJp2Z0",10000000
C-00274,Phan Van Hung,phanhung274@gmail.com,0976281623,Ha Noi,,STANDARD,ACTIVE,"$argon2id$v=19$m=19456,t=2,p=1$pAMrcZvnf82snB7mZk6yYg$IO2e2aDrDVQgfOw+5PnFfopwVEP9uZtMB4Lf2rJp2Z0",10000000
C-00275,Pham Van Hung,phamhung275@gmail.com,0961212541,Ha Noi,,STANDARD,ACTIVE,"$argon2id$v=19$m=19456,t=2,p=1$pAMrcZvnf82snB7mZk6yYg$IO2e2aDrDVQgfOw+5PnFfopwVEP9uZtMB4Lf2rJp2Z0",10000000
C-00276,Le Van Hung,lehung276@gmail.com,0944531294,Ha Noi,,STANDARD,ACTIVE,"$argon2id$v=19$m=19456,t=2,p=1$pAMrcZvnf82snB7mZk6yYg$IO2e2aDrDVQgfOw+5PnFfopwVEP9uZtMB4Lf2rJp2Z0",10000000
C-00277,Nguyen Van Hieu,nguyenhieu277@gmail.com,0921945480,Ha Noi,,STANDARD,ACTIVE,"$argon2id$v=19$m=19456,t=2,p=1$pAMrcZvnf82snB7mZk6yYg$IO2e2aDrDVQgfOw+5PnFfopwVEP9uZtMB4Lf2rJp2Z0",10000000
C-00278,Vo Van Hieu,vohieu278@gmail.com,0938660639,Ha Noi,,STANDARD,ACTIVE,"$argon2id$v=19$m=19456,t=2,p=1$pAMrcZvnf82snB7mZk6yYg$IO2e2aDrDVQgfOw+5PnFfopwVEP9uZtMB4Lf2rJp2Z0",10000000
C-00279,Le Van Hieu,lehieu279@gmail.com,0918081436,Ha Noi,,SILVER,ACTIVE,"$argon2id$v=19$m=19456,t=2,p=1$pAMrcZvnf82snB7mZk6yYg$IO2e2aDrDVQgfOw+5PnFfopwVEP9uZtMB4Lf2rJp2Z0",10000000
C-00280,Le Van Dung,ledung280@gmail.com,0925498242,Ha Noi,,GOLD,ACTIVE,"$argon2id$v=19$m=19456,t=2,p=1$pAMrcZvnf82snB7mZk6yYg$IO2e2aDrDVQgfOw+5PnFfopwVEP9uZtMB4Lf2rJp2Z0",10000000
C-00281,Tran Van Anh,trananh281@gmail.com,0929478099,Ha Noi,,SILVER,ACTIVE,"$argon2id$v=19$m=19456,t=2,p=1$pAMrcZvnf82snB7mZk6yYg$IO2e2aDrDVQgfOw+5PnFfopwVEP9uZtMB4Lf2rJp2Z0",10000000
C-00282,Vo Van Thanh,vothanh282@gmail.com,0927758974,Ha Noi,,STANDARD,ACTIVE,"$argon2id$v=19$m=19456,t=2,p=1$pAMrcZvnf82snB7mZk6yYg$IO2e2aDrDVQgfOw+5PnFfopwVEP9uZtMB4Lf2rJp2Z0",10000000
C-00283,Bui Van Khanh,buikhanh283@gmail.com,0930484818,Ha Noi,,GOLD,ACTIVE,"$argon2id$v=19$m=19456,t=2,p=1$pAMrcZvnf82snB7mZk6yYg$IO2e2aDrDVQgfOw+5PnFfopwVEP9uZtMB4Lf2rJp2Z0",10000000
C-00284,Vo Van Hung,vohung284@gmail.com,0999772029,Ha Noi,,DIAMOND,ACTIVE,"$argon2id$v=19$m=19456,t=2,p=1$pAMrcZvnf82snB7mZk6yYg$IO2e2aDrDVQgfOw+5PnFfopwVEP9uZtMB4Lf2rJp2Z0",10000000
C-00285,Vo Van Khanh,vokhanh285@gmail.com,0978483683,Ha Noi,,SILVER,ACTIVE,"$argon2id$v=19$m=19456,t=2,p=1$pAMrcZvnf82snB7mZk6yYg$IO2e2aDrDVQgfOw+5PnFfopwVEP9uZtMB4Lf2rJp2Z0",10000000
C-00286,Vo Van Khanh,vokhanh286@gmail.com,0919841715,Ha Noi,,STANDARD,ACTIVE,"$argon2id$v=19$m=19456,t=2,p=1$pAMrcZvnf82snB7mZk6yYg$IO2e2aDrDVQgfOw+5PnFfopwVEP9uZtMB4Lf2rJp2Z0",10000000
C-00287,Vu Van Khanh,vukhanh287@gmail.com,0926960774,Ha Noi,,STANDARD,ACTIVE,"$argon2id$v=19$m=19456,t=2,p=1$pAMrcZvnf82snB7mZk6yYg$IO2e2aDrDVQgfOw+5PnFfopwVEP9uZtMB4Lf2rJp2Z0",10000000
C-00288,Pham Van Son,phamson288@gmail.com,0994353074,Ha Noi,,SILVER,ACTIVE,"$argon2id$v=19$m=19456,t=2,p=1$pAMrcZvnf82snB7mZk6yYg$IO2e2aDrDVQgfOw+5PnFfopwVEP9uZtMB4Lf2rJp2Z0",10000000
C-00289,Pham Van Minh,phamminh289@gmail.com,0945970460,Ha Noi,,STANDARD,ACTIVE,"$argon2id$v=19$m=19456,t=2,p=1$pAMrcZvnf82snB7mZk6yYg$IO2e2aDrDVQgfOw+5PnFfopwVEP9uZtMB4Lf2rJp2Z0",10000000
C-00290,Dang Van Phuc,dangphuc290@gmail.com,0988624449,Ha Noi,,STANDARD,ACTIVE,"$argon2id$v=19$m=19456,t=2,p=1$pAMrcZvnf82snB7mZk6yYg$IO2e2aDrDVQgfOw+5PnFfopwVEP9uZtMB4Lf2rJp2Z0",10000000
C-00291,Nguyen Van Trung,nguyentrung291@gmail.com,0935431648,Ha Noi,,STANDARD,ACTIVE,"$argon2id$v=19$m=19456,t=2,p=1$pAMrcZvnf82snB7mZk6yYg$IO2e2aDrDVQgfOw+5PnFfopwVEP9uZtMB4Lf2rJp2Z0",10000000
C-00292,Nguyen Van Hieu,nguyenhieu292@gmail.com,0958136738,Ha Noi,,DIAMOND,ACTIVE,"$argon2id$v=19$m=19456,t=2,p=1$pAMrcZvnf82snB7mZk6yYg$IO2e2aDrDVQgfOw+5PnFfopwVEP9uZtMB4Lf2rJp2Z0",10000000
C-00293,Dang Van Hieu,danghieu293@gmail.com,0961135728,Ha Noi,,STANDARD,ACTIVE,"$argon2id$v=19$m=19456,t=2,p=1$pAMrcZvnf82snB7mZk6yYg$IO2e2aDrDVQgfOw+5PnFfopwVEP9uZtMB4Lf2rJp2Z0",10000000
C-00294,Nguyen Van Minh,nguyenminh294@gmail.com,0964018562,Ha Noi,,GOLD,ACTIVE,"$argon2id$v=19$m=19456,t=2,p=1$pAMrcZvnf82snB7mZk6yYg$IO2e2aDrDVQgfOw+5PnFfopwVEP9uZtMB4Lf2rJp2Z0",10000000
C-00295,Le Van Thanh,lethanh295@gmail.com,0920301822,Ha Noi,,SILVER,ACTIVE,"$argon2id$v=19$m=19456,t=2,p=1$pAMrcZvnf82snB7mZk6yYg$IO2e2aDrDVQgfOw+5PnFfopwVEP9uZtMB4Lf2rJp2Z0",10000000
C-00296,Dang Van Cuong,dangcuong296@gmail.com,0959170435,Ha Noi,,STANDARD,ACTIVE,"$argon2id$v=19$m=19456,t=2,p=1$pAMrcZvnf82snB7mZk6yYg$IO2e2aDrDVQgfOw+5PnFfopwVEP9uZtMB4Lf2rJp2Z0",10000000
C-00297,Dang Van Thanh,dangthanh297@gmail.com,0949234152,Ha Noi,,STANDARD,ACTIVE,"$argon2id$v=19$m=19456,t=2,p=1$pAMrcZvnf82snB7mZk6yYg$IO2e2aDrDVQgfOw+5PnFfopwVEP9uZtMB4Lf2rJp2Z0",10000000
C-00298,Dang Van Hung,danghung298@gmail.com,0956232787,Ha Noi,,STANDARD,ACTIVE,"$argon2id$v=19$m=19456,t=2,p=1$pAMrcZvnf82snB7mZk6yYg$IO2e2aDrDVQgfOw+5PnFfopwVEP9uZtMB4Lf2rJp2Z0",10000000
C-00299,Hoang Van Minh,hoangminh299@gmail.com,0917531784,Ha Noi,,STANDARD,ACTIVE,"$argon2id$v=19$m=19456,t=2,p=1$pAMrcZvnf82snB7mZk6yYg$IO2e2aDrDVQgfOw+5PnFfopwVEP9uZtMB4Lf2rJp2Z0",10000000
C-00300,Hoang Van Khanh,hoangkhanh300@gmail.com,0933944552,Ha Noi,,GOLD,ACTIVE,"$argon2id$v=19$m=19456,t=2,p=1$pAMrcZvnf82snB7mZk6yYg$IO2e2aDrDVQgfOw+5PnFfopwVEP9uZtMB4Lf2rJp2Z0",10000000
C-00301,Hoang Van Khanh,hoangkhanh301@gmail.com,0970307078,Ha Noi,,STANDARD,ACTIVE,"$argon2id$v=19$m=19456,t=2,p=1$pAMrcZvnf82snB7mZk6yYg$IO2e2aDrDVQgfOw+5PnFfopwVEP9uZtMB4Lf2rJp2Z0",10000000
C-00302,Phan Van Linh,phanlinh302@gmail.com,0999363463,Ha Noi,,STANDARD,ACTIVE,"$argon2id$v=19$m=19456,t=2,p=1$pAMrcZvnf82snB7mZk6yYg$IO2e2aDrDVQgfOw+5PnFfopwVEP9uZtMB4Lf2rJp2Z0",10000000
C-00303,Phan Van Phuc,phanphuc303@gmail.com,0987311615,Ha Noi,,STANDARD,ACTIVE,"$argon2id$v=19$m=19456,t=2,p=1$pAMrcZvnf82snB7mZk6yYg$IO2e2aDrDVQgfOw+5PnFfopwVEP9uZtMB4Lf2rJp2Z0",10000000
C-00304,Tran Van Thanh,tranthanh304@gmail.com,0916166491,Ha Noi,,SILVER,ACTIVE,"$argon2id$v=19$m=19456,t=2,p=1$pAMrcZvnf82snB7mZk6yYg$IO2e2aDrDVQgfOw+5PnFfopwVEP9uZtMB4Lf2rJp2Z0",10000000
C-00305,Vu Van Anh,vuanh305@gmail.com,0976321240,Ha Noi,,STANDARD,ACTIVE,"$argon2id$v=19$m=19456,t=2,p=1$pAMrcZvnf82snB7mZk6yYg$IO2e2aDrDVQgfOw+5PnFfopwVEP9uZtMB4Lf2rJp2Z0",10000000
C-00306,Hoang Van Quang,hoangquang306@gmail.com,0984296026,Ha Noi,,STANDARD,ACTIVE,"$argon2id$v=19$m=19456,t=2,p=1$pAMrcZvnf82snB7mZk6yYg$IO2e2aDrDVQgfOw+5PnFfopwVEP9uZtMB4Lf2rJp2Z0",10000000
C-00307,Pham Van Khanh,phamkhanh307@gmail.com,0921784112,Ha Noi,,STANDARD,ACTIVE,"$argon2id$v=19$m=19456,t=2,p=1$pAMrcZvnf82snB7mZk6yYg$IO2e2aDrDVQgfOw+5PnFfopwVEP9uZtMB4Lf2rJp2Z0",10000000
C-00308,Vo Van Quang,voquang308@gmail.com,0996786292,Ha Noi,,SILVER,ACTIVE,"$argon2id$v=19$m=19456,t=2,p=1$pAMrcZvnf82snB7mZk6yYg$IO2e2aDrDVQgfOw+5PnFfopwVEP9uZtMB4Lf2rJp2Z0",10000000
C-00309,Dang Van Hung,danghung309@gmail.com,0944495597,Ha Noi,,STANDARD,ACTIVE,"$argon2id$v=19$m=19456,t=2,p=1$pAMrcZvnf82snB7mZk6yYg$IO2e2aDrDVQgfOw+5PnFfopwVEP9uZtMB4Lf2rJp2Z0",10000000
C-00310,Bui Van Cuong,buicuong310@gmail.com,0971567346,Ha Noi,,STANDARD,ACTIVE,"$argon2id$v=19$m=19456,t=2,p=1$pAMrcZvnf82snB7mZk6yYg$IO2e2aDrDVQgfOw+5PnFfopwVEP9uZtMB4Lf2rJp2Z0",10000000
C-00311,Pham Van Minh,phamminh311@gmail.com,0965739279,Ha Noi,,STANDARD,ACTIVE,"$argon2id$v=19$m=19456,t=2,p=1$pAMrcZvnf82snB7mZk6yYg$IO2e2aDrDVQgfOw+5PnFfopwVEP9uZtMB4Lf2rJp2Z0",10000000
C-00312,Vu Van Khanh,vukhanh312@gmail.com,0942525050,Ha Noi,,STANDARD,ACTIVE,"$argon2id$v=19$m=19456,t=2,p=1$pAMrcZvnf82snB7mZk6yYg$IO2e2aDrDVQgfOw+5PnFfopwVEP9uZtMB4Lf2rJp2Z0",10000000
C-00313,Pham Van Cuong,phamcuong313@gmail.com,0992730593,Ha Noi,,GOLD,ACTIVE,"$argon2id$v=19$m=19456,t=2,p=1$pAMrcZvnf82snB7mZk6yYg$IO2e2aDrDVQgfOw+5PnFfopwVEP9uZtMB4Lf2rJp2Z0",10000000
C-00314,Hoang Van Phuc,hoangphuc314@gmail.com,0982229415,Ha Noi,,SILVER,ACTIVE,"$argon2id$v=19$m=19456,t=2,p=1$pAMrcZvnf82snB7mZk6yYg$IO2e2aDrDVQgfOw+5PnFfopwVEP9uZtMB4Lf2rJp2Z0",10000000
C-00315,Vo Van Cuong,vocuong315@gmail.com,0993440525,Ha Noi,,GOLD,ACTIVE,"$argon2id$v=19$m=19456,t=2,p=1$pAMrcZvnf82snB7mZk6yYg$IO2e2aDrDVQgfOw+5PnFfopwVEP9uZtMB4Lf2rJp2Z0",10000000
C-00316,Vo Van Cuong,vocuong316@gmail.com,0959534254,Ha Noi,,STANDARD,ACTIVE,"$argon2id$v=19$m=19456,t=2,p=1$pAMrcZvnf82snB7mZk6yYg$IO2e2aDrDVQgfOw+5PnFfopwVEP9uZtMB4Lf2rJp2Z0",10000000
C-00317,Vo Van Khanh,vokhanh317@gmail.com,0910671217,Ha Noi,,SILVER,ACTIVE,"$argon2id$v=19$m=19456,t=2,p=1$pAMrcZvnf82snB7mZk6yYg$IO2e2aDrDVQgfOw+5PnFfopwVEP9uZtMB4Lf2rJp2Z0",10000000
C-00318,Vo Van Son,voson318@gmail.com,0922354953,Ha Noi,,STANDARD,ACTIVE,"$argon2id$v=19$m=19456,t=2,p=1$pAMrcZvnf82snB7mZk6yYg$IO2e2aDrDVQgfOw+5PnFfopwVEP9uZtMB4Lf2rJp2Z0",10000000
C-00319,Pham Van Hung,phamhung319@gmail.com,0992213058,Ha Noi,,SILVER,ACTIVE,"$argon2id$v=19$m=19456,t=2,p=1$pAMrcZvnf82snB7mZk6yYg$IO2e2aDrDVQgfOw+5PnFfopwVEP9uZtMB4Lf2rJp2Z0",10000000
C-00320,Pham Van Phuc,phamphuc320@gmail.com,0944605687,Ha Noi,,DIAMOND,ACTIVE,"$argon2id$v=19$m=19456,t=2,p=1$pAMrcZvnf82snB7mZk6yYg$IO2e2aDrDVQgfOw+5PnFfopwVEP9uZtMB4Lf2rJp2Z0",10000000
C-00321,Pham Van Minh,phamminh321@gmail.com,0965802336,Ha Noi,,GOLD,ACTIVE,"$argon2id$v=19$m=19456,t=2,p=1$pAMrcZvnf82snB7mZk6yYg$IO2e2aDrDVQgfOw+5PnFfopwVEP9uZtMB4Lf2rJp2Z0",10000000
C-00322,Hoang Van Trung,hoangtrung322@gmail.com,0956420036,Ha Noi,,STANDARD,ACTIVE,"$argon2id$v=19$m=19456,t=2,p=1$pAMrcZvnf82snB7mZk6yYg$IO2e2aDrDVQgfOw+5PnFfopwVEP9uZtMB4Lf2rJp2Z0",10000000
C-00323,Nguyen Van Khanh,nguyenkhanh323@gmail.com,0929044506,Ha Noi,,STANDARD,ACTIVE,"$argon2id$v=19$m=19456,t=2,p=1$pAMrcZvnf82snB7mZk6yYg$IO2e2aDrDVQgfOw+5PnFfopwVEP9uZtMB4Lf2rJp2Z0",10000000
C-00324,Dang Van Nam,dangnam324@gmail.com,0948285958,Ha Noi,,SILVER,ACTIVE,"$argon2id$v=19$m=19456,t=2,p=1$pAMrcZvnf82snB7mZk6yYg$IO2e2aDrDVQgfOw+5PnFfopwVEP9uZtMB4Lf2rJp2Z0",10000000
C-00325,Pham Van Phuc,phamphuc325@gmail.com,0986422061,Ha Noi,,GOLD,ACTIVE,"$argon2id$v=19$m=19456,t=2,p=1$pAMrcZvnf82snB7mZk6yYg$IO2e2aDrDVQgfOw+5PnFfopwVEP9uZtMB4Lf2rJp2Z0",10000000
C-00326,Nguyen Van Hieu,nguyenhieu326@gmail.com,0999152580,Ha Noi,,SILVER,ACTIVE,"$argon2id$v=19$m=19456,t=2,p=1$pAMrcZvnf82snB7mZk6yYg$IO2e2aDrDVQgfOw+5PnFfopwVEP9uZtMB4Lf2rJp2Z0",10000000
C-00327,Nguyen Van Nam,nguyennam327@gmail.com,0930545226,Ha Noi,,STANDARD,ACTIVE,"$argon2id$v=19$m=19456,t=2,p=1$pAMrcZvnf82snB7mZk6yYg$IO2e2aDrDVQgfOw+5PnFfopwVEP9uZtMB4Lf2rJp2Z0",10000000
C-00328,Phan Van Hung,phanhung328@gmail.com,0987821856,Ha Noi,,STANDARD,ACTIVE,"$argon2id$v=19$m=19456,t=2,p=1$pAMrcZvnf82snB7mZk6yYg$IO2e2aDrDVQgfOw+5PnFfopwVEP9uZtMB4Lf2rJp2Z0",10000000
C-00329,Dang Van Cuong,dangcuong329@gmail.com,0996733441,Ha Noi,,STANDARD,ACTIVE,"$argon2id$v=19$m=19456,t=2,p=1$pAMrcZvnf82snB7mZk6yYg$IO2e2aDrDVQgfOw+5PnFfopwVEP9uZtMB4Lf2rJp2Z0",10000000
C-00330,Bui Van Hieu,buihieu330@gmail.com,0941962419,Ha Noi,,STANDARD,ACTIVE,"$argon2id$v=19$m=19456,t=2,p=1$pAMrcZvnf82snB7mZk6yYg$IO2e2aDrDVQgfOw+5PnFfopwVEP9uZtMB4Lf2rJp2Z0",10000000
C-00331,Pham Van Thanh,phamthanh331@gmail.com,0923099493,Ha Noi,,STANDARD,ACTIVE,"$argon2id$v=19$m=19456,t=2,p=1$pAMrcZvnf82snB7mZk6yYg$IO2e2aDrDVQgfOw+5PnFfopwVEP9uZtMB4Lf2rJp2Z0",10000000
C-00332,Hoang Van Binh,hoangbinh332@gmail.com,0996972906,Ha Noi,,SILVER,ACTIVE,"$argon2id$v=19$m=19456,t=2,p=1$pAMrcZvnf82snB7mZk6yYg$IO2e2aDrDVQgfOw+5PnFfopwVEP9uZtMB4Lf2rJp2Z0",10000000
C-00333,Nguyen Van Phuc,nguyenphuc333@gmail.com,0975499254,Ha Noi,,GOLD,ACTIVE,"$argon2id$v=19$m=19456,t=2,p=1$pAMrcZvnf82snB7mZk6yYg$IO2e2aDrDVQgfOw+5PnFfopwVEP9uZtMB4Lf2rJp2Z0",10000000
C-00334,Nguyen Van Linh,nguyenlinh334@gmail.com,0917578788,Ha Noi,,DIAMOND,ACTIVE,"$argon2id$v=19$m=19456,t=2,p=1$pAMrcZvnf82snB7mZk6yYg$IO2e2aDrDVQgfOw+5PnFfopwVEP9uZtMB4Lf2rJp2Z0",10000000
C-00335,Le Van Thanh,lethanh335@gmail.com,0955313422,Ha Noi,,GOLD,ACTIVE,"$argon2id$v=19$m=19456,t=2,p=1$pAMrcZvnf82snB7mZk6yYg$IO2e2aDrDVQgfOw+5PnFfopwVEP9uZtMB4Lf2rJp2Z0",10000000
C-00336,Le Van Cuong,lecuong336@gmail.com,0914419386,Ha Noi,,GOLD,ACTIVE,"$argon2id$v=19$m=19456,t=2,p=1$pAMrcZvnf82snB7mZk6yYg$IO2e2aDrDVQgfOw+5PnFfopwVEP9uZtMB4Lf2rJp2Z0",10000000
C-00337,Bui Van Dung,buidung337@gmail.com,0913021210,Ha Noi,,STANDARD,ACTIVE,"$argon2id$v=19$m=19456,t=2,p=1$pAMrcZvnf82snB7mZk6yYg$IO2e2aDrDVQgfOw+5PnFfopwVEP9uZtMB4Lf2rJp2Z0",10000000
C-00338,Tran Van Linh,tranlinh338@gmail.com,0934120257,Ha Noi,,SILVER,ACTIVE,"$argon2id$v=19$m=19456,t=2,p=1$pAMrcZvnf82snB7mZk6yYg$IO2e2aDrDVQgfOw+5PnFfopwVEP9uZtMB4Lf2rJp2Z0",10000000
C-00339,Bui Van Khanh,buikhanh339@gmail.com,0942418006,Ha Noi,,STANDARD,ACTIVE,"$argon2id$v=19$m=19456,t=2,p=1$pAMrcZvnf82snB7mZk6yYg$IO2e2aDrDVQgfOw+5PnFfopwVEP9uZtMB4Lf2rJp2Z0",10000000
C-00340,Vo Van Nam,vonam340@gmail.com,0986528114,Ha Noi,,STANDARD,ACTIVE,"$argon2id$v=19$m=19456,t=2,p=1$pAMrcZvnf82snB7mZk6yYg$IO2e2aDrDVQgfOw+5PnFfopwVEP9uZtMB4Lf2rJp2Z0",10000000
C-00341,Vu Van Minh,vuminh341@gmail.com,0963672513,Ha Noi,,STANDARD,ACTIVE,"$argon2id$v=19$m=19456,t=2,p=1$pAMrcZvnf82snB7mZk6yYg$IO2e2aDrDVQgfOw+5PnFfopwVEP9uZtMB4Lf2rJp2Z0",10000000
C-00342,Nguyen Van Phuc,nguyenphuc342@gmail.com,0985686584,Ha Noi,,STANDARD,ACTIVE,"$argon2id$v=19$m=19456,t=2,p=1$pAMrcZvnf82snB7mZk6yYg$IO2e2aDrDVQgfOw+5PnFfopwVEP9uZtMB4Lf2rJp2Z0",10000000
C-00343,Phan Van Trung,phantrung343@gmail.com,0995476731,Ha Noi,,GOLD,ACTIVE,"$argon2id$v=19$m=19456,t=2,p=1$pAMrcZvnf82snB7mZk6yYg$IO2e2aDrDVQgfOw+5PnFfopwVEP9uZtMB4Lf2rJp2Z0",10000000
C-00344,Le Van Cuong,lecuong344@gmail.com,0921555708,Ha Noi,,STANDARD,ACTIVE,"$argon2id$v=19$m=19456,t=2,p=1$pAMrcZvnf82snB7mZk6yYg$IO2e2aDrDVQgfOw+5PnFfopwVEP9uZtMB4Lf2rJp2Z0",10000000
C-00345,Pham Van Trung,phamtrung345@gmail.com,0980316472,Ha Noi,,STANDARD,ACTIVE,"$argon2id$v=19$m=19456,t=2,p=1$pAMrcZvnf82snB7mZk6yYg$IO2e2aDrDVQgfOw+5PnFfopwVEP9uZtMB4Lf2rJp2Z0",10000000
C-00346,Nguyen Van Binh,nguyenbinh346@gmail.com,0943994989,Ha Noi,,STANDARD,ACTIVE,"$argon2id$v=19$m=19456,t=2,p=1$pAMrcZvnf82snB7mZk6yYg$IO2e2aDrDVQgfOw+5PnFfopwVEP9uZtMB4Lf2rJp2Z0",10000000
C-00347,Vu Van Linh,vulinh347@gmail.com,0955597602,Ha Noi,,STANDARD,ACTIVE,"$argon2id$v=19$m=19456,t=2,p=1$pAMrcZvnf82snB7mZk6yYg$IO2e2aDrDVQgfOw+5PnFfopwVEP9uZtMB4Lf2rJp2Z0",10000000
C-00348,Phan Van Dung,phandung348@gmail.com,0950797922,Ha Noi,,SILVER,ACTIVE,"$argon2id$v=19$m=19456,t=2,p=1$pAMrcZvnf82snB7mZk6yYg$IO2e2aDrDVQgfOw+5PnFfopwVEP9uZtMB4Lf2rJp2Z0",10000000
C-00349,Vo Van Binh,vobinh349@gmail.com,0975105510,Ha Noi,,GOLD,ACTIVE,"$argon2id$v=19$m=19456,t=2,p=1$pAMrcZvnf82snB7mZk6yYg$IO2e2aDrDVQgfOw+5PnFfopwVEP9uZtMB4Lf2rJp2Z0",10000000
C-00350,Bui Van Dung,buidung350@gmail.com,0943692240,Ha Noi,,SILVER,ACTIVE,"$argon2id$v=19$m=19456,t=2,p=1$pAMrcZvnf82snB7mZk6yYg$IO2e2aDrDVQgfOw+5PnFfopwVEP9uZtMB4Lf2rJp2Z0",10000000
C-00351,Vu Van Hung,vuhung351@gmail.com,0999319290,Ha Noi,,STANDARD,ACTIVE,"$argon2id$v=19$m=19456,t=2,p=1$pAMrcZvnf82snB7mZk6yYg$IO2e2aDrDVQgfOw+5PnFfopwVEP9uZtMB4Lf2rJp2Z0",10000000
C-00352,Bui Van Phuc,buiphuc352@gmail.com,0953869748,Ha Noi,,STANDARD,ACTIVE,"$argon2id$v=19$m=19456,t=2,p=1$pAMrcZvnf82snB7mZk6yYg$IO2e2aDrDVQgfOw+5PnFfopwVEP9uZtMB4Lf2rJp2Z0",10000000
C-00353,Phan Van Son,phanson353@gmail.com,0955235778,Ha Noi,,STANDARD,ACTIVE,"$argon2id$v=19$m=19456,t=2,p=1$pAMrcZvnf82snB7mZk6yYg$IO2e2aDrDVQgfOw+5PnFfopwVEP9uZtMB4Lf2rJp2Z0",10000000
C-00354,Tran Van Khanh,trankhanh354@gmail.com,0933749424,Ha Noi,,DIAMOND,ACTIVE,"$argon2id$v=19$m=19456,t=2,p=1$pAMrcZvnf82snB7mZk6yYg$IO2e2aDrDVQgfOw+5PnFfopwVEP9uZtMB4Lf2rJp2Z0",10000000
C-00355,Pham Van Hung,phamhung355@gmail.com,0938107221,Ha Noi,,SILVER,ACTIVE,"$argon2id$v=19$m=19456,t=2,p=1$pAMrcZvnf82snB7mZk6yYg$IO2e2aDrDVQgfOw+5PnFfopwVEP9uZtMB4Lf2rJp2Z0",10000000
C-00356,Tran Van Phuc,tranphuc356@gmail.com,0988238092,Ha Noi,,STANDARD,ACTIVE,"$argon2id$v=19$m=19456,t=2,p=1$pAMrcZvnf82snB7mZk6yYg$IO2e2aDrDVQgfOw+5PnFfopwVEP9uZtMB4Lf2rJp2Z0",10000000
C-00357,Vu Van Thanh,vuthanh357@gmail.com,0928723495,Ha Noi,,GOLD,ACTIVE,"$argon2id$v=19$m=19456,t=2,p=1$pAMrcZvnf82snB7mZk6yYg$IO2e2aDrDVQgfOw+5PnFfopwVEP9uZtMB4Lf2rJp2Z0",10000000
C-00358,Le Van Nam,lenam358@gmail.com,0986558429,Ha Noi,,STANDARD,ACTIVE,"$argon2id$v=19$m=19456,t=2,p=1$pAMrcZvnf82snB7mZk6yYg$IO2e2aDrDVQgfOw+5PnFfopwVEP9uZtMB4Lf2rJp2Z0",10000000
C-00359,Hoang Van Anh,hoanganh359@gmail.com,0943388810,Ha Noi,,GOLD,ACTIVE,"$argon2id$v=19$m=19456,t=2,p=1$pAMrcZvnf82snB7mZk6yYg$IO2e2aDrDVQgfOw+5PnFfopwVEP9uZtMB4Lf2rJp2Z0",10000000
C-00360,Phan Van Khanh,phankhanh360@gmail.com,0930821042,Ha Noi,,STANDARD,ACTIVE,"$argon2id$v=19$m=19456,t=2,p=1$pAMrcZvnf82snB7mZk6yYg$IO2e2aDrDVQgfOw+5PnFfopwVEP9uZtMB4Lf2rJp2Z0",10000000
C-00361,Nguyen Van Binh,nguyenbinh361@gmail.com,0914340069,Ha Noi,,GOLD,ACTIVE,"$argon2id$v=19$m=19456,t=2,p=1$pAMrcZvnf82snB7mZk6yYg$IO2e2aDrDVQgfOw+5PnFfopwVEP9uZtMB4Lf2rJp2Z0",10000000
C-00362,Hoang Van Son,hoangson362@gmail.com,0989008761,Ha Noi,,STANDARD,ACTIVE,"$argon2id$v=19$m=19456,t=2,p=1$pAMrcZvnf82snB7mZk6yYg$IO2e2aDrDVQgfOw+5PnFfopwVEP9uZtMB4Lf2rJp2Z0",10000000
C-00363,Tran Van Nam,trannam363@gmail.com,0955449275,Ha Noi,,STANDARD,ACTIVE,"$argon2id$v=19$m=19456,t=2,p=1$pAMrcZvnf82snB7mZk6yYg$IO2e2aDrDVQgfOw+5PnFfopwVEP9uZtMB4Lf2rJp2Z0",10000000
C-00364,Hoang Van Phuc,hoangphuc364@gmail.com,0969519820,Ha Noi,,SILVER,ACTIVE,"$argon2id$v=19$m=19456,t=2,p=1$pAMrcZvnf82snB7mZk6yYg$IO2e2aDrDVQgfOw+5PnFfopwVEP9uZtMB4Lf2rJp2Z0",10000000
C-00365,Dang Van Binh,dangbinh365@gmail.com,0928251898,Ha Noi,,SILVER,ACTIVE,"$argon2id$v=19$m=19456,t=2,p=1$pAMrcZvnf82snB7mZk6yYg$IO2e2aDrDVQgfOw+5PnFfopwVEP9uZtMB4Lf2rJp2Z0",10000000
C-00366,Bui Van Hung,buihung366@gmail.com,0943972165,Ha Noi,,GOLD,ACTIVE,"$argon2id$v=19$m=19456,t=2,p=1$pAMrcZvnf82snB7mZk6yYg$IO2e2aDrDVQgfOw+5PnFfopwVEP9uZtMB4Lf2rJp2Z0",10000000
C-00367,Phan Van Cuong,phancuong367@gmail.com,0936169281,Ha Noi,,SILVER,ACTIVE,"$argon2id$v=19$m=19456,t=2,p=1$pAMrcZvnf82snB7mZk6yYg$IO2e2aDrDVQgfOw+5PnFfopwVEP9uZtMB4Lf2rJp2Z0",10000000
C-00368,Le Van Dung,ledung368@gmail.com,0915773614,Ha Noi,,SILVER,ACTIVE,"$argon2id$v=19$m=19456,t=2,p=1$pAMrcZvnf82snB7mZk6yYg$IO2e2aDrDVQgfOw+5PnFfopwVEP9uZtMB4Lf2rJp2Z0",10000000
C-00369,Vo Van Anh,voanh369@gmail.com,0985816408,Ha Noi,,GOLD,ACTIVE,"$argon2id$v=19$m=19456,t=2,p=1$pAMrcZvnf82snB7mZk6yYg$IO2e2aDrDVQgfOw+5PnFfopwVEP9uZtMB4Lf2rJp2Z0",10000000
C-00370,Dang Van Hieu,danghieu370@gmail.com,0953231681,Ha Noi,,STANDARD,ACTIVE,"$argon2id$v=19$m=19456,t=2,p=1$pAMrcZvnf82snB7mZk6yYg$IO2e2aDrDVQgfOw+5PnFfopwVEP9uZtMB4Lf2rJp2Z0",10000000
C-00371,Pham Van Son,phamson371@gmail.com,0998306726,Ha Noi,,STANDARD,ACTIVE,"$argon2id$v=19$m=19456,t=2,p=1$pAMrcZvnf82snB7mZk6yYg$IO2e2aDrDVQgfOw+5PnFfopwVEP9uZtMB4Lf2rJp2Z0",10000000
C-00372,Bui Van Nam,buinam372@gmail.com,0966542314,Ha Noi,,STANDARD,ACTIVE,"$argon2id$v=19$m=19456,t=2,p=1$pAMrcZvnf82snB7mZk6yYg$IO2e2aDrDVQgfOw+5PnFfopwVEP9uZtMB4Lf2rJp2Z0",10000000
C-00373,Dang Van Cuong,dangcuong373@gmail.com,0973963005,Ha Noi,,SILVER,ACTIVE,"$argon2id$v=19$m=19456,t=2,p=1$pAMrcZvnf82snB7mZk6yYg$IO2e2aDrDVQgfOw+5PnFfopwVEP9uZtMB4Lf2rJp2Z0",10000000
C-00374,Vu Van Trung,vutrung374@gmail.com,0966016863,Ha Noi,,GOLD,ACTIVE,"$argon2id$v=19$m=19456,t=2,p=1$pAMrcZvnf82snB7mZk6yYg$IO2e2aDrDVQgfOw+5PnFfopwVEP9uZtMB4Lf2rJp2Z0",10000000
C-00375,Bui Van Cuong,buicuong375@gmail.com,0953552689,Ha Noi,,STANDARD,ACTIVE,"$argon2id$v=19$m=19456,t=2,p=1$pAMrcZvnf82snB7mZk6yYg$IO2e2aDrDVQgfOw+5PnFfopwVEP9uZtMB4Lf2rJp2Z0",10000000
C-00376,Bui Van Phuc,buiphuc376@gmail.com,0985480187,Ha Noi,,SILVER,ACTIVE,"$argon2id$v=19$m=19456,t=2,p=1$pAMrcZvnf82snB7mZk6yYg$IO2e2aDrDVQgfOw+5PnFfopwVEP9uZtMB4Lf2rJp2Z0",10000000
C-00377,Vo Van Dung,vodung377@gmail.com,0959638052,Ha Noi,,STANDARD,ACTIVE,"$argon2id$v=19$m=19456,t=2,p=1$pAMrcZvnf82snB7mZk6yYg$IO2e2aDrDVQgfOw+5PnFfopwVEP9uZtMB4Lf2rJp2Z0",10000000
C-00378,Pham Van Dung,phamdung378@gmail.com,0995800540,Ha Noi,,SILVER,ACTIVE,"$argon2id$v=19$m=19456,t=2,p=1$pAMrcZvnf82snB7mZk6yYg$IO2e2aDrDVQgfOw+5PnFfopwVEP9uZtMB4Lf2rJp2Z0",10000000
C-00379,Dang Van Nam,dangnam379@gmail.com,0978880796,Ha Noi,,STANDARD,ACTIVE,"$argon2id$v=19$m=19456,t=2,p=1$pAMrcZvnf82snB7mZk6yYg$IO2e2aDrDVQgfOw+5PnFfopwVEP9uZtMB4Lf2rJp2Z0",10000000
C-00380,Nguyen Van Anh,nguyenanh380@gmail.com,0975043905,Ha Noi,,GOLD,ACTIVE,"$argon2id$v=19$m=19456,t=2,p=1$pAMrcZvnf82snB7mZk6yYg$IO2e2aDrDVQgfOw+5PnFfopwVEP9uZtMB4Lf2rJp2Z0",10000000
C-00381,Vu Van Son,vuson381@gmail.com,0943522480,Ha Noi,,STANDARD,ACTIVE,"$argon2id$v=19$m=19456,t=2,p=1$pAMrcZvnf82snB7mZk6yYg$IO2e2aDrDVQgfOw+5PnFfopwVEP9uZtMB4Lf2rJp2Z0",10000000
C-00382,Pham Van Dung,phamdung382@gmail.com,0984672173,Ha Noi,,SILVER,ACTIVE,"$argon2id$v=19$m=19456,t=2,p=1$pAMrcZvnf82snB7mZk6yYg$IO2e2aDrDVQgfOw+5PnFfopwVEP9uZtMB4Lf2rJp2Z0",10000000
C-00383,Hoang Van Hung,hoanghung383@gmail.com,0952703562,Ha Noi,,SILVER,ACTIVE,"$argon2id$v=19$m=19456,t=2,p=1$pAMrcZvnf82snB7mZk6yYg$IO2e2aDrDVQgfOw+5PnFfopwVEP9uZtMB4Lf2rJp2Z0",10000000
C-00384,Vu Van Khanh,vukhanh384@gmail.com,0910715060,Ha Noi,,STANDARD,ACTIVE,"$argon2id$v=19$m=19456,t=2,p=1$pAMrcZvnf82snB7mZk6yYg$IO2e2aDrDVQgfOw+5PnFfopwVEP9uZtMB4Lf2rJp2Z0",10000000
C-00385,Hoang Van Khanh,hoangkhanh385@gmail.com,0990094776,Ha Noi,,SILVER,ACTIVE,"$argon2id$v=19$m=19456,t=2,p=1$pAMrcZvnf82snB7mZk6yYg$IO2e2aDrDVQgfOw+5PnFfopwVEP9uZtMB4Lf2rJp2Z0",10000000
C-00386,Vu Van Hieu,vuhieu386@gmail.com,0918388359,Ha Noi,,DIAMOND,ACTIVE,"$argon2id$v=19$m=19456,t=2,p=1$pAMrcZvnf82snB7mZk6yYg$IO2e2aDrDVQgfOw+5PnFfopwVEP9uZtMB4Lf2rJp2Z0",10000000
C-00387,Dang Van Minh,dangminh387@gmail.com,0955346728,Ha Noi,,STANDARD,ACTIVE,"$argon2id$v=19$m=19456,t=2,p=1$pAMrcZvnf82snB7mZk6yYg$IO2e2aDrDVQgfOw+5PnFfopwVEP9uZtMB4Lf2rJp2Z0",10000000
C-00388,Pham Van Khanh,phamkhanh388@gmail.com,0949423095,Ha Noi,,GOLD,ACTIVE,"$argon2id$v=19$m=19456,t=2,p=1$pAMrcZvnf82snB7mZk6yYg$IO2e2aDrDVQgfOw+5PnFfopwVEP9uZtMB4Lf2rJp2Z0",10000000
C-00389,Le Van Anh,leanh389@gmail.com,0969307659,Ha Noi,,STANDARD,ACTIVE,"$argon2id$v=19$m=19456,t=2,p=1$pAMrcZvnf82snB7mZk6yYg$IO2e2aDrDVQgfOw+5PnFfopwVEP9uZtMB4Lf2rJp2Z0",10000000
C-00390,Dang Van Minh,dangminh390@gmail.com,0985543850,Ha Noi,,GOLD,ACTIVE,"$argon2id$v=19$m=19456,t=2,p=1$pAMrcZvnf82snB7mZk6yYg$IO2e2aDrDVQgfOw+5PnFfopwVEP9uZtMB4Lf2rJp2Z0",10000000
C-00391,Tran Van Dung,trandung391@gmail.com,0998539871,Ha Noi,,STANDARD,ACTIVE,"$argon2id$v=19$m=19456,t=2,p=1$pAMrcZvnf82snB7mZk6yYg$IO2e2aDrDVQgfOw+5PnFfopwVEP9uZtMB4Lf2rJp2Z0",10000000
C-00392,Pham Van Dung,phamdung392@gmail.com,0955448738,Ha Noi,,STANDARD,ACTIVE,"$argon2id$v=19$m=19456,t=2,p=1$pAMrcZvnf82snB7mZk6yYg$IO2e2aDrDVQgfOw+5PnFfopwVEP9uZtMB4Lf2rJp2Z0",10000000
C-00393,Nguyen Van Anh,nguyenanh393@gmail.com,0946069825,Ha Noi,,STANDARD,ACTIVE,"$argon2id$v=19$m=19456,t=2,p=1$pAMrcZvnf82snB7mZk6yYg$IO2e2aDrDVQgfOw+5PnFfopwVEP9uZtMB4Lf2rJp2Z0",10000000
C-00394,Dang Van Phuc,dangphuc394@gmail.com,0977699257,Ha Noi,,GOLD,ACTIVE,"$argon2id$v=19$m=19456,t=2,p=1$pAMrcZvnf82snB7mZk6yYg$IO2e2aDrDVQgfOw+5PnFfopwVEP9uZtMB4Lf2rJp2Z0",10000000
C-00395,Hoang Van Phuc,hoangphuc395@gmail.com,0946431323,Ha Noi,,SILVER,ACTIVE,"$argon2id$v=19$m=19456,t=2,p=1$pAMrcZvnf82snB7mZk6yYg$IO2e2aDrDVQgfOw+5PnFfopwVEP9uZtMB4Lf2rJp2Z0",10000000
C-00396,Le Van Cuong,lecuong396@gmail.com,0937943805,Ha Noi,,STANDARD,ACTIVE,"$argon2id$v=19$m=19456,t=2,p=1$pAMrcZvnf82snB7mZk6yYg$IO2e2aDrDVQgfOw+5PnFfopwVEP9uZtMB4Lf2rJp2Z0",10000000
C-00397,Dang Van Trung,dangtrung397@gmail.com,0936754156,Ha Noi,,SILVER,ACTIVE,"$argon2id$v=19$m=19456,t=2,p=1$pAMrcZvnf82snB7mZk6yYg$IO2e2aDrDVQgfOw+5PnFfopwVEP9uZtMB4Lf2rJp2Z0",10000000
C-00398,Nguyen Van Linh,nguyenlinh398@gmail.com,0996995450,Ha Noi,,GOLD,ACTIVE,"$argon2id$v=19$m=19456,t=2,p=1$pAMrcZvnf82snB7mZk6yYg$IO2e2aDrDVQgfOw+5PnFfopwVEP9uZtMB4Lf2rJp2Z0",10000000
C-00399,Hoang Van Hung,hoanghung399@gmail.com,0990902004,Ha Noi,,STANDARD,ACTIVE,"$argon2id$v=19$m=19456,t=2,p=1$pAMrcZvnf82snB7mZk6yYg$IO2e2aDrDVQgfOw+5PnFfopwVEP9uZtMB4Lf2rJp2Z0",10000000
C-00400,Bui Van Cuong,buicuong400@gmail.com,0979144837,Ha Noi,,SILVER,ACTIVE,"$argon2id$v=19$m=19456,t=2,p=1$pAMrcZvnf82snB7mZk6yYg$IO2e2aDrDVQgfOw+5PnFfopwVEP9uZtMB4Lf2rJp2Z0",10000000
C-00401,Le Van Anh,leanh401@gmail.com,0991812942,Ha Noi,,DIAMOND,ACTIVE,"$argon2id$v=19$m=19456,t=2,p=1$pAMrcZvnf82snB7mZk6yYg$IO2e2aDrDVQgfOw+5PnFfopwVEP9uZtMB4Lf2rJp2Z0",10000000
C-00402,Phan Van Dung,phandung402@gmail.com,0955779050,Ha Noi,,STANDARD,ACTIVE,"$argon2id$v=19$m=19456,t=2,p=1$pAMrcZvnf82snB7mZk6yYg$IO2e2aDrDVQgfOw+5PnFfopwVEP9uZtMB4Lf2rJp2Z0",10000000
C-00403,Tran Van Linh,tranlinh403@gmail.com,0920469919,Ha Noi,,SILVER,ACTIVE,"$argon2id$v=19$m=19456,t=2,p=1$pAMrcZvnf82snB7mZk6yYg$IO2e2aDrDVQgfOw+5PnFfopwVEP9uZtMB4Lf2rJp2Z0",10000000
C-00404,Dang Van Quang,dangquang404@gmail.com,0969123862,Ha Noi,,GOLD,ACTIVE,"$argon2id$v=19$m=19456,t=2,p=1$pAMrcZvnf82snB7mZk6yYg$IO2e2aDrDVQgfOw+5PnFfopwVEP9uZtMB4Lf2rJp2Z0",10000000
C-00405,Phan Van Thanh,phanthanh405@gmail.com,0957028715,Ha Noi,,SILVER,ACTIVE,"$argon2id$v=19$m=19456,t=2,p=1$pAMrcZvnf82snB7mZk6yYg$IO2e2aDrDVQgfOw+5PnFfopwVEP9uZtMB4Lf2rJp2Z0",10000000
C-00406,Pham Van Phuc,phamphuc406@gmail.com,0973299074,Ha Noi,,SILVER,ACTIVE,"$argon2id$v=19$m=19456,t=2,p=1$pAMrcZvnf82snB7mZk6yYg$IO2e2aDrDVQgfOw+5PnFfopwVEP9uZtMB4Lf2rJp2Z0",10000000
C-00407,Pham Van Linh,phamlinh407@gmail.com,0989827944,Ha Noi,,DIAMOND,ACTIVE,"$argon2id$v=19$m=19456,t=2,p=1$pAMrcZvnf82snB7mZk6yYg$IO2e2aDrDVQgfOw+5PnFfopwVEP9uZtMB4Lf2rJp2Z0",10000000
C-00408,Nguyen Van Binh,nguyenbinh408@gmail.com,0941350259,Ha Noi,,STANDARD,ACTIVE,"$argon2id$v=19$m=19456,t=2,p=1$pAMrcZvnf82snB7mZk6yYg$IO2e2aDrDVQgfOw+5PnFfopwVEP9uZtMB4Lf2rJp2Z0",10000000
C-00409,Pham Van Hieu,phamhieu409@gmail.com,0985417361,Ha Noi,,STANDARD,ACTIVE,"$argon2id$v=19$m=19456,t=2,p=1$pAMrcZvnf82snB7mZk6yYg$IO2e2aDrDVQgfOw+5PnFfopwVEP9uZtMB4Lf2rJp2Z0",10000000
C-00410,Le Van Nam,lenam410@gmail.com,0966933434,Ha Noi,,STANDARD,ACTIVE,"$argon2id$v=19$m=19456,t=2,p=1$pAMrcZvnf82snB7mZk6yYg$IO2e2aDrDVQgfOw+5PnFfopwVEP9uZtMB4Lf2rJp2Z0",10000000
C-00411,Pham Van Linh,phamlinh411@gmail.com,0946018957,Ha Noi,,STANDARD,ACTIVE,"$argon2id$v=19$m=19456,t=2,p=1$pAMrcZvnf82snB7mZk6yYg$IO2e2aDrDVQgfOw+5PnFfopwVEP9uZtMB4Lf2rJp2Z0",10000000
C-00412,Vu Van Phuc,vuphuc412@gmail.com,0986419712,Ha Noi,,SILVER,ACTIVE,"$argon2id$v=19$m=19456,t=2,p=1$pAMrcZvnf82snB7mZk6yYg$IO2e2aDrDVQgfOw+5PnFfopwVEP9uZtMB4Lf2rJp2Z0",10000000
C-00413,Dang Van Phuc,dangphuc413@gmail.com,0922356907,Ha Noi,,STANDARD,ACTIVE,"$argon2id$v=19$m=19456,t=2,p=1$pAMrcZvnf82snB7mZk6yYg$IO2e2aDrDVQgfOw+5PnFfopwVEP9uZtMB4Lf2rJp2Z0",10000000
C-00414,Hoang Van Minh,hoangminh414@gmail.com,0919541516,Ha Noi,,GOLD,ACTIVE,"$argon2id$v=19$m=19456,t=2,p=1$pAMrcZvnf82snB7mZk6yYg$IO2e2aDrDVQgfOw+5PnFfopwVEP9uZtMB4Lf2rJp2Z0",10000000
C-00415,Vu Van Dung,vudung415@gmail.com,0943445817,Ha Noi,,SILVER,ACTIVE,"$argon2id$v=19$m=19456,t=2,p=1$pAMrcZvnf82snB7mZk6yYg$IO2e2aDrDVQgfOw+5PnFfopwVEP9uZtMB4Lf2rJp2Z0",10000000
C-00416,Le Van Dung,ledung416@gmail.com,0980841458,Ha Noi,,GOLD,ACTIVE,"$argon2id$v=19$m=19456,t=2,p=1$pAMrcZvnf82snB7mZk6yYg$IO2e2aDrDVQgfOw+5PnFfopwVEP9uZtMB4Lf2rJp2Z0",10000000
C-00417,Phan Van Quang,phanquang417@gmail.com,0980921567,Ha Noi,,GOLD,ACTIVE,"$argon2id$v=19$m=19456,t=2,p=1$pAMrcZvnf82snB7mZk6yYg$IO2e2aDrDVQgfOw+5PnFfopwVEP9uZtMB4Lf2rJp2Z0",10000000
C-00418,Nguyen Van Nam,nguyennam418@gmail.com,0954182405,Ha Noi,,SILVER,ACTIVE,"$argon2id$v=19$m=19456,t=2,p=1$pAMrcZvnf82snB7mZk6yYg$IO2e2aDrDVQgfOw+5PnFfopwVEP9uZtMB4Lf2rJp2Z0",10000000
C-00419,Bui Van Minh,buiminh419@gmail.com,0941595756,Ha Noi,,STANDARD,ACTIVE,"$argon2id$v=19$m=19456,t=2,p=1$pAMrcZvnf82snB7mZk6yYg$IO2e2aDrDVQgfOw+5PnFfopwVEP9uZtMB4Lf2rJp2Z0",10000000
C-00420,Hoang Van Hung,hoanghung420@gmail.com,0966295855,Ha Noi,,DIAMOND,ACTIVE,"$argon2id$v=19$m=19456,t=2,p=1$pAMrcZvnf82snB7mZk6yYg$IO2e2aDrDVQgfOw+5PnFfopwVEP9uZtMB4Lf2rJp2Z0",10000000
C-00421,Dang Van Binh,dangbinh421@gmail.com,0999126220,Ha Noi,,STANDARD,ACTIVE,"$argon2id$v=19$m=19456,t=2,p=1$pAMrcZvnf82snB7mZk6yYg$IO2e2aDrDVQgfOw+5PnFfopwVEP9uZtMB4Lf2rJp2Z0",10000000
C-00422,Tran Van Nam,trannam422@gmail.com,0965182840,Ha Noi,,DIAMOND,ACTIVE,"$argon2id$v=19$m=19456,t=2,p=1$pAMrcZvnf82snB7mZk6yYg$IO2e2aDrDVQgfOw+5PnFfopwVEP9uZtMB4Lf2rJp2Z0",10000000
C-00423,Le Van Cuong,lecuong423@gmail.com,0924743983,Ha Noi,,STANDARD,ACTIVE,"$argon2id$v=19$m=19456,t=2,p=1$pAMrcZvnf82snB7mZk6yYg$IO2e2aDrDVQgfOw+5PnFfopwVEP9uZtMB4Lf2rJp2Z0",10000000
C-00424,Hoang Van Thanh,hoangthanh424@gmail.com,0963775339,Ha Noi,,STANDARD,ACTIVE,"$argon2id$v=19$m=19456,t=2,p=1$pAMrcZvnf82snB7mZk6yYg$IO2e2aDrDVQgfOw+5PnFfopwVEP9uZtMB4Lf2rJp2Z0",10000000
C-00425,Dang Van Thanh,dangthanh425@gmail.com,0950894650,Ha Noi,,GOLD,ACTIVE,"$argon2id$v=19$m=19456,t=2,p=1$pAMrcZvnf82snB7mZk6yYg$IO2e2aDrDVQgfOw+5PnFfopwVEP9uZtMB4Lf2rJp2Z0",10000000
C-00426,Bui Van Khanh,buikhanh426@gmail.com,0985699611,Ha Noi,,DIAMOND,ACTIVE,"$argon2id$v=19$m=19456,t=2,p=1$pAMrcZvnf82snB7mZk6yYg$IO2e2aDrDVQgfOw+5PnFfopwVEP9uZtMB4Lf2rJp2Z0",10000000
C-00427,Nguyen Van Thanh,nguyenthanh427@gmail.com,0936498290,Ha Noi,,STANDARD,ACTIVE,"$argon2id$v=19$m=19456,t=2,p=1$pAMrcZvnf82snB7mZk6yYg$IO2e2aDrDVQgfOw+5PnFfopwVEP9uZtMB4Lf2rJp2Z0",10000000
C-00428,Dang Van Cuong,dangcuong428@gmail.com,0945582271,Ha Noi,,STANDARD,ACTIVE,"$argon2id$v=19$m=19456,t=2,p=1$pAMrcZvnf82snB7mZk6yYg$IO2e2aDrDVQgfOw+5PnFfopwVEP9uZtMB4Lf2rJp2Z0",10000000
C-00429,Vu Van Thanh,vuthanh429@gmail.com,0924169349,Ha Noi,,GOLD,ACTIVE,"$argon2id$v=19$m=19456,t=2,p=1$pAMrcZvnf82snB7mZk6yYg$IO2e2aDrDVQgfOw+5PnFfopwVEP9uZtMB4Lf2rJp2Z0",10000000
C-00430,Le Van Linh,lelinh430@gmail.com,0997723154,Ha Noi,,STANDARD,ACTIVE,"$argon2id$v=19$m=19456,t=2,p=1$pAMrcZvnf82snB7mZk6yYg$IO2e2aDrDVQgfOw+5PnFfopwVEP9uZtMB4Lf2rJp2Z0",10000000
C-00431,Tran Van Nam,trannam431@gmail.com,0920384648,Ha Noi,,STANDARD,ACTIVE,"$argon2id$v=19$m=19456,t=2,p=1$pAMrcZvnf82snB7mZk6yYg$IO2e2aDrDVQgfOw+5PnFfopwVEP9uZtMB4Lf2rJp2Z0",10000000
C-00432,Pham Van Linh,phamlinh432@gmail.com,0917603660,Ha Noi,,STANDARD,ACTIVE,"$argon2id$v=19$m=19456,t=2,p=1$pAMrcZvnf82snB7mZk6yYg$IO2e2aDrDVQgfOw+5PnFfopwVEP9uZtMB4Lf2rJp2Z0",10000000
C-00433,Tran Van Anh,trananh433@gmail.com,0978076167,Ha Noi,,STANDARD,ACTIVE,"$argon2id$v=19$m=19456,t=2,p=1$pAMrcZvnf82snB7mZk6yYg$IO2e2aDrDVQgfOw+5PnFfopwVEP9uZtMB4Lf2rJp2Z0",10000000
C-00434,Hoang Van Dung,hoangdung434@gmail.com,0994533736,Ha Noi,,STANDARD,ACTIVE,"$argon2id$v=19$m=19456,t=2,p=1$pAMrcZvnf82snB7mZk6yYg$IO2e2aDrDVQgfOw+5PnFfopwVEP9uZtMB4Lf2rJp2Z0",10000000
C-00435,Nguyen Van Hieu,nguyenhieu435@gmail.com,0950880420,Ha Noi,,SILVER,ACTIVE,"$argon2id$v=19$m=19456,t=2,p=1$pAMrcZvnf82snB7mZk6yYg$IO2e2aDrDVQgfOw+5PnFfopwVEP9uZtMB4Lf2rJp2Z0",10000000
C-00436,Bui Van Quang,buiquang436@gmail.com,0961662027,Ha Noi,,STANDARD,ACTIVE,"$argon2id$v=19$m=19456,t=2,p=1$pAMrcZvnf82snB7mZk6yYg$IO2e2aDrDVQgfOw+5PnFfopwVEP9uZtMB4Lf2rJp2Z0",10000000
C-00437,Le Van Nam,lenam437@gmail.com,0993236596,Ha Noi,,STANDARD,ACTIVE,"$argon2id$v=19$m=19456,t=2,p=1$pAMrcZvnf82snB7mZk6yYg$IO2e2aDrDVQgfOw+5PnFfopwVEP9uZtMB4Lf2rJp2Z0",10000000
C-00438,Hoang Van Dung,hoangdung438@gmail.com,0945533315,Ha Noi,,STANDARD,ACTIVE,"$argon2id$v=19$m=19456,t=2,p=1$pAMrcZvnf82snB7mZk6yYg$IO2e2aDrDVQgfOw+5PnFfopwVEP9uZtMB4Lf2rJp2Z0",10000000
C-00439,Pham Van Khanh,phamkhanh439@gmail.com,0918882434,Ha Noi,,STANDARD,ACTIVE,"$argon2id$v=19$m=19456,t=2,p=1$pAMrcZvnf82snB7mZk6yYg$IO2e2aDrDVQgfOw+5PnFfopwVEP9uZtMB4Lf2rJp2Z0",10000000
C-00440,Phan Van Quang,phanquang440@gmail.com,0996797846,Ha Noi,,STANDARD,ACTIVE,"$argon2id$v=19$m=19456,t=2,p=1$pAMrcZvnf82snB7mZk6yYg$IO2e2aDrDVQgfOw+5PnFfopwVEP9uZtMB4Lf2rJp2Z0",10000000
C-00441,Dang Van Thanh,dangthanh441@gmail.com,0967490863,Ha Noi,,STANDARD,ACTIVE,"$argon2id$v=19$m=19456,t=2,p=1$pAMrcZvnf82snB7mZk6yYg$IO2e2aDrDVQgfOw+5PnFfopwVEP9uZtMB4Lf2rJp2Z0",10000000
C-00442,Dang Van Thanh,dangthanh442@gmail.com,0971011568,Ha Noi,,STANDARD,ACTIVE,"$argon2id$v=19$m=19456,t=2,p=1$pAMrcZvnf82snB7mZk6yYg$IO2e2aDrDVQgfOw+5PnFfopwVEP9uZtMB4Lf2rJp2Z0",10000000
C-00443,Nguyen Van Quang,nguyenquang443@gmail.com,0993363128,Ha Noi,,DIAMOND,ACTIVE,"$argon2id$v=19$m=19456,t=2,p=1$pAMrcZvnf82snB7mZk6yYg$IO2e2aDrDVQgfOw+5PnFfopwVEP9uZtMB4Lf2rJp2Z0",10000000
C-00444,Dang Van Hieu,danghieu444@gmail.com,0936021647,Ha Noi,,GOLD,ACTIVE,"$argon2id$v=19$m=19456,t=2,p=1$pAMrcZvnf82snB7mZk6yYg$IO2e2aDrDVQgfOw+5PnFfopwVEP9uZtMB4Lf2rJp2Z0",10000000
C-00445,Bui Van Son,buison445@gmail.com,0917448223,Ha Noi,,STANDARD,ACTIVE,"$argon2id$v=19$m=19456,t=2,p=1$pAMrcZvnf82snB7mZk6yYg$IO2e2aDrDVQgfOw+5PnFfopwVEP9uZtMB4Lf2rJp2Z0",10000000
C-00446,Pham Van Son,phamson446@gmail.com,0981277206,Ha Noi,,STANDARD,ACTIVE,"$argon2id$v=19$m=19456,t=2,p=1$pAMrcZvnf82snB7mZk6yYg$IO2e2aDrDVQgfOw+5PnFfopwVEP9uZtMB4Lf2rJp2Z0",10000000
C-00447,Phan Van Binh,phanbinh447@gmail.com,0992325877,Ha Noi,,STANDARD,ACTIVE,"$argon2id$v=19$m=19456,t=2,p=1$pAMrcZvnf82snB7mZk6yYg$IO2e2aDrDVQgfOw+5PnFfopwVEP9uZtMB4Lf2rJp2Z0",10000000
C-00448,Phan Van Trung,phantrung448@gmail.com,0962008018,Ha Noi,,SILVER,ACTIVE,"$argon2id$v=19$m=19456,t=2,p=1$pAMrcZvnf82snB7mZk6yYg$IO2e2aDrDVQgfOw+5PnFfopwVEP9uZtMB4Lf2rJp2Z0",10000000
C-00449,Hoang Van Minh,hoangminh449@gmail.com,0989441017,Ha Noi,,STANDARD,ACTIVE,"$argon2id$v=19$m=19456,t=2,p=1$pAMrcZvnf82snB7mZk6yYg$IO2e2aDrDVQgfOw+5PnFfopwVEP9uZtMB4Lf2rJp2Z0",10000000
C-00450,Vu Van Dung,vudung450@gmail.com,0995962283,Ha Noi,,SILVER,ACTIVE,"$argon2id$v=19$m=19456,t=2,p=1$pAMrcZvnf82snB7mZk6yYg$IO2e2aDrDVQgfOw+5PnFfopwVEP9uZtMB4Lf2rJp2Z0",10000000
C-00451,Dang Van Hieu,danghieu451@gmail.com,0984246720,Ha Noi,,SILVER,ACTIVE,"$argon2id$v=19$m=19456,t=2,p=1$pAMrcZvnf82snB7mZk6yYg$IO2e2aDrDVQgfOw+5PnFfopwVEP9uZtMB4Lf2rJp2Z0",10000000
C-00452,Phan Van Anh,phananh452@gmail.com,0935250282,Ha Noi,,STANDARD,ACTIVE,"$argon2id$v=19$m=19456,t=2,p=1$pAMrcZvnf82snB7mZk6yYg$IO2e2aDrDVQgfOw+5PnFfopwVEP9uZtMB4Lf2rJp2Z0",10000000
C-00453,Tran Van Nam,trannam453@gmail.com,0922935630,Ha Noi,,GOLD,ACTIVE,"$argon2id$v=19$m=19456,t=2,p=1$pAMrcZvnf82snB7mZk6yYg$IO2e2aDrDVQgfOw+5PnFfopwVEP9uZtMB4Lf2rJp2Z0",10000000
C-00454,Vo Van Hung,vohung454@gmail.com,0984025792,Ha Noi,,STANDARD,ACTIVE,"$argon2id$v=19$m=19456,t=2,p=1$pAMrcZvnf82snB7mZk6yYg$IO2e2aDrDVQgfOw+5PnFfopwVEP9uZtMB4Lf2rJp2Z0",10000000
C-00455,Dang Van Hieu,danghieu455@gmail.com,0950210098,Ha Noi,,GOLD,ACTIVE,"$argon2id$v=19$m=19456,t=2,p=1$pAMrcZvnf82snB7mZk6yYg$IO2e2aDrDVQgfOw+5PnFfopwVEP9uZtMB4Lf2rJp2Z0",10000000
C-00456,Hoang Van Dung,hoangdung456@gmail.com,0923313491,Ha Noi,,STANDARD,ACTIVE,"$argon2id$v=19$m=19456,t=2,p=1$pAMrcZvnf82snB7mZk6yYg$IO2e2aDrDVQgfOw+5PnFfopwVEP9uZtMB4Lf2rJp2Z0",10000000
C-00457,Vu Van Quang,vuquang457@gmail.com,0945476117,Ha Noi,,STANDARD,ACTIVE,"$argon2id$v=19$m=19456,t=2,p=1$pAMrcZvnf82snB7mZk6yYg$IO2e2aDrDVQgfOw+5PnFfopwVEP9uZtMB4Lf2rJp2Z0",10000000
C-00458,Pham Van Quang,phamquang458@gmail.com,0951946995,Ha Noi,,STANDARD,ACTIVE,"$argon2id$v=19$m=19456,t=2,p=1$pAMrcZvnf82snB7mZk6yYg$IO2e2aDrDVQgfOw+5PnFfopwVEP9uZtMB4Lf2rJp2Z0",10000000
C-00459,Vu Van Khanh,vukhanh459@gmail.com,0941894229,Ha Noi,,STANDARD,ACTIVE,"$argon2id$v=19$m=19456,t=2,p=1$pAMrcZvnf82snB7mZk6yYg$IO2e2aDrDVQgfOw+5PnFfopwVEP9uZtMB4Lf2rJp2Z0",10000000
C-00460,Nguyen Van Quang,nguyenquang460@gmail.com,0957812527,Ha Noi,,STANDARD,ACTIVE,"$argon2id$v=19$m=19456,t=2,p=1$pAMrcZvnf82snB7mZk6yYg$IO2e2aDrDVQgfOw+5PnFfopwVEP9uZtMB4Lf2rJp2Z0",10000000
C-00461,Dang Van Anh,danganh461@gmail.com,0939163867,Ha Noi,,GOLD,ACTIVE,"$argon2id$v=19$m=19456,t=2,p=1$pAMrcZvnf82snB7mZk6yYg$IO2e2aDrDVQgfOw+5PnFfopwVEP9uZtMB4Lf2rJp2Z0",10000000
C-00462,Nguyen Van Dung,nguyendung462@gmail.com,0938520809,Ha Noi,,SILVER,ACTIVE,"$argon2id$v=19$m=19456,t=2,p=1$pAMrcZvnf82snB7mZk6yYg$IO2e2aDrDVQgfOw+5PnFfopwVEP9uZtMB4Lf2rJp2Z0",10000000
C-00463,Dang Van Linh,danglinh463@gmail.com,0960395092,Ha Noi,,GOLD,ACTIVE,"$argon2id$v=19$m=19456,t=2,p=1$pAMrcZvnf82snB7mZk6yYg$IO2e2aDrDVQgfOw+5PnFfopwVEP9uZtMB4Lf2rJp2Z0",10000000
C-00464,Phan Van Nam,phannam464@gmail.com,0911600621,Ha Noi,,GOLD,ACTIVE,"$argon2id$v=19$m=19456,t=2,p=1$pAMrcZvnf82snB7mZk6yYg$IO2e2aDrDVQgfOw+5PnFfopwVEP9uZtMB4Lf2rJp2Z0",10000000
C-00465,Nguyen Van Trung,nguyentrung465@gmail.com,0931232363,Ha Noi,,GOLD,ACTIVE,"$argon2id$v=19$m=19456,t=2,p=1$pAMrcZvnf82snB7mZk6yYg$IO2e2aDrDVQgfOw+5PnFfopwVEP9uZtMB4Lf2rJp2Z0",10000000
C-00466,Vu Van Minh,vuminh466@gmail.com,0994259817,Ha Noi,,STANDARD,ACTIVE,"$argon2id$v=19$m=19456,t=2,p=1$pAMrcZvnf82snB7mZk6yYg$IO2e2aDrDVQgfOw+5PnFfopwVEP9uZtMB4Lf2rJp2Z0",10000000
C-00467,Vu Van Quang,vuquang467@gmail.com,0938652988,Ha Noi,,STANDARD,ACTIVE,"$argon2id$v=19$m=19456,t=2,p=1$pAMrcZvnf82snB7mZk6yYg$IO2e2aDrDVQgfOw+5PnFfopwVEP9uZtMB4Lf2rJp2Z0",10000000
C-00468,Nguyen Van Cuong,nguyencuong468@gmail.com,0987622491,Ha Noi,,SILVER,ACTIVE,"$argon2id$v=19$m=19456,t=2,p=1$pAMrcZvnf82snB7mZk6yYg$IO2e2aDrDVQgfOw+5PnFfopwVEP9uZtMB4Lf2rJp2Z0",10000000
C-00469,Bui Van Cuong,buicuong469@gmail.com,0925462036,Ha Noi,,STANDARD,ACTIVE,"$argon2id$v=19$m=19456,t=2,p=1$pAMrcZvnf82snB7mZk6yYg$IO2e2aDrDVQgfOw+5PnFfopwVEP9uZtMB4Lf2rJp2Z0",10000000
C-00470,Vo Van Linh,volinh470@gmail.com,0952390330,Ha Noi,,STANDARD,ACTIVE,"$argon2id$v=19$m=19456,t=2,p=1$pAMrcZvnf82snB7mZk6yYg$IO2e2aDrDVQgfOw+5PnFfopwVEP9uZtMB4Lf2rJp2Z0",10000000
C-00471,Bui Van Phuc,buiphuc471@gmail.com,0911802596,Ha Noi,,STANDARD,ACTIVE,"$argon2id$v=19$m=19456,t=2,p=1$pAMrcZvnf82snB7mZk6yYg$IO2e2aDrDVQgfOw+5PnFfopwVEP9uZtMB4Lf2rJp2Z0",10000000
C-00472,Nguyen Van Trung,nguyentrung472@gmail.com,0969509531,Ha Noi,,STANDARD,ACTIVE,"$argon2id$v=19$m=19456,t=2,p=1$pAMrcZvnf82snB7mZk6yYg$IO2e2aDrDVQgfOw+5PnFfopwVEP9uZtMB4Lf2rJp2Z0",10000000
C-00473,Pham Van Nam,phamnam473@gmail.com,0948839120,Ha Noi,,STANDARD,ACTIVE,"$argon2id$v=19$m=19456,t=2,p=1$pAMrcZvnf82snB7mZk6yYg$IO2e2aDrDVQgfOw+5PnFfopwVEP9uZtMB4Lf2rJp2Z0",10000000
C-00474,Vo Van Hung,vohung474@gmail.com,0957368671,Ha Noi,,GOLD,ACTIVE,"$argon2id$v=19$m=19456,t=2,p=1$pAMrcZvnf82snB7mZk6yYg$IO2e2aDrDVQgfOw+5PnFfopwVEP9uZtMB4Lf2rJp2Z0",10000000
C-00475,Dang Van Quang,dangquang475@gmail.com,0946835344,Ha Noi,,STANDARD,ACTIVE,"$argon2id$v=19$m=19456,t=2,p=1$pAMrcZvnf82snB7mZk6yYg$IO2e2aDrDVQgfOw+5PnFfopwVEP9uZtMB4Lf2rJp2Z0",10000000
C-00476,Vo Van Dung,vodung476@gmail.com,0964216683,Ha Noi,,STANDARD,ACTIVE,"$argon2id$v=19$m=19456,t=2,p=1$pAMrcZvnf82snB7mZk6yYg$IO2e2aDrDVQgfOw+5PnFfopwVEP9uZtMB4Lf2rJp2Z0",10000000
C-00477,Nguyen Van Son,nguyenson477@gmail.com,0960614002,Ha Noi,,STANDARD,ACTIVE,"$argon2id$v=19$m=19456,t=2,p=1$pAMrcZvnf82snB7mZk6yYg$IO2e2aDrDVQgfOw+5PnFfopwVEP9uZtMB4Lf2rJp2Z0",10000000
C-00478,Phan Van Anh,phananh478@gmail.com,0931568412,Ha Noi,,SILVER,ACTIVE,"$argon2id$v=19$m=19456,t=2,p=1$pAMrcZvnf82snB7mZk6yYg$IO2e2aDrDVQgfOw+5PnFfopwVEP9uZtMB4Lf2rJp2Z0",10000000
C-00479,Pham Van Minh,phamminh479@gmail.com,0986618849,Ha Noi,,STANDARD,ACTIVE,"$argon2id$v=19$m=19456,t=2,p=1$pAMrcZvnf82snB7mZk6yYg$IO2e2aDrDVQgfOw+5PnFfopwVEP9uZtMB4Lf2rJp2Z0",10000000
C-00480,Bui Van Thanh,buithanh480@gmail.com,0949109012,Ha Noi,,GOLD,ACTIVE,"$argon2id$v=19$m=19456,t=2,p=1$pAMrcZvnf82snB7mZk6yYg$IO2e2aDrDVQgfOw+5PnFfopwVEP9uZtMB4Lf2rJp2Z0",10000000
C-00481,Tran Van Hung,tranhung481@gmail.com,0990492528,Ha Noi,,GOLD,ACTIVE,"$argon2id$v=19$m=19456,t=2,p=1$pAMrcZvnf82snB7mZk6yYg$IO2e2aDrDVQgfOw+5PnFfopwVEP9uZtMB4Lf2rJp2Z0",10000000
C-00482,Phan Van Dung,phandung482@gmail.com,0935203425,Ha Noi,,SILVER,ACTIVE,"$argon2id$v=19$m=19456,t=2,p=1$pAMrcZvnf82snB7mZk6yYg$IO2e2aDrDVQgfOw+5PnFfopwVEP9uZtMB4Lf2rJp2Z0",10000000
C-00483,Hoang Van Trung,hoangtrung483@gmail.com,0941001238,Ha Noi,,STANDARD,ACTIVE,"$argon2id$v=19$m=19456,t=2,p=1$pAMrcZvnf82snB7mZk6yYg$IO2e2aDrDVQgfOw+5PnFfopwVEP9uZtMB4Lf2rJp2Z0",10000000
C-00484,Vu Van Nam,vunam484@gmail.com,0957162518,Ha Noi,,STANDARD,ACTIVE,"$argon2id$v=19$m=19456,t=2,p=1$pAMrcZvnf82snB7mZk6yYg$IO2e2aDrDVQgfOw+5PnFfopwVEP9uZtMB4Lf2rJp2Z0",10000000
C-00485,Phan Van Dung,phandung485@gmail.com,0973930196,Ha Noi,,GOLD,ACTIVE,"$argon2id$v=19$m=19456,t=2,p=1$pAMrcZvnf82snB7mZk6yYg$IO2e2aDrDVQgfOw+5PnFfopwVEP9uZtMB4Lf2rJp2Z0",10000000
C-00486,Vo Van Minh,vominh486@gmail.com,0924108433,Ha Noi,,SILVER,ACTIVE,"$argon2id$v=19$m=19456,t=2,p=1$pAMrcZvnf82snB7mZk6yYg$IO2e2aDrDVQgfOw+5PnFfopwVEP9uZtMB4Lf2rJp2Z0",10000000
C-00487,Phan Van Binh,phanbinh487@gmail.com,0944520580,Ha Noi,,STANDARD,ACTIVE,"$argon2id$v=19$m=19456,t=2,p=1$pAMrcZvnf82snB7mZk6yYg$IO2e2aDrDVQgfOw+5PnFfopwVEP9uZtMB4Lf2rJp2Z0",10000000
C-00488,Hoang Van Dung,hoangdung488@gmail.com,0979674680,Ha Noi,,STANDARD,ACTIVE,"$argon2id$v=19$m=19456,t=2,p=1$pAMrcZvnf82snB7mZk6yYg$IO2e2aDrDVQgfOw+5PnFfopwVEP9uZtMB4Lf2rJp2Z0",10000000
C-00489,Tran Van Trung,trantrung489@gmail.com,0978163888,Ha Noi,,STANDARD,ACTIVE,"$argon2id$v=19$m=19456,t=2,p=1$pAMrcZvnf82snB7mZk6yYg$IO2e2aDrDVQgfOw+5PnFfopwVEP9uZtMB4Lf2rJp2Z0",10000000
C-00490,Nguyen Van Minh,nguyenminh490@gmail.com,0949171613,Ha Noi,,SILVER,ACTIVE,"$argon2id$v=19$m=19456,t=2,p=1$pAMrcZvnf82snB7mZk6yYg$IO2e2aDrDVQgfOw+5PnFfopwVEP9uZtMB4Lf2rJp2Z0",10000000
C-00491,Bui Van Nam,buinam491@gmail.com,0951749221,Ha Noi,,SILVER,ACTIVE,"$argon2id$v=19$m=19456,t=2,p=1$pAMrcZvnf82snB7mZk6yYg$IO2e2aDrDVQgfOw+5PnFfopwVEP9uZtMB4Lf2rJp2Z0",10000000
C-00492,Hoang Van Linh,hoanglinh492@gmail.com,0970049245,Ha Noi,,STANDARD,ACTIVE,"$argon2id$v=19$m=19456,t=2,p=1$pAMrcZvnf82snB7mZk6yYg$IO2e2aDrDVQgfOw+5PnFfopwVEP9uZtMB4Lf2rJp2Z0",10000000
C-00493,Dang Van Minh,dangminh493@gmail.com,0974732981,Ha Noi,,STANDARD,ACTIVE,"$argon2id$v=19$m=19456,t=2,p=1$pAMrcZvnf82snB7mZk6yYg$IO2e2aDrDVQgfOw+5PnFfopwVEP9uZtMB4Lf2rJp2Z0",10000000
C-00494,Hoang Van Thanh,hoangthanh494@gmail.com,0990814502,Ha Noi,,STANDARD,ACTIVE,"$argon2id$v=19$m=19456,t=2,p=1$pAMrcZvnf82snB7mZk6yYg$IO2e2aDrDVQgfOw+5PnFfopwVEP9uZtMB4Lf2rJp2Z0",10000000
C-00495,Dang Van Trung,dangtrung495@gmail.com,0933587660,Ha Noi,,STANDARD,ACTIVE,"$argon2id$v=19$m=19456,t=2,p=1$pAMrcZvnf82snB7mZk6yYg$IO2e2aDrDVQgfOw+5PnFfopwVEP9uZtMB4Lf2rJp2Z0",10000000
C-00496,Pham Van Cuong,phamcuong496@gmail.com,0988397890,Ha Noi,,STANDARD,ACTIVE,"$argon2id$v=19$m=19456,t=2,p=1$pAMrcZvnf82snB7mZk6yYg$IO2e2aDrDVQgfOw+5PnFfopwVEP9uZtMB4Lf2rJp2Z0",10000000
C-00497,Phan Van Minh,phanminh497@gmail.com,0946985622,Ha Noi,,SILVER,ACTIVE,"$argon2id$v=19$m=19456,t=2,p=1$pAMrcZvnf82snB7mZk6yYg$IO2e2aDrDVQgfOw+5PnFfopwVEP9uZtMB4Lf2rJp2Z0",10000000
C-00498,Hoang Van Quang,hoangquang498@gmail.com,0951744832,Ha Noi,,STANDARD,ACTIVE,"$argon2id$v=19$m=19456,t=2,p=1$pAMrcZvnf82snB7mZk6yYg$IO2e2aDrDVQgfOw+5PnFfopwVEP9uZtMB4Lf2rJp2Z0",10000000
C-00499,Hoang Van Hieu,hoanghieu499@gmail.com,0954416120,Ha Noi,,STANDARD,ACTIVE,"$argon2id$v=19$m=19456,t=2,p=1$pAMrcZvnf82snB7mZk6yYg$IO2e2aDrDVQgfOw+5PnFfopwVEP9uZtMB4Lf2rJp2Z0",10000000
C-00500,Le Van Linh,lelinh500@gmail.com,0983559227,Ha Noi,,STANDARD,ACTIVE,"$argon2id$v=19$m=19456,t=2,p=1$pAMrcZvnf82snB7mZk6yYg$IO2e2aDrDVQgfOw+5PnFfopwVEP9uZtMB4Lf2rJp2Z0",10000000
C-00501,Tran Van Son,transon501@gmail.com,0914630244,Ha Noi,,STANDARD,ACTIVE,"$argon2id$v=19$m=19456,t=2,p=1$pAMrcZvnf82snB7mZk6yYg$IO2e2aDrDVQgfOw+5PnFfopwVEP9uZtMB4Lf2rJp2Z0",10000000
C-00502,Vo Van Phuc,vophuc502@gmail.com,0953522390,Ha Noi,,SILVER,ACTIVE,"$argon2id$v=19$m=19456,t=2,p=1$pAMrcZvnf82snB7mZk6yYg$IO2e2aDrDVQgfOw+5PnFfopwVEP9uZtMB4Lf2rJp2Z0",10000000
C-00503,Pham Van Thanh,phamthanh503@gmail.com,0969337025,Ha Noi,,STANDARD,ACTIVE,"$argon2id$v=19$m=19456,t=2,p=1$pAMrcZvnf82snB7mZk6yYg$IO2e2aDrDVQgfOw+5PnFfopwVEP9uZtMB4Lf2rJp2Z0",10000000
C-00504,Vu Van Phuc,vuphuc504@gmail.com,0985776807,Ha Noi,,STANDARD,ACTIVE,"$argon2id$v=19$m=19456,t=2,p=1$pAMrcZvnf82snB7mZk6yYg$IO2e2aDrDVQgfOw+5PnFfopwVEP9uZtMB4Lf2rJp2Z0",10000000
C-00505,Bui Van Minh,buiminh505@gmail.com,0928267352,Ha Noi,,SILVER,ACTIVE,"$argon2id$v=19$m=19456,t=2,p=1$pAMrcZvnf82snB7mZk6yYg$IO2e2aDrDVQgfOw+5PnFfopwVEP9uZtMB4Lf2rJp2Z0",10000000
C-00506,Le Van Binh,lebinh506@gmail.com,0989948005,Ha Noi,,SILVER,ACTIVE,"$argon2id$v=19$m=19456,t=2,p=1$pAMrcZvnf82snB7mZk6yYg$IO2e2aDrDVQgfOw+5PnFfopwVEP9uZtMB4Lf2rJp2Z0",10000000
C-00507,Pham Van Linh,phamlinh507@gmail.com,0933407665,Ha Noi,,STANDARD,ACTIVE,"$argon2id$v=19$m=19456,t=2,p=1$pAMrcZvnf82snB7mZk6yYg$IO2e2aDrDVQgfOw+5PnFfopwVEP9uZtMB4Lf2rJp2Z0",10000000
C-00508,Phan Van Minh,phanminh508@gmail.com,0967388046,Ha Noi,,SILVER,ACTIVE,"$argon2id$v=19$m=19456,t=2,p=1$pAMrcZvnf82snB7mZk6yYg$IO2e2aDrDVQgfOw+5PnFfopwVEP9uZtMB4Lf2rJp2Z0",10000000
C-00509,Le Van Minh,leminh509@gmail.com,0972030907,Ha Noi,,STANDARD,ACTIVE,"$argon2id$v=19$m=19456,t=2,p=1$pAMrcZvnf82snB7mZk6yYg$IO2e2aDrDVQgfOw+5PnFfopwVEP9uZtMB4Lf2rJp2Z0",10000000
C-00510,Hoang Van Nam,hoangnam510@gmail.com,0917736438,Ha Noi,,STANDARD,ACTIVE,"$argon2id$v=19$m=19456,t=2,p=1$pAMrcZvnf82snB7mZk6yYg$IO2e2aDrDVQgfOw+5PnFfopwVEP9uZtMB4Lf2rJp2Z0",10000000
C-00511,Phan Van Hung,phanhung511@gmail.com,0982438780,Ha Noi,,SILVER,ACTIVE,"$argon2id$v=19$m=19456,t=2,p=1$pAMrcZvnf82snB7mZk6yYg$IO2e2aDrDVQgfOw+5PnFfopwVEP9uZtMB4Lf2rJp2Z0",10000000
C-00512,Phan Van Thanh,phanthanh512@gmail.com,0927649383,Ha Noi,,STANDARD,ACTIVE,"$argon2id$v=19$m=19456,t=2,p=1$pAMrcZvnf82snB7mZk6yYg$IO2e2aDrDVQgfOw+5PnFfopwVEP9uZtMB4Lf2rJp2Z0",10000000
C-00513,Le Van Hung,lehung513@gmail.com,0923330403,Ha Noi,,STANDARD,ACTIVE,"$argon2id$v=19$m=19456,t=2,p=1$pAMrcZvnf82snB7mZk6yYg$IO2e2aDrDVQgfOw+5PnFfopwVEP9uZtMB4Lf2rJp2Z0",10000000
C-00514,Bui Van Binh,buibinh514@gmail.com,0913215201,Ha Noi,,GOLD,ACTIVE,"$argon2id$v=19$m=19456,t=2,p=1$pAMrcZvnf82snB7mZk6yYg$IO2e2aDrDVQgfOw+5PnFfopwVEP9uZtMB4Lf2rJp2Z0",10000000
C-00515,Dang Van Son,dangson515@gmail.com,0951904468,Ha Noi,,STANDARD,ACTIVE,"$argon2id$v=19$m=19456,t=2,p=1$pAMrcZvnf82snB7mZk6yYg$IO2e2aDrDVQgfOw+5PnFfopwVEP9uZtMB4Lf2rJp2Z0",10000000
C-00516,Nguyen Van Phuc,nguyenphuc516@gmail.com,0999445929,Ha Noi,,STANDARD,ACTIVE,"$argon2id$v=19$m=19456,t=2,p=1$pAMrcZvnf82snB7mZk6yYg$IO2e2aDrDVQgfOw+5PnFfopwVEP9uZtMB4Lf2rJp2Z0",10000000
C-00517,Nguyen Van Cuong,nguyencuong517@gmail.com,0959398388,Ha Noi,,STANDARD,ACTIVE,"$argon2id$v=19$m=19456,t=2,p=1$pAMrcZvnf82snB7mZk6yYg$IO2e2aDrDVQgfOw+5PnFfopwVEP9uZtMB4Lf2rJp2Z0",10000000
C-00518,Le Van Son,leson518@gmail.com,0954200565,Ha Noi,,SILVER,ACTIVE,"$argon2id$v=19$m=19456,t=2,p=1$pAMrcZvnf82snB7mZk6yYg$IO2e2aDrDVQgfOw+5PnFfopwVEP9uZtMB4Lf2rJp2Z0",10000000
C-00519,Hoang Van Son,hoangson519@gmail.com,0984720220,Ha Noi,,STANDARD,ACTIVE,"$argon2id$v=19$m=19456,t=2,p=1$pAMrcZvnf82snB7mZk6yYg$IO2e2aDrDVQgfOw+5PnFfopwVEP9uZtMB4Lf2rJp2Z0",10000000
C-00520,Vu Van Hieu,vuhieu520@gmail.com,0944249757,Ha Noi,,GOLD,ACTIVE,"$argon2id$v=19$m=19456,t=2,p=1$pAMrcZvnf82snB7mZk6yYg$IO2e2aDrDVQgfOw+5PnFfopwVEP9uZtMB4Lf2rJp2Z0",10000000
C-00521,Hoang Van Hieu,hoanghieu521@gmail.com,0949229416,Ha Noi,,SILVER,ACTIVE,"$argon2id$v=19$m=19456,t=2,p=1$pAMrcZvnf82snB7mZk6yYg$IO2e2aDrDVQgfOw+5PnFfopwVEP9uZtMB4Lf2rJp2Z0",10000000
C-00522,Tran Van Hung,tranhung522@gmail.com,0999784379,Ha Noi,,SILVER,ACTIVE,"$argon2id$v=19$m=19456,t=2,p=1$pAMrcZvnf82snB7mZk6yYg$IO2e2aDrDVQgfOw+5PnFfopwVEP9uZtMB4Lf2rJp2Z0",10000000
C-00523,Nguyen Van Hieu,nguyenhieu523@gmail.com,0915232212,Ha Noi,,STANDARD,ACTIVE,"$argon2id$v=19$m=19456,t=2,p=1$pAMrcZvnf82snB7mZk6yYg$IO2e2aDrDVQgfOw+5PnFfopwVEP9uZtMB4Lf2rJp2Z0",10000000
C-00524,Vo Van Dung,vodung524@gmail.com,0991694963,Ha Noi,,STANDARD,ACTIVE,"$argon2id$v=19$m=19456,t=2,p=1$pAMrcZvnf82snB7mZk6yYg$IO2e2aDrDVQgfOw+5PnFfopwVEP9uZtMB4Lf2rJp2Z0",10000000
C-00525,Nguyen Van Minh,nguyenminh525@gmail.com,0917862782,Ha Noi,,SILVER,ACTIVE,"$argon2id$v=19$m=19456,t=2,p=1$pAMrcZvnf82snB7mZk6yYg$IO2e2aDrDVQgfOw+5PnFfopwVEP9uZtMB4Lf2rJp2Z0",10000000
C-00526,Vo Van Anh,voanh526@gmail.com,0922796103,Ha Noi,,STANDARD,ACTIVE,"$argon2id$v=19$m=19456,t=2,p=1$pAMrcZvnf82snB7mZk6yYg$IO2e2aDrDVQgfOw+5PnFfopwVEP9uZtMB4Lf2rJp2Z0",10000000
C-00527,Vo Van Phuc,vophuc527@gmail.com,0915594220,Ha Noi,,GOLD,ACTIVE,"$argon2id$v=19$m=19456,t=2,p=1$pAMrcZvnf82snB7mZk6yYg$IO2e2aDrDVQgfOw+5PnFfopwVEP9uZtMB4Lf2rJp2Z0",10000000
C-00528,Le Van Hieu,lehieu528@gmail.com,0929289098,Ha Noi,,GOLD,ACTIVE,"$argon2id$v=19$m=19456,t=2,p=1$pAMrcZvnf82snB7mZk6yYg$IO2e2aDrDVQgfOw+5PnFfopwVEP9uZtMB4Lf2rJp2Z0",10000000
C-00529,Pham Van Khanh,phamkhanh529@gmail.com,0941844643,Ha Noi,,STANDARD,ACTIVE,"$argon2id$v=19$m=19456,t=2,p=1$pAMrcZvnf82snB7mZk6yYg$IO2e2aDrDVQgfOw+5PnFfopwVEP9uZtMB4Lf2rJp2Z0",10000000
C-00530,Pham Van Anh,phamanh530@gmail.com,0948644341,Ha Noi,,STANDARD,ACTIVE,"$argon2id$v=19$m=19456,t=2,p=1$pAMrcZvnf82snB7mZk6yYg$IO2e2aDrDVQgfOw+5PnFfopwVEP9uZtMB4Lf2rJp2Z0",10000000
C-00531,Le Van Hung,lehung531@gmail.com,0990095137,Ha Noi,,SILVER,ACTIVE,"$argon2id$v=19$m=19456,t=2,p=1$pAMrcZvnf82snB7mZk6yYg$IO2e2aDrDVQgfOw+5PnFfopwVEP9uZtMB4Lf2rJp2Z0",10000000
C-00532,Pham Van Binh,phambinh532@gmail.com,0949126092,Ha Noi,,STANDARD,ACTIVE,"$argon2id$v=19$m=19456,t=2,p=1$pAMrcZvnf82snB7mZk6yYg$IO2e2aDrDVQgfOw+5PnFfopwVEP9uZtMB4Lf2rJp2Z0",10000000
C-00533,Pham Van Hung,phamhung533@gmail.com,0921146761,Ha Noi,,STANDARD,ACTIVE,"$argon2id$v=19$m=19456,t=2,p=1$pAMrcZvnf82snB7mZk6yYg$IO2e2aDrDVQgfOw+5PnFfopwVEP9uZtMB4Lf2rJp2Z0",10000000
C-00534,Vu Van Dung,vudung534@gmail.com,0965617332,Ha Noi,,STANDARD,ACTIVE,"$argon2id$v=19$m=19456,t=2,p=1$pAMrcZvnf82snB7mZk6yYg$IO2e2aDrDVQgfOw+5PnFfopwVEP9uZtMB4Lf2rJp2Z0",10000000
C-00535,Bui Van Anh,buianh535@gmail.com,0957039465,Ha Noi,,STANDARD,ACTIVE,"$argon2id$v=19$m=19456,t=2,p=1$pAMrcZvnf82snB7mZk6yYg$IO2e2aDrDVQgfOw+5PnFfopwVEP9uZtMB4Lf2rJp2Z0",10000000
C-00536,Pham Van Dung,phamdung536@gmail.com,0922542501,Ha Noi,,GOLD,ACTIVE,"$argon2id$v=19$m=19456,t=2,p=1$pAMrcZvnf82snB7mZk6yYg$IO2e2aDrDVQgfOw+5PnFfopwVEP9uZtMB4Lf2rJp2Z0",10000000
C-00537,Le Van Minh,leminh537@gmail.com,0923560604,Ha Noi,,STANDARD,ACTIVE,"$argon2id$v=19$m=19456,t=2,p=1$pAMrcZvnf82snB7mZk6yYg$IO2e2aDrDVQgfOw+5PnFfopwVEP9uZtMB4Lf2rJp2Z0",10000000
C-00538,Pham Van Quang,phamquang538@gmail.com,0939281400,Ha Noi,,STANDARD,ACTIVE,"$argon2id$v=19$m=19456,t=2,p=1$pAMrcZvnf82snB7mZk6yYg$IO2e2aDrDVQgfOw+5PnFfopwVEP9uZtMB4Lf2rJp2Z0",10000000
C-00539,Phan Van Hung,phanhung539@gmail.com,0970185346,Ha Noi,,SILVER,ACTIVE,"$argon2id$v=19$m=19456,t=2,p=1$pAMrcZvnf82snB7mZk6yYg$IO2e2aDrDVQgfOw+5PnFfopwVEP9uZtMB4Lf2rJp2Z0",10000000
C-00540,Vu Van Thanh,vuthanh540@gmail.com,0962569569,Ha Noi,,STANDARD,ACTIVE,"$argon2id$v=19$m=19456,t=2,p=1$pAMrcZvnf82snB7mZk6yYg$IO2e2aDrDVQgfOw+5PnFfopwVEP9uZtMB4Lf2rJp2Z0",10000000
C-00541,Hoang Van Phuc,hoangphuc541@gmail.com,0930916429,Ha Noi,,STANDARD,ACTIVE,"$argon2id$v=19$m=19456,t=2,p=1$pAMrcZvnf82snB7mZk6yYg$IO2e2aDrDVQgfOw+5PnFfopwVEP9uZtMB4Lf2rJp2Z0",10000000
C-00542,Dang Van Cuong,dangcuong542@gmail.com,0954446970,Ha Noi,,STANDARD,ACTIVE,"$argon2id$v=19$m=19456,t=2,p=1$pAMrcZvnf82snB7mZk6yYg$IO2e2aDrDVQgfOw+5PnFfopwVEP9uZtMB4Lf2rJp2Z0",10000000
C-00543,Nguyen Van Hung,nguyenhung543@gmail.com,0965204481,Ha Noi,,GOLD,ACTIVE,"$argon2id$v=19$m=19456,t=2,p=1$pAMrcZvnf82snB7mZk6yYg$IO2e2aDrDVQgfOw+5PnFfopwVEP9uZtMB4Lf2rJp2Z0",10000000
C-00544,Pham Van Son,phamson544@gmail.com,0969299144,Ha Noi,,DIAMOND,ACTIVE,"$argon2id$v=19$m=19456,t=2,p=1$pAMrcZvnf82snB7mZk6yYg$IO2e2aDrDVQgfOw+5PnFfopwVEP9uZtMB4Lf2rJp2Z0",10000000
C-00545,Hoang Van Khanh,hoangkhanh545@gmail.com,0926444471,Ha Noi,,GOLD,ACTIVE,"$argon2id$v=19$m=19456,t=2,p=1$pAMrcZvnf82snB7mZk6yYg$IO2e2aDrDVQgfOw+5PnFfopwVEP9uZtMB4Lf2rJp2Z0",10000000
C-00546,Nguyen Van Thanh,nguyenthanh546@gmail.com,0916667461,Ha Noi,,STANDARD,ACTIVE,"$argon2id$v=19$m=19456,t=2,p=1$pAMrcZvnf82snB7mZk6yYg$IO2e2aDrDVQgfOw+5PnFfopwVEP9uZtMB4Lf2rJp2Z0",10000000
C-00547,Nguyen Van Anh,nguyenanh547@gmail.com,0954893309,Ha Noi,,STANDARD,ACTIVE,"$argon2id$v=19$m=19456,t=2,p=1$pAMrcZvnf82snB7mZk6yYg$IO2e2aDrDVQgfOw+5PnFfopwVEP9uZtMB4Lf2rJp2Z0",10000000
C-00548,Le Van Dung,ledung548@gmail.com,0924797384,Ha Noi,,STANDARD,ACTIVE,"$argon2id$v=19$m=19456,t=2,p=1$pAMrcZvnf82snB7mZk6yYg$IO2e2aDrDVQgfOw+5PnFfopwVEP9uZtMB4Lf2rJp2Z0",10000000
C-00549,Tran Van Khanh,trankhanh549@gmail.com,0987372140,Ha Noi,,GOLD,ACTIVE,"$argon2id$v=19$m=19456,t=2,p=1$pAMrcZvnf82snB7mZk6yYg$IO2e2aDrDVQgfOw+5PnFfopwVEP9uZtMB4Lf2rJp2Z0",10000000
C-00550,Le Van Khanh,lekhanh550@gmail.com,0948096417,Ha Noi,,STANDARD,ACTIVE,"$argon2id$v=19$m=19456,t=2,p=1$pAMrcZvnf82snB7mZk6yYg$IO2e2aDrDVQgfOw+5PnFfopwVEP9uZtMB4Lf2rJp2Z0",10000000
C-00551,Pham Van Trung,phamtrung551@gmail.com,0910227569,Ha Noi,,GOLD,ACTIVE,"$argon2id$v=19$m=19456,t=2,p=1$pAMrcZvnf82snB7mZk6yYg$IO2e2aDrDVQgfOw+5PnFfopwVEP9uZtMB4Lf2rJp2Z0",10000000
C-00552,Vu Van Cuong,vucuong552@gmail.com,0941421313,Ha Noi,,DIAMOND,ACTIVE,"$argon2id$v=19$m=19456,t=2,p=1$pAMrcZvnf82snB7mZk6yYg$IO2e2aDrDVQgfOw+5PnFfopwVEP9uZtMB4Lf2rJp2Z0",10000000
C-00553,Hoang Van Son,hoangson553@gmail.com,0981210430,Ha Noi,,STANDARD,ACTIVE,"$argon2id$v=19$m=19456,t=2,p=1$pAMrcZvnf82snB7mZk6yYg$IO2e2aDrDVQgfOw+5PnFfopwVEP9uZtMB4Lf2rJp2Z0",10000000
C-00554,Hoang Van Trung,hoangtrung554@gmail.com,0921348587,Ha Noi,,DIAMOND,ACTIVE,"$argon2id$v=19$m=19456,t=2,p=1$pAMrcZvnf82snB7mZk6yYg$IO2e2aDrDVQgfOw+5PnFfopwVEP9uZtMB4Lf2rJp2Z0",10000000
C-00555,Tran Van Cuong,trancuong555@gmail.com,0932609918,Ha Noi,,SILVER,ACTIVE,"$argon2id$v=19$m=19456,t=2,p=1$pAMrcZvnf82snB7mZk6yYg$IO2e2aDrDVQgfOw+5PnFfopwVEP9uZtMB4Lf2rJp2Z0",10000000
C-00556,Vo Van Anh,voanh556@gmail.com,0920471060,Ha Noi,,STANDARD,ACTIVE,"$argon2id$v=19$m=19456,t=2,p=1$pAMrcZvnf82snB7mZk6yYg$IO2e2aDrDVQgfOw+5PnFfopwVEP9uZtMB4Lf2rJp2Z0",10000000
C-00557,Vo Van Khanh,vokhanh557@gmail.com,0943972202,Ha Noi,,STANDARD,ACTIVE,"$argon2id$v=19$m=19456,t=2,p=1$pAMrcZvnf82snB7mZk6yYg$IO2e2aDrDVQgfOw+5PnFfopwVEP9uZtMB4Lf2rJp2Z0",10000000
C-00558,Vo Van Minh,vominh558@gmail.com,0974543123,Ha Noi,,STANDARD,ACTIVE,"$argon2id$v=19$m=19456,t=2,p=1$pAMrcZvnf82snB7mZk6yYg$IO2e2aDrDVQgfOw+5PnFfopwVEP9uZtMB4Lf2rJp2Z0",10000000
C-00559,Pham Van Hung,phamhung559@gmail.com,0949275045,Ha Noi,,STANDARD,ACTIVE,"$argon2id$v=19$m=19456,t=2,p=1$pAMrcZvnf82snB7mZk6yYg$IO2e2aDrDVQgfOw+5PnFfopwVEP9uZtMB4Lf2rJp2Z0",10000000
C-00560,Vo Van Hung,vohung560@gmail.com,0969980004,Ha Noi,,DIAMOND,ACTIVE,"$argon2id$v=19$m=19456,t=2,p=1$pAMrcZvnf82snB7mZk6yYg$IO2e2aDrDVQgfOw+5PnFfopwVEP9uZtMB4Lf2rJp2Z0",10000000
C-00561,Dang Van Quang,dangquang561@gmail.com,0936058986,Ha Noi,,STANDARD,ACTIVE,"$argon2id$v=19$m=19456,t=2,p=1$pAMrcZvnf82snB7mZk6yYg$IO2e2aDrDVQgfOw+5PnFfopwVEP9uZtMB4Lf2rJp2Z0",10000000
C-00562,Dang Van Binh,dangbinh562@gmail.com,0937140739,Ha Noi,,SILVER,ACTIVE,"$argon2id$v=19$m=19456,t=2,p=1$pAMrcZvnf82snB7mZk6yYg$IO2e2aDrDVQgfOw+5PnFfopwVEP9uZtMB4Lf2rJp2Z0",10000000
C-00563,Dang Van Phuc,dangphuc563@gmail.com,0979105676,Ha Noi,,SILVER,ACTIVE,"$argon2id$v=19$m=19456,t=2,p=1$pAMrcZvnf82snB7mZk6yYg$IO2e2aDrDVQgfOw+5PnFfopwVEP9uZtMB4Lf2rJp2Z0",10000000
C-00564,Hoang Van Nam,hoangnam564@gmail.com,0993463566,Ha Noi,,STANDARD,ACTIVE,"$argon2id$v=19$m=19456,t=2,p=1$pAMrcZvnf82snB7mZk6yYg$IO2e2aDrDVQgfOw+5PnFfopwVEP9uZtMB4Lf2rJp2Z0",10000000
C-00565,Vu Van Hung,vuhung565@gmail.com,0947998947,Ha Noi,,STANDARD,ACTIVE,"$argon2id$v=19$m=19456,t=2,p=1$pAMrcZvnf82snB7mZk6yYg$IO2e2aDrDVQgfOw+5PnFfopwVEP9uZtMB4Lf2rJp2Z0",10000000
C-00566,Vo Van Binh,vobinh566@gmail.com,0923411771,Ha Noi,,STANDARD,ACTIVE,"$argon2id$v=19$m=19456,t=2,p=1$pAMrcZvnf82snB7mZk6yYg$IO2e2aDrDVQgfOw+5PnFfopwVEP9uZtMB4Lf2rJp2Z0",10000000
C-00567,Nguyen Van Son,nguyenson567@gmail.com,0916784557,Ha Noi,,STANDARD,ACTIVE,"$argon2id$v=19$m=19456,t=2,p=1$pAMrcZvnf82snB7mZk6yYg$IO2e2aDrDVQgfOw+5PnFfopwVEP9uZtMB4Lf2rJp2Z0",10000000
C-00568,Bui Van Linh,builinh568@gmail.com,0932040304,Ha Noi,,STANDARD,ACTIVE,"$argon2id$v=19$m=19456,t=2,p=1$pAMrcZvnf82snB7mZk6yYg$IO2e2aDrDVQgfOw+5PnFfopwVEP9uZtMB4Lf2rJp2Z0",10000000
C-00569,Dang Van Thanh,dangthanh569@gmail.com,0978937291,Ha Noi,,STANDARD,ACTIVE,"$argon2id$v=19$m=19456,t=2,p=1$pAMrcZvnf82snB7mZk6yYg$IO2e2aDrDVQgfOw+5PnFfopwVEP9uZtMB4Lf2rJp2Z0",10000000
C-00570,Vo Van Cuong,vocuong570@gmail.com,0922681678,Ha Noi,,STANDARD,ACTIVE,"$argon2id$v=19$m=19456,t=2,p=1$pAMrcZvnf82snB7mZk6yYg$IO2e2aDrDVQgfOw+5PnFfopwVEP9uZtMB4Lf2rJp2Z0",10000000
C-00571,Le Van Hieu,lehieu571@gmail.com,0935484566,Ha Noi,,GOLD,ACTIVE,"$argon2id$v=19$m=19456,t=2,p=1$pAMrcZvnf82snB7mZk6yYg$IO2e2aDrDVQgfOw+5PnFfopwVEP9uZtMB4Lf2rJp2Z0",10000000
C-00572,Vu Van Trung,vutrung572@gmail.com,0921888055,Ha Noi,,DIAMOND,ACTIVE,"$argon2id$v=19$m=19456,t=2,p=1$pAMrcZvnf82snB7mZk6yYg$IO2e2aDrDVQgfOw+5PnFfopwVEP9uZtMB4Lf2rJp2Z0",10000000
C-00573,Pham Van Binh,phambinh573@gmail.com,0924732337,Ha Noi,,STANDARD,ACTIVE,"$argon2id$v=19$m=19456,t=2,p=1$pAMrcZvnf82snB7mZk6yYg$IO2e2aDrDVQgfOw+5PnFfopwVEP9uZtMB4Lf2rJp2Z0",10000000
C-00574,Tran Van Cuong,trancuong574@gmail.com,0911981429,Ha Noi,,STANDARD,ACTIVE,"$argon2id$v=19$m=19456,t=2,p=1$pAMrcZvnf82snB7mZk6yYg$IO2e2aDrDVQgfOw+5PnFfopwVEP9uZtMB4Lf2rJp2Z0",10000000
C-00575,Le Van Binh,lebinh575@gmail.com,0955952323,Ha Noi,,STANDARD,ACTIVE,"$argon2id$v=19$m=19456,t=2,p=1$pAMrcZvnf82snB7mZk6yYg$IO2e2aDrDVQgfOw+5PnFfopwVEP9uZtMB4Lf2rJp2Z0",10000000
C-00576,Pham Van Hung,phamhung576@gmail.com,0982143080,Ha Noi,,DIAMOND,ACTIVE,"$argon2id$v=19$m=19456,t=2,p=1$pAMrcZvnf82snB7mZk6yYg$IO2e2aDrDVQgfOw+5PnFfopwVEP9uZtMB4Lf2rJp2Z0",10000000
C-00577,Vo Van Phuc,vophuc577@gmail.com,0945228350,Ha Noi,,STANDARD,ACTIVE,"$argon2id$v=19$m=19456,t=2,p=1$pAMrcZvnf82snB7mZk6yYg$IO2e2aDrDVQgfOw+5PnFfopwVEP9uZtMB4Lf2rJp2Z0",10000000
C-00578,Vo Van Linh,volinh578@gmail.com,0945536937,Ha Noi,,GOLD,ACTIVE,"$argon2id$v=19$m=19456,t=2,p=1$pAMrcZvnf82snB7mZk6yYg$IO2e2aDrDVQgfOw+5PnFfopwVEP9uZtMB4Lf2rJp2Z0",10000000
C-00579,Vo Van Trung,votrung579@gmail.com,0924109513,Ha Noi,,SILVER,ACTIVE,"$argon2id$v=19$m=19456,t=2,p=1$pAMrcZvnf82snB7mZk6yYg$IO2e2aDrDVQgfOw+5PnFfopwVEP9uZtMB4Lf2rJp2Z0",10000000
C-00580,Pham Van Linh,phamlinh580@gmail.com,0963711319,Ha Noi,,STANDARD,ACTIVE,"$argon2id$v=19$m=19456,t=2,p=1$pAMrcZvnf82snB7mZk6yYg$IO2e2aDrDVQgfOw+5PnFfopwVEP9uZtMB4Lf2rJp2Z0",10000000
C-00581,Bui Van Minh,buiminh581@gmail.com,0941907040,Ha Noi,,STANDARD,ACTIVE,"$argon2id$v=19$m=19456,t=2,p=1$pAMrcZvnf82snB7mZk6yYg$IO2e2aDrDVQgfOw+5PnFfopwVEP9uZtMB4Lf2rJp2Z0",10000000
C-00582,Pham Van Binh,phambinh582@gmail.com,0958149864,Ha Noi,,STANDARD,ACTIVE,"$argon2id$v=19$m=19456,t=2,p=1$pAMrcZvnf82snB7mZk6yYg$IO2e2aDrDVQgfOw+5PnFfopwVEP9uZtMB4Lf2rJp2Z0",10000000
C-00583,Bui Van Hung,buihung583@gmail.com,0998572334,Ha Noi,,STANDARD,ACTIVE,"$argon2id$v=19$m=19456,t=2,p=1$pAMrcZvnf82snB7mZk6yYg$IO2e2aDrDVQgfOw+5PnFfopwVEP9uZtMB4Lf2rJp2Z0",10000000
C-00584,Pham Van Son,phamson584@gmail.com,0989447525,Ha Noi,,SILVER,ACTIVE,"$argon2id$v=19$m=19456,t=2,p=1$pAMrcZvnf82snB7mZk6yYg$IO2e2aDrDVQgfOw+5PnFfopwVEP9uZtMB4Lf2rJp2Z0",10000000
C-00585,Le Van Dung,ledung585@gmail.com,0912617542,Ha Noi,,SILVER,ACTIVE,"$argon2id$v=19$m=19456,t=2,p=1$pAMrcZvnf82snB7mZk6yYg$IO2e2aDrDVQgfOw+5PnFfopwVEP9uZtMB4Lf2rJp2Z0",10000000
C-00586,Dang Van Minh,dangminh586@gmail.com,0988462652,Ha Noi,,STANDARD,ACTIVE,"$argon2id$v=19$m=19456,t=2,p=1$pAMrcZvnf82snB7mZk6yYg$IO2e2aDrDVQgfOw+5PnFfopwVEP9uZtMB4Lf2rJp2Z0",10000000
C-00587,Le Van Khanh,lekhanh587@gmail.com,0928955276,Ha Noi,,STANDARD,ACTIVE,"$argon2id$v=19$m=19456,t=2,p=1$pAMrcZvnf82snB7mZk6yYg$IO2e2aDrDVQgfOw+5PnFfopwVEP9uZtMB4Lf2rJp2Z0",10000000
C-00588,Le Van Linh,lelinh588@gmail.com,0978727364,Ha Noi,,STANDARD,ACTIVE,"$argon2id$v=19$m=19456,t=2,p=1$pAMrcZvnf82snB7mZk6yYg$IO2e2aDrDVQgfOw+5PnFfopwVEP9uZtMB4Lf2rJp2Z0",10000000
C-00589,Dang Van Khanh,dangkhanh589@gmail.com,0967361842,Ha Noi,,SILVER,ACTIVE,"$argon2id$v=19$m=19456,t=2,p=1$pAMrcZvnf82snB7mZk6yYg$IO2e2aDrDVQgfOw+5PnFfopwVEP9uZtMB4Lf2rJp2Z0",10000000
C-00590,Nguyen Van Thanh,nguyenthanh590@gmail.com,0958827634,Ha Noi,,STANDARD,ACTIVE,"$argon2id$v=19$m=19456,t=2,p=1$pAMrcZvnf82snB7mZk6yYg$IO2e2aDrDVQgfOw+5PnFfopwVEP9uZtMB4Lf2rJp2Z0",10000000
C-00591,Pham Van Phuc,phamphuc591@gmail.com,0981689402,Ha Noi,,STANDARD,ACTIVE,"$argon2id$v=19$m=19456,t=2,p=1$pAMrcZvnf82snB7mZk6yYg$IO2e2aDrDVQgfOw+5PnFfopwVEP9uZtMB4Lf2rJp2Z0",10000000
C-00592,Nguyen Van Thanh,nguyenthanh592@gmail.com,0913675725,Ha Noi,,STANDARD,ACTIVE,"$argon2id$v=19$m=19456,t=2,p=1$pAMrcZvnf82snB7mZk6yYg$IO2e2aDrDVQgfOw+5PnFfopwVEP9uZtMB4Lf2rJp2Z0",10000000
C-00593,Bui Van Cuong,buicuong593@gmail.com,0957631314,Ha Noi,,GOLD,ACTIVE,"$argon2id$v=19$m=19456,t=2,p=1$pAMrcZvnf82snB7mZk6yYg$IO2e2aDrDVQgfOw+5PnFfopwVEP9uZtMB4Lf2rJp2Z0",10000000
C-00594,Vo Van Khanh,vokhanh594@gmail.com,0932288095,Ha Noi,,SILVER,ACTIVE,"$argon2id$v=19$m=19456,t=2,p=1$pAMrcZvnf82snB7mZk6yYg$IO2e2aDrDVQgfOw+5PnFfopwVEP9uZtMB4Lf2rJp2Z0",10000000
C-00595,Nguyen Van Khanh,nguyenkhanh595@gmail.com,0966724827,Ha Noi,,SILVER,ACTIVE,"$argon2id$v=19$m=19456,t=2,p=1$pAMrcZvnf82snB7mZk6yYg$IO2e2aDrDVQgfOw+5PnFfopwVEP9uZtMB4Lf2rJp2Z0",10000000
C-00596,Dang Van Son,dangson596@gmail.com,0966450428,Ha Noi,,STANDARD,ACTIVE,"$argon2id$v=19$m=19456,t=2,p=1$pAMrcZvnf82snB7mZk6yYg$IO2e2aDrDVQgfOw+5PnFfopwVEP9uZtMB4Lf2rJp2Z0",10000000
C-00597,Hoang Van Trung,hoangtrung597@gmail.com,0988124055,Ha Noi,,GOLD,ACTIVE,"$argon2id$v=19$m=19456,t=2,p=1$pAMrcZvnf82snB7mZk6yYg$IO2e2aDrDVQgfOw+5PnFfopwVEP9uZtMB4Lf2rJp2Z0",10000000
C-00598,Nguyen Van Son,nguyenson598@gmail.com,0916750070,Ha Noi,,SILVER,ACTIVE,"$argon2id$v=19$m=19456,t=2,p=1$pAMrcZvnf82snB7mZk6yYg$IO2e2aDrDVQgfOw+5PnFfopwVEP9uZtMB4Lf2rJp2Z0",10000000
C-00599,Le Van Hung,lehung599@gmail.com,0968117045,Ha Noi,,STANDARD,ACTIVE,"$argon2id$v=19$m=19456,t=2,p=1$pAMrcZvnf82snB7mZk6yYg$IO2e2aDrDVQgfOw+5PnFfopwVEP9uZtMB4Lf2rJp2Z0",10000000
C-00600,Tran Van Anh,trananh600@gmail.com,0947129465,Ha Noi,,SILVER,ACTIVE,"$argon2id$v=19$m=19456,t=2,p=1$pAMrcZvnf82snB7mZk6yYg$IO2e2aDrDVQgfOw+5PnFfopwVEP9uZtMB4Lf2rJp2Z0",10000000
C-00601,Vu Van Anh,vuanh601@gmail.com,0919330443,Ha Noi,,SILVER,ACTIVE,"$argon2id$v=19$m=19456,t=2,p=1$pAMrcZvnf82snB7mZk6yYg$IO2e2aDrDVQgfOw+5PnFfopwVEP9uZtMB4Lf2rJp2Z0",10000000
C-00602,Pham Van Quang,phamquang602@gmail.com,0970778646,Ha Noi,,STANDARD,ACTIVE,"$argon2id$v=19$m=19456,t=2,p=1$pAMrcZvnf82snB7mZk6yYg$IO2e2aDrDVQgfOw+5PnFfopwVEP9uZtMB4Lf2rJp2Z0",10000000
C-00603,Bui Van Quang,buiquang603@gmail.com,0969424050,Ha Noi,,SILVER,ACTIVE,"$argon2id$v=19$m=19456,t=2,p=1$pAMrcZvnf82snB7mZk6yYg$IO2e2aDrDVQgfOw+5PnFfopwVEP9uZtMB4Lf2rJp2Z0",10000000
C-00604,Le Van Thanh,lethanh604@gmail.com,0934947371,Ha Noi,,STANDARD,ACTIVE,"$argon2id$v=19$m=19456,t=2,p=1$pAMrcZvnf82snB7mZk6yYg$IO2e2aDrDVQgfOw+5PnFfopwVEP9uZtMB4Lf2rJp2Z0",10000000
C-00605,Vo Van Trung,votrung605@gmail.com,0911327775,Ha Noi,,SILVER,ACTIVE,"$argon2id$v=19$m=19456,t=2,p=1$pAMrcZvnf82snB7mZk6yYg$IO2e2aDrDVQgfOw+5PnFfopwVEP9uZtMB4Lf2rJp2Z0",10000000
C-00606,Phan Van Son,phanson606@gmail.com,0941814843,Ha Noi,,GOLD,ACTIVE,"$argon2id$v=19$m=19456,t=2,p=1$pAMrcZvnf82snB7mZk6yYg$IO2e2aDrDVQgfOw+5PnFfopwVEP9uZtMB4Lf2rJp2Z0",10000000
C-00607,Dang Van Minh,dangminh607@gmail.com,0926438401,Ha Noi,,STANDARD,ACTIVE,"$argon2id$v=19$m=19456,t=2,p=1$pAMrcZvnf82snB7mZk6yYg$IO2e2aDrDVQgfOw+5PnFfopwVEP9uZtMB4Lf2rJp2Z0",10000000
C-00608,Pham Van Khanh,phamkhanh608@gmail.com,0966713968,Ha Noi,,STANDARD,ACTIVE,"$argon2id$v=19$m=19456,t=2,p=1$pAMrcZvnf82snB7mZk6yYg$IO2e2aDrDVQgfOw+5PnFfopwVEP9uZtMB4Lf2rJp2Z0",10000000
C-00609,Dang Van Khanh,dangkhanh609@gmail.com,0946969994,Ha Noi,,STANDARD,ACTIVE,"$argon2id$v=19$m=19456,t=2,p=1$pAMrcZvnf82snB7mZk6yYg$IO2e2aDrDVQgfOw+5PnFfopwVEP9uZtMB4Lf2rJp2Z0",10000000
C-00610,Le Van Hieu,lehieu610@gmail.com,0922247717,Ha Noi,,STANDARD,ACTIVE,"$argon2id$v=19$m=19456,t=2,p=1$pAMrcZvnf82snB7mZk6yYg$IO2e2aDrDVQgfOw+5PnFfopwVEP9uZtMB4Lf2rJp2Z0",10000000
C-00611,Nguyen Van Phuc,nguyenphuc611@gmail.com,0911907197,Ha Noi,,SILVER,ACTIVE,"$argon2id$v=19$m=19456,t=2,p=1$pAMrcZvnf82snB7mZk6yYg$IO2e2aDrDVQgfOw+5PnFfopwVEP9uZtMB4Lf2rJp2Z0",10000000
C-00612,Nguyen Van Khanh,nguyenkhanh612@gmail.com,0916700520,Ha Noi,,STANDARD,ACTIVE,"$argon2id$v=19$m=19456,t=2,p=1$pAMrcZvnf82snB7mZk6yYg$IO2e2aDrDVQgfOw+5PnFfopwVEP9uZtMB4Lf2rJp2Z0",10000000
C-00613,Dang Van Hung,danghung613@gmail.com,0948942410,Ha Noi,,STANDARD,ACTIVE,"$argon2id$v=19$m=19456,t=2,p=1$pAMrcZvnf82snB7mZk6yYg$IO2e2aDrDVQgfOw+5PnFfopwVEP9uZtMB4Lf2rJp2Z0",10000000
C-00614,Nguyen Van Khanh,nguyenkhanh614@gmail.com,0969246144,Ha Noi,,STANDARD,ACTIVE,"$argon2id$v=19$m=19456,t=2,p=1$pAMrcZvnf82snB7mZk6yYg$IO2e2aDrDVQgfOw+5PnFfopwVEP9uZtMB4Lf2rJp2Z0",10000000
C-00615,Le Van Hung,lehung615@gmail.com,0990869399,Ha Noi,,STANDARD,ACTIVE,"$argon2id$v=19$m=19456,t=2,p=1$pAMrcZvnf82snB7mZk6yYg$IO2e2aDrDVQgfOw+5PnFfopwVEP9uZtMB4Lf2rJp2Z0",10000000
C-00616,Hoang Van Khanh,hoangkhanh616@gmail.com,0990421374,Ha Noi,,STANDARD,ACTIVE,"$argon2id$v=19$m=19456,t=2,p=1$pAMrcZvnf82snB7mZk6yYg$IO2e2aDrDVQgfOw+5PnFfopwVEP9uZtMB4Lf2rJp2Z0",10000000
C-00617,Phan Van Nam,phannam617@gmail.com,0920608881,Ha Noi,,STANDARD,ACTIVE,"$argon2id$v=19$m=19456,t=2,p=1$pAMrcZvnf82snB7mZk6yYg$IO2e2aDrDVQgfOw+5PnFfopwVEP9uZtMB4Lf2rJp2Z0",10000000
C-00618,Tran Van Dung,trandung618@gmail.com,0976727502,Ha Noi,,SILVER,ACTIVE,"$argon2id$v=19$m=19456,t=2,p=1$pAMrcZvnf82snB7mZk6yYg$IO2e2aDrDVQgfOw+5PnFfopwVEP9uZtMB4Lf2rJp2Z0",10000000
C-00619,Tran Van Phuc,tranphuc619@gmail.com,0955154136,Ha Noi,,STANDARD,ACTIVE,"$argon2id$v=19$m=19456,t=2,p=1$pAMrcZvnf82snB7mZk6yYg$IO2e2aDrDVQgfOw+5PnFfopwVEP9uZtMB4Lf2rJp2Z0",10000000
C-00620,Le Van Anh,leanh620@gmail.com,0924912771,Ha Noi,,STANDARD,ACTIVE,"$argon2id$v=19$m=19456,t=2,p=1$pAMrcZvnf82snB7mZk6yYg$IO2e2aDrDVQgfOw+5PnFfopwVEP9uZtMB4Lf2rJp2Z0",10000000
C-00621,Vu Van Khanh,vukhanh621@gmail.com,0974967928,Ha Noi,,STANDARD,ACTIVE,"$argon2id$v=19$m=19456,t=2,p=1$pAMrcZvnf82snB7mZk6yYg$IO2e2aDrDVQgfOw+5PnFfopwVEP9uZtMB4Lf2rJp2Z0",10000000
C-00622,Bui Van Khanh,buikhanh622@gmail.com,0947626127,Ha Noi,,STANDARD,ACTIVE,"$argon2id$v=19$m=19456,t=2,p=1$pAMrcZvnf82snB7mZk6yYg$IO2e2aDrDVQgfOw+5PnFfopwVEP9uZtMB4Lf2rJp2Z0",10000000
C-00623,Dang Van Dung,dangdung623@gmail.com,0945464403,Ha Noi,,STANDARD,ACTIVE,"$argon2id$v=19$m=19456,t=2,p=1$pAMrcZvnf82snB7mZk6yYg$IO2e2aDrDVQgfOw+5PnFfopwVEP9uZtMB4Lf2rJp2Z0",10000000
C-00624,Vo Van Khanh,vokhanh624@gmail.com,0965891711,Ha Noi,,SILVER,ACTIVE,"$argon2id$v=19$m=19456,t=2,p=1$pAMrcZvnf82snB7mZk6yYg$IO2e2aDrDVQgfOw+5PnFfopwVEP9uZtMB4Lf2rJp2Z0",10000000
C-00625,Hoang Van Khanh,hoangkhanh625@gmail.com,0931215929,Ha Noi,,STANDARD,ACTIVE,"$argon2id$v=19$m=19456,t=2,p=1$pAMrcZvnf82snB7mZk6yYg$IO2e2aDrDVQgfOw+5PnFfopwVEP9uZtMB4Lf2rJp2Z0",10000000
C-00626,Vu Van Cuong,vucuong626@gmail.com,0985721865,Ha Noi,,GOLD,ACTIVE,"$argon2id$v=19$m=19456,t=2,p=1$pAMrcZvnf82snB7mZk6yYg$IO2e2aDrDVQgfOw+5PnFfopwVEP9uZtMB4Lf2rJp2Z0",10000000
C-00627,Pham Van Trung,phamtrung627@gmail.com,0929073085,Ha Noi,,STANDARD,ACTIVE,"$argon2id$v=19$m=19456,t=2,p=1$pAMrcZvnf82snB7mZk6yYg$IO2e2aDrDVQgfOw+5PnFfopwVEP9uZtMB4Lf2rJp2Z0",10000000
C-00628,Vo Van Trung,votrung628@gmail.com,0966208186,Ha Noi,,STANDARD,ACTIVE,"$argon2id$v=19$m=19456,t=2,p=1$pAMrcZvnf82snB7mZk6yYg$IO2e2aDrDVQgfOw+5PnFfopwVEP9uZtMB4Lf2rJp2Z0",10000000
C-00629,Phan Van Khanh,phankhanh629@gmail.com,0971144648,Ha Noi,,SILVER,ACTIVE,"$argon2id$v=19$m=19456,t=2,p=1$pAMrcZvnf82snB7mZk6yYg$IO2e2aDrDVQgfOw+5PnFfopwVEP9uZtMB4Lf2rJp2Z0",10000000
C-00630,Le Van Minh,leminh630@gmail.com,0919535373,Ha Noi,,STANDARD,ACTIVE,"$argon2id$v=19$m=19456,t=2,p=1$pAMrcZvnf82snB7mZk6yYg$IO2e2aDrDVQgfOw+5PnFfopwVEP9uZtMB4Lf2rJp2Z0",10000000
C-00631,Pham Van Linh,phamlinh631@gmail.com,0983862001,Ha Noi,,DIAMOND,ACTIVE,"$argon2id$v=19$m=19456,t=2,p=1$pAMrcZvnf82snB7mZk6yYg$IO2e2aDrDVQgfOw+5PnFfopwVEP9uZtMB4Lf2rJp2Z0",10000000
C-00632,Tran Van Phuc,tranphuc632@gmail.com,0979101530,Ha Noi,,STANDARD,ACTIVE,"$argon2id$v=19$m=19456,t=2,p=1$pAMrcZvnf82snB7mZk6yYg$IO2e2aDrDVQgfOw+5PnFfopwVEP9uZtMB4Lf2rJp2Z0",10000000
C-00633,Le Van Khanh,lekhanh633@gmail.com,0950264984,Ha Noi,,GOLD,ACTIVE,"$argon2id$v=19$m=19456,t=2,p=1$pAMrcZvnf82snB7mZk6yYg$IO2e2aDrDVQgfOw+5PnFfopwVEP9uZtMB4Lf2rJp2Z0",10000000
C-00634,Bui Van Linh,builinh634@gmail.com,0913711030,Ha Noi,,SILVER,ACTIVE,"$argon2id$v=19$m=19456,t=2,p=1$pAMrcZvnf82snB7mZk6yYg$IO2e2aDrDVQgfOw+5PnFfopwVEP9uZtMB4Lf2rJp2Z0",10000000
C-00635,Hoang Van Minh,hoangminh635@gmail.com,0921803820,Ha Noi,,STANDARD,ACTIVE,"$argon2id$v=19$m=19456,t=2,p=1$pAMrcZvnf82snB7mZk6yYg$IO2e2aDrDVQgfOw+5PnFfopwVEP9uZtMB4Lf2rJp2Z0",10000000
C-00636,Bui Van Hieu,buihieu636@gmail.com,0979718468,Ha Noi,,SILVER,ACTIVE,"$argon2id$v=19$m=19456,t=2,p=1$pAMrcZvnf82snB7mZk6yYg$IO2e2aDrDVQgfOw+5PnFfopwVEP9uZtMB4Lf2rJp2Z0",10000000
C-00637,Tran Van Thanh,tranthanh637@gmail.com,0949775073,Ha Noi,,STANDARD,ACTIVE,"$argon2id$v=19$m=19456,t=2,p=1$pAMrcZvnf82snB7mZk6yYg$IO2e2aDrDVQgfOw+5PnFfopwVEP9uZtMB4Lf2rJp2Z0",10000000
C-00638,Nguyen Van Phuc,nguyenphuc638@gmail.com,0985453299,Ha Noi,,STANDARD,ACTIVE,"$argon2id$v=19$m=19456,t=2,p=1$pAMrcZvnf82snB7mZk6yYg$IO2e2aDrDVQgfOw+5PnFfopwVEP9uZtMB4Lf2rJp2Z0",10000000
C-00639,Hoang Van Linh,hoanglinh639@gmail.com,0981900205,Ha Noi,,GOLD,ACTIVE,"$argon2id$v=19$m=19456,t=2,p=1$pAMrcZvnf82snB7mZk6yYg$IO2e2aDrDVQgfOw+5PnFfopwVEP9uZtMB4Lf2rJp2Z0",10000000
C-00640,Nguyen Van Binh,nguyenbinh640@gmail.com,0963839943,Ha Noi,,STANDARD,ACTIVE,"$argon2id$v=19$m=19456,t=2,p=1$pAMrcZvnf82snB7mZk6yYg$IO2e2aDrDVQgfOw+5PnFfopwVEP9uZtMB4Lf2rJp2Z0",10000000
C-00641,Nguyen Van Minh,nguyenminh641@gmail.com,0928576564,Ha Noi,,STANDARD,ACTIVE,"$argon2id$v=19$m=19456,t=2,p=1$pAMrcZvnf82snB7mZk6yYg$IO2e2aDrDVQgfOw+5PnFfopwVEP9uZtMB4Lf2rJp2Z0",10000000
C-00642,Tran Van Hung,tranhung642@gmail.com,0966578573,Ha Noi,,STANDARD,ACTIVE,"$argon2id$v=19$m=19456,t=2,p=1$pAMrcZvnf82snB7mZk6yYg$IO2e2aDrDVQgfOw+5PnFfopwVEP9uZtMB4Lf2rJp2Z0",10000000
C-00643,Dang Van Hung,danghung643@gmail.com,0926518730,Ha Noi,,SILVER,ACTIVE,"$argon2id$v=19$m=19456,t=2,p=1$pAMrcZvnf82snB7mZk6yYg$IO2e2aDrDVQgfOw+5PnFfopwVEP9uZtMB4Lf2rJp2Z0",10000000
C-00644,Le Van Phuc,lephuc644@gmail.com,0952862279,Ha Noi,,STANDARD,ACTIVE,"$argon2id$v=19$m=19456,t=2,p=1$pAMrcZvnf82snB7mZk6yYg$IO2e2aDrDVQgfOw+5PnFfopwVEP9uZtMB4Lf2rJp2Z0",10000000
C-00645,Nguyen Van Hung,nguyenhung645@gmail.com,0973611434,Ha Noi,,SILVER,ACTIVE,"$argon2id$v=19$m=19456,t=2,p=1$pAMrcZvnf82snB7mZk6yYg$IO2e2aDrDVQgfOw+5PnFfopwVEP9uZtMB4Lf2rJp2Z0",10000000
C-00646,Dang Van Anh,danganh646@gmail.com,0995729327,Ha Noi,,STANDARD,ACTIVE,"$argon2id$v=19$m=19456,t=2,p=1$pAMrcZvnf82snB7mZk6yYg$IO2e2aDrDVQgfOw+5PnFfopwVEP9uZtMB4Lf2rJp2Z0",10000000
C-00647,Vu Van Dung,vudung647@gmail.com,0936309302,Ha Noi,,STANDARD,ACTIVE,"$argon2id$v=19$m=19456,t=2,p=1$pAMrcZvnf82snB7mZk6yYg$IO2e2aDrDVQgfOw+5PnFfopwVEP9uZtMB4Lf2rJp2Z0",10000000
C-00648,Hoang Van Nam,hoangnam648@gmail.com,0973743127,Ha Noi,,STANDARD,ACTIVE,"$argon2id$v=19$m=19456,t=2,p=1$pAMrcZvnf82snB7mZk6yYg$IO2e2aDrDVQgfOw+5PnFfopwVEP9uZtMB4Lf2rJp2Z0",10000000
C-00649,Hoang Van Phuc,hoangphuc649@gmail.com,0938328883,Ha Noi,,STANDARD,ACTIVE,"$argon2id$v=19$m=19456,t=2,p=1$pAMrcZvnf82snB7mZk6yYg$IO2e2aDrDVQgfOw+5PnFfopwVEP9uZtMB4Lf2rJp2Z0",10000000
C-00650,Hoang Van Minh,hoangminh650@gmail.com,0998453231,Ha Noi,,SILVER,ACTIVE,"$argon2id$v=19$m=19456,t=2,p=1$pAMrcZvnf82snB7mZk6yYg$IO2e2aDrDVQgfOw+5PnFfopwVEP9uZtMB4Lf2rJp2Z0",10000000
C-00651,Bui Van Cuong,buicuong651@gmail.com,0981287838,Ha Noi,,STANDARD,ACTIVE,"$argon2id$v=19$m=19456,t=2,p=1$pAMrcZvnf82snB7mZk6yYg$IO2e2aDrDVQgfOw+5PnFfopwVEP9uZtMB4Lf2rJp2Z0",10000000
C-00652,Vu Van Dung,vudung652@gmail.com,0941353437,Ha Noi,,SILVER,ACTIVE,"$argon2id$v=19$m=19456,t=2,p=1$pAMrcZvnf82snB7mZk6yYg$IO2e2aDrDVQgfOw+5PnFfopwVEP9uZtMB4Lf2rJp2Z0",10000000
C-00653,Nguyen Van Khanh,nguyenkhanh653@gmail.com,0919869556,Ha Noi,,STANDARD,ACTIVE,"$argon2id$v=19$m=19456,t=2,p=1$pAMrcZvnf82snB7mZk6yYg$IO2e2aDrDVQgfOw+5PnFfopwVEP9uZtMB4Lf2rJp2Z0",10000000
C-00654,Dang Van Linh,danglinh654@gmail.com,0924136634,Ha Noi,,STANDARD,ACTIVE,"$argon2id$v=19$m=19456,t=2,p=1$pAMrcZvnf82snB7mZk6yYg$IO2e2aDrDVQgfOw+5PnFfopwVEP9uZtMB4Lf2rJp2Z0",10000000
C-00655,Phan Van Linh,phanlinh655@gmail.com,0965368275,Ha Noi,,GOLD,ACTIVE,"$argon2id$v=19$m=19456,t=2,p=1$pAMrcZvnf82snB7mZk6yYg$IO2e2aDrDVQgfOw+5PnFfopwVEP9uZtMB4Lf2rJp2Z0",10000000
C-00656,Phan Van Cuong,phancuong656@gmail.com,0985047705,Ha Noi,,GOLD,ACTIVE,"$argon2id$v=19$m=19456,t=2,p=1$pAMrcZvnf82snB7mZk6yYg$IO2e2aDrDVQgfOw+5PnFfopwVEP9uZtMB4Lf2rJp2Z0",10000000
C-00657,Vo Van Quang,voquang657@gmail.com,0996332526,Ha Noi,,STANDARD,ACTIVE,"$argon2id$v=19$m=19456,t=2,p=1$pAMrcZvnf82snB7mZk6yYg$IO2e2aDrDVQgfOw+5PnFfopwVEP9uZtMB4Lf2rJp2Z0",10000000
C-00658,Vo Van Son,voson658@gmail.com,0985551625,Ha Noi,,STANDARD,ACTIVE,"$argon2id$v=19$m=19456,t=2,p=1$pAMrcZvnf82snB7mZk6yYg$IO2e2aDrDVQgfOw+5PnFfopwVEP9uZtMB4Lf2rJp2Z0",10000000
C-00659,Phan Van Cuong,phancuong659@gmail.com,0919952053,Ha Noi,,SILVER,ACTIVE,"$argon2id$v=19$m=19456,t=2,p=1$pAMrcZvnf82snB7mZk6yYg$IO2e2aDrDVQgfOw+5PnFfopwVEP9uZtMB4Lf2rJp2Z0",10000000
C-00660,Vu Van Cuong,vucuong660@gmail.com,0987707135,Ha Noi,,STANDARD,ACTIVE,"$argon2id$v=19$m=19456,t=2,p=1$pAMrcZvnf82snB7mZk6yYg$IO2e2aDrDVQgfOw+5PnFfopwVEP9uZtMB4Lf2rJp2Z0",10000000
C-00661,Tran Van Hung,tranhung661@gmail.com,0943489269,Ha Noi,,STANDARD,ACTIVE,"$argon2id$v=19$m=19456,t=2,p=1$pAMrcZvnf82snB7mZk6yYg$IO2e2aDrDVQgfOw+5PnFfopwVEP9uZtMB4Lf2rJp2Z0",10000000
C-00662,Vo Van Linh,volinh662@gmail.com,0965432922,Ha Noi,,STANDARD,ACTIVE,"$argon2id$v=19$m=19456,t=2,p=1$pAMrcZvnf82snB7mZk6yYg$IO2e2aDrDVQgfOw+5PnFfopwVEP9uZtMB4Lf2rJp2Z0",10000000
C-00663,Vo Van Phuc,vophuc663@gmail.com,0982882158,Ha Noi,,GOLD,ACTIVE,"$argon2id$v=19$m=19456,t=2,p=1$pAMrcZvnf82snB7mZk6yYg$IO2e2aDrDVQgfOw+5PnFfopwVEP9uZtMB4Lf2rJp2Z0",10000000
C-00664,Dang Van Linh,danglinh664@gmail.com,0921972178,Ha Noi,,SILVER,ACTIVE,"$argon2id$v=19$m=19456,t=2,p=1$pAMrcZvnf82snB7mZk6yYg$IO2e2aDrDVQgfOw+5PnFfopwVEP9uZtMB4Lf2rJp2Z0",10000000
C-00665,Nguyen Van Dung,nguyendung665@gmail.com,0953064624,Ha Noi,,STANDARD,ACTIVE,"$argon2id$v=19$m=19456,t=2,p=1$pAMrcZvnf82snB7mZk6yYg$IO2e2aDrDVQgfOw+5PnFfopwVEP9uZtMB4Lf2rJp2Z0",10000000
C-00666,Vo Van Binh,vobinh666@gmail.com,0984416116,Ha Noi,,GOLD,ACTIVE,"$argon2id$v=19$m=19456,t=2,p=1$pAMrcZvnf82snB7mZk6yYg$IO2e2aDrDVQgfOw+5PnFfopwVEP9uZtMB4Lf2rJp2Z0",10000000
C-00667,Le Van Anh,leanh667@gmail.com,0973130536,Ha Noi,,STANDARD,ACTIVE,"$argon2id$v=19$m=19456,t=2,p=1$pAMrcZvnf82snB7mZk6yYg$IO2e2aDrDVQgfOw+5PnFfopwVEP9uZtMB4Lf2rJp2Z0",10000000
C-00668,Nguyen Van Phuc,nguyenphuc668@gmail.com,0992635940,Ha Noi,,STANDARD,ACTIVE,"$argon2id$v=19$m=19456,t=2,p=1$pAMrcZvnf82snB7mZk6yYg$IO2e2aDrDVQgfOw+5PnFfopwVEP9uZtMB4Lf2rJp2Z0",10000000
C-00669,Pham Van Phuc,phamphuc669@gmail.com,0989351374,Ha Noi,,STANDARD,ACTIVE,"$argon2id$v=19$m=19456,t=2,p=1$pAMrcZvnf82snB7mZk6yYg$IO2e2aDrDVQgfOw+5PnFfopwVEP9uZtMB4Lf2rJp2Z0",10000000
C-00670,Le Van Nam,lenam670@gmail.com,0958019118,Ha Noi,,STANDARD,ACTIVE,"$argon2id$v=19$m=19456,t=2,p=1$pAMrcZvnf82snB7mZk6yYg$IO2e2aDrDVQgfOw+5PnFfopwVEP9uZtMB4Lf2rJp2Z0",10000000
C-00671,Phan Van Khanh,phankhanh671@gmail.com,0973618298,Ha Noi,,STANDARD,ACTIVE,"$argon2id$v=19$m=19456,t=2,p=1$pAMrcZvnf82snB7mZk6yYg$IO2e2aDrDVQgfOw+5PnFfopwVEP9uZtMB4Lf2rJp2Z0",10000000
C-00672,Vu Van Hieu,vuhieu672@gmail.com,0953446901,Ha Noi,,STANDARD,ACTIVE,"$argon2id$v=19$m=19456,t=2,p=1$pAMrcZvnf82snB7mZk6yYg$IO2e2aDrDVQgfOw+5PnFfopwVEP9uZtMB4Lf2rJp2Z0",10000000
C-00673,Vu Van Quang,vuquang673@gmail.com,0951939677,Ha Noi,,STANDARD,ACTIVE,"$argon2id$v=19$m=19456,t=2,p=1$pAMrcZvnf82snB7mZk6yYg$IO2e2aDrDVQgfOw+5PnFfopwVEP9uZtMB4Lf2rJp2Z0",10000000
C-00674,Phan Van Son,phanson674@gmail.com,0929243894,Ha Noi,,STANDARD,ACTIVE,"$argon2id$v=19$m=19456,t=2,p=1$pAMrcZvnf82snB7mZk6yYg$IO2e2aDrDVQgfOw+5PnFfopwVEP9uZtMB4Lf2rJp2Z0",10000000
C-00675,Phan Van Minh,phanminh675@gmail.com,0971871021,Ha Noi,,GOLD,ACTIVE,"$argon2id$v=19$m=19456,t=2,p=1$pAMrcZvnf82snB7mZk6yYg$IO2e2aDrDVQgfOw+5PnFfopwVEP9uZtMB4Lf2rJp2Z0",10000000
C-00676,Phan Van Hieu,phanhieu676@gmail.com,0944005985,Ha Noi,,STANDARD,ACTIVE,"$argon2id$v=19$m=19456,t=2,p=1$pAMrcZvnf82snB7mZk6yYg$IO2e2aDrDVQgfOw+5PnFfopwVEP9uZtMB4Lf2rJp2Z0",10000000
C-00677,Pham Van Son,phamson677@gmail.com,0964130074,Ha Noi,,STANDARD,ACTIVE,"$argon2id$v=19$m=19456,t=2,p=1$pAMrcZvnf82snB7mZk6yYg$IO2e2aDrDVQgfOw+5PnFfopwVEP9uZtMB4Lf2rJp2Z0",10000000
C-00678,Tran Van Son,transon678@gmail.com,0977672054,Ha Noi,,STANDARD,ACTIVE,"$argon2id$v=19$m=19456,t=2,p=1$pAMrcZvnf82snB7mZk6yYg$IO2e2aDrDVQgfOw+5PnFfopwVEP9uZtMB4Lf2rJp2Z0",10000000
C-00679,Nguyen Van Hieu,nguyenhieu679@gmail.com,0924601699,Ha Noi,,STANDARD,ACTIVE,"$argon2id$v=19$m=19456,t=2,p=1$pAMrcZvnf82snB7mZk6yYg$IO2e2aDrDVQgfOw+5PnFfopwVEP9uZtMB4Lf2rJp2Z0",10000000
C-00680,Hoang Van Minh,hoangminh680@gmail.com,0949248676,Ha Noi,,STANDARD,ACTIVE,"$argon2id$v=19$m=19456,t=2,p=1$pAMrcZvnf82snB7mZk6yYg$IO2e2aDrDVQgfOw+5PnFfopwVEP9uZtMB4Lf2rJp2Z0",10000000
C-00681,Vo Van Cuong,vocuong681@gmail.com,0924357648,Ha Noi,,STANDARD,ACTIVE,"$argon2id$v=19$m=19456,t=2,p=1$pAMrcZvnf82snB7mZk6yYg$IO2e2aDrDVQgfOw+5PnFfopwVEP9uZtMB4Lf2rJp2Z0",10000000
C-00682,Phan Van Son,phanson682@gmail.com,0930777518,Ha Noi,,GOLD,ACTIVE,"$argon2id$v=19$m=19456,t=2,p=1$pAMrcZvnf82snB7mZk6yYg$IO2e2aDrDVQgfOw+5PnFfopwVEP9uZtMB4Lf2rJp2Z0",10000000
C-00683,Bui Van Linh,builinh683@gmail.com,0928948933,Ha Noi,,STANDARD,ACTIVE,"$argon2id$v=19$m=19456,t=2,p=1$pAMrcZvnf82snB7mZk6yYg$IO2e2aDrDVQgfOw+5PnFfopwVEP9uZtMB4Lf2rJp2Z0",10000000
C-00684,Pham Van Trung,phamtrung684@gmail.com,0924850091,Ha Noi,,SILVER,ACTIVE,"$argon2id$v=19$m=19456,t=2,p=1$pAMrcZvnf82snB7mZk6yYg$IO2e2aDrDVQgfOw+5PnFfopwVEP9uZtMB4Lf2rJp2Z0",10000000
C-00685,Dang Van Hung,danghung685@gmail.com,0919436257,Ha Noi,,SILVER,ACTIVE,"$argon2id$v=19$m=19456,t=2,p=1$pAMrcZvnf82snB7mZk6yYg$IO2e2aDrDVQgfOw+5PnFfopwVEP9uZtMB4Lf2rJp2Z0",10000000
C-00686,Le Van Quang,lequang686@gmail.com,0946550802,Ha Noi,,STANDARD,ACTIVE,"$argon2id$v=19$m=19456,t=2,p=1$pAMrcZvnf82snB7mZk6yYg$IO2e2aDrDVQgfOw+5PnFfopwVEP9uZtMB4Lf2rJp2Z0",10000000
C-00687,Phan Van Binh,phanbinh687@gmail.com,0986559286,Ha Noi,,SILVER,ACTIVE,"$argon2id$v=19$m=19456,t=2,p=1$pAMrcZvnf82snB7mZk6yYg$IO2e2aDrDVQgfOw+5PnFfopwVEP9uZtMB4Lf2rJp2Z0",10000000
C-00688,Bui Van Minh,buiminh688@gmail.com,0936860737,Ha Noi,,STANDARD,ACTIVE,"$argon2id$v=19$m=19456,t=2,p=1$pAMrcZvnf82snB7mZk6yYg$IO2e2aDrDVQgfOw+5PnFfopwVEP9uZtMB4Lf2rJp2Z0",10000000
C-00689,Vo Van Trung,votrung689@gmail.com,0924073119,Ha Noi,,DIAMOND,ACTIVE,"$argon2id$v=19$m=19456,t=2,p=1$pAMrcZvnf82snB7mZk6yYg$IO2e2aDrDVQgfOw+5PnFfopwVEP9uZtMB4Lf2rJp2Z0",10000000
C-00690,Hoang Van Hung,hoanghung690@gmail.com,0952391516,Ha Noi,,STANDARD,ACTIVE,"$argon2id$v=19$m=19456,t=2,p=1$pAMrcZvnf82snB7mZk6yYg$IO2e2aDrDVQgfOw+5PnFfopwVEP9uZtMB4Lf2rJp2Z0",10000000
C-00691,Tran Van Trung,trantrung691@gmail.com,0962372577,Ha Noi,,DIAMOND,ACTIVE,"$argon2id$v=19$m=19456,t=2,p=1$pAMrcZvnf82snB7mZk6yYg$IO2e2aDrDVQgfOw+5PnFfopwVEP9uZtMB4Lf2rJp2Z0",10000000
C-00692,Bui Van Anh,buianh692@gmail.com,0949466028,Ha Noi,,STANDARD,ACTIVE,"$argon2id$v=19$m=19456,t=2,p=1$pAMrcZvnf82snB7mZk6yYg$IO2e2aDrDVQgfOw+5PnFfopwVEP9uZtMB4Lf2rJp2Z0",10000000
C-00693,Vo Van Dung,vodung693@gmail.com,0915782620,Ha Noi,,SILVER,ACTIVE,"$argon2id$v=19$m=19456,t=2,p=1$pAMrcZvnf82snB7mZk6yYg$IO2e2aDrDVQgfOw+5PnFfopwVEP9uZtMB4Lf2rJp2Z0",10000000
C-00694,Vo Van Thanh,vothanh694@gmail.com,0994758395,Ha Noi,,STANDARD,ACTIVE,"$argon2id$v=19$m=19456,t=2,p=1$pAMrcZvnf82snB7mZk6yYg$IO2e2aDrDVQgfOw+5PnFfopwVEP9uZtMB4Lf2rJp2Z0",10000000
C-00695,Bui Van Minh,buiminh695@gmail.com,0980395950,Ha Noi,,STANDARD,ACTIVE,"$argon2id$v=19$m=19456,t=2,p=1$pAMrcZvnf82snB7mZk6yYg$IO2e2aDrDVQgfOw+5PnFfopwVEP9uZtMB4Lf2rJp2Z0",10000000
C-00696,Dang Van Khanh,dangkhanh696@gmail.com,0971367214,Ha Noi,,STANDARD,ACTIVE,"$argon2id$v=19$m=19456,t=2,p=1$pAMrcZvnf82snB7mZk6yYg$IO2e2aDrDVQgfOw+5PnFfopwVEP9uZtMB4Lf2rJp2Z0",10000000
C-00697,Dang Van Anh,danganh697@gmail.com,0995933947,Ha Noi,,SILVER,ACTIVE,"$argon2id$v=19$m=19456,t=2,p=1$pAMrcZvnf82snB7mZk6yYg$IO2e2aDrDVQgfOw+5PnFfopwVEP9uZtMB4Lf2rJp2Z0",10000000
C-00698,Le Van Minh,leminh698@gmail.com,0958348433,Ha Noi,,STANDARD,ACTIVE,"$argon2id$v=19$m=19456,t=2,p=1$pAMrcZvnf82snB7mZk6yYg$IO2e2aDrDVQgfOw+5PnFfopwVEP9uZtMB4Lf2rJp2Z0",10000000
C-00699,Dang Van Binh,dangbinh699@gmail.com,0998904842,Ha Noi,,STANDARD,ACTIVE,"$argon2id$v=19$m=19456,t=2,p=1$pAMrcZvnf82snB7mZk6yYg$IO2e2aDrDVQgfOw+5PnFfopwVEP9uZtMB4Lf2rJp2Z0",10000000
C-00700,Hoang Van Cuong,hoangcuong700@gmail.com,0916233383,Ha Noi,,STANDARD,ACTIVE,"$argon2id$v=19$m=19456,t=2,p=1$pAMrcZvnf82snB7mZk6yYg$IO2e2aDrDVQgfOw+5PnFfopwVEP9uZtMB4Lf2rJp2Z0",10000000
C-00701,Dang Van Trung,dangtrung701@gmail.com,0941942935,Ha Noi,,GOLD,ACTIVE,"$argon2id$v=19$m=19456,t=2,p=1$pAMrcZvnf82snB7mZk6yYg$IO2e2aDrDVQgfOw+5PnFfopwVEP9uZtMB4Lf2rJp2Z0",10000000
C-00702,Le Van Linh,lelinh702@gmail.com,0968788472,Ha Noi,,STANDARD,ACTIVE,"$argon2id$v=19$m=19456,t=2,p=1$pAMrcZvnf82snB7mZk6yYg$IO2e2aDrDVQgfOw+5PnFfopwVEP9uZtMB4Lf2rJp2Z0",10000000
C-00703,Phan Van Son,phanson703@gmail.com,0928950601,Ha Noi,,GOLD,ACTIVE,"$argon2id$v=19$m=19456,t=2,p=1$pAMrcZvnf82snB7mZk6yYg$IO2e2aDrDVQgfOw+5PnFfopwVEP9uZtMB4Lf2rJp2Z0",10000000
C-00704,Tran Van Minh,tranminh704@gmail.com,0924964647,Ha Noi,,SILVER,ACTIVE,"$argon2id$v=19$m=19456,t=2,p=1$pAMrcZvnf82snB7mZk6yYg$IO2e2aDrDVQgfOw+5PnFfopwVEP9uZtMB4Lf2rJp2Z0",10000000
C-00705,Hoang Van Minh,hoangminh705@gmail.com,0965997823,Ha Noi,,STANDARD,ACTIVE,"$argon2id$v=19$m=19456,t=2,p=1$pAMrcZvnf82snB7mZk6yYg$IO2e2aDrDVQgfOw+5PnFfopwVEP9uZtMB4Lf2rJp2Z0",10000000
C-00706,Le Van Cuong,lecuong706@gmail.com,0989333729,Ha Noi,,GOLD,ACTIVE,"$argon2id$v=19$m=19456,t=2,p=1$pAMrcZvnf82snB7mZk6yYg$IO2e2aDrDVQgfOw+5PnFfopwVEP9uZtMB4Lf2rJp2Z0",10000000
C-00707,Bui Van Anh,buianh707@gmail.com,0967087236,Ha Noi,,DIAMOND,ACTIVE,"$argon2id$v=19$m=19456,t=2,p=1$pAMrcZvnf82snB7mZk6yYg$IO2e2aDrDVQgfOw+5PnFfopwVEP9uZtMB4Lf2rJp2Z0",10000000
C-00708,Dang Van Son,dangson708@gmail.com,0939809634,Ha Noi,,GOLD,ACTIVE,"$argon2id$v=19$m=19456,t=2,p=1$pAMrcZvnf82snB7mZk6yYg$IO2e2aDrDVQgfOw+5PnFfopwVEP9uZtMB4Lf2rJp2Z0",10000000
C-00709,Pham Van Dung,phamdung709@gmail.com,0952905718,Ha Noi,,STANDARD,ACTIVE,"$argon2id$v=19$m=19456,t=2,p=1$pAMrcZvnf82snB7mZk6yYg$IO2e2aDrDVQgfOw+5PnFfopwVEP9uZtMB4Lf2rJp2Z0",10000000
C-00710,Pham Van Linh,phamlinh710@gmail.com,0982577267,Ha Noi,,DIAMOND,ACTIVE,"$argon2id$v=19$m=19456,t=2,p=1$pAMrcZvnf82snB7mZk6yYg$IO2e2aDrDVQgfOw+5PnFfopwVEP9uZtMB4Lf2rJp2Z0",10000000
C-00711,Pham Van Khanh,phamkhanh711@gmail.com,0998402598,Ha Noi,,SILVER,ACTIVE,"$argon2id$v=19$m=19456,t=2,p=1$pAMrcZvnf82snB7mZk6yYg$IO2e2aDrDVQgfOw+5PnFfopwVEP9uZtMB4Lf2rJp2Z0",10000000
C-00712,Bui Van Dung,buidung712@gmail.com,0969287619,Ha Noi,,STANDARD,ACTIVE,"$argon2id$v=19$m=19456,t=2,p=1$pAMrcZvnf82snB7mZk6yYg$IO2e2aDrDVQgfOw+5PnFfopwVEP9uZtMB4Lf2rJp2Z0",10000000
C-00713,Phan Van Phuc,phanphuc713@gmail.com,0942947069,Ha Noi,,SILVER,ACTIVE,"$argon2id$v=19$m=19456,t=2,p=1$pAMrcZvnf82snB7mZk6yYg$IO2e2aDrDVQgfOw+5PnFfopwVEP9uZtMB4Lf2rJp2Z0",10000000
C-00714,Hoang Van Binh,hoangbinh714@gmail.com,0934392729,Ha Noi,,STANDARD,ACTIVE,"$argon2id$v=19$m=19456,t=2,p=1$pAMrcZvnf82snB7mZk6yYg$IO2e2aDrDVQgfOw+5PnFfopwVEP9uZtMB4Lf2rJp2Z0",10000000
C-00715,Phan Van Thanh,phanthanh715@gmail.com,0936749938,Ha Noi,,STANDARD,ACTIVE,"$argon2id$v=19$m=19456,t=2,p=1$pAMrcZvnf82snB7mZk6yYg$IO2e2aDrDVQgfOw+5PnFfopwVEP9uZtMB4Lf2rJp2Z0",10000000
C-00716,Le Van Minh,leminh716@gmail.com,0991054040,Ha Noi,,STANDARD,ACTIVE,"$argon2id$v=19$m=19456,t=2,p=1$pAMrcZvnf82snB7mZk6yYg$IO2e2aDrDVQgfOw+5PnFfopwVEP9uZtMB4Lf2rJp2Z0",10000000
C-00717,Tran Van Khanh,trankhanh717@gmail.com,0946414340,Ha Noi,,STANDARD,ACTIVE,"$argon2id$v=19$m=19456,t=2,p=1$pAMrcZvnf82snB7mZk6yYg$IO2e2aDrDVQgfOw+5PnFfopwVEP9uZtMB4Lf2rJp2Z0",10000000
C-00718,Vu Van Thanh,vuthanh718@gmail.com,0954455747,Ha Noi,,STANDARD,ACTIVE,"$argon2id$v=19$m=19456,t=2,p=1$pAMrcZvnf82snB7mZk6yYg$IO2e2aDrDVQgfOw+5PnFfopwVEP9uZtMB4Lf2rJp2Z0",10000000
C-00719,Phan Van Son,phanson719@gmail.com,0940167615,Ha Noi,,GOLD,ACTIVE,"$argon2id$v=19$m=19456,t=2,p=1$pAMrcZvnf82snB7mZk6yYg$IO2e2aDrDVQgfOw+5PnFfopwVEP9uZtMB4Lf2rJp2Z0",10000000
C-00720,Le Van Nam,lenam720@gmail.com,0980494824,Ha Noi,,STANDARD,ACTIVE,"$argon2id$v=19$m=19456,t=2,p=1$pAMrcZvnf82snB7mZk6yYg$IO2e2aDrDVQgfOw+5PnFfopwVEP9uZtMB4Lf2rJp2Z0",10000000
C-00721,Dang Van Thanh,dangthanh721@gmail.com,0944731698,Ha Noi,,STANDARD,ACTIVE,"$argon2id$v=19$m=19456,t=2,p=1$pAMrcZvnf82snB7mZk6yYg$IO2e2aDrDVQgfOw+5PnFfopwVEP9uZtMB4Lf2rJp2Z0",10000000
C-00722,Vo Van Linh,volinh722@gmail.com,0935573087,Ha Noi,,STANDARD,ACTIVE,"$argon2id$v=19$m=19456,t=2,p=1$pAMrcZvnf82snB7mZk6yYg$IO2e2aDrDVQgfOw+5PnFfopwVEP9uZtMB4Lf2rJp2Z0",10000000
C-00723,Pham Van Phuc,phamphuc723@gmail.com,0959656194,Ha Noi,,GOLD,ACTIVE,"$argon2id$v=19$m=19456,t=2,p=1$pAMrcZvnf82snB7mZk6yYg$IO2e2aDrDVQgfOw+5PnFfopwVEP9uZtMB4Lf2rJp2Z0",10000000
C-00724,Vu Van Son,vuson724@gmail.com,0994490744,Ha Noi,,STANDARD,ACTIVE,"$argon2id$v=19$m=19456,t=2,p=1$pAMrcZvnf82snB7mZk6yYg$IO2e2aDrDVQgfOw+5PnFfopwVEP9uZtMB4Lf2rJp2Z0",10000000
C-00725,Tran Van Thanh,tranthanh725@gmail.com,0995906566,Ha Noi,,STANDARD,ACTIVE,"$argon2id$v=19$m=19456,t=2,p=1$pAMrcZvnf82snB7mZk6yYg$IO2e2aDrDVQgfOw+5PnFfopwVEP9uZtMB4Lf2rJp2Z0",10000000
C-00726,Vu Van Son,vuson726@gmail.com,0916175521,Ha Noi,,STANDARD,ACTIVE,"$argon2id$v=19$m=19456,t=2,p=1$pAMrcZvnf82snB7mZk6yYg$IO2e2aDrDVQgfOw+5PnFfopwVEP9uZtMB4Lf2rJp2Z0",10000000
C-00727,Le Van Minh,leminh727@gmail.com,0968029938,Ha Noi,,STANDARD,ACTIVE,"$argon2id$v=19$m=19456,t=2,p=1$pAMrcZvnf82snB7mZk6yYg$IO2e2aDrDVQgfOw+5PnFfopwVEP9uZtMB4Lf2rJp2Z0",10000000
C-00728,Le Van Phuc,lephuc728@gmail.com,0959773519,Ha Noi,,STANDARD,ACTIVE,"$argon2id$v=19$m=19456,t=2,p=1$pAMrcZvnf82snB7mZk6yYg$IO2e2aDrDVQgfOw+5PnFfopwVEP9uZtMB4Lf2rJp2Z0",10000000
C-00729,Vo Van Binh,vobinh729@gmail.com,0934230763,Ha Noi,,STANDARD,ACTIVE,"$argon2id$v=19$m=19456,t=2,p=1$pAMrcZvnf82snB7mZk6yYg$IO2e2aDrDVQgfOw+5PnFfopwVEP9uZtMB4Lf2rJp2Z0",10000000
C-00730,Bui Van Nam,buinam730@gmail.com,0949356456,Ha Noi,,STANDARD,ACTIVE,"$argon2id$v=19$m=19456,t=2,p=1$pAMrcZvnf82snB7mZk6yYg$IO2e2aDrDVQgfOw+5PnFfopwVEP9uZtMB4Lf2rJp2Z0",10000000
C-00731,Le Van Hung,lehung731@gmail.com,0952988279,Ha Noi,,STANDARD,ACTIVE,"$argon2id$v=19$m=19456,t=2,p=1$pAMrcZvnf82snB7mZk6yYg$IO2e2aDrDVQgfOw+5PnFfopwVEP9uZtMB4Lf2rJp2Z0",10000000
C-00732,Vu Van Phuc,vuphuc732@gmail.com,0988113858,Ha Noi,,STANDARD,ACTIVE,"$argon2id$v=19$m=19456,t=2,p=1$pAMrcZvnf82snB7mZk6yYg$IO2e2aDrDVQgfOw+5PnFfopwVEP9uZtMB4Lf2rJp2Z0",10000000
C-00733,Nguyen Van Minh,nguyenminh733@gmail.com,0951012255,Ha Noi,,STANDARD,ACTIVE,"$argon2id$v=19$m=19456,t=2,p=1$pAMrcZvnf82snB7mZk6yYg$IO2e2aDrDVQgfOw+5PnFfopwVEP9uZtMB4Lf2rJp2Z0",10000000
C-00734,Vu Van Thanh,vuthanh734@gmail.com,0912921878,Ha Noi,,SILVER,ACTIVE,"$argon2id$v=19$m=19456,t=2,p=1$pAMrcZvnf82snB7mZk6yYg$IO2e2aDrDVQgfOw+5PnFfopwVEP9uZtMB4Lf2rJp2Z0",10000000
C-00735,Bui Van Khanh,buikhanh735@gmail.com,0947456874,Ha Noi,,SILVER,ACTIVE,"$argon2id$v=19$m=19456,t=2,p=1$pAMrcZvnf82snB7mZk6yYg$IO2e2aDrDVQgfOw+5PnFfopwVEP9uZtMB4Lf2rJp2Z0",10000000
C-00736,Vu Van Trung,vutrung736@gmail.com,0979142206,Ha Noi,,STANDARD,ACTIVE,"$argon2id$v=19$m=19456,t=2,p=1$pAMrcZvnf82snB7mZk6yYg$IO2e2aDrDVQgfOw+5PnFfopwVEP9uZtMB4Lf2rJp2Z0",10000000
C-00737,Tran Van Dung,trandung737@gmail.com,0987129937,Ha Noi,,SILVER,ACTIVE,"$argon2id$v=19$m=19456,t=2,p=1$pAMrcZvnf82snB7mZk6yYg$IO2e2aDrDVQgfOw+5PnFfopwVEP9uZtMB4Lf2rJp2Z0",10000000
C-00738,Tran Van Hung,tranhung738@gmail.com,0922797928,Ha Noi,,GOLD,ACTIVE,"$argon2id$v=19$m=19456,t=2,p=1$pAMrcZvnf82snB7mZk6yYg$IO2e2aDrDVQgfOw+5PnFfopwVEP9uZtMB4Lf2rJp2Z0",10000000
C-00739,Le Van Trung,letrung739@gmail.com,0918295879,Ha Noi,,STANDARD,ACTIVE,"$argon2id$v=19$m=19456,t=2,p=1$pAMrcZvnf82snB7mZk6yYg$IO2e2aDrDVQgfOw+5PnFfopwVEP9uZtMB4Lf2rJp2Z0",10000000
C-00740,Nguyen Van Trung,nguyentrung740@gmail.com,0970986747,Ha Noi,,GOLD,ACTIVE,"$argon2id$v=19$m=19456,t=2,p=1$pAMrcZvnf82snB7mZk6yYg$IO2e2aDrDVQgfOw+5PnFfopwVEP9uZtMB4Lf2rJp2Z0",10000000
C-00741,Vo Van Binh,vobinh741@gmail.com,0929820303,Ha Noi,,STANDARD,ACTIVE,"$argon2id$v=19$m=19456,t=2,p=1$pAMrcZvnf82snB7mZk6yYg$IO2e2aDrDVQgfOw+5PnFfopwVEP9uZtMB4Lf2rJp2Z0",10000000
C-00742,Tran Van Cuong,trancuong742@gmail.com,0983201478,Ha Noi,,STANDARD,ACTIVE,"$argon2id$v=19$m=19456,t=2,p=1$pAMrcZvnf82snB7mZk6yYg$IO2e2aDrDVQgfOw+5PnFfopwVEP9uZtMB4Lf2rJp2Z0",10000000
C-00743,Bui Van Khanh,buikhanh743@gmail.com,0930111377,Ha Noi,,STANDARD,ACTIVE,"$argon2id$v=19$m=19456,t=2,p=1$pAMrcZvnf82snB7mZk6yYg$IO2e2aDrDVQgfOw+5PnFfopwVEP9uZtMB4Lf2rJp2Z0",10000000
C-00744,Tran Van Hung,tranhung744@gmail.com,0920778676,Ha Noi,,STANDARD,ACTIVE,"$argon2id$v=19$m=19456,t=2,p=1$pAMrcZvnf82snB7mZk6yYg$IO2e2aDrDVQgfOw+5PnFfopwVEP9uZtMB4Lf2rJp2Z0",10000000
C-00745,Hoang Van Quang,hoangquang745@gmail.com,0989347986,Ha Noi,,STANDARD,ACTIVE,"$argon2id$v=19$m=19456,t=2,p=1$pAMrcZvnf82snB7mZk6yYg$IO2e2aDrDVQgfOw+5PnFfopwVEP9uZtMB4Lf2rJp2Z0",10000000
C-00746,Le Van Son,leson746@gmail.com,0964646106,Ha Noi,,DIAMOND,ACTIVE,"$argon2id$v=19$m=19456,t=2,p=1$pAMrcZvnf82snB7mZk6yYg$IO2e2aDrDVQgfOw+5PnFfopwVEP9uZtMB4Lf2rJp2Z0",10000000
C-00747,Phan Van Khanh,phankhanh747@gmail.com,0945631726,Ha Noi,,STANDARD,ACTIVE,"$argon2id$v=19$m=19456,t=2,p=1$pAMrcZvnf82snB7mZk6yYg$IO2e2aDrDVQgfOw+5PnFfopwVEP9uZtMB4Lf2rJp2Z0",10000000
C-00748,Bui Van Phuc,buiphuc748@gmail.com,0994443049,Ha Noi,,GOLD,ACTIVE,"$argon2id$v=19$m=19456,t=2,p=1$pAMrcZvnf82snB7mZk6yYg$IO2e2aDrDVQgfOw+5PnFfopwVEP9uZtMB4Lf2rJp2Z0",10000000
C-00749,Hoang Van Hieu,hoanghieu749@gmail.com,0953609457,Ha Noi,,STANDARD,ACTIVE,"$argon2id$v=19$m=19456,t=2,p=1$pAMrcZvnf82snB7mZk6yYg$IO2e2aDrDVQgfOw+5PnFfopwVEP9uZtMB4Lf2rJp2Z0",10000000
C-00750,Vo Van Quang,voquang750@gmail.com,0954114244,Ha Noi,,STANDARD,ACTIVE,"$argon2id$v=19$m=19456,t=2,p=1$pAMrcZvnf82snB7mZk6yYg$IO2e2aDrDVQgfOw+5PnFfopwVEP9uZtMB4Lf2rJp2Z0",10000000
C-00751,Dang Van Cuong,dangcuong751@gmail.com,0938382244,Ha Noi,,GOLD,ACTIVE,"$argon2id$v=19$m=19456,t=2,p=1$pAMrcZvnf82snB7mZk6yYg$IO2e2aDrDVQgfOw+5PnFfopwVEP9uZtMB4Lf2rJp2Z0",10000000
C-00752,Nguyen Van Hieu,nguyenhieu752@gmail.com,0960323376,Ha Noi,,STANDARD,ACTIVE,"$argon2id$v=19$m=19456,t=2,p=1$pAMrcZvnf82snB7mZk6yYg$IO2e2aDrDVQgfOw+5PnFfopwVEP9uZtMB4Lf2rJp2Z0",10000000
C-00753,Pham Van Phuc,phamphuc753@gmail.com,0915747965,Ha Noi,,SILVER,ACTIVE,"$argon2id$v=19$m=19456,t=2,p=1$pAMrcZvnf82snB7mZk6yYg$IO2e2aDrDVQgfOw+5PnFfopwVEP9uZtMB4Lf2rJp2Z0",10000000
C-00754,Tran Van Khanh,trankhanh754@gmail.com,0929855299,Ha Noi,,STANDARD,ACTIVE,"$argon2id$v=19$m=19456,t=2,p=1$pAMrcZvnf82snB7mZk6yYg$IO2e2aDrDVQgfOw+5PnFfopwVEP9uZtMB4Lf2rJp2Z0",10000000
C-00755,Vo Van Linh,volinh755@gmail.com,0980574653,Ha Noi,,GOLD,ACTIVE,"$argon2id$v=19$m=19456,t=2,p=1$pAMrcZvnf82snB7mZk6yYg$IO2e2aDrDVQgfOw+5PnFfopwVEP9uZtMB4Lf2rJp2Z0",10000000
C-00756,Le Van Son,leson756@gmail.com,0991282312,Ha Noi,,SILVER,ACTIVE,"$argon2id$v=19$m=19456,t=2,p=1$pAMrcZvnf82snB7mZk6yYg$IO2e2aDrDVQgfOw+5PnFfopwVEP9uZtMB4Lf2rJp2Z0",10000000
C-00757,Tran Van Binh,tranbinh757@gmail.com,0977360536,Ha Noi,,STANDARD,ACTIVE,"$argon2id$v=19$m=19456,t=2,p=1$pAMrcZvnf82snB7mZk6yYg$IO2e2aDrDVQgfOw+5PnFfopwVEP9uZtMB4Lf2rJp2Z0",10000000
C-00758,Bui Van Nam,buinam758@gmail.com,0940935196,Ha Noi,,SILVER,ACTIVE,"$argon2id$v=19$m=19456,t=2,p=1$pAMrcZvnf82snB7mZk6yYg$IO2e2aDrDVQgfOw+5PnFfopwVEP9uZtMB4Lf2rJp2Z0",10000000
C-00759,Dang Van Minh,dangminh759@gmail.com,0914437198,Ha Noi,,STANDARD,ACTIVE,"$argon2id$v=19$m=19456,t=2,p=1$pAMrcZvnf82snB7mZk6yYg$IO2e2aDrDVQgfOw+5PnFfopwVEP9uZtMB4Lf2rJp2Z0",10000000
C-00760,Phan Van Anh,phananh760@gmail.com,0937586466,Ha Noi,,GOLD,ACTIVE,"$argon2id$v=19$m=19456,t=2,p=1$pAMrcZvnf82snB7mZk6yYg$IO2e2aDrDVQgfOw+5PnFfopwVEP9uZtMB4Lf2rJp2Z0",10000000
C-00761,Bui Van Trung,buitrung761@gmail.com,0962159977,Ha Noi,,GOLD,ACTIVE,"$argon2id$v=19$m=19456,t=2,p=1$pAMrcZvnf82snB7mZk6yYg$IO2e2aDrDVQgfOw+5PnFfopwVEP9uZtMB4Lf2rJp2Z0",10000000
C-00762,Le Van Trung,letrung762@gmail.com,0986209479,Ha Noi,,STANDARD,ACTIVE,"$argon2id$v=19$m=19456,t=2,p=1$pAMrcZvnf82snB7mZk6yYg$IO2e2aDrDVQgfOw+5PnFfopwVEP9uZtMB4Lf2rJp2Z0",10000000
C-00763,Dang Van Khanh,dangkhanh763@gmail.com,0916233449,Ha Noi,,SILVER,ACTIVE,"$argon2id$v=19$m=19456,t=2,p=1$pAMrcZvnf82snB7mZk6yYg$IO2e2aDrDVQgfOw+5PnFfopwVEP9uZtMB4Lf2rJp2Z0",10000000
C-00764,Pham Van Binh,phambinh764@gmail.com,0955855331,Ha Noi,,SILVER,ACTIVE,"$argon2id$v=19$m=19456,t=2,p=1$pAMrcZvnf82snB7mZk6yYg$IO2e2aDrDVQgfOw+5PnFfopwVEP9uZtMB4Lf2rJp2Z0",10000000
C-00765,Vo Van Anh,voanh765@gmail.com,0918773665,Ha Noi,,STANDARD,ACTIVE,"$argon2id$v=19$m=19456,t=2,p=1$pAMrcZvnf82snB7mZk6yYg$IO2e2aDrDVQgfOw+5PnFfopwVEP9uZtMB4Lf2rJp2Z0",10000000
C-00766,Bui Van Khanh,buikhanh766@gmail.com,0923959227,Ha Noi,,SILVER,ACTIVE,"$argon2id$v=19$m=19456,t=2,p=1$pAMrcZvnf82snB7mZk6yYg$IO2e2aDrDVQgfOw+5PnFfopwVEP9uZtMB4Lf2rJp2Z0",10000000
C-00767,Pham Van Anh,phamanh767@gmail.com,0956413495,Ha Noi,,STANDARD,ACTIVE,"$argon2id$v=19$m=19456,t=2,p=1$pAMrcZvnf82snB7mZk6yYg$IO2e2aDrDVQgfOw+5PnFfopwVEP9uZtMB4Lf2rJp2Z0",10000000
C-00768,Vo Van Trung,votrung768@gmail.com,0973900567,Ha Noi,,STANDARD,ACTIVE,"$argon2id$v=19$m=19456,t=2,p=1$pAMrcZvnf82snB7mZk6yYg$IO2e2aDrDVQgfOw+5PnFfopwVEP9uZtMB4Lf2rJp2Z0",10000000
C-00769,Nguyen Van Phuc,nguyenphuc769@gmail.com,0996067072,Ha Noi,,STANDARD,ACTIVE,"$argon2id$v=19$m=19456,t=2,p=1$pAMrcZvnf82snB7mZk6yYg$IO2e2aDrDVQgfOw+5PnFfopwVEP9uZtMB4Lf2rJp2Z0",10000000
C-00770,Bui Van Hieu,buihieu770@gmail.com,0967002236,Ha Noi,,STANDARD,ACTIVE,"$argon2id$v=19$m=19456,t=2,p=1$pAMrcZvnf82snB7mZk6yYg$IO2e2aDrDVQgfOw+5PnFfopwVEP9uZtMB4Lf2rJp2Z0",10000000
C-00771,Vo Van Son,voson771@gmail.com,0910971243,Ha Noi,,STANDARD,ACTIVE,"$argon2id$v=19$m=19456,t=2,p=1$pAMrcZvnf82snB7mZk6yYg$IO2e2aDrDVQgfOw+5PnFfopwVEP9uZtMB4Lf2rJp2Z0",10000000
C-00772,Hoang Van Linh,hoanglinh772@gmail.com,0947667779,Ha Noi,,GOLD,ACTIVE,"$argon2id$v=19$m=19456,t=2,p=1$pAMrcZvnf82snB7mZk6yYg$IO2e2aDrDVQgfOw+5PnFfopwVEP9uZtMB4Lf2rJp2Z0",10000000
C-00773,Phan Van Hieu,phanhieu773@gmail.com,0974142829,Ha Noi,,STANDARD,ACTIVE,"$argon2id$v=19$m=19456,t=2,p=1$pAMrcZvnf82snB7mZk6yYg$IO2e2aDrDVQgfOw+5PnFfopwVEP9uZtMB4Lf2rJp2Z0",10000000
C-00774,Nguyen Van Son,nguyenson774@gmail.com,0993803259,Ha Noi,,GOLD,ACTIVE,"$argon2id$v=19$m=19456,t=2,p=1$pAMrcZvnf82snB7mZk6yYg$IO2e2aDrDVQgfOw+5PnFfopwVEP9uZtMB4Lf2rJp2Z0",10000000
C-00775,Vu Van Hung,vuhung775@gmail.com,0946158854,Ha Noi,,STANDARD,ACTIVE,"$argon2id$v=19$m=19456,t=2,p=1$pAMrcZvnf82snB7mZk6yYg$IO2e2aDrDVQgfOw+5PnFfopwVEP9uZtMB4Lf2rJp2Z0",10000000
C-00776,Phan Van Dung,phandung776@gmail.com,0952420341,Ha Noi,,STANDARD,ACTIVE,"$argon2id$v=19$m=19456,t=2,p=1$pAMrcZvnf82snB7mZk6yYg$IO2e2aDrDVQgfOw+5PnFfopwVEP9uZtMB4Lf2rJp2Z0",10000000
C-00777,Dang Van Trung,dangtrung777@gmail.com,0918341318,Ha Noi,,DIAMOND,ACTIVE,"$argon2id$v=19$m=19456,t=2,p=1$pAMrcZvnf82snB7mZk6yYg$IO2e2aDrDVQgfOw+5PnFfopwVEP9uZtMB4Lf2rJp2Z0",10000000
C-00778,Vo Van Khanh,vokhanh778@gmail.com,0927058450,Ha Noi,,STANDARD,ACTIVE,"$argon2id$v=19$m=19456,t=2,p=1$pAMrcZvnf82snB7mZk6yYg$IO2e2aDrDVQgfOw+5PnFfopwVEP9uZtMB4Lf2rJp2Z0",10000000
C-00779,Tran Van Hieu,tranhieu779@gmail.com,0924724464,Ha Noi,,STANDARD,ACTIVE,"$argon2id$v=19$m=19456,t=2,p=1$pAMrcZvnf82snB7mZk6yYg$IO2e2aDrDVQgfOw+5PnFfopwVEP9uZtMB4Lf2rJp2Z0",10000000
C-00780,Hoang Van Thanh,hoangthanh780@gmail.com,0936036351,Ha Noi,,DIAMOND,ACTIVE,"$argon2id$v=19$m=19456,t=2,p=1$pAMrcZvnf82snB7mZk6yYg$IO2e2aDrDVQgfOw+5PnFfopwVEP9uZtMB4Lf2rJp2Z0",10000000
C-00781,Phan Van Hieu,phanhieu781@gmail.com,0953238670,Ha Noi,,STANDARD,ACTIVE,"$argon2id$v=19$m=19456,t=2,p=1$pAMrcZvnf82snB7mZk6yYg$IO2e2aDrDVQgfOw+5PnFfopwVEP9uZtMB4Lf2rJp2Z0",10000000
C-00782,Vu Van Minh,vuminh782@gmail.com,0996580906,Ha Noi,,STANDARD,ACTIVE,"$argon2id$v=19$m=19456,t=2,p=1$pAMrcZvnf82snB7mZk6yYg$IO2e2aDrDVQgfOw+5PnFfopwVEP9uZtMB4Lf2rJp2Z0",10000000
C-00783,Phan Van Hieu,phanhieu783@gmail.com,0991280983,Ha Noi,,STANDARD,ACTIVE,"$argon2id$v=19$m=19456,t=2,p=1$pAMrcZvnf82snB7mZk6yYg$IO2e2aDrDVQgfOw+5PnFfopwVEP9uZtMB4Lf2rJp2Z0",10000000
C-00784,Pham Van Phuc,phamphuc784@gmail.com,0967856825,Ha Noi,,SILVER,ACTIVE,"$argon2id$v=19$m=19456,t=2,p=1$pAMrcZvnf82snB7mZk6yYg$IO2e2aDrDVQgfOw+5PnFfopwVEP9uZtMB4Lf2rJp2Z0",10000000
C-00785,Vo Van Quang,voquang785@gmail.com,0941298449,Ha Noi,,STANDARD,ACTIVE,"$argon2id$v=19$m=19456,t=2,p=1$pAMrcZvnf82snB7mZk6yYg$IO2e2aDrDVQgfOw+5PnFfopwVEP9uZtMB4Lf2rJp2Z0",10000000
C-00786,Tran Van Khanh,trankhanh786@gmail.com,0948450857,Ha Noi,,STANDARD,ACTIVE,"$argon2id$v=19$m=19456,t=2,p=1$pAMrcZvnf82snB7mZk6yYg$IO2e2aDrDVQgfOw+5PnFfopwVEP9uZtMB4Lf2rJp2Z0",10000000
C-00787,Vo Van Nam,vonam787@gmail.com,0963175888,Ha Noi,,STANDARD,ACTIVE,"$argon2id$v=19$m=19456,t=2,p=1$pAMrcZvnf82snB7mZk6yYg$IO2e2aDrDVQgfOw+5PnFfopwVEP9uZtMB4Lf2rJp2Z0",10000000
C-00788,Bui Van Cuong,buicuong788@gmail.com,0979477991,Ha Noi,,DIAMOND,ACTIVE,"$argon2id$v=19$m=19456,t=2,p=1$pAMrcZvnf82snB7mZk6yYg$IO2e2aDrDVQgfOw+5PnFfopwVEP9uZtMB4Lf2rJp2Z0",10000000
C-00789,Vu Van Thanh,vuthanh789@gmail.com,0924726003,Ha Noi,,SILVER,ACTIVE,"$argon2id$v=19$m=19456,t=2,p=1$pAMrcZvnf82snB7mZk6yYg$IO2e2aDrDVQgfOw+5PnFfopwVEP9uZtMB4Lf2rJp2Z0",10000000
C-00790,Tran Van Phuc,tranphuc790@gmail.com,0955342356,Ha Noi,,STANDARD,ACTIVE,"$argon2id$v=19$m=19456,t=2,p=1$pAMrcZvnf82snB7mZk6yYg$IO2e2aDrDVQgfOw+5PnFfopwVEP9uZtMB4Lf2rJp2Z0",10000000
C-00791,Vo Van Son,voson791@gmail.com,0989402773,Ha Noi,,SILVER,ACTIVE,"$argon2id$v=19$m=19456,t=2,p=1$pAMrcZvnf82snB7mZk6yYg$IO2e2aDrDVQgfOw+5PnFfopwVEP9uZtMB4Lf2rJp2Z0",10000000
C-00792,Pham Van Anh,phamanh792@gmail.com,0985858281,Ha Noi,,STANDARD,ACTIVE,"$argon2id$v=19$m=19456,t=2,p=1$pAMrcZvnf82snB7mZk6yYg$IO2e2aDrDVQgfOw+5PnFfopwVEP9uZtMB4Lf2rJp2Z0",10000000
C-00793,Tran Van Nam,trannam793@gmail.com,0949650768,Ha Noi,,GOLD,ACTIVE,"$argon2id$v=19$m=19456,t=2,p=1$pAMrcZvnf82snB7mZk6yYg$IO2e2aDrDVQgfOw+5PnFfopwVEP9uZtMB4Lf2rJp2Z0",10000000
C-00794,Hoang Van Trung,hoangtrung794@gmail.com,0950827787,Ha Noi,,STANDARD,ACTIVE,"$argon2id$v=19$m=19456,t=2,p=1$pAMrcZvnf82snB7mZk6yYg$IO2e2aDrDVQgfOw+5PnFfopwVEP9uZtMB4Lf2rJp2Z0",10000000
C-00795,Vu Van Phuc,vuphuc795@gmail.com,0929979394,Ha Noi,,STANDARD,ACTIVE,"$argon2id$v=19$m=19456,t=2,p=1$pAMrcZvnf82snB7mZk6yYg$IO2e2aDrDVQgfOw+5PnFfopwVEP9uZtMB4Lf2rJp2Z0",10000000
C-00796,Pham Van Son,phamson796@gmail.com,0995646741,Ha Noi,,STANDARD,ACTIVE,"$argon2id$v=19$m=19456,t=2,p=1$pAMrcZvnf82snB7mZk6yYg$IO2e2aDrDVQgfOw+5PnFfopwVEP9uZtMB4Lf2rJp2Z0",10000000
C-00797,Hoang Van Nam,hoangnam797@gmail.com,0957891104,Ha Noi,,STANDARD,ACTIVE,"$argon2id$v=19$m=19456,t=2,p=1$pAMrcZvnf82snB7mZk6yYg$IO2e2aDrDVQgfOw+5PnFfopwVEP9uZtMB4Lf2rJp2Z0",10000000
C-00798,Hoang Van Binh,hoangbinh798@gmail.com,0947089369,Ha Noi,,STANDARD,ACTIVE,"$argon2id$v=19$m=19456,t=2,p=1$pAMrcZvnf82snB7mZk6yYg$IO2e2aDrDVQgfOw+5PnFfopwVEP9uZtMB4Lf2rJp2Z0",10000000
C-00799,Vu Van Hung,vuhung799@gmail.com,0988275803,Ha Noi,,STANDARD,ACTIVE,"$argon2id$v=19$m=19456,t=2,p=1$pAMrcZvnf82snB7mZk6yYg$IO2e2aDrDVQgfOw+5PnFfopwVEP9uZtMB4Lf2rJp2Z0",10000000
C-00800,Nguyen Van Minh,nguyenminh800@gmail.com,0912572364,Ha Noi,,STANDARD,ACTIVE,"$argon2id$v=19$m=19456,t=2,p=1$pAMrcZvnf82snB7mZk6yYg$IO2e2aDrDVQgfOw+5PnFfopwVEP9uZtMB4Lf2rJp2Z0",10000000
C-00801,Bui Van Quang,buiquang801@gmail.com,0956995222,Ha Noi,,STANDARD,ACTIVE,"$argon2id$v=19$m=19456,t=2,p=1$pAMrcZvnf82snB7mZk6yYg$IO2e2aDrDVQgfOw+5PnFfopwVEP9uZtMB4Lf2rJp2Z0",10000000
C-00802,Bui Van Linh,builinh802@gmail.com,0994384660,Ha Noi,,SILVER,ACTIVE,"$argon2id$v=19$m=19456,t=2,p=1$pAMrcZvnf82snB7mZk6yYg$IO2e2aDrDVQgfOw+5PnFfopwVEP9uZtMB4Lf2rJp2Z0",10000000
C-00803,Vu Van Hung,vuhung803@gmail.com,0920131034,Ha Noi,,STANDARD,ACTIVE,"$argon2id$v=19$m=19456,t=2,p=1$pAMrcZvnf82snB7mZk6yYg$IO2e2aDrDVQgfOw+5PnFfopwVEP9uZtMB4Lf2rJp2Z0",10000000
C-00804,Vu Van Nam,vunam804@gmail.com,0911686349,Ha Noi,,STANDARD,ACTIVE,"$argon2id$v=19$m=19456,t=2,p=1$pAMrcZvnf82snB7mZk6yYg$IO2e2aDrDVQgfOw+5PnFfopwVEP9uZtMB4Lf2rJp2Z0",10000000
C-00805,Phan Van Cuong,phancuong805@gmail.com,0961358847,Ha Noi,,STANDARD,ACTIVE,"$argon2id$v=19$m=19456,t=2,p=1$pAMrcZvnf82snB7mZk6yYg$IO2e2aDrDVQgfOw+5PnFfopwVEP9uZtMB4Lf2rJp2Z0",10000000
C-00806,Nguyen Van Binh,nguyenbinh806@gmail.com,0952200474,Ha Noi,,STANDARD,ACTIVE,"$argon2id$v=19$m=19456,t=2,p=1$pAMrcZvnf82snB7mZk6yYg$IO2e2aDrDVQgfOw+5PnFfopwVEP9uZtMB4Lf2rJp2Z0",10000000
C-00807,Le Van Nam,lenam807@gmail.com,0940050347,Ha Noi,,STANDARD,ACTIVE,"$argon2id$v=19$m=19456,t=2,p=1$pAMrcZvnf82snB7mZk6yYg$IO2e2aDrDVQgfOw+5PnFfopwVEP9uZtMB4Lf2rJp2Z0",10000000
C-00808,Phan Van Hieu,phanhieu808@gmail.com,0948089738,Ha Noi,,STANDARD,ACTIVE,"$argon2id$v=19$m=19456,t=2,p=1$pAMrcZvnf82snB7mZk6yYg$IO2e2aDrDVQgfOw+5PnFfopwVEP9uZtMB4Lf2rJp2Z0",10000000
C-00809,Dang Van Minh,dangminh809@gmail.com,0970241876,Ha Noi,,DIAMOND,ACTIVE,"$argon2id$v=19$m=19456,t=2,p=1$pAMrcZvnf82snB7mZk6yYg$IO2e2aDrDVQgfOw+5PnFfopwVEP9uZtMB4Lf2rJp2Z0",10000000
C-00810,Bui Van Hung,buihung810@gmail.com,0966307096,Ha Noi,,STANDARD,ACTIVE,"$argon2id$v=19$m=19456,t=2,p=1$pAMrcZvnf82snB7mZk6yYg$IO2e2aDrDVQgfOw+5PnFfopwVEP9uZtMB4Lf2rJp2Z0",10000000
C-00811,Phan Van Nam,phannam811@gmail.com,0955467576,Ha Noi,,STANDARD,ACTIVE,"$argon2id$v=19$m=19456,t=2,p=1$pAMrcZvnf82snB7mZk6yYg$IO2e2aDrDVQgfOw+5PnFfopwVEP9uZtMB4Lf2rJp2Z0",10000000
C-00812,Pham Van Trung,phamtrung812@gmail.com,0944114644,Ha Noi,,GOLD,ACTIVE,"$argon2id$v=19$m=19456,t=2,p=1$pAMrcZvnf82snB7mZk6yYg$IO2e2aDrDVQgfOw+5PnFfopwVEP9uZtMB4Lf2rJp2Z0",10000000
C-00813,Phan Van Linh,phanlinh813@gmail.com,0940927202,Ha Noi,,GOLD,ACTIVE,"$argon2id$v=19$m=19456,t=2,p=1$pAMrcZvnf82snB7mZk6yYg$IO2e2aDrDVQgfOw+5PnFfopwVEP9uZtMB4Lf2rJp2Z0",10000000
C-00814,Tran Van Phuc,tranphuc814@gmail.com,0916361822,Ha Noi,,DIAMOND,ACTIVE,"$argon2id$v=19$m=19456,t=2,p=1$pAMrcZvnf82snB7mZk6yYg$IO2e2aDrDVQgfOw+5PnFfopwVEP9uZtMB4Lf2rJp2Z0",10000000
C-00815,Dang Van Cuong,dangcuong815@gmail.com,0942094192,Ha Noi,,GOLD,ACTIVE,"$argon2id$v=19$m=19456,t=2,p=1$pAMrcZvnf82snB7mZk6yYg$IO2e2aDrDVQgfOw+5PnFfopwVEP9uZtMB4Lf2rJp2Z0",10000000
C-00816,Phan Van Hieu,phanhieu816@gmail.com,0940371689,Ha Noi,,SILVER,ACTIVE,"$argon2id$v=19$m=19456,t=2,p=1$pAMrcZvnf82snB7mZk6yYg$IO2e2aDrDVQgfOw+5PnFfopwVEP9uZtMB4Lf2rJp2Z0",10000000
C-00817,Phan Van Thanh,phanthanh817@gmail.com,0918256643,Ha Noi,,DIAMOND,ACTIVE,"$argon2id$v=19$m=19456,t=2,p=1$pAMrcZvnf82snB7mZk6yYg$IO2e2aDrDVQgfOw+5PnFfopwVEP9uZtMB4Lf2rJp2Z0",10000000
C-00818,Nguyen Van Minh,nguyenminh818@gmail.com,0952101415,Ha Noi,,STANDARD,ACTIVE,"$argon2id$v=19$m=19456,t=2,p=1$pAMrcZvnf82snB7mZk6yYg$IO2e2aDrDVQgfOw+5PnFfopwVEP9uZtMB4Lf2rJp2Z0",10000000
C-00819,Pham Van Trung,phamtrung819@gmail.com,0934976387,Ha Noi,,STANDARD,ACTIVE,"$argon2id$v=19$m=19456,t=2,p=1$pAMrcZvnf82snB7mZk6yYg$IO2e2aDrDVQgfOw+5PnFfopwVEP9uZtMB4Lf2rJp2Z0",10000000
C-00820,Bui Van Thanh,buithanh820@gmail.com,0917232878,Ha Noi,,STANDARD,ACTIVE,"$argon2id$v=19$m=19456,t=2,p=1$pAMrcZvnf82snB7mZk6yYg$IO2e2aDrDVQgfOw+5PnFfopwVEP9uZtMB4Lf2rJp2Z0",10000000
C-00821,Bui Van Khanh,buikhanh821@gmail.com,0921858682,Ha Noi,,SILVER,ACTIVE,"$argon2id$v=19$m=19456,t=2,p=1$pAMrcZvnf82snB7mZk6yYg$IO2e2aDrDVQgfOw+5PnFfopwVEP9uZtMB4Lf2rJp2Z0",10000000
C-00822,Nguyen Van Hieu,nguyenhieu822@gmail.com,0963956922,Ha Noi,,STANDARD,ACTIVE,"$argon2id$v=19$m=19456,t=2,p=1$pAMrcZvnf82snB7mZk6yYg$IO2e2aDrDVQgfOw+5PnFfopwVEP9uZtMB4Lf2rJp2Z0",10000000
C-00823,Vu Van Khanh,vukhanh823@gmail.com,0969611071,Ha Noi,,STANDARD,ACTIVE,"$argon2id$v=19$m=19456,t=2,p=1$pAMrcZvnf82snB7mZk6yYg$IO2e2aDrDVQgfOw+5PnFfopwVEP9uZtMB4Lf2rJp2Z0",10000000
C-00824,Hoang Van Son,hoangson824@gmail.com,0919136845,Ha Noi,,GOLD,ACTIVE,"$argon2id$v=19$m=19456,t=2,p=1$pAMrcZvnf82snB7mZk6yYg$IO2e2aDrDVQgfOw+5PnFfopwVEP9uZtMB4Lf2rJp2Z0",10000000
C-00825,Dang Van Linh,danglinh825@gmail.com,0939026418,Ha Noi,,GOLD,ACTIVE,"$argon2id$v=19$m=19456,t=2,p=1$pAMrcZvnf82snB7mZk6yYg$IO2e2aDrDVQgfOw+5PnFfopwVEP9uZtMB4Lf2rJp2Z0",10000000
C-00826,Phan Van Nam,phannam826@gmail.com,0943566865,Ha Noi,,STANDARD,ACTIVE,"$argon2id$v=19$m=19456,t=2,p=1$pAMrcZvnf82snB7mZk6yYg$IO2e2aDrDVQgfOw+5PnFfopwVEP9uZtMB4Lf2rJp2Z0",10000000
C-00827,Vo Van Minh,vominh827@gmail.com,0949464918,Ha Noi,,STANDARD,ACTIVE,"$argon2id$v=19$m=19456,t=2,p=1$pAMrcZvnf82snB7mZk6yYg$IO2e2aDrDVQgfOw+5PnFfopwVEP9uZtMB4Lf2rJp2Z0",10000000
C-00828,Bui Van Phuc,buiphuc828@gmail.com,0930814816,Ha Noi,,STANDARD,ACTIVE,"$argon2id$v=19$m=19456,t=2,p=1$pAMrcZvnf82snB7mZk6yYg$IO2e2aDrDVQgfOw+5PnFfopwVEP9uZtMB4Lf2rJp2Z0",10000000
C-00829,Phan Van Phuc,phanphuc829@gmail.com,0934859183,Ha Noi,,STANDARD,ACTIVE,"$argon2id$v=19$m=19456,t=2,p=1$pAMrcZvnf82snB7mZk6yYg$IO2e2aDrDVQgfOw+5PnFfopwVEP9uZtMB4Lf2rJp2Z0",10000000
C-00830,Phan Van Cuong,phancuong830@gmail.com,0988936421,Ha Noi,,STANDARD,ACTIVE,"$argon2id$v=19$m=19456,t=2,p=1$pAMrcZvnf82snB7mZk6yYg$IO2e2aDrDVQgfOw+5PnFfopwVEP9uZtMB4Lf2rJp2Z0",10000000
C-00831,Dang Van Dung,dangdung831@gmail.com,0921724008,Ha Noi,,SILVER,ACTIVE,"$argon2id$v=19$m=19456,t=2,p=1$pAMrcZvnf82snB7mZk6yYg$IO2e2aDrDVQgfOw+5PnFfopwVEP9uZtMB4Lf2rJp2Z0",10000000
C-00832,Phan Van Hieu,phanhieu832@gmail.com,0959611105,Ha Noi,,DIAMOND,ACTIVE,"$argon2id$v=19$m=19456,t=2,p=1$pAMrcZvnf82snB7mZk6yYg$IO2e2aDrDVQgfOw+5PnFfopwVEP9uZtMB4Lf2rJp2Z0",10000000
C-00833,Hoang Van Son,hoangson833@gmail.com,0963092125,Ha Noi,,GOLD,ACTIVE,"$argon2id$v=19$m=19456,t=2,p=1$pAMrcZvnf82snB7mZk6yYg$IO2e2aDrDVQgfOw+5PnFfopwVEP9uZtMB4Lf2rJp2Z0",10000000
C-00834,Vu Van Linh,vulinh834@gmail.com,0976045252,Ha Noi,,SILVER,ACTIVE,"$argon2id$v=19$m=19456,t=2,p=1$pAMrcZvnf82snB7mZk6yYg$IO2e2aDrDVQgfOw+5PnFfopwVEP9uZtMB4Lf2rJp2Z0",10000000
C-00835,Hoang Van Khanh,hoangkhanh835@gmail.com,0989511985,Ha Noi,,STANDARD,ACTIVE,"$argon2id$v=19$m=19456,t=2,p=1$pAMrcZvnf82snB7mZk6yYg$IO2e2aDrDVQgfOw+5PnFfopwVEP9uZtMB4Lf2rJp2Z0",10000000
C-00836,Vo Van Khanh,vokhanh836@gmail.com,0931434447,Ha Noi,,STANDARD,ACTIVE,"$argon2id$v=19$m=19456,t=2,p=1$pAMrcZvnf82snB7mZk6yYg$IO2e2aDrDVQgfOw+5PnFfopwVEP9uZtMB4Lf2rJp2Z0",10000000
C-00837,Pham Van Nam,phamnam837@gmail.com,0996928203,Ha Noi,,STANDARD,ACTIVE,"$argon2id$v=19$m=19456,t=2,p=1$pAMrcZvnf82snB7mZk6yYg$IO2e2aDrDVQgfOw+5PnFfopwVEP9uZtMB4Lf2rJp2Z0",10000000
C-00838,Tran Van Hieu,tranhieu838@gmail.com,0945111248,Ha Noi,,STANDARD,ACTIVE,"$argon2id$v=19$m=19456,t=2,p=1$pAMrcZvnf82snB7mZk6yYg$IO2e2aDrDVQgfOw+5PnFfopwVEP9uZtMB4Lf2rJp2Z0",10000000
C-00839,Bui Van Minh,buiminh839@gmail.com,0957621774,Ha Noi,,STANDARD,ACTIVE,"$argon2id$v=19$m=19456,t=2,p=1$pAMrcZvnf82snB7mZk6yYg$IO2e2aDrDVQgfOw+5PnFfopwVEP9uZtMB4Lf2rJp2Z0",10000000
C-00840,Dang Van Thanh,dangthanh840@gmail.com,0922105230,Ha Noi,,GOLD,ACTIVE,"$argon2id$v=19$m=19456,t=2,p=1$pAMrcZvnf82snB7mZk6yYg$IO2e2aDrDVQgfOw+5PnFfopwVEP9uZtMB4Lf2rJp2Z0",10000000
C-00841,Tran Van Anh,trananh841@gmail.com,0949968037,Ha Noi,,STANDARD,ACTIVE,"$argon2id$v=19$m=19456,t=2,p=1$pAMrcZvnf82snB7mZk6yYg$IO2e2aDrDVQgfOw+5PnFfopwVEP9uZtMB4Lf2rJp2Z0",10000000
C-00842,Vo Van Son,voson842@gmail.com,0936197730,Ha Noi,,SILVER,ACTIVE,"$argon2id$v=19$m=19456,t=2,p=1$pAMrcZvnf82snB7mZk6yYg$IO2e2aDrDVQgfOw+5PnFfopwVEP9uZtMB4Lf2rJp2Z0",10000000
C-00843,Le Van Dung,ledung843@gmail.com,0983671165,Ha Noi,,STANDARD,ACTIVE,"$argon2id$v=19$m=19456,t=2,p=1$pAMrcZvnf82snB7mZk6yYg$IO2e2aDrDVQgfOw+5PnFfopwVEP9uZtMB4Lf2rJp2Z0",10000000
C-00844,Pham Van Anh,phamanh844@gmail.com,0927207624,Ha Noi,,STANDARD,ACTIVE,"$argon2id$v=19$m=19456,t=2,p=1$pAMrcZvnf82snB7mZk6yYg$IO2e2aDrDVQgfOw+5PnFfopwVEP9uZtMB4Lf2rJp2Z0",10000000
C-00845,Le Van Hung,lehung845@gmail.com,0985759642,Ha Noi,,STANDARD,ACTIVE,"$argon2id$v=19$m=19456,t=2,p=1$pAMrcZvnf82snB7mZk6yYg$IO2e2aDrDVQgfOw+5PnFfopwVEP9uZtMB4Lf2rJp2Z0",10000000
C-00846,Pham Van Binh,phambinh846@gmail.com,0950121819,Ha Noi,,SILVER,ACTIVE,"$argon2id$v=19$m=19456,t=2,p=1$pAMrcZvnf82snB7mZk6yYg$IO2e2aDrDVQgfOw+5PnFfopwVEP9uZtMB4Lf2rJp2Z0",10000000
C-00847,Vo Van Phuc,vophuc847@gmail.com,0958407258,Ha Noi,,DIAMOND,ACTIVE,"$argon2id$v=19$m=19456,t=2,p=1$pAMrcZvnf82snB7mZk6yYg$IO2e2aDrDVQgfOw+5PnFfopwVEP9uZtMB4Lf2rJp2Z0",10000000
C-00848,Nguyen Van Phuc,nguyenphuc848@gmail.com,0921911404,Ha Noi,,SILVER,ACTIVE,"$argon2id$v=19$m=19456,t=2,p=1$pAMrcZvnf82snB7mZk6yYg$IO2e2aDrDVQgfOw+5PnFfopwVEP9uZtMB4Lf2rJp2Z0",10000000
C-00849,Le Van Cuong,lecuong849@gmail.com,0985250725,Ha Noi,,SILVER,ACTIVE,"$argon2id$v=19$m=19456,t=2,p=1$pAMrcZvnf82snB7mZk6yYg$IO2e2aDrDVQgfOw+5PnFfopwVEP9uZtMB4Lf2rJp2Z0",10000000
C-00850,Hoang Van Minh,hoangminh850@gmail.com,0910065381,Ha Noi,,STANDARD,ACTIVE,"$argon2id$v=19$m=19456,t=2,p=1$pAMrcZvnf82snB7mZk6yYg$IO2e2aDrDVQgfOw+5PnFfopwVEP9uZtMB4Lf2rJp2Z0",10000000
C-00851,Pham Van Hieu,phamhieu851@gmail.com,0981070075,Ha Noi,,STANDARD,ACTIVE,"$argon2id$v=19$m=19456,t=2,p=1$pAMrcZvnf82snB7mZk6yYg$IO2e2aDrDVQgfOw+5PnFfopwVEP9uZtMB4Lf2rJp2Z0",10000000
C-00852,Tran Van Quang,tranquang852@gmail.com,0985612917,Ha Noi,,GOLD,ACTIVE,"$argon2id$v=19$m=19456,t=2,p=1$pAMrcZvnf82snB7mZk6yYg$IO2e2aDrDVQgfOw+5PnFfopwVEP9uZtMB4Lf2rJp2Z0",10000000
C-00853,Le Van Phuc,lephuc853@gmail.com,0928259829,Ha Noi,,STANDARD,ACTIVE,"$argon2id$v=19$m=19456,t=2,p=1$pAMrcZvnf82snB7mZk6yYg$IO2e2aDrDVQgfOw+5PnFfopwVEP9uZtMB4Lf2rJp2Z0",10000000
C-00854,Nguyen Van Dung,nguyendung854@gmail.com,0948926110,Ha Noi,,STANDARD,ACTIVE,"$argon2id$v=19$m=19456,t=2,p=1$pAMrcZvnf82snB7mZk6yYg$IO2e2aDrDVQgfOw+5PnFfopwVEP9uZtMB4Lf2rJp2Z0",10000000
C-00855,Phan Van Hieu,phanhieu855@gmail.com,0948808070,Ha Noi,,STANDARD,ACTIVE,"$argon2id$v=19$m=19456,t=2,p=1$pAMrcZvnf82snB7mZk6yYg$IO2e2aDrDVQgfOw+5PnFfopwVEP9uZtMB4Lf2rJp2Z0",10000000
C-00856,Bui Van Hieu,buihieu856@gmail.com,0981739148,Ha Noi,,SILVER,ACTIVE,"$argon2id$v=19$m=19456,t=2,p=1$pAMrcZvnf82snB7mZk6yYg$IO2e2aDrDVQgfOw+5PnFfopwVEP9uZtMB4Lf2rJp2Z0",10000000
C-00857,Nguyen Van Thanh,nguyenthanh857@gmail.com,0992496572,Ha Noi,,STANDARD,ACTIVE,"$argon2id$v=19$m=19456,t=2,p=1$pAMrcZvnf82snB7mZk6yYg$IO2e2aDrDVQgfOw+5PnFfopwVEP9uZtMB4Lf2rJp2Z0",10000000
C-00858,Le Van Phuc,lephuc858@gmail.com,0921721173,Ha Noi,,GOLD,ACTIVE,"$argon2id$v=19$m=19456,t=2,p=1$pAMrcZvnf82snB7mZk6yYg$IO2e2aDrDVQgfOw+5PnFfopwVEP9uZtMB4Lf2rJp2Z0",10000000
C-00859,Dang Van Khanh,dangkhanh859@gmail.com,0992450701,Ha Noi,,STANDARD,ACTIVE,"$argon2id$v=19$m=19456,t=2,p=1$pAMrcZvnf82snB7mZk6yYg$IO2e2aDrDVQgfOw+5PnFfopwVEP9uZtMB4Lf2rJp2Z0",10000000
C-00860,Bui Van Anh,buianh860@gmail.com,0969398917,Ha Noi,,STANDARD,ACTIVE,"$argon2id$v=19$m=19456,t=2,p=1$pAMrcZvnf82snB7mZk6yYg$IO2e2aDrDVQgfOw+5PnFfopwVEP9uZtMB4Lf2rJp2Z0",10000000
C-00861,Pham Van Hieu,phamhieu861@gmail.com,0917229392,Ha Noi,,GOLD,ACTIVE,"$argon2id$v=19$m=19456,t=2,p=1$pAMrcZvnf82snB7mZk6yYg$IO2e2aDrDVQgfOw+5PnFfopwVEP9uZtMB4Lf2rJp2Z0",10000000
C-00862,Bui Van Hieu,buihieu862@gmail.com,0943915633,Ha Noi,,SILVER,ACTIVE,"$argon2id$v=19$m=19456,t=2,p=1$pAMrcZvnf82snB7mZk6yYg$IO2e2aDrDVQgfOw+5PnFfopwVEP9uZtMB4Lf2rJp2Z0",10000000
C-00863,Vu Van Cuong,vucuong863@gmail.com,0952253081,Ha Noi,,GOLD,ACTIVE,"$argon2id$v=19$m=19456,t=2,p=1$pAMrcZvnf82snB7mZk6yYg$IO2e2aDrDVQgfOw+5PnFfopwVEP9uZtMB4Lf2rJp2Z0",10000000
C-00864,Tran Van Phuc,tranphuc864@gmail.com,0945825916,Ha Noi,,GOLD,ACTIVE,"$argon2id$v=19$m=19456,t=2,p=1$pAMrcZvnf82snB7mZk6yYg$IO2e2aDrDVQgfOw+5PnFfopwVEP9uZtMB4Lf2rJp2Z0",10000000
C-00865,Bui Van Thanh,buithanh865@gmail.com,0941613367,Ha Noi,,SILVER,ACTIVE,"$argon2id$v=19$m=19456,t=2,p=1$pAMrcZvnf82snB7mZk6yYg$IO2e2aDrDVQgfOw+5PnFfopwVEP9uZtMB4Lf2rJp2Z0",10000000
C-00866,Le Van Hieu,lehieu866@gmail.com,0922255633,Ha Noi,,STANDARD,ACTIVE,"$argon2id$v=19$m=19456,t=2,p=1$pAMrcZvnf82snB7mZk6yYg$IO2e2aDrDVQgfOw+5PnFfopwVEP9uZtMB4Lf2rJp2Z0",10000000
C-00867,Pham Van Hung,phamhung867@gmail.com,0935984866,Ha Noi,,DIAMOND,ACTIVE,"$argon2id$v=19$m=19456,t=2,p=1$pAMrcZvnf82snB7mZk6yYg$IO2e2aDrDVQgfOw+5PnFfopwVEP9uZtMB4Lf2rJp2Z0",10000000
C-00868,Le Van Binh,lebinh868@gmail.com,0973101939,Ha Noi,,SILVER,ACTIVE,"$argon2id$v=19$m=19456,t=2,p=1$pAMrcZvnf82snB7mZk6yYg$IO2e2aDrDVQgfOw+5PnFfopwVEP9uZtMB4Lf2rJp2Z0",10000000
C-00869,Phan Van Khanh,phankhanh869@gmail.com,0976575257,Ha Noi,,STANDARD,ACTIVE,"$argon2id$v=19$m=19456,t=2,p=1$pAMrcZvnf82snB7mZk6yYg$IO2e2aDrDVQgfOw+5PnFfopwVEP9uZtMB4Lf2rJp2Z0",10000000
C-00870,Tran Van Quang,tranquang870@gmail.com,0950067223,Ha Noi,,SILVER,ACTIVE,"$argon2id$v=19$m=19456,t=2,p=1$pAMrcZvnf82snB7mZk6yYg$IO2e2aDrDVQgfOw+5PnFfopwVEP9uZtMB4Lf2rJp2Z0",10000000
C-00871,Tran Van Linh,tranlinh871@gmail.com,0961473775,Ha Noi,,SILVER,ACTIVE,"$argon2id$v=19$m=19456,t=2,p=1$pAMrcZvnf82snB7mZk6yYg$IO2e2aDrDVQgfOw+5PnFfopwVEP9uZtMB4Lf2rJp2Z0",10000000
C-00872,Nguyen Van Thanh,nguyenthanh872@gmail.com,0940965304,Ha Noi,,STANDARD,ACTIVE,"$argon2id$v=19$m=19456,t=2,p=1$pAMrcZvnf82snB7mZk6yYg$IO2e2aDrDVQgfOw+5PnFfopwVEP9uZtMB4Lf2rJp2Z0",10000000
C-00873,Vu Van Cuong,vucuong873@gmail.com,0952126820,Ha Noi,,STANDARD,ACTIVE,"$argon2id$v=19$m=19456,t=2,p=1$pAMrcZvnf82snB7mZk6yYg$IO2e2aDrDVQgfOw+5PnFfopwVEP9uZtMB4Lf2rJp2Z0",10000000
C-00874,Bui Van Quang,buiquang874@gmail.com,0933276838,Ha Noi,,STANDARD,ACTIVE,"$argon2id$v=19$m=19456,t=2,p=1$pAMrcZvnf82snB7mZk6yYg$IO2e2aDrDVQgfOw+5PnFfopwVEP9uZtMB4Lf2rJp2Z0",10000000
C-00875,Phan Van Hung,phanhung875@gmail.com,0987192955,Ha Noi,,SILVER,ACTIVE,"$argon2id$v=19$m=19456,t=2,p=1$pAMrcZvnf82snB7mZk6yYg$IO2e2aDrDVQgfOw+5PnFfopwVEP9uZtMB4Lf2rJp2Z0",10000000
C-00876,Pham Van Khanh,phamkhanh876@gmail.com,0911023414,Ha Noi,,STANDARD,ACTIVE,"$argon2id$v=19$m=19456,t=2,p=1$pAMrcZvnf82snB7mZk6yYg$IO2e2aDrDVQgfOw+5PnFfopwVEP9uZtMB4Lf2rJp2Z0",10000000
C-00877,Tran Van Phuc,tranphuc877@gmail.com,0958004481,Ha Noi,,SILVER,ACTIVE,"$argon2id$v=19$m=19456,t=2,p=1$pAMrcZvnf82snB7mZk6yYg$IO2e2aDrDVQgfOw+5PnFfopwVEP9uZtMB4Lf2rJp2Z0",10000000
C-00878,Vo Van Dung,vodung878@gmail.com,0932589137,Ha Noi,,DIAMOND,ACTIVE,"$argon2id$v=19$m=19456,t=2,p=1$pAMrcZvnf82snB7mZk6yYg$IO2e2aDrDVQgfOw+5PnFfopwVEP9uZtMB4Lf2rJp2Z0",10000000
C-00879,Pham Van Thanh,phamthanh879@gmail.com,0970329839,Ha Noi,,STANDARD,ACTIVE,"$argon2id$v=19$m=19456,t=2,p=1$pAMrcZvnf82snB7mZk6yYg$IO2e2aDrDVQgfOw+5PnFfopwVEP9uZtMB4Lf2rJp2Z0",10000000
C-00880,Nguyen Van Binh,nguyenbinh880@gmail.com,0950036944,Ha Noi,,SILVER,ACTIVE,"$argon2id$v=19$m=19456,t=2,p=1$pAMrcZvnf82snB7mZk6yYg$IO2e2aDrDVQgfOw+5PnFfopwVEP9uZtMB4Lf2rJp2Z0",10000000
C-00881,Pham Van Anh,phamanh881@gmail.com,0940231397,Ha Noi,,STANDARD,ACTIVE,"$argon2id$v=19$m=19456,t=2,p=1$pAMrcZvnf82snB7mZk6yYg$IO2e2aDrDVQgfOw+5PnFfopwVEP9uZtMB4Lf2rJp2Z0",10000000
C-00882,Le Van Trung,letrung882@gmail.com,0938985058,Ha Noi,,STANDARD,ACTIVE,"$argon2id$v=19$m=19456,t=2,p=1$pAMrcZvnf82snB7mZk6yYg$IO2e2aDrDVQgfOw+5PnFfopwVEP9uZtMB4Lf2rJp2Z0",10000000
C-00883,Tran Van Cuong,trancuong883@gmail.com,0936026240,Ha Noi,,STANDARD,ACTIVE,"$argon2id$v=19$m=19456,t=2,p=1$pAMrcZvnf82snB7mZk6yYg$IO2e2aDrDVQgfOw+5PnFfopwVEP9uZtMB4Lf2rJp2Z0",10000000
C-00884,Vo Van Linh,volinh884@gmail.com,0936403734,Ha Noi,,SILVER,ACTIVE,"$argon2id$v=19$m=19456,t=2,p=1$pAMrcZvnf82snB7mZk6yYg$IO2e2aDrDVQgfOw+5PnFfopwVEP9uZtMB4Lf2rJp2Z0",10000000
C-00885,Le Van Nam,lenam885@gmail.com,0955894008,Ha Noi,,STANDARD,ACTIVE,"$argon2id$v=19$m=19456,t=2,p=1$pAMrcZvnf82snB7mZk6yYg$IO2e2aDrDVQgfOw+5PnFfopwVEP9uZtMB4Lf2rJp2Z0",10000000
C-00886,Dang Van Minh,dangminh886@gmail.com,0997499947,Ha Noi,,SILVER,ACTIVE,"$argon2id$v=19$m=19456,t=2,p=1$pAMrcZvnf82snB7mZk6yYg$IO2e2aDrDVQgfOw+5PnFfopwVEP9uZtMB4Lf2rJp2Z0",10000000
C-00887,Bui Van Linh,builinh887@gmail.com,0986832902,Ha Noi,,SILVER,ACTIVE,"$argon2id$v=19$m=19456,t=2,p=1$pAMrcZvnf82snB7mZk6yYg$IO2e2aDrDVQgfOw+5PnFfopwVEP9uZtMB4Lf2rJp2Z0",10000000
C-00888,Hoang Van Hieu,hoanghieu888@gmail.com,0914961018,Ha Noi,,STANDARD,ACTIVE,"$argon2id$v=19$m=19456,t=2,p=1$pAMrcZvnf82snB7mZk6yYg$IO2e2aDrDVQgfOw+5PnFfopwVEP9uZtMB4Lf2rJp2Z0",10000000
C-00889,Vo Van Dung,vodung889@gmail.com,0973235432,Ha Noi,,GOLD,ACTIVE,"$argon2id$v=19$m=19456,t=2,p=1$pAMrcZvnf82snB7mZk6yYg$IO2e2aDrDVQgfOw+5PnFfopwVEP9uZtMB4Lf2rJp2Z0",10000000
C-00890,Vu Van Binh,vubinh890@gmail.com,0930642712,Ha Noi,,DIAMOND,ACTIVE,"$argon2id$v=19$m=19456,t=2,p=1$pAMrcZvnf82snB7mZk6yYg$IO2e2aDrDVQgfOw+5PnFfopwVEP9uZtMB4Lf2rJp2Z0",10000000
C-00891,Bui Van Son,buison891@gmail.com,0916558437,Ha Noi,,STANDARD,ACTIVE,"$argon2id$v=19$m=19456,t=2,p=1$pAMrcZvnf82snB7mZk6yYg$IO2e2aDrDVQgfOw+5PnFfopwVEP9uZtMB4Lf2rJp2Z0",10000000
C-00892,Bui Van Linh,builinh892@gmail.com,0912212990,Ha Noi,,SILVER,ACTIVE,"$argon2id$v=19$m=19456,t=2,p=1$pAMrcZvnf82snB7mZk6yYg$IO2e2aDrDVQgfOw+5PnFfopwVEP9uZtMB4Lf2rJp2Z0",10000000
C-00893,Le Van Hieu,lehieu893@gmail.com,0978098755,Ha Noi,,GOLD,ACTIVE,"$argon2id$v=19$m=19456,t=2,p=1$pAMrcZvnf82snB7mZk6yYg$IO2e2aDrDVQgfOw+5PnFfopwVEP9uZtMB4Lf2rJp2Z0",10000000
C-00894,Bui Van Linh,builinh894@gmail.com,0996425851,Ha Noi,,STANDARD,ACTIVE,"$argon2id$v=19$m=19456,t=2,p=1$pAMrcZvnf82snB7mZk6yYg$IO2e2aDrDVQgfOw+5PnFfopwVEP9uZtMB4Lf2rJp2Z0",10000000
C-00895,Hoang Van Cuong,hoangcuong895@gmail.com,0983378088,Ha Noi,,STANDARD,ACTIVE,"$argon2id$v=19$m=19456,t=2,p=1$pAMrcZvnf82snB7mZk6yYg$IO2e2aDrDVQgfOw+5PnFfopwVEP9uZtMB4Lf2rJp2Z0",10000000
C-00896,Vu Van Phuc,vuphuc896@gmail.com,0980754174,Ha Noi,,STANDARD,ACTIVE,"$argon2id$v=19$m=19456,t=2,p=1$pAMrcZvnf82snB7mZk6yYg$IO2e2aDrDVQgfOw+5PnFfopwVEP9uZtMB4Lf2rJp2Z0",10000000
C-00897,Hoang Van Minh,hoangminh897@gmail.com,0926755888,Ha Noi,,STANDARD,ACTIVE,"$argon2id$v=19$m=19456,t=2,p=1$pAMrcZvnf82snB7mZk6yYg$IO2e2aDrDVQgfOw+5PnFfopwVEP9uZtMB4Lf2rJp2Z0",10000000
C-00898,Nguyen Van Thanh,nguyenthanh898@gmail.com,0970771286,Ha Noi,,STANDARD,ACTIVE,"$argon2id$v=19$m=19456,t=2,p=1$pAMrcZvnf82snB7mZk6yYg$IO2e2aDrDVQgfOw+5PnFfopwVEP9uZtMB4Lf2rJp2Z0",10000000
C-00899,Tran Van Anh,trananh899@gmail.com,0998062122,Ha Noi,,GOLD,ACTIVE,"$argon2id$v=19$m=19456,t=2,p=1$pAMrcZvnf82snB7mZk6yYg$IO2e2aDrDVQgfOw+5PnFfopwVEP9uZtMB4Lf2rJp2Z0",10000000
C-00900,Le Van Phuc,lephuc900@gmail.com,0973004004,Ha Noi,,STANDARD,ACTIVE,"$argon2id$v=19$m=19456,t=2,p=1$pAMrcZvnf82snB7mZk6yYg$IO2e2aDrDVQgfOw+5PnFfopwVEP9uZtMB4Lf2rJp2Z0",10000000
C-00901,Tran Van Trung,trantrung901@gmail.com,0942520761,Ha Noi,,STANDARD,ACTIVE,"$argon2id$v=19$m=19456,t=2,p=1$pAMrcZvnf82snB7mZk6yYg$IO2e2aDrDVQgfOw+5PnFfopwVEP9uZtMB4Lf2rJp2Z0",10000000
C-00902,Dang Van Hieu,danghieu902@gmail.com,0997858502,Ha Noi,,STANDARD,ACTIVE,"$argon2id$v=19$m=19456,t=2,p=1$pAMrcZvnf82snB7mZk6yYg$IO2e2aDrDVQgfOw+5PnFfopwVEP9uZtMB4Lf2rJp2Z0",10000000
C-00903,Tran Van Thanh,tranthanh903@gmail.com,0997402202,Ha Noi,,STANDARD,ACTIVE,"$argon2id$v=19$m=19456,t=2,p=1$pAMrcZvnf82snB7mZk6yYg$IO2e2aDrDVQgfOw+5PnFfopwVEP9uZtMB4Lf2rJp2Z0",10000000
C-00904,Nguyen Van Phuc,nguyenphuc904@gmail.com,0997269946,Ha Noi,,STANDARD,ACTIVE,"$argon2id$v=19$m=19456,t=2,p=1$pAMrcZvnf82snB7mZk6yYg$IO2e2aDrDVQgfOw+5PnFfopwVEP9uZtMB4Lf2rJp2Z0",10000000
C-00905,Tran Van Son,transon905@gmail.com,0982048037,Ha Noi,,STANDARD,ACTIVE,"$argon2id$v=19$m=19456,t=2,p=1$pAMrcZvnf82snB7mZk6yYg$IO2e2aDrDVQgfOw+5PnFfopwVEP9uZtMB4Lf2rJp2Z0",10000000
C-00906,Nguyen Van Hieu,nguyenhieu906@gmail.com,0942895963,Ha Noi,,STANDARD,ACTIVE,"$argon2id$v=19$m=19456,t=2,p=1$pAMrcZvnf82snB7mZk6yYg$IO2e2aDrDVQgfOw+5PnFfopwVEP9uZtMB4Lf2rJp2Z0",10000000
C-00907,Le Van Hieu,lehieu907@gmail.com,0952048066,Ha Noi,,STANDARD,ACTIVE,"$argon2id$v=19$m=19456,t=2,p=1$pAMrcZvnf82snB7mZk6yYg$IO2e2aDrDVQgfOw+5PnFfopwVEP9uZtMB4Lf2rJp2Z0",10000000
C-00908,Vo Van Thanh,vothanh908@gmail.com,0925172427,Ha Noi,,STANDARD,ACTIVE,"$argon2id$v=19$m=19456,t=2,p=1$pAMrcZvnf82snB7mZk6yYg$IO2e2aDrDVQgfOw+5PnFfopwVEP9uZtMB4Lf2rJp2Z0",10000000
C-00909,Bui Van Nam,buinam909@gmail.com,0947347371,Ha Noi,,GOLD,ACTIVE,"$argon2id$v=19$m=19456,t=2,p=1$pAMrcZvnf82snB7mZk6yYg$IO2e2aDrDVQgfOw+5PnFfopwVEP9uZtMB4Lf2rJp2Z0",10000000
C-00910,Bui Van Trung,buitrung910@gmail.com,0989059340,Ha Noi,,STANDARD,ACTIVE,"$argon2id$v=19$m=19456,t=2,p=1$pAMrcZvnf82snB7mZk6yYg$IO2e2aDrDVQgfOw+5PnFfopwVEP9uZtMB4Lf2rJp2Z0",10000000
C-00911,Vo Van Binh,vobinh911@gmail.com,0913243445,Ha Noi,,STANDARD,ACTIVE,"$argon2id$v=19$m=19456,t=2,p=1$pAMrcZvnf82snB7mZk6yYg$IO2e2aDrDVQgfOw+5PnFfopwVEP9uZtMB4Lf2rJp2Z0",10000000
C-00912,Nguyen Van Dung,nguyendung912@gmail.com,0929650163,Ha Noi,,SILVER,ACTIVE,"$argon2id$v=19$m=19456,t=2,p=1$pAMrcZvnf82snB7mZk6yYg$IO2e2aDrDVQgfOw+5PnFfopwVEP9uZtMB4Lf2rJp2Z0",10000000
C-00913,Tran Van Dung,trandung913@gmail.com,0924360003,Ha Noi,,STANDARD,ACTIVE,"$argon2id$v=19$m=19456,t=2,p=1$pAMrcZvnf82snB7mZk6yYg$IO2e2aDrDVQgfOw+5PnFfopwVEP9uZtMB4Lf2rJp2Z0",10000000
C-00914,Tran Van Khanh,trankhanh914@gmail.com,0979991290,Ha Noi,,GOLD,ACTIVE,"$argon2id$v=19$m=19456,t=2,p=1$pAMrcZvnf82snB7mZk6yYg$IO2e2aDrDVQgfOw+5PnFfopwVEP9uZtMB4Lf2rJp2Z0",10000000
C-00915,Vu Van Khanh,vukhanh915@gmail.com,0966047062,Ha Noi,,STANDARD,ACTIVE,"$argon2id$v=19$m=19456,t=2,p=1$pAMrcZvnf82snB7mZk6yYg$IO2e2aDrDVQgfOw+5PnFfopwVEP9uZtMB4Lf2rJp2Z0",10000000
C-00916,Nguyen Van Minh,nguyenminh916@gmail.com,0994739515,Ha Noi,,GOLD,ACTIVE,"$argon2id$v=19$m=19456,t=2,p=1$pAMrcZvnf82snB7mZk6yYg$IO2e2aDrDVQgfOw+5PnFfopwVEP9uZtMB4Lf2rJp2Z0",10000000
C-00917,Vo Van Hieu,vohieu917@gmail.com,0910066856,Ha Noi,,STANDARD,ACTIVE,"$argon2id$v=19$m=19456,t=2,p=1$pAMrcZvnf82snB7mZk6yYg$IO2e2aDrDVQgfOw+5PnFfopwVEP9uZtMB4Lf2rJp2Z0",10000000
C-00918,Pham Van Dung,phamdung918@gmail.com,0946725404,Ha Noi,,STANDARD,ACTIVE,"$argon2id$v=19$m=19456,t=2,p=1$pAMrcZvnf82snB7mZk6yYg$IO2e2aDrDVQgfOw+5PnFfopwVEP9uZtMB4Lf2rJp2Z0",10000000
C-00919,Pham Van Anh,phamanh919@gmail.com,0940973022,Ha Noi,,DIAMOND,ACTIVE,"$argon2id$v=19$m=19456,t=2,p=1$pAMrcZvnf82snB7mZk6yYg$IO2e2aDrDVQgfOw+5PnFfopwVEP9uZtMB4Lf2rJp2Z0",10000000
C-00920,Hoang Van Nam,hoangnam920@gmail.com,0961812175,Ha Noi,,SILVER,ACTIVE,"$argon2id$v=19$m=19456,t=2,p=1$pAMrcZvnf82snB7mZk6yYg$IO2e2aDrDVQgfOw+5PnFfopwVEP9uZtMB4Lf2rJp2Z0",10000000
C-00921,Nguyen Van Minh,nguyenminh921@gmail.com,0965923944,Ha Noi,,SILVER,ACTIVE,"$argon2id$v=19$m=19456,t=2,p=1$pAMrcZvnf82snB7mZk6yYg$IO2e2aDrDVQgfOw+5PnFfopwVEP9uZtMB4Lf2rJp2Z0",10000000
C-00922,Vo Van Dung,vodung922@gmail.com,0939936162,Ha Noi,,STANDARD,ACTIVE,"$argon2id$v=19$m=19456,t=2,p=1$pAMrcZvnf82snB7mZk6yYg$IO2e2aDrDVQgfOw+5PnFfopwVEP9uZtMB4Lf2rJp2Z0",10000000
C-00923,Vu Van Nam,vunam923@gmail.com,0986501632,Ha Noi,,STANDARD,ACTIVE,"$argon2id$v=19$m=19456,t=2,p=1$pAMrcZvnf82snB7mZk6yYg$IO2e2aDrDVQgfOw+5PnFfopwVEP9uZtMB4Lf2rJp2Z0",10000000
C-00924,Phan Van Nam,phannam924@gmail.com,0971685947,Ha Noi,,STANDARD,ACTIVE,"$argon2id$v=19$m=19456,t=2,p=1$pAMrcZvnf82snB7mZk6yYg$IO2e2aDrDVQgfOw+5PnFfopwVEP9uZtMB4Lf2rJp2Z0",10000000
C-00925,Vo Van Phuc,vophuc925@gmail.com,0997734552,Ha Noi,,STANDARD,ACTIVE,"$argon2id$v=19$m=19456,t=2,p=1$pAMrcZvnf82snB7mZk6yYg$IO2e2aDrDVQgfOw+5PnFfopwVEP9uZtMB4Lf2rJp2Z0",10000000
C-00926,Le Van Trung,letrung926@gmail.com,0956276937,Ha Noi,,STANDARD,ACTIVE,"$argon2id$v=19$m=19456,t=2,p=1$pAMrcZvnf82snB7mZk6yYg$IO2e2aDrDVQgfOw+5PnFfopwVEP9uZtMB4Lf2rJp2Z0",10000000
C-00927,Vu Van Dung,vudung927@gmail.com,0957869761,Ha Noi,,SILVER,ACTIVE,"$argon2id$v=19$m=19456,t=2,p=1$pAMrcZvnf82snB7mZk6yYg$IO2e2aDrDVQgfOw+5PnFfopwVEP9uZtMB4Lf2rJp2Z0",10000000
C-00928,Hoang Van Hung,hoanghung928@gmail.com,0917902830,Ha Noi,,SILVER,ACTIVE,"$argon2id$v=19$m=19456,t=2,p=1$pAMrcZvnf82snB7mZk6yYg$IO2e2aDrDVQgfOw+5PnFfopwVEP9uZtMB4Lf2rJp2Z0",10000000
C-00929,Le Van Trung,letrung929@gmail.com,0912307042,Ha Noi,,GOLD,ACTIVE,"$argon2id$v=19$m=19456,t=2,p=1$pAMrcZvnf82snB7mZk6yYg$IO2e2aDrDVQgfOw+5PnFfopwVEP9uZtMB4Lf2rJp2Z0",10000000
C-00930,Hoang Van Linh,hoanglinh930@gmail.com,0947357346,Ha Noi,,STANDARD,ACTIVE,"$argon2id$v=19$m=19456,t=2,p=1$pAMrcZvnf82snB7mZk6yYg$IO2e2aDrDVQgfOw+5PnFfopwVEP9uZtMB4Lf2rJp2Z0",10000000
C-00931,Phan Van Phuc,phanphuc931@gmail.com,0973122013,Ha Noi,,GOLD,ACTIVE,"$argon2id$v=19$m=19456,t=2,p=1$pAMrcZvnf82snB7mZk6yYg$IO2e2aDrDVQgfOw+5PnFfopwVEP9uZtMB4Lf2rJp2Z0",10000000
C-00932,Tran Van Phuc,tranphuc932@gmail.com,0966624188,Ha Noi,,SILVER,ACTIVE,"$argon2id$v=19$m=19456,t=2,p=1$pAMrcZvnf82snB7mZk6yYg$IO2e2aDrDVQgfOw+5PnFfopwVEP9uZtMB4Lf2rJp2Z0",10000000
C-00933,Dang Van Hung,danghung933@gmail.com,0945253094,Ha Noi,,STANDARD,ACTIVE,"$argon2id$v=19$m=19456,t=2,p=1$pAMrcZvnf82snB7mZk6yYg$IO2e2aDrDVQgfOw+5PnFfopwVEP9uZtMB4Lf2rJp2Z0",10000000
C-00934,Vo Van Hieu,vohieu934@gmail.com,0987897383,Ha Noi,,STANDARD,ACTIVE,"$argon2id$v=19$m=19456,t=2,p=1$pAMrcZvnf82snB7mZk6yYg$IO2e2aDrDVQgfOw+5PnFfopwVEP9uZtMB4Lf2rJp2Z0",10000000
C-00935,Dang Van Thanh,dangthanh935@gmail.com,0990079676,Ha Noi,,STANDARD,ACTIVE,"$argon2id$v=19$m=19456,t=2,p=1$pAMrcZvnf82snB7mZk6yYg$IO2e2aDrDVQgfOw+5PnFfopwVEP9uZtMB4Lf2rJp2Z0",10000000
C-00936,Tran Van Minh,tranminh936@gmail.com,0992749085,Ha Noi,,STANDARD,ACTIVE,"$argon2id$v=19$m=19456,t=2,p=1$pAMrcZvnf82snB7mZk6yYg$IO2e2aDrDVQgfOw+5PnFfopwVEP9uZtMB4Lf2rJp2Z0",10000000
C-00937,Bui Van Dung,buidung937@gmail.com,0924631469,Ha Noi,,STANDARD,ACTIVE,"$argon2id$v=19$m=19456,t=2,p=1$pAMrcZvnf82snB7mZk6yYg$IO2e2aDrDVQgfOw+5PnFfopwVEP9uZtMB4Lf2rJp2Z0",10000000
C-00938,Tran Van Cuong,trancuong938@gmail.com,0987985822,Ha Noi,,STANDARD,ACTIVE,"$argon2id$v=19$m=19456,t=2,p=1$pAMrcZvnf82snB7mZk6yYg$IO2e2aDrDVQgfOw+5PnFfopwVEP9uZtMB4Lf2rJp2Z0",10000000
C-00939,Le Van Son,leson939@gmail.com,0984152886,Ha Noi,,STANDARD,ACTIVE,"$argon2id$v=19$m=19456,t=2,p=1$pAMrcZvnf82snB7mZk6yYg$IO2e2aDrDVQgfOw+5PnFfopwVEP9uZtMB4Lf2rJp2Z0",10000000
C-00940,Vu Van Quang,vuquang940@gmail.com,0946056626,Ha Noi,,STANDARD,ACTIVE,"$argon2id$v=19$m=19456,t=2,p=1$pAMrcZvnf82snB7mZk6yYg$IO2e2aDrDVQgfOw+5PnFfopwVEP9uZtMB4Lf2rJp2Z0",10000000
C-00941,Phan Van Son,phanson941@gmail.com,0951914094,Ha Noi,,SILVER,ACTIVE,"$argon2id$v=19$m=19456,t=2,p=1$pAMrcZvnf82snB7mZk6yYg$IO2e2aDrDVQgfOw+5PnFfopwVEP9uZtMB4Lf2rJp2Z0",10000000
C-00942,Vu Van Trung,vutrung942@gmail.com,0993658147,Ha Noi,,SILVER,ACTIVE,"$argon2id$v=19$m=19456,t=2,p=1$pAMrcZvnf82snB7mZk6yYg$IO2e2aDrDVQgfOw+5PnFfopwVEP9uZtMB4Lf2rJp2Z0",10000000
C-00943,Vu Van Quang,vuquang943@gmail.com,0936161685,Ha Noi,,STANDARD,ACTIVE,"$argon2id$v=19$m=19456,t=2,p=1$pAMrcZvnf82snB7mZk6yYg$IO2e2aDrDVQgfOw+5PnFfopwVEP9uZtMB4Lf2rJp2Z0",10000000
C-00944,Vu Van Khanh,vukhanh944@gmail.com,0956841410,Ha Noi,,STANDARD,ACTIVE,"$argon2id$v=19$m=19456,t=2,p=1$pAMrcZvnf82snB7mZk6yYg$IO2e2aDrDVQgfOw+5PnFfopwVEP9uZtMB4Lf2rJp2Z0",10000000
C-00945,Vu Van Phuc,vuphuc945@gmail.com,0941194056,Ha Noi,,GOLD,ACTIVE,"$argon2id$v=19$m=19456,t=2,p=1$pAMrcZvnf82snB7mZk6yYg$IO2e2aDrDVQgfOw+5PnFfopwVEP9uZtMB4Lf2rJp2Z0",10000000
C-00946,Dang Van Binh,dangbinh946@gmail.com,0910768424,Ha Noi,,STANDARD,ACTIVE,"$argon2id$v=19$m=19456,t=2,p=1$pAMrcZvnf82snB7mZk6yYg$IO2e2aDrDVQgfOw+5PnFfopwVEP9uZtMB4Lf2rJp2Z0",10000000
C-00947,Phan Van Anh,phananh947@gmail.com,0923953778,Ha Noi,,GOLD,ACTIVE,"$argon2id$v=19$m=19456,t=2,p=1$pAMrcZvnf82snB7mZk6yYg$IO2e2aDrDVQgfOw+5PnFfopwVEP9uZtMB4Lf2rJp2Z0",10000000
C-00948,Bui Van Binh,buibinh948@gmail.com,0938205289,Ha Noi,,SILVER,ACTIVE,"$argon2id$v=19$m=19456,t=2,p=1$pAMrcZvnf82snB7mZk6yYg$IO2e2aDrDVQgfOw+5PnFfopwVEP9uZtMB4Lf2rJp2Z0",10000000
C-00949,Dang Van Son,dangson949@gmail.com,0911450426,Ha Noi,,STANDARD,ACTIVE,"$argon2id$v=19$m=19456,t=2,p=1$pAMrcZvnf82snB7mZk6yYg$IO2e2aDrDVQgfOw+5PnFfopwVEP9uZtMB4Lf2rJp2Z0",10000000
C-00950,Phan Van Khanh,phankhanh950@gmail.com,0954915714,Ha Noi,,SILVER,ACTIVE,"$argon2id$v=19$m=19456,t=2,p=1$pAMrcZvnf82snB7mZk6yYg$IO2e2aDrDVQgfOw+5PnFfopwVEP9uZtMB4Lf2rJp2Z0",10000000
C-00951,Hoang Van Son,hoangson951@gmail.com,0997640883,Ha Noi,,STANDARD,ACTIVE,"$argon2id$v=19$m=19456,t=2,p=1$pAMrcZvnf82snB7mZk6yYg$IO2e2aDrDVQgfOw+5PnFfopwVEP9uZtMB4Lf2rJp2Z0",10000000
C-00952,Dang Van Dung,dangdung952@gmail.com,0948086376,Ha Noi,,GOLD,ACTIVE,"$argon2id$v=19$m=19456,t=2,p=1$pAMrcZvnf82snB7mZk6yYg$IO2e2aDrDVQgfOw+5PnFfopwVEP9uZtMB4Lf2rJp2Z0",10000000
C-00953,Hoang Van Linh,hoanglinh953@gmail.com,0953453747,Ha Noi,,STANDARD,ACTIVE,"$argon2id$v=19$m=19456,t=2,p=1$pAMrcZvnf82snB7mZk6yYg$IO2e2aDrDVQgfOw+5PnFfopwVEP9uZtMB4Lf2rJp2Z0",10000000
C-00954,Phan Van Hieu,phanhieu954@gmail.com,0954172024,Ha Noi,,STANDARD,ACTIVE,"$argon2id$v=19$m=19456,t=2,p=1$pAMrcZvnf82snB7mZk6yYg$IO2e2aDrDVQgfOw+5PnFfopwVEP9uZtMB4Lf2rJp2Z0",10000000
C-00955,Dang Van Khanh,dangkhanh955@gmail.com,0939362560,Ha Noi,,GOLD,ACTIVE,"$argon2id$v=19$m=19456,t=2,p=1$pAMrcZvnf82snB7mZk6yYg$IO2e2aDrDVQgfOw+5PnFfopwVEP9uZtMB4Lf2rJp2Z0",10000000
C-00956,Tran Van Khanh,trankhanh956@gmail.com,0980433000,Ha Noi,,DIAMOND,ACTIVE,"$argon2id$v=19$m=19456,t=2,p=1$pAMrcZvnf82snB7mZk6yYg$IO2e2aDrDVQgfOw+5PnFfopwVEP9uZtMB4Lf2rJp2Z0",10000000
C-00957,Bui Van Binh,buibinh957@gmail.com,0912914751,Ha Noi,,STANDARD,ACTIVE,"$argon2id$v=19$m=19456,t=2,p=1$pAMrcZvnf82snB7mZk6yYg$IO2e2aDrDVQgfOw+5PnFfopwVEP9uZtMB4Lf2rJp2Z0",10000000
C-00958,Bui Van Nam,buinam958@gmail.com,0969640616,Ha Noi,,DIAMOND,ACTIVE,"$argon2id$v=19$m=19456,t=2,p=1$pAMrcZvnf82snB7mZk6yYg$IO2e2aDrDVQgfOw+5PnFfopwVEP9uZtMB4Lf2rJp2Z0",10000000
C-00959,Vu Van Phuc,vuphuc959@gmail.com,0996580832,Ha Noi,,STANDARD,ACTIVE,"$argon2id$v=19$m=19456,t=2,p=1$pAMrcZvnf82snB7mZk6yYg$IO2e2aDrDVQgfOw+5PnFfopwVEP9uZtMB4Lf2rJp2Z0",10000000
C-00960,Bui Van Phuc,buiphuc960@gmail.com,0936072601,Ha Noi,,GOLD,ACTIVE,"$argon2id$v=19$m=19456,t=2,p=1$pAMrcZvnf82snB7mZk6yYg$IO2e2aDrDVQgfOw+5PnFfopwVEP9uZtMB4Lf2rJp2Z0",10000000
C-00961,Bui Van Minh,buiminh961@gmail.com,0952411661,Ha Noi,,GOLD,ACTIVE,"$argon2id$v=19$m=19456,t=2,p=1$pAMrcZvnf82snB7mZk6yYg$IO2e2aDrDVQgfOw+5PnFfopwVEP9uZtMB4Lf2rJp2Z0",10000000
C-00962,Vu Van Thanh,vuthanh962@gmail.com,0995927243,Ha Noi,,GOLD,ACTIVE,"$argon2id$v=19$m=19456,t=2,p=1$pAMrcZvnf82snB7mZk6yYg$IO2e2aDrDVQgfOw+5PnFfopwVEP9uZtMB4Lf2rJp2Z0",10000000
C-00963,Hoang Van Khanh,hoangkhanh963@gmail.com,0942617575,Ha Noi,,GOLD,ACTIVE,"$argon2id$v=19$m=19456,t=2,p=1$pAMrcZvnf82snB7mZk6yYg$IO2e2aDrDVQgfOw+5PnFfopwVEP9uZtMB4Lf2rJp2Z0",10000000
C-00964,Tran Van Thanh,tranthanh964@gmail.com,0989446833,Ha Noi,,STANDARD,ACTIVE,"$argon2id$v=19$m=19456,t=2,p=1$pAMrcZvnf82snB7mZk6yYg$IO2e2aDrDVQgfOw+5PnFfopwVEP9uZtMB4Lf2rJp2Z0",10000000
C-00965,Pham Van Linh,phamlinh965@gmail.com,0933718137,Ha Noi,,STANDARD,ACTIVE,"$argon2id$v=19$m=19456,t=2,p=1$pAMrcZvnf82snB7mZk6yYg$IO2e2aDrDVQgfOw+5PnFfopwVEP9uZtMB4Lf2rJp2Z0",10000000
C-00966,Hoang Van Son,hoangson966@gmail.com,0940436653,Ha Noi,,STANDARD,ACTIVE,"$argon2id$v=19$m=19456,t=2,p=1$pAMrcZvnf82snB7mZk6yYg$IO2e2aDrDVQgfOw+5PnFfopwVEP9uZtMB4Lf2rJp2Z0",10000000
C-00967,Tran Van Anh,trananh967@gmail.com,0962423330,Ha Noi,,SILVER,ACTIVE,"$argon2id$v=19$m=19456,t=2,p=1$pAMrcZvnf82snB7mZk6yYg$IO2e2aDrDVQgfOw+5PnFfopwVEP9uZtMB4Lf2rJp2Z0",10000000
C-00968,Bui Van Binh,buibinh968@gmail.com,0982474306,Ha Noi,,SILVER,ACTIVE,"$argon2id$v=19$m=19456,t=2,p=1$pAMrcZvnf82snB7mZk6yYg$IO2e2aDrDVQgfOw+5PnFfopwVEP9uZtMB4Lf2rJp2Z0",10000000
C-00969,Vo Van Anh,voanh969@gmail.com,0951469235,Ha Noi,,STANDARD,ACTIVE,"$argon2id$v=19$m=19456,t=2,p=1$pAMrcZvnf82snB7mZk6yYg$IO2e2aDrDVQgfOw+5PnFfopwVEP9uZtMB4Lf2rJp2Z0",10000000
C-00970,Vu Van Thanh,vuthanh970@gmail.com,0976763207,Ha Noi,,GOLD,ACTIVE,"$argon2id$v=19$m=19456,t=2,p=1$pAMrcZvnf82snB7mZk6yYg$IO2e2aDrDVQgfOw+5PnFfopwVEP9uZtMB4Lf2rJp2Z0",10000000
C-00971,Dang Van Hieu,danghieu971@gmail.com,0928436287,Ha Noi,,GOLD,ACTIVE,"$argon2id$v=19$m=19456,t=2,p=1$pAMrcZvnf82snB7mZk6yYg$IO2e2aDrDVQgfOw+5PnFfopwVEP9uZtMB4Lf2rJp2Z0",10000000
C-00972,Phan Van Linh,phanlinh972@gmail.com,0985200069,Ha Noi,,GOLD,ACTIVE,"$argon2id$v=19$m=19456,t=2,p=1$pAMrcZvnf82snB7mZk6yYg$IO2e2aDrDVQgfOw+5PnFfopwVEP9uZtMB4Lf2rJp2Z0",10000000
C-00973,Nguyen Van Nam,nguyennam973@gmail.com,0941082691,Ha Noi,,STANDARD,ACTIVE,"$argon2id$v=19$m=19456,t=2,p=1$pAMrcZvnf82snB7mZk6yYg$IO2e2aDrDVQgfOw+5PnFfopwVEP9uZtMB4Lf2rJp2Z0",10000000
C-00974,Pham Van Khanh,phamkhanh974@gmail.com,0969558109,Ha Noi,,STANDARD,ACTIVE,"$argon2id$v=19$m=19456,t=2,p=1$pAMrcZvnf82snB7mZk6yYg$IO2e2aDrDVQgfOw+5PnFfopwVEP9uZtMB4Lf2rJp2Z0",10000000
C-00975,Phan Van Linh,phanlinh975@gmail.com,0925548232,Ha Noi,,SILVER,ACTIVE,"$argon2id$v=19$m=19456,t=2,p=1$pAMrcZvnf82snB7mZk6yYg$IO2e2aDrDVQgfOw+5PnFfopwVEP9uZtMB4Lf2rJp2Z0",10000000
C-00976,Bui Van Hung,buihung976@gmail.com,0963157414,Ha Noi,,STANDARD,ACTIVE,"$argon2id$v=19$m=19456,t=2,p=1$pAMrcZvnf82snB7mZk6yYg$IO2e2aDrDVQgfOw+5PnFfopwVEP9uZtMB4Lf2rJp2Z0",10000000
C-00977,Bui Van Binh,buibinh977@gmail.com,0917244342,Ha Noi,,GOLD,ACTIVE,"$argon2id$v=19$m=19456,t=2,p=1$pAMrcZvnf82snB7mZk6yYg$IO2e2aDrDVQgfOw+5PnFfopwVEP9uZtMB4Lf2rJp2Z0",10000000
C-00978,Tran Van Hung,tranhung978@gmail.com,0949313997,Ha Noi,,STANDARD,ACTIVE,"$argon2id$v=19$m=19456,t=2,p=1$pAMrcZvnf82snB7mZk6yYg$IO2e2aDrDVQgfOw+5PnFfopwVEP9uZtMB4Lf2rJp2Z0",10000000
C-00979,Le Van Cuong,lecuong979@gmail.com,0922031332,Ha Noi,,STANDARD,ACTIVE,"$argon2id$v=19$m=19456,t=2,p=1$pAMrcZvnf82snB7mZk6yYg$IO2e2aDrDVQgfOw+5PnFfopwVEP9uZtMB4Lf2rJp2Z0",10000000
C-00980,Vo Van Son,voson980@gmail.com,0919617425,Ha Noi,,STANDARD,ACTIVE,"$argon2id$v=19$m=19456,t=2,p=1$pAMrcZvnf82snB7mZk6yYg$IO2e2aDrDVQgfOw+5PnFfopwVEP9uZtMB4Lf2rJp2Z0",10000000
C-00981,Hoang Van Khanh,hoangkhanh981@gmail.com,0914482805,Ha Noi,,SILVER,ACTIVE,"$argon2id$v=19$m=19456,t=2,p=1$pAMrcZvnf82snB7mZk6yYg$IO2e2aDrDVQgfOw+5PnFfopwVEP9uZtMB4Lf2rJp2Z0",10000000
C-00982,Phan Van Dung,phandung982@gmail.com,0946131593,Ha Noi,,STANDARD,ACTIVE,"$argon2id$v=19$m=19456,t=2,p=1$pAMrcZvnf82snB7mZk6yYg$IO2e2aDrDVQgfOw+5PnFfopwVEP9uZtMB4Lf2rJp2Z0",10000000
C-00983,Bui Van Anh,buianh983@gmail.com,0994355357,Ha Noi,,GOLD,ACTIVE,"$argon2id$v=19$m=19456,t=2,p=1$pAMrcZvnf82snB7mZk6yYg$IO2e2aDrDVQgfOw+5PnFfopwVEP9uZtMB4Lf2rJp2Z0",10000000
C-00984,Le Van Hung,lehung984@gmail.com,0999611138,Ha Noi,,SILVER,ACTIVE,"$argon2id$v=19$m=19456,t=2,p=1$pAMrcZvnf82snB7mZk6yYg$IO2e2aDrDVQgfOw+5PnFfopwVEP9uZtMB4Lf2rJp2Z0",10000000
C-00985,Vo Van Hieu,vohieu985@gmail.com,0962125286,Ha Noi,,STANDARD,ACTIVE,"$argon2id$v=19$m=19456,t=2,p=1$pAMrcZvnf82snB7mZk6yYg$IO2e2aDrDVQgfOw+5PnFfopwVEP9uZtMB4Lf2rJp2Z0",10000000
C-00986,Vu Van Son,vuson986@gmail.com,0998668077,Ha Noi,,GOLD,ACTIVE,"$argon2id$v=19$m=19456,t=2,p=1$pAMrcZvnf82snB7mZk6yYg$IO2e2aDrDVQgfOw+5PnFfopwVEP9uZtMB4Lf2rJp2Z0",10000000
C-00987,Tran Van Dung,trandung987@gmail.com,0959134692,Ha Noi,,STANDARD,ACTIVE,"$argon2id$v=19$m=19456,t=2,p=1$pAMrcZvnf82snB7mZk6yYg$IO2e2aDrDVQgfOw+5PnFfopwVEP9uZtMB4Lf2rJp2Z0",10000000
C-00988,Bui Van Phuc,buiphuc988@gmail.com,0938342137,Ha Noi,,STANDARD,ACTIVE,"$argon2id$v=19$m=19456,t=2,p=1$pAMrcZvnf82snB7mZk6yYg$IO2e2aDrDVQgfOw+5PnFfopwVEP9uZtMB4Lf2rJp2Z0",10000000
C-00989,Le Van Nam,lenam989@gmail.com,0932154202,Ha Noi,,STANDARD,ACTIVE,"$argon2id$v=19$m=19456,t=2,p=1$pAMrcZvnf82snB7mZk6yYg$IO2e2aDrDVQgfOw+5PnFfopwVEP9uZtMB4Lf2rJp2Z0",10000000
C-00990,Nguyen Van Anh,nguyenanh990@gmail.com,0962262306,Ha Noi,,STANDARD,ACTIVE,"$argon2id$v=19$m=19456,t=2,p=1$pAMrcZvnf82snB7mZk6yYg$IO2e2aDrDVQgfOw+5PnFfopwVEP9uZtMB4Lf2rJp2Z0",10000000
C-00991,Phan Van Nam,phannam991@gmail.com,0989716536,Ha Noi,,STANDARD,ACTIVE,"$argon2id$v=19$m=19456,t=2,p=1$pAMrcZvnf82snB7mZk6yYg$IO2e2aDrDVQgfOw+5PnFfopwVEP9uZtMB4Lf2rJp2Z0",10000000
C-00992,Bui Van Phuc,buiphuc992@gmail.com,0988446104,Ha Noi,,SILVER,ACTIVE,"$argon2id$v=19$m=19456,t=2,p=1$pAMrcZvnf82snB7mZk6yYg$IO2e2aDrDVQgfOw+5PnFfopwVEP9uZtMB4Lf2rJp2Z0",10000000
C-00993,Dang Van Binh,dangbinh993@gmail.com,0914671949,Ha Noi,,STANDARD,ACTIVE,"$argon2id$v=19$m=19456,t=2,p=1$pAMrcZvnf82snB7mZk6yYg$IO2e2aDrDVQgfOw+5PnFfopwVEP9uZtMB4Lf2rJp2Z0",10000000
C-00994,Vo Van Thanh,vothanh994@gmail.com,0951331846,Ha Noi,,DIAMOND,ACTIVE,"$argon2id$v=19$m=19456,t=2,p=1$pAMrcZvnf82snB7mZk6yYg$IO2e2aDrDVQgfOw+5PnFfopwVEP9uZtMB4Lf2rJp2Z0",10000000
C-00995,Tran Van Cuong,trancuong995@gmail.com,0920308467,Ha Noi,,STANDARD,ACTIVE,"$argon2id$v=19$m=19456,t=2,p=1$pAMrcZvnf82snB7mZk6yYg$IO2e2aDrDVQgfOw+5PnFfopwVEP9uZtMB4Lf2rJp2Z0",10000000
C-00996,Tran Van Dung,trandung996@gmail.com,0934777983,Ha Noi,,STANDARD,ACTIVE,"$argon2id$v=19$m=19456,t=2,p=1$pAMrcZvnf82snB7mZk6yYg$IO2e2aDrDVQgfOw+5PnFfopwVEP9uZtMB4Lf2rJp2Z0",10000000
C-00997,Hoang Van Nam,hoangnam997@gmail.com,0937556290,Ha Noi,,GOLD,ACTIVE,"$argon2id$v=19$m=19456,t=2,p=1$pAMrcZvnf82snB7mZk6yYg$IO2e2aDrDVQgfOw+5PnFfopwVEP9uZtMB4Lf2rJp2Z0",10000000
C-00998,Bui Van Trung,buitrung998@gmail.com,0963002487,Ha Noi,,SILVER,ACTIVE,"$argon2id$v=19$m=19456,t=2,p=1$pAMrcZvnf82snB7mZk6yYg$IO2e2aDrDVQgfOw+5PnFfopwVEP9uZtMB4Lf2rJp2Z0",10000000
C-00999,Pham Van Thanh,phamthanh999@gmail.com,0971377978,Ha Noi,,STANDARD,ACTIVE,"$argon2id$v=19$m=19456,t=2,p=1$pAMrcZvnf82snB7mZk6yYg$IO2e2aDrDVQgfOw+5PnFfopwVEP9uZtMB4Lf2rJp2Z0",10000000
C-01000,Hoang Van Khanh,hoangkhanh1000@gmail.com,0917425768,Ha Noi,,STANDARD,ACTIVE,"$argon2id$v=19$m=19456,t=2,p=1$pAMrcZvnf82snB7mZk6yYg$IO2e2aDrDVQgfOw+5PnFfopwVEP9uZtMB4Lf2rJp2Z0",10000000
C-01001,Nguyen Van Linh,nguyenlinh1001@gmail.com,0984256909,Ha Noi,,GOLD,ACTIVE,"$argon2id$v=19$m=19456,t=2,p=1$pAMrcZvnf82snB7mZk6yYg$IO2e2aDrDVQgfOw+5PnFfopwVEP9uZtMB4Lf2rJp2Z0",10000000
C-01002,Nguyen Van Minh,nguyenminh1002@gmail.com,0939629461,Ha Noi,,SILVER,ACTIVE,"$argon2id$v=19$m=19456,t=2,p=1$pAMrcZvnf82snB7mZk6yYg$IO2e2aDrDVQgfOw+5PnFfopwVEP9uZtMB4Lf2rJp2Z0",10000000
C-01003,Dang Van Phuc,dangphuc1003@gmail.com,0979466836,Ha Noi,,SILVER,ACTIVE,"$argon2id$v=19$m=19456,t=2,p=1$pAMrcZvnf82snB7mZk6yYg$IO2e2aDrDVQgfOw+5PnFfopwVEP9uZtMB4Lf2rJp2Z0",10000000
C-01004,Pham Van Thanh,phamthanh1004@gmail.com,0924405410,Ha Noi,,SILVER,ACTIVE,"$argon2id$v=19$m=19456,t=2,p=1$pAMrcZvnf82snB7mZk6yYg$IO2e2aDrDVQgfOw+5PnFfopwVEP9uZtMB4Lf2rJp2Z0",10000000
C-01005,Dang Van Thanh,dangthanh1005@gmail.com,0991577378,Ha Noi,,STANDARD,ACTIVE,"$argon2id$v=19$m=19456,t=2,p=1$pAMrcZvnf82snB7mZk6yYg$IO2e2aDrDVQgfOw+5PnFfopwVEP9uZtMB4Lf2rJp2Z0",10000000
C-01006,Bui Van Hieu,buihieu1006@gmail.com,0957754871,Ha Noi,,STANDARD,ACTIVE,"$argon2id$v=19$m=19456,t=2,p=1$pAMrcZvnf82snB7mZk6yYg$IO2e2aDrDVQgfOw+5PnFfopwVEP9uZtMB4Lf2rJp2Z0",10000000
C-01007,Phan Van Nam,phannam1007@gmail.com,0917498983,Ha Noi,,STANDARD,ACTIVE,"$argon2id$v=19$m=19456,t=2,p=1$pAMrcZvnf82snB7mZk6yYg$IO2e2aDrDVQgfOw+5PnFfopwVEP9uZtMB4Lf2rJp2Z0",10000000
C-01008,Nguyen Van Hieu,nguyenhieu1008@gmail.com,0977634197,Ha Noi,,STANDARD,ACTIVE,"$argon2id$v=19$m=19456,t=2,p=1$pAMrcZvnf82snB7mZk6yYg$IO2e2aDrDVQgfOw+5PnFfopwVEP9uZtMB4Lf2rJp2Z0",10000000
C-01009,Phan Van Linh,phanlinh1009@gmail.com,0942175225,Ha Noi,,SILVER,ACTIVE,"$argon2id$v=19$m=19456,t=2,p=1$pAMrcZvnf82snB7mZk6yYg$IO2e2aDrDVQgfOw+5PnFfopwVEP9uZtMB4Lf2rJp2Z0",10000000
C-01010,Vo Van Son,voson1010@gmail.com,0920143843,Ha Noi,,STANDARD,ACTIVE,"$argon2id$v=19$m=19456,t=2,p=1$pAMrcZvnf82snB7mZk6yYg$IO2e2aDrDVQgfOw+5PnFfopwVEP9uZtMB4Lf2rJp2Z0",10000000
C-01011,Vo Van Nam,vonam1011@gmail.com,0955093539,Ha Noi,,DIAMOND,ACTIVE,"$argon2id$v=19$m=19456,t=2,p=1$pAMrcZvnf82snB7mZk6yYg$IO2e2aDrDVQgfOw+5PnFfopwVEP9uZtMB4Lf2rJp2Z0",10000000
C-01012,Le Van Hieu,lehieu1012@gmail.com,0993400751,Ha Noi,,STANDARD,ACTIVE,"$argon2id$v=19$m=19456,t=2,p=1$pAMrcZvnf82snB7mZk6yYg$IO2e2aDrDVQgfOw+5PnFfopwVEP9uZtMB4Lf2rJp2Z0",10000000
C-01013,Dang Van Thanh,dangthanh1013@gmail.com,0990505459,Ha Noi,,STANDARD,ACTIVE,"$argon2id$v=19$m=19456,t=2,p=1$pAMrcZvnf82snB7mZk6yYg$IO2e2aDrDVQgfOw+5PnFfopwVEP9uZtMB4Lf2rJp2Z0",10000000
C-01014,Vo Van Phuc,vophuc1014@gmail.com,0980897071,Ha Noi,,GOLD,ACTIVE,"$argon2id$v=19$m=19456,t=2,p=1$pAMrcZvnf82snB7mZk6yYg$IO2e2aDrDVQgfOw+5PnFfopwVEP9uZtMB4Lf2rJp2Z0",10000000
C-01015,Tran Van Cuong,trancuong1015@gmail.com,0963065715,Ha Noi,,STANDARD,ACTIVE,"$argon2id$v=19$m=19456,t=2,p=1$pAMrcZvnf82snB7mZk6yYg$IO2e2aDrDVQgfOw+5PnFfopwVEP9uZtMB4Lf2rJp2Z0",10000000
C-01016,Vu Van Anh,vuanh1016@gmail.com,0914070694,Ha Noi,,STANDARD,ACTIVE,"$argon2id$v=19$m=19456,t=2,p=1$pAMrcZvnf82snB7mZk6yYg$IO2e2aDrDVQgfOw+5PnFfopwVEP9uZtMB4Lf2rJp2Z0",10000000
C-01017,Vo Van Trung,votrung1017@gmail.com,0992019689,Ha Noi,,GOLD,ACTIVE,"$argon2id$v=19$m=19456,t=2,p=1$pAMrcZvnf82snB7mZk6yYg$IO2e2aDrDVQgfOw+5PnFfopwVEP9uZtMB4Lf2rJp2Z0",10000000
C-01018,Vu Van Thanh,vuthanh1018@gmail.com,0961759493,Ha Noi,,SILVER,ACTIVE,"$argon2id$v=19$m=19456,t=2,p=1$pAMrcZvnf82snB7mZk6yYg$IO2e2aDrDVQgfOw+5PnFfopwVEP9uZtMB4Lf2rJp2Z0",10000000
C-01019,Pham Van Anh,phamanh1019@gmail.com,0967782936,Ha Noi,,STANDARD,ACTIVE,"$argon2id$v=19$m=19456,t=2,p=1$pAMrcZvnf82snB7mZk6yYg$IO2e2aDrDVQgfOw+5PnFfopwVEP9uZtMB4Lf2rJp2Z0",10000000
C-01020,Phan Van Thanh,phanthanh1020@gmail.com,0984603540,Ha Noi,,SILVER,ACTIVE,"$argon2id$v=19$m=19456,t=2,p=1$pAMrcZvnf82snB7mZk6yYg$IO2e2aDrDVQgfOw+5PnFfopwVEP9uZtMB4Lf2rJp2Z0",10000000
C-01021,Nguyen Van Thanh,nguyenthanh1021@gmail.com,0941647202,Ha Noi,,SILVER,ACTIVE,"$argon2id$v=19$m=19456,t=2,p=1$pAMrcZvnf82snB7mZk6yYg$IO2e2aDrDVQgfOw+5PnFfopwVEP9uZtMB4Lf2rJp2Z0",10000000
C-01022,Pham Van Anh,phamanh1022@gmail.com,0916071409,Ha Noi,,SILVER,ACTIVE,"$argon2id$v=19$m=19456,t=2,p=1$pAMrcZvnf82snB7mZk6yYg$IO2e2aDrDVQgfOw+5PnFfopwVEP9uZtMB4Lf2rJp2Z0",10000000
C-01023,Dang Van Hieu,danghieu1023@gmail.com,0956473120,Ha Noi,,SILVER,ACTIVE,"$argon2id$v=19$m=19456,t=2,p=1$pAMrcZvnf82snB7mZk6yYg$IO2e2aDrDVQgfOw+5PnFfopwVEP9uZtMB4Lf2rJp2Z0",10000000
C-01024,Vo Van Thanh,vothanh1024@gmail.com,0964932790,Ha Noi,,STANDARD,ACTIVE,"$argon2id$v=19$m=19456,t=2,p=1$pAMrcZvnf82snB7mZk6yYg$IO2e2aDrDVQgfOw+5PnFfopwVEP9uZtMB4Lf2rJp2Z0",10000000
C-01025,Hoang Van Cuong,hoangcuong1025@gmail.com,0946586437,Ha Noi,,STANDARD,ACTIVE,"$argon2id$v=19$m=19456,t=2,p=1$pAMrcZvnf82snB7mZk6yYg$IO2e2aDrDVQgfOw+5PnFfopwVEP9uZtMB4Lf2rJp2Z0",10000000
C-01026,Vo Van Nam,vonam1026@gmail.com,0976481628,Ha Noi,,STANDARD,ACTIVE,"$argon2id$v=19$m=19456,t=2,p=1$pAMrcZvnf82snB7mZk6yYg$IO2e2aDrDVQgfOw+5PnFfopwVEP9uZtMB4Lf2rJp2Z0",10000000
C-01027,Vo Van Cuong,vocuong1027@gmail.com,0952083207,Ha Noi,,SILVER,ACTIVE,"$argon2id$v=19$m=19456,t=2,p=1$pAMrcZvnf82snB7mZk6yYg$IO2e2aDrDVQgfOw+5PnFfopwVEP9uZtMB4Lf2rJp2Z0",10000000
C-01028,Pham Van Khanh,phamkhanh1028@gmail.com,0969543577,Ha Noi,,STANDARD,ACTIVE,"$argon2id$v=19$m=19456,t=2,p=1$pAMrcZvnf82snB7mZk6yYg$IO2e2aDrDVQgfOw+5PnFfopwVEP9uZtMB4Lf2rJp2Z0",10000000
C-01029,Dang Van Hieu,danghieu1029@gmail.com,0931173045,Ha Noi,,STANDARD,ACTIVE,"$argon2id$v=19$m=19456,t=2,p=1$pAMrcZvnf82snB7mZk6yYg$IO2e2aDrDVQgfOw+5PnFfopwVEP9uZtMB4Lf2rJp2Z0",10000000
C-01030,Vo Van Hung,vohung1030@gmail.com,0977645378,Ha Noi,,SILVER,ACTIVE,"$argon2id$v=19$m=19456,t=2,p=1$pAMrcZvnf82snB7mZk6yYg$IO2e2aDrDVQgfOw+5PnFfopwVEP9uZtMB4Lf2rJp2Z0",10000000
C-01031,Hoang Van Binh,hoangbinh1031@gmail.com,0962118185,Ha Noi,,DIAMOND,ACTIVE,"$argon2id$v=19$m=19456,t=2,p=1$pAMrcZvnf82snB7mZk6yYg$IO2e2aDrDVQgfOw+5PnFfopwVEP9uZtMB4Lf2rJp2Z0",10000000
C-01032,Vo Van Anh,voanh1032@gmail.com,0973191540,Ha Noi,,STANDARD,ACTIVE,"$argon2id$v=19$m=19456,t=2,p=1$pAMrcZvnf82snB7mZk6yYg$IO2e2aDrDVQgfOw+5PnFfopwVEP9uZtMB4Lf2rJp2Z0",10000000
C-01033,Tran Van Nam,trannam1033@gmail.com,0933427353,Ha Noi,,STANDARD,ACTIVE,"$argon2id$v=19$m=19456,t=2,p=1$pAMrcZvnf82snB7mZk6yYg$IO2e2aDrDVQgfOw+5PnFfopwVEP9uZtMB4Lf2rJp2Z0",10000000
C-01034,Vu Van Anh,vuanh1034@gmail.com,0997804767,Ha Noi,,GOLD,ACTIVE,"$argon2id$v=19$m=19456,t=2,p=1$pAMrcZvnf82snB7mZk6yYg$IO2e2aDrDVQgfOw+5PnFfopwVEP9uZtMB4Lf2rJp2Z0",10000000
C-01035,Phan Van Cuong,phancuong1035@gmail.com,0999394548,Ha Noi,,STANDARD,ACTIVE,"$argon2id$v=19$m=19456,t=2,p=1$pAMrcZvnf82snB7mZk6yYg$IO2e2aDrDVQgfOw+5PnFfopwVEP9uZtMB4Lf2rJp2Z0",10000000
C-01036,Hoang Van Minh,hoangminh1036@gmail.com,0991073218,Ha Noi,,STANDARD,ACTIVE,"$argon2id$v=19$m=19456,t=2,p=1$pAMrcZvnf82snB7mZk6yYg$IO2e2aDrDVQgfOw+5PnFfopwVEP9uZtMB4Lf2rJp2Z0",10000000
C-01037,Tran Van Dung,trandung1037@gmail.com,0936051525,Ha Noi,,STANDARD,ACTIVE,"$argon2id$v=19$m=19456,t=2,p=1$pAMrcZvnf82snB7mZk6yYg$IO2e2aDrDVQgfOw+5PnFfopwVEP9uZtMB4Lf2rJp2Z0",10000000
C-01038,Vo Van Linh,volinh1038@gmail.com,0999735495,Ha Noi,,SILVER,ACTIVE,"$argon2id$v=19$m=19456,t=2,p=1$pAMrcZvnf82snB7mZk6yYg$IO2e2aDrDVQgfOw+5PnFfopwVEP9uZtMB4Lf2rJp2Z0",10000000
C-01039,Hoang Van Binh,hoangbinh1039@gmail.com,0948117026,Ha Noi,,STANDARD,ACTIVE,"$argon2id$v=19$m=19456,t=2,p=1$pAMrcZvnf82snB7mZk6yYg$IO2e2aDrDVQgfOw+5PnFfopwVEP9uZtMB4Lf2rJp2Z0",10000000
C-01040,Nguyen Van Trung,nguyentrung1040@gmail.com,0958499511,Ha Noi,,STANDARD,ACTIVE,"$argon2id$v=19$m=19456,t=2,p=1$pAMrcZvnf82snB7mZk6yYg$IO2e2aDrDVQgfOw+5PnFfopwVEP9uZtMB4Lf2rJp2Z0",10000000
C-01041,Tran Van Minh,tranminh1041@gmail.com,0966778251,Ha Noi,,SILVER,ACTIVE,"$argon2id$v=19$m=19456,t=2,p=1$pAMrcZvnf82snB7mZk6yYg$IO2e2aDrDVQgfOw+5PnFfopwVEP9uZtMB4Lf2rJp2Z0",10000000
C-01042,Bui Van Quang,buiquang1042@gmail.com,0910792234,Ha Noi,,DIAMOND,ACTIVE,"$argon2id$v=19$m=19456,t=2,p=1$pAMrcZvnf82snB7mZk6yYg$IO2e2aDrDVQgfOw+5PnFfopwVEP9uZtMB4Lf2rJp2Z0",10000000
C-01043,Phan Van Phuc,phanphuc1043@gmail.com,0915819654,Ha Noi,,STANDARD,ACTIVE,"$argon2id$v=19$m=19456,t=2,p=1$pAMrcZvnf82snB7mZk6yYg$IO2e2aDrDVQgfOw+5PnFfopwVEP9uZtMB4Lf2rJp2Z0",10000000
C-01044,Phan Van Cuong,phancuong1044@gmail.com,0915852660,Ha Noi,,SILVER,ACTIVE,"$argon2id$v=19$m=19456,t=2,p=1$pAMrcZvnf82snB7mZk6yYg$IO2e2aDrDVQgfOw+5PnFfopwVEP9uZtMB4Lf2rJp2Z0",10000000
C-01045,Pham Van Hung,phamhung1045@gmail.com,0951871735,Ha Noi,,STANDARD,ACTIVE,"$argon2id$v=19$m=19456,t=2,p=1$pAMrcZvnf82snB7mZk6yYg$IO2e2aDrDVQgfOw+5PnFfopwVEP9uZtMB4Lf2rJp2Z0",10000000
C-01046,Hoang Van Quang,hoangquang1046@gmail.com,0941204585,Ha Noi,,SILVER,ACTIVE,"$argon2id$v=19$m=19456,t=2,p=1$pAMrcZvnf82snB7mZk6yYg$IO2e2aDrDVQgfOw+5PnFfopwVEP9uZtMB4Lf2rJp2Z0",10000000
C-01047,Pham Van Son,phamson1047@gmail.com,0961842577,Ha Noi,,STANDARD,ACTIVE,"$argon2id$v=19$m=19456,t=2,p=1$pAMrcZvnf82snB7mZk6yYg$IO2e2aDrDVQgfOw+5PnFfopwVEP9uZtMB4Lf2rJp2Z0",10000000
C-01048,Dang Van Linh,danglinh1048@gmail.com,0959280428,Ha Noi,,STANDARD,ACTIVE,"$argon2id$v=19$m=19456,t=2,p=1$pAMrcZvnf82snB7mZk6yYg$IO2e2aDrDVQgfOw+5PnFfopwVEP9uZtMB4Lf2rJp2Z0",10000000
C-01049,Le Van Trung,letrung1049@gmail.com,0934367211,Ha Noi,,STANDARD,ACTIVE,"$argon2id$v=19$m=19456,t=2,p=1$pAMrcZvnf82snB7mZk6yYg$IO2e2aDrDVQgfOw+5PnFfopwVEP9uZtMB4Lf2rJp2Z0",10000000
C-01050,Hoang Van Khanh,hoangkhanh1050@gmail.com,0963999716,Ha Noi,,STANDARD,ACTIVE,"$argon2id$v=19$m=19456,t=2,p=1$pAMrcZvnf82snB7mZk6yYg$IO2e2aDrDVQgfOw+5PnFfopwVEP9uZtMB4Lf2rJp2Z0",10000000
C-01051,Le Van Trung,letrung1051@gmail.com,0989939573,Ha Noi,,GOLD,ACTIVE,"$argon2id$v=19$m=19456,t=2,p=1$pAMrcZvnf82snB7mZk6yYg$IO2e2aDrDVQgfOw+5PnFfopwVEP9uZtMB4Lf2rJp2Z0",10000000
C-01052,Hoang Van Khanh,hoangkhanh1052@gmail.com,0917699528,Ha Noi,,STANDARD,ACTIVE,"$argon2id$v=19$m=19456,t=2,p=1$pAMrcZvnf82snB7mZk6yYg$IO2e2aDrDVQgfOw+5PnFfopwVEP9uZtMB4Lf2rJp2Z0",10000000
C-01053,Phan Van Dung,phandung1053@gmail.com,0935864627,Ha Noi,,SILVER,ACTIVE,"$argon2id$v=19$m=19456,t=2,p=1$pAMrcZvnf82snB7mZk6yYg$IO2e2aDrDVQgfOw+5PnFfopwVEP9uZtMB4Lf2rJp2Z0",10000000
C-01054,Nguyen Van Anh,nguyenanh1054@gmail.com,0985433630,Ha Noi,,STANDARD,ACTIVE,"$argon2id$v=19$m=19456,t=2,p=1$pAMrcZvnf82snB7mZk6yYg$IO2e2aDrDVQgfOw+5PnFfopwVEP9uZtMB4Lf2rJp2Z0",10000000
C-01055,Phan Van Binh,phanbinh1055@gmail.com,0928995532,Ha Noi,,STANDARD,ACTIVE,"$argon2id$v=19$m=19456,t=2,p=1$pAMrcZvnf82snB7mZk6yYg$IO2e2aDrDVQgfOw+5PnFfopwVEP9uZtMB4Lf2rJp2Z0",10000000
C-01056,Hoang Van Cuong,hoangcuong1056@gmail.com,0987625427,Ha Noi,,STANDARD,ACTIVE,"$argon2id$v=19$m=19456,t=2,p=1$pAMrcZvnf82snB7mZk6yYg$IO2e2aDrDVQgfOw+5PnFfopwVEP9uZtMB4Lf2rJp2Z0",10000000
C-01057,Tran Van Hung,tranhung1057@gmail.com,0982211773,Ha Noi,,STANDARD,ACTIVE,"$argon2id$v=19$m=19456,t=2,p=1$pAMrcZvnf82snB7mZk6yYg$IO2e2aDrDVQgfOw+5PnFfopwVEP9uZtMB4Lf2rJp2Z0",10000000
C-01058,Dang Van Linh,danglinh1058@gmail.com,0938276968,Ha Noi,,STANDARD,ACTIVE,"$argon2id$v=19$m=19456,t=2,p=1$pAMrcZvnf82snB7mZk6yYg$IO2e2aDrDVQgfOw+5PnFfopwVEP9uZtMB4Lf2rJp2Z0",10000000
C-01059,Pham Van Hieu,phamhieu1059@gmail.com,0928961548,Ha Noi,,STANDARD,ACTIVE,"$argon2id$v=19$m=19456,t=2,p=1$pAMrcZvnf82snB7mZk6yYg$IO2e2aDrDVQgfOw+5PnFfopwVEP9uZtMB4Lf2rJp2Z0",10000000
C-01060,Bui Van Hung,buihung1060@gmail.com,0921482335,Ha Noi,,GOLD,ACTIVE,"$argon2id$v=19$m=19456,t=2,p=1$pAMrcZvnf82snB7mZk6yYg$IO2e2aDrDVQgfOw+5PnFfopwVEP9uZtMB4Lf2rJp2Z0",10000000
C-01061,Vu Van Trung,vutrung1061@gmail.com,0938180622,Ha Noi,,STANDARD,ACTIVE,"$argon2id$v=19$m=19456,t=2,p=1$pAMrcZvnf82snB7mZk6yYg$IO2e2aDrDVQgfOw+5PnFfopwVEP9uZtMB4Lf2rJp2Z0",10000000
C-01062,Le Van Binh,lebinh1062@gmail.com,0977840492,Ha Noi,,STANDARD,ACTIVE,"$argon2id$v=19$m=19456,t=2,p=1$pAMrcZvnf82snB7mZk6yYg$IO2e2aDrDVQgfOw+5PnFfopwVEP9uZtMB4Lf2rJp2Z0",10000000
C-01063,Vo Van Quang,voquang1063@gmail.com,0969372849,Ha Noi,,STANDARD,ACTIVE,"$argon2id$v=19$m=19456,t=2,p=1$pAMrcZvnf82snB7mZk6yYg$IO2e2aDrDVQgfOw+5PnFfopwVEP9uZtMB4Lf2rJp2Z0",10000000
C-01064,Phan Van Linh,phanlinh1064@gmail.com,0956581407,Ha Noi,,GOLD,ACTIVE,"$argon2id$v=19$m=19456,t=2,p=1$pAMrcZvnf82snB7mZk6yYg$IO2e2aDrDVQgfOw+5PnFfopwVEP9uZtMB4Lf2rJp2Z0",10000000
C-01065,Nguyen Van Minh,nguyenminh1065@gmail.com,0948070546,Ha Noi,,STANDARD,ACTIVE,"$argon2id$v=19$m=19456,t=2,p=1$pAMrcZvnf82snB7mZk6yYg$IO2e2aDrDVQgfOw+5PnFfopwVEP9uZtMB4Lf2rJp2Z0",10000000
C-01066,Tran Van Linh,tranlinh1066@gmail.com,0985847485,Ha Noi,,STANDARD,ACTIVE,"$argon2id$v=19$m=19456,t=2,p=1$pAMrcZvnf82snB7mZk6yYg$IO2e2aDrDVQgfOw+5PnFfopwVEP9uZtMB4Lf2rJp2Z0",10000000
C-01067,Bui Van Son,buison1067@gmail.com,0967415031,Ha Noi,,STANDARD,ACTIVE,"$argon2id$v=19$m=19456,t=2,p=1$pAMrcZvnf82snB7mZk6yYg$IO2e2aDrDVQgfOw+5PnFfopwVEP9uZtMB4Lf2rJp2Z0",10000000
C-01068,Dang Van Minh,dangminh1068@gmail.com,0996879812,Ha Noi,,STANDARD,ACTIVE,"$argon2id$v=19$m=19456,t=2,p=1$pAMrcZvnf82snB7mZk6yYg$IO2e2aDrDVQgfOw+5PnFfopwVEP9uZtMB4Lf2rJp2Z0",10000000
C-01069,Le Van Trung,letrung1069@gmail.com,0923417021,Ha Noi,,STANDARD,ACTIVE,"$argon2id$v=19$m=19456,t=2,p=1$pAMrcZvnf82snB7mZk6yYg$IO2e2aDrDVQgfOw+5PnFfopwVEP9uZtMB4Lf2rJp2Z0",10000000
C-01070,Phan Van Son,phanson1070@gmail.com,0970962803,Ha Noi,,STANDARD,ACTIVE,"$argon2id$v=19$m=19456,t=2,p=1$pAMrcZvnf82snB7mZk6yYg$IO2e2aDrDVQgfOw+5PnFfopwVEP9uZtMB4Lf2rJp2Z0",10000000
C-01071,Phan Van Quang,phanquang1071@gmail.com,0947473222,Ha Noi,,GOLD,ACTIVE,"$argon2id$v=19$m=19456,t=2,p=1$pAMrcZvnf82snB7mZk6yYg$IO2e2aDrDVQgfOw+5PnFfopwVEP9uZtMB4Lf2rJp2Z0",10000000
C-01072,Phan Van Quang,phanquang1072@gmail.com,0989766238,Ha Noi,,STANDARD,ACTIVE,"$argon2id$v=19$m=19456,t=2,p=1$pAMrcZvnf82snB7mZk6yYg$IO2e2aDrDVQgfOw+5PnFfopwVEP9uZtMB4Lf2rJp2Z0",10000000
C-01073,Tran Van Dung,trandung1073@gmail.com,0934311029,Ha Noi,,STANDARD,ACTIVE,"$argon2id$v=19$m=19456,t=2,p=1$pAMrcZvnf82snB7mZk6yYg$IO2e2aDrDVQgfOw+5PnFfopwVEP9uZtMB4Lf2rJp2Z0",10000000
C-01074,Le Van Binh,lebinh1074@gmail.com,0955156963,Ha Noi,,STANDARD,ACTIVE,"$argon2id$v=19$m=19456,t=2,p=1$pAMrcZvnf82snB7mZk6yYg$IO2e2aDrDVQgfOw+5PnFfopwVEP9uZtMB4Lf2rJp2Z0",10000000
C-01075,Bui Van Minh,buiminh1075@gmail.com,0926982481,Ha Noi,,STANDARD,ACTIVE,"$argon2id$v=19$m=19456,t=2,p=1$pAMrcZvnf82snB7mZk6yYg$IO2e2aDrDVQgfOw+5PnFfopwVEP9uZtMB4Lf2rJp2Z0",10000000
C-01076,Phan Van Nam,phannam1076@gmail.com,0937250433,Ha Noi,,GOLD,ACTIVE,"$argon2id$v=19$m=19456,t=2,p=1$pAMrcZvnf82snB7mZk6yYg$IO2e2aDrDVQgfOw+5PnFfopwVEP9uZtMB4Lf2rJp2Z0",10000000
C-01077,Vo Van Phuc,vophuc1077@gmail.com,0989763392,Ha Noi,,STANDARD,ACTIVE,"$argon2id$v=19$m=19456,t=2,p=1$pAMrcZvnf82snB7mZk6yYg$IO2e2aDrDVQgfOw+5PnFfopwVEP9uZtMB4Lf2rJp2Z0",10000000
C-01078,Dang Van Dung,dangdung1078@gmail.com,0976709503,Ha Noi,,GOLD,ACTIVE,"$argon2id$v=19$m=19456,t=2,p=1$pAMrcZvnf82snB7mZk6yYg$IO2e2aDrDVQgfOw+5PnFfopwVEP9uZtMB4Lf2rJp2Z0",10000000
C-01079,Phan Van Binh,phanbinh1079@gmail.com,0948893611,Ha Noi,,STANDARD,ACTIVE,"$argon2id$v=19$m=19456,t=2,p=1$pAMrcZvnf82snB7mZk6yYg$IO2e2aDrDVQgfOw+5PnFfopwVEP9uZtMB4Lf2rJp2Z0",10000000
C-01080,Dang Van Binh,dangbinh1080@gmail.com,0998345124,Ha Noi,,STANDARD,ACTIVE,"$argon2id$v=19$m=19456,t=2,p=1$pAMrcZvnf82snB7mZk6yYg$IO2e2aDrDVQgfOw+5PnFfopwVEP9uZtMB4Lf2rJp2Z0",10000000
C-01081,Hoang Van Anh,hoanganh1081@gmail.com,0962352835,Ha Noi,,STANDARD,ACTIVE,"$argon2id$v=19$m=19456,t=2,p=1$pAMrcZvnf82snB7mZk6yYg$IO2e2aDrDVQgfOw+5PnFfopwVEP9uZtMB4Lf2rJp2Z0",10000000
C-01082,Dang Van Cuong,dangcuong1082@gmail.com,0975049095,Ha Noi,,STANDARD,ACTIVE,"$argon2id$v=19$m=19456,t=2,p=1$pAMrcZvnf82snB7mZk6yYg$IO2e2aDrDVQgfOw+5PnFfopwVEP9uZtMB4Lf2rJp2Z0",10000000
C-01083,Pham Van Nam,phamnam1083@gmail.com,0957701176,Ha Noi,,STANDARD,ACTIVE,"$argon2id$v=19$m=19456,t=2,p=1$pAMrcZvnf82snB7mZk6yYg$IO2e2aDrDVQgfOw+5PnFfopwVEP9uZtMB4Lf2rJp2Z0",10000000
C-01084,Bui Van Binh,buibinh1084@gmail.com,0931258537,Ha Noi,,STANDARD,ACTIVE,"$argon2id$v=19$m=19456,t=2,p=1$pAMrcZvnf82snB7mZk6yYg$IO2e2aDrDVQgfOw+5PnFfopwVEP9uZtMB4Lf2rJp2Z0",10000000
C-01085,Hoang Van Phuc,hoangphuc1085@gmail.com,0972016946,Ha Noi,,STANDARD,ACTIVE,"$argon2id$v=19$m=19456,t=2,p=1$pAMrcZvnf82snB7mZk6yYg$IO2e2aDrDVQgfOw+5PnFfopwVEP9uZtMB4Lf2rJp2Z0",10000000
C-01086,Le Van Phuc,lephuc1086@gmail.com,0957067104,Ha Noi,,STANDARD,ACTIVE,"$argon2id$v=19$m=19456,t=2,p=1$pAMrcZvnf82snB7mZk6yYg$IO2e2aDrDVQgfOw+5PnFfopwVEP9uZtMB4Lf2rJp2Z0",10000000
C-01087,Nguyen Van Khanh,nguyenkhanh1087@gmail.com,0912071840,Ha Noi,,GOLD,ACTIVE,"$argon2id$v=19$m=19456,t=2,p=1$pAMrcZvnf82snB7mZk6yYg$IO2e2aDrDVQgfOw+5PnFfopwVEP9uZtMB4Lf2rJp2Z0",10000000
C-01088,Hoang Van Son,hoangson1088@gmail.com,0947024801,Ha Noi,,SILVER,ACTIVE,"$argon2id$v=19$m=19456,t=2,p=1$pAMrcZvnf82snB7mZk6yYg$IO2e2aDrDVQgfOw+5PnFfopwVEP9uZtMB4Lf2rJp2Z0",10000000
C-01089,Pham Van Thanh,phamthanh1089@gmail.com,0965924663,Ha Noi,,STANDARD,ACTIVE,"$argon2id$v=19$m=19456,t=2,p=1$pAMrcZvnf82snB7mZk6yYg$IO2e2aDrDVQgfOw+5PnFfopwVEP9uZtMB4Lf2rJp2Z0",10000000
C-01090,Bui Van Son,buison1090@gmail.com,0999079398,Ha Noi,,GOLD,ACTIVE,"$argon2id$v=19$m=19456,t=2,p=1$pAMrcZvnf82snB7mZk6yYg$IO2e2aDrDVQgfOw+5PnFfopwVEP9uZtMB4Lf2rJp2Z0",10000000
C-01091,Vu Van Anh,vuanh1091@gmail.com,0969985696,Ha Noi,,DIAMOND,ACTIVE,"$argon2id$v=19$m=19456,t=2,p=1$pAMrcZvnf82snB7mZk6yYg$IO2e2aDrDVQgfOw+5PnFfopwVEP9uZtMB4Lf2rJp2Z0",10000000
C-01092,Tran Van Anh,trananh1092@gmail.com,0988605670,Ha Noi,,STANDARD,ACTIVE,"$argon2id$v=19$m=19456,t=2,p=1$pAMrcZvnf82snB7mZk6yYg$IO2e2aDrDVQgfOw+5PnFfopwVEP9uZtMB4Lf2rJp2Z0",10000000
C-01093,Tran Van Thanh,tranthanh1093@gmail.com,0980574547,Ha Noi,,SILVER,ACTIVE,"$argon2id$v=19$m=19456,t=2,p=1$pAMrcZvnf82snB7mZk6yYg$IO2e2aDrDVQgfOw+5PnFfopwVEP9uZtMB4Lf2rJp2Z0",10000000
C-01094,Vo Van Thanh,vothanh1094@gmail.com,0974827910,Ha Noi,,STANDARD,ACTIVE,"$argon2id$v=19$m=19456,t=2,p=1$pAMrcZvnf82snB7mZk6yYg$IO2e2aDrDVQgfOw+5PnFfopwVEP9uZtMB4Lf2rJp2Z0",10000000
C-01095,Le Van Binh,lebinh1095@gmail.com,0973379535,Ha Noi,,SILVER,ACTIVE,"$argon2id$v=19$m=19456,t=2,p=1$pAMrcZvnf82snB7mZk6yYg$IO2e2aDrDVQgfOw+5PnFfopwVEP9uZtMB4Lf2rJp2Z0",10000000
C-01096,Hoang Van Hung,hoanghung1096@gmail.com,0931895117,Ha Noi,,STANDARD,ACTIVE,"$argon2id$v=19$m=19456,t=2,p=1$pAMrcZvnf82snB7mZk6yYg$IO2e2aDrDVQgfOw+5PnFfopwVEP9uZtMB4Lf2rJp2Z0",10000000
C-01097,Hoang Van Cuong,hoangcuong1097@gmail.com,0990450478,Ha Noi,,SILVER,ACTIVE,"$argon2id$v=19$m=19456,t=2,p=1$pAMrcZvnf82snB7mZk6yYg$IO2e2aDrDVQgfOw+5PnFfopwVEP9uZtMB4Lf2rJp2Z0",10000000
C-01098,Vu Van Son,vuson1098@gmail.com,0969918887,Ha Noi,,STANDARD,ACTIVE,"$argon2id$v=19$m=19456,t=2,p=1$pAMrcZvnf82snB7mZk6yYg$IO2e2aDrDVQgfOw+5PnFfopwVEP9uZtMB4Lf2rJp2Z0",10000000
C-01099,Bui Van Dung,buidung1099@gmail.com,0931144134,Ha Noi,,STANDARD,ACTIVE,"$argon2id$v=19$m=19456,t=2,p=1$pAMrcZvnf82snB7mZk6yYg$IO2e2aDrDVQgfOw+5PnFfopwVEP9uZtMB4Lf2rJp2Z0",10000000
C-01100,Hoang Van Thanh,hoangthanh1100@gmail.com,0920348223,Ha Noi,,STANDARD,ACTIVE,"$argon2id$v=19$m=19456,t=2,p=1$pAMrcZvnf82snB7mZk6yYg$IO2e2aDrDVQgfOw+5PnFfopwVEP9uZtMB4Lf2rJp2Z0",10000000
C-01101,Dang Van Dung,dangdung1101@gmail.com,0930304280,Ha Noi,,GOLD,ACTIVE,"$argon2id$v=19$m=19456,t=2,p=1$pAMrcZvnf82snB7mZk6yYg$IO2e2aDrDVQgfOw+5PnFfopwVEP9uZtMB4Lf2rJp2Z0",10000000
C-01102,Vu Van Linh,vulinh1102@gmail.com,0923901450,Ha Noi,,SILVER,ACTIVE,"$argon2id$v=19$m=19456,t=2,p=1$pAMrcZvnf82snB7mZk6yYg$IO2e2aDrDVQgfOw+5PnFfopwVEP9uZtMB4Lf2rJp2Z0",10000000
C-01103,Hoang Van Cuong,hoangcuong1103@gmail.com,0910700128,Ha Noi,,GOLD,ACTIVE,"$argon2id$v=19$m=19456,t=2,p=1$pAMrcZvnf82snB7mZk6yYg$IO2e2aDrDVQgfOw+5PnFfopwVEP9uZtMB4Lf2rJp2Z0",10000000
C-01104,Nguyen Van Quang,nguyenquang1104@gmail.com,0991458355,Ha Noi,,STANDARD,ACTIVE,"$argon2id$v=19$m=19456,t=2,p=1$pAMrcZvnf82snB7mZk6yYg$IO2e2aDrDVQgfOw+5PnFfopwVEP9uZtMB4Lf2rJp2Z0",10000000
C-01105,Vo Van Hieu,vohieu1105@gmail.com,0912449554,Ha Noi,,SILVER,ACTIVE,"$argon2id$v=19$m=19456,t=2,p=1$pAMrcZvnf82snB7mZk6yYg$IO2e2aDrDVQgfOw+5PnFfopwVEP9uZtMB4Lf2rJp2Z0",10000000
C-01106,Nguyen Van Khanh,nguyenkhanh1106@gmail.com,0999634568,Ha Noi,,STANDARD,ACTIVE,"$argon2id$v=19$m=19456,t=2,p=1$pAMrcZvnf82snB7mZk6yYg$IO2e2aDrDVQgfOw+5PnFfopwVEP9uZtMB4Lf2rJp2Z0",10000000
C-01107,Dang Van Linh,danglinh1107@gmail.com,0956816832,Ha Noi,,SILVER,ACTIVE,"$argon2id$v=19$m=19456,t=2,p=1$pAMrcZvnf82snB7mZk6yYg$IO2e2aDrDVQgfOw+5PnFfopwVEP9uZtMB4Lf2rJp2Z0",10000000
C-01108,Tran Van Son,transon1108@gmail.com,0946671243,Ha Noi,,STANDARD,ACTIVE,"$argon2id$v=19$m=19456,t=2,p=1$pAMrcZvnf82snB7mZk6yYg$IO2e2aDrDVQgfOw+5PnFfopwVEP9uZtMB4Lf2rJp2Z0",10000000
C-01109,Dang Van Nam,dangnam1109@gmail.com,0966896409,Ha Noi,,STANDARD,ACTIVE,"$argon2id$v=19$m=19456,t=2,p=1$pAMrcZvnf82snB7mZk6yYg$IO2e2aDrDVQgfOw+5PnFfopwVEP9uZtMB4Lf2rJp2Z0",10000000
C-01110,Hoang Van Thanh,hoangthanh1110@gmail.com,0910750369,Ha Noi,,SILVER,ACTIVE,"$argon2id$v=19$m=19456,t=2,p=1$pAMrcZvnf82snB7mZk6yYg$IO2e2aDrDVQgfOw+5PnFfopwVEP9uZtMB4Lf2rJp2Z0",10000000
C-01111,Tran Van Trung,trantrung1111@gmail.com,0970230970,Ha Noi,,DIAMOND,ACTIVE,"$argon2id$v=19$m=19456,t=2,p=1$pAMrcZvnf82snB7mZk6yYg$IO2e2aDrDVQgfOw+5PnFfopwVEP9uZtMB4Lf2rJp2Z0",10000000
C-01112,Tran Van Binh,tranbinh1112@gmail.com,0937958805,Ha Noi,,GOLD,ACTIVE,"$argon2id$v=19$m=19456,t=2,p=1$pAMrcZvnf82snB7mZk6yYg$IO2e2aDrDVQgfOw+5PnFfopwVEP9uZtMB4Lf2rJp2Z0",10000000
C-01113,Phan Van Anh,phananh1113@gmail.com,0917697846,Ha Noi,,STANDARD,ACTIVE,"$argon2id$v=19$m=19456,t=2,p=1$pAMrcZvnf82snB7mZk6yYg$IO2e2aDrDVQgfOw+5PnFfopwVEP9uZtMB4Lf2rJp2Z0",10000000
C-01114,Pham Van Minh,phamminh1114@gmail.com,0910555825,Ha Noi,,STANDARD,ACTIVE,"$argon2id$v=19$m=19456,t=2,p=1$pAMrcZvnf82snB7mZk6yYg$IO2e2aDrDVQgfOw+5PnFfopwVEP9uZtMB4Lf2rJp2Z0",10000000
C-01115,Tran Van Nam,trannam1115@gmail.com,0923549656,Ha Noi,,STANDARD,ACTIVE,"$argon2id$v=19$m=19456,t=2,p=1$pAMrcZvnf82snB7mZk6yYg$IO2e2aDrDVQgfOw+5PnFfopwVEP9uZtMB4Lf2rJp2Z0",10000000
C-01116,Vo Van Trung,votrung1116@gmail.com,0994107364,Ha Noi,,SILVER,ACTIVE,"$argon2id$v=19$m=19456,t=2,p=1$pAMrcZvnf82snB7mZk6yYg$IO2e2aDrDVQgfOw+5PnFfopwVEP9uZtMB4Lf2rJp2Z0",10000000
C-01117,Tran Van Anh,trananh1117@gmail.com,0925384742,Ha Noi,,STANDARD,ACTIVE,"$argon2id$v=19$m=19456,t=2,p=1$pAMrcZvnf82snB7mZk6yYg$IO2e2aDrDVQgfOw+5PnFfopwVEP9uZtMB4Lf2rJp2Z0",10000000
C-01118,Tran Van Cuong,trancuong1118@gmail.com,0990184038,Ha Noi,,SILVER,ACTIVE,"$argon2id$v=19$m=19456,t=2,p=1$pAMrcZvnf82snB7mZk6yYg$IO2e2aDrDVQgfOw+5PnFfopwVEP9uZtMB4Lf2rJp2Z0",10000000
C-01119,Tran Van Anh,trananh1119@gmail.com,0931974613,Ha Noi,,STANDARD,ACTIVE,"$argon2id$v=19$m=19456,t=2,p=1$pAMrcZvnf82snB7mZk6yYg$IO2e2aDrDVQgfOw+5PnFfopwVEP9uZtMB4Lf2rJp2Z0",10000000
C-01120,Bui Van Binh,buibinh1120@gmail.com,0975290696,Ha Noi,,STANDARD,ACTIVE,"$argon2id$v=19$m=19456,t=2,p=1$pAMrcZvnf82snB7mZk6yYg$IO2e2aDrDVQgfOw+5PnFfopwVEP9uZtMB4Lf2rJp2Z0",10000000
C-01121,Tran Van Thanh,tranthanh1121@gmail.com,0959877948,Ha Noi,,STANDARD,ACTIVE,"$argon2id$v=19$m=19456,t=2,p=1$pAMrcZvnf82snB7mZk6yYg$IO2e2aDrDVQgfOw+5PnFfopwVEP9uZtMB4Lf2rJp2Z0",10000000
C-01122,Nguyen Van Anh,nguyenanh1122@gmail.com,0967855982,Ha Noi,,STANDARD,ACTIVE,"$argon2id$v=19$m=19456,t=2,p=1$pAMrcZvnf82snB7mZk6yYg$IO2e2aDrDVQgfOw+5PnFfopwVEP9uZtMB4Lf2rJp2Z0",10000000
C-01123,Hoang Van Hung,hoanghung1123@gmail.com,0973526594,Ha Noi,,SILVER,ACTIVE,"$argon2id$v=19$m=19456,t=2,p=1$pAMrcZvnf82snB7mZk6yYg$IO2e2aDrDVQgfOw+5PnFfopwVEP9uZtMB4Lf2rJp2Z0",10000000
C-01124,Hoang Van Thanh,hoangthanh1124@gmail.com,0934560544,Ha Noi,,GOLD,ACTIVE,"$argon2id$v=19$m=19456,t=2,p=1$pAMrcZvnf82snB7mZk6yYg$IO2e2aDrDVQgfOw+5PnFfopwVEP9uZtMB4Lf2rJp2Z0",10000000
C-01125,Hoang Van Binh,hoangbinh1125@gmail.com,0910352634,Ha Noi,,STANDARD,ACTIVE,"$argon2id$v=19$m=19456,t=2,p=1$pAMrcZvnf82snB7mZk6yYg$IO2e2aDrDVQgfOw+5PnFfopwVEP9uZtMB4Lf2rJp2Z0",10000000
C-01126,Vu Van Cuong,vucuong1126@gmail.com,0989365705,Ha Noi,,SILVER,ACTIVE,"$argon2id$v=19$m=19456,t=2,p=1$pAMrcZvnf82snB7mZk6yYg$IO2e2aDrDVQgfOw+5PnFfopwVEP9uZtMB4Lf2rJp2Z0",10000000
C-01127,Bui Van Anh,buianh1127@gmail.com,0985706374,Ha Noi,,SILVER,ACTIVE,"$argon2id$v=19$m=19456,t=2,p=1$pAMrcZvnf82snB7mZk6yYg$IO2e2aDrDVQgfOw+5PnFfopwVEP9uZtMB4Lf2rJp2Z0",10000000
C-01128,Vu Van Dung,vudung1128@gmail.com,0976116735,Ha Noi,,STANDARD,ACTIVE,"$argon2id$v=19$m=19456,t=2,p=1$pAMrcZvnf82snB7mZk6yYg$IO2e2aDrDVQgfOw+5PnFfopwVEP9uZtMB4Lf2rJp2Z0",10000000
C-01129,Tran Van Trung,trantrung1129@gmail.com,0952548467,Ha Noi,,SILVER,ACTIVE,"$argon2id$v=19$m=19456,t=2,p=1$pAMrcZvnf82snB7mZk6yYg$IO2e2aDrDVQgfOw+5PnFfopwVEP9uZtMB4Lf2rJp2Z0",10000000
C-01130,Bui Van Linh,builinh1130@gmail.com,0915232888,Ha Noi,,SILVER,ACTIVE,"$argon2id$v=19$m=19456,t=2,p=1$pAMrcZvnf82snB7mZk6yYg$IO2e2aDrDVQgfOw+5PnFfopwVEP9uZtMB4Lf2rJp2Z0",10000000
C-01131,Pham Van Cuong,phamcuong1131@gmail.com,0968799761,Ha Noi,,GOLD,ACTIVE,"$argon2id$v=19$m=19456,t=2,p=1$pAMrcZvnf82snB7mZk6yYg$IO2e2aDrDVQgfOw+5PnFfopwVEP9uZtMB4Lf2rJp2Z0",10000000
C-01132,Vo Van Son,voson1132@gmail.com,0937611994,Ha Noi,,STANDARD,ACTIVE,"$argon2id$v=19$m=19456,t=2,p=1$pAMrcZvnf82snB7mZk6yYg$IO2e2aDrDVQgfOw+5PnFfopwVEP9uZtMB4Lf2rJp2Z0",10000000
C-01133,Phan Van Cuong,phancuong1133@gmail.com,0963662552,Ha Noi,,STANDARD,ACTIVE,"$argon2id$v=19$m=19456,t=2,p=1$pAMrcZvnf82snB7mZk6yYg$IO2e2aDrDVQgfOw+5PnFfopwVEP9uZtMB4Lf2rJp2Z0",10000000
C-01134,Nguyen Van Trung,nguyentrung1134@gmail.com,0938527305,Ha Noi,,STANDARD,ACTIVE,"$argon2id$v=19$m=19456,t=2,p=1$pAMrcZvnf82snB7mZk6yYg$IO2e2aDrDVQgfOw+5PnFfopwVEP9uZtMB4Lf2rJp2Z0",10000000
C-01135,Nguyen Van Khanh,nguyenkhanh1135@gmail.com,0961368978,Ha Noi,,STANDARD,ACTIVE,"$argon2id$v=19$m=19456,t=2,p=1$pAMrcZvnf82snB7mZk6yYg$IO2e2aDrDVQgfOw+5PnFfopwVEP9uZtMB4Lf2rJp2Z0",10000000
C-01136,Dang Van Son,dangson1136@gmail.com,0986536452,Ha Noi,,GOLD,ACTIVE,"$argon2id$v=19$m=19456,t=2,p=1$pAMrcZvnf82snB7mZk6yYg$IO2e2aDrDVQgfOw+5PnFfopwVEP9uZtMB4Lf2rJp2Z0",10000000
C-01137,Hoang Van Hieu,hoanghieu1137@gmail.com,0958703545,Ha Noi,,STANDARD,ACTIVE,"$argon2id$v=19$m=19456,t=2,p=1$pAMrcZvnf82snB7mZk6yYg$IO2e2aDrDVQgfOw+5PnFfopwVEP9uZtMB4Lf2rJp2Z0",10000000
C-01138,Vu Van Khanh,vukhanh1138@gmail.com,0968932930,Ha Noi,,STANDARD,ACTIVE,"$argon2id$v=19$m=19456,t=2,p=1$pAMrcZvnf82snB7mZk6yYg$IO2e2aDrDVQgfOw+5PnFfopwVEP9uZtMB4Lf2rJp2Z0",10000000
C-01139,Phan Van Son,phanson1139@gmail.com,0928286330,Ha Noi,,STANDARD,ACTIVE,"$argon2id$v=19$m=19456,t=2,p=1$pAMrcZvnf82snB7mZk6yYg$IO2e2aDrDVQgfOw+5PnFfopwVEP9uZtMB4Lf2rJp2Z0",10000000
C-01140,Tran Van Hieu,tranhieu1140@gmail.com,0978838051,Ha Noi,,STANDARD,ACTIVE,"$argon2id$v=19$m=19456,t=2,p=1$pAMrcZvnf82snB7mZk6yYg$IO2e2aDrDVQgfOw+5PnFfopwVEP9uZtMB4Lf2rJp2Z0",10000000
C-01141,Vo Van Trung,votrung1141@gmail.com,0999987098,Ha Noi,,STANDARD,ACTIVE,"$argon2id$v=19$m=19456,t=2,p=1$pAMrcZvnf82snB7mZk6yYg$IO2e2aDrDVQgfOw+5PnFfopwVEP9uZtMB4Lf2rJp2Z0",10000000
C-01142,Vu Van Dung,vudung1142@gmail.com,0938644760,Ha Noi,,GOLD,ACTIVE,"$argon2id$v=19$m=19456,t=2,p=1$pAMrcZvnf82snB7mZk6yYg$IO2e2aDrDVQgfOw+5PnFfopwVEP9uZtMB4Lf2rJp2Z0",10000000
C-01143,Vo Van Cuong,vocuong1143@gmail.com,0961631672,Ha Noi,,STANDARD,ACTIVE,"$argon2id$v=19$m=19456,t=2,p=1$pAMrcZvnf82snB7mZk6yYg$IO2e2aDrDVQgfOw+5PnFfopwVEP9uZtMB4Lf2rJp2Z0",10000000
C-01144,Vo Van Quang,voquang1144@gmail.com,0994605454,Ha Noi,,STANDARD,ACTIVE,"$argon2id$v=19$m=19456,t=2,p=1$pAMrcZvnf82snB7mZk6yYg$IO2e2aDrDVQgfOw+5PnFfopwVEP9uZtMB4Lf2rJp2Z0",10000000
C-01145,Hoang Van Dung,hoangdung1145@gmail.com,0944481697,Ha Noi,,STANDARD,ACTIVE,"$argon2id$v=19$m=19456,t=2,p=1$pAMrcZvnf82snB7mZk6yYg$IO2e2aDrDVQgfOw+5PnFfopwVEP9uZtMB4Lf2rJp2Z0",10000000
C-01146,Vo Van Binh,vobinh1146@gmail.com,0957518538,Ha Noi,,GOLD,ACTIVE,"$argon2id$v=19$m=19456,t=2,p=1$pAMrcZvnf82snB7mZk6yYg$IO2e2aDrDVQgfOw+5PnFfopwVEP9uZtMB4Lf2rJp2Z0",10000000
C-01147,Phan Van Phuc,phanphuc1147@gmail.com,0936688094,Ha Noi,,SILVER,ACTIVE,"$argon2id$v=19$m=19456,t=2,p=1$pAMrcZvnf82snB7mZk6yYg$IO2e2aDrDVQgfOw+5PnFfopwVEP9uZtMB4Lf2rJp2Z0",10000000
C-01148,Vo Van Dung,vodung1148@gmail.com,0958135693,Ha Noi,,STANDARD,ACTIVE,"$argon2id$v=19$m=19456,t=2,p=1$pAMrcZvnf82snB7mZk6yYg$IO2e2aDrDVQgfOw+5PnFfopwVEP9uZtMB4Lf2rJp2Z0",10000000
C-01149,Tran Van Dung,trandung1149@gmail.com,0962307803,Ha Noi,,GOLD,ACTIVE,"$argon2id$v=19$m=19456,t=2,p=1$pAMrcZvnf82snB7mZk6yYg$IO2e2aDrDVQgfOw+5PnFfopwVEP9uZtMB4Lf2rJp2Z0",10000000
C-01150,Bui Van Khanh,buikhanh1150@gmail.com,0986087036,Ha Noi,,STANDARD,ACTIVE,"$argon2id$v=19$m=19456,t=2,p=1$pAMrcZvnf82snB7mZk6yYg$IO2e2aDrDVQgfOw+5PnFfopwVEP9uZtMB4Lf2rJp2Z0",10000000
C-01151,Phan Van Minh,phanminh1151@gmail.com,0943263850,Ha Noi,,STANDARD,ACTIVE,"$argon2id$v=19$m=19456,t=2,p=1$pAMrcZvnf82snB7mZk6yYg$IO2e2aDrDVQgfOw+5PnFfopwVEP9uZtMB4Lf2rJp2Z0",10000000
C-01152,Dang Van Phuc,dangphuc1152@gmail.com,0941786553,Ha Noi,,GOLD,ACTIVE,"$argon2id$v=19$m=19456,t=2,p=1$pAMrcZvnf82snB7mZk6yYg$IO2e2aDrDVQgfOw+5PnFfopwVEP9uZtMB4Lf2rJp2Z0",10000000
C-01153,Bui Van Phuc,buiphuc1153@gmail.com,0994161764,Ha Noi,,STANDARD,ACTIVE,"$argon2id$v=19$m=19456,t=2,p=1$pAMrcZvnf82snB7mZk6yYg$IO2e2aDrDVQgfOw+5PnFfopwVEP9uZtMB4Lf2rJp2Z0",10000000
C-01154,Phan Van Linh,phanlinh1154@gmail.com,0932035753,Ha Noi,,STANDARD,ACTIVE,"$argon2id$v=19$m=19456,t=2,p=1$pAMrcZvnf82snB7mZk6yYg$IO2e2aDrDVQgfOw+5PnFfopwVEP9uZtMB4Lf2rJp2Z0",10000000
C-01155,Vu Van Son,vuson1155@gmail.com,0912645677,Ha Noi,,SILVER,ACTIVE,"$argon2id$v=19$m=19456,t=2,p=1$pAMrcZvnf82snB7mZk6yYg$IO2e2aDrDVQgfOw+5PnFfopwVEP9uZtMB4Lf2rJp2Z0",10000000
C-01156,Tran Van Binh,tranbinh1156@gmail.com,0984105651,Ha Noi,,SILVER,ACTIVE,"$argon2id$v=19$m=19456,t=2,p=1$pAMrcZvnf82snB7mZk6yYg$IO2e2aDrDVQgfOw+5PnFfopwVEP9uZtMB4Lf2rJp2Z0",10000000
C-01157,Pham Van Quang,phamquang1157@gmail.com,0933466326,Ha Noi,,SILVER,ACTIVE,"$argon2id$v=19$m=19456,t=2,p=1$pAMrcZvnf82snB7mZk6yYg$IO2e2aDrDVQgfOw+5PnFfopwVEP9uZtMB4Lf2rJp2Z0",10000000
C-01158,Tran Van Quang,tranquang1158@gmail.com,0968770742,Ha Noi,,GOLD,ACTIVE,"$argon2id$v=19$m=19456,t=2,p=1$pAMrcZvnf82snB7mZk6yYg$IO2e2aDrDVQgfOw+5PnFfopwVEP9uZtMB4Lf2rJp2Z0",10000000
C-01159,Dang Van Dung,dangdung1159@gmail.com,0921990957,Ha Noi,,STANDARD,ACTIVE,"$argon2id$v=19$m=19456,t=2,p=1$pAMrcZvnf82snB7mZk6yYg$IO2e2aDrDVQgfOw+5PnFfopwVEP9uZtMB4Lf2rJp2Z0",10000000
C-01160,Vu Van Quang,vuquang1160@gmail.com,0945494074,Ha Noi,,GOLD,ACTIVE,"$argon2id$v=19$m=19456,t=2,p=1$pAMrcZvnf82snB7mZk6yYg$IO2e2aDrDVQgfOw+5PnFfopwVEP9uZtMB4Lf2rJp2Z0",10000000
C-01161,Tran Van Nam,trannam1161@gmail.com,0916089947,Ha Noi,,GOLD,ACTIVE,"$argon2id$v=19$m=19456,t=2,p=1$pAMrcZvnf82snB7mZk6yYg$IO2e2aDrDVQgfOw+5PnFfopwVEP9uZtMB4Lf2rJp2Z0",10000000
C-01162,Nguyen Van Minh,nguyenminh1162@gmail.com,0987606297,Ha Noi,,STANDARD,ACTIVE,"$argon2id$v=19$m=19456,t=2,p=1$pAMrcZvnf82snB7mZk6yYg$IO2e2aDrDVQgfOw+5PnFfopwVEP9uZtMB4Lf2rJp2Z0",10000000
C-01163,Phan Van Thanh,phanthanh1163@gmail.com,0958564241,Ha Noi,,STANDARD,ACTIVE,"$argon2id$v=19$m=19456,t=2,p=1$pAMrcZvnf82snB7mZk6yYg$IO2e2aDrDVQgfOw+5PnFfopwVEP9uZtMB4Lf2rJp2Z0",10000000
C-01164,Nguyen Van Son,nguyenson1164@gmail.com,0979977611,Ha Noi,,SILVER,ACTIVE,"$argon2id$v=19$m=19456,t=2,p=1$pAMrcZvnf82snB7mZk6yYg$IO2e2aDrDVQgfOw+5PnFfopwVEP9uZtMB4Lf2rJp2Z0",10000000
C-01165,Nguyen Van Hung,nguyenhung1165@gmail.com,0912282026,Ha Noi,,STANDARD,ACTIVE,"$argon2id$v=19$m=19456,t=2,p=1$pAMrcZvnf82snB7mZk6yYg$IO2e2aDrDVQgfOw+5PnFfopwVEP9uZtMB4Lf2rJp2Z0",10000000
C-01166,Phan Van Thanh,phanthanh1166@gmail.com,0986411412,Ha Noi,,SILVER,ACTIVE,"$argon2id$v=19$m=19456,t=2,p=1$pAMrcZvnf82snB7mZk6yYg$IO2e2aDrDVQgfOw+5PnFfopwVEP9uZtMB4Lf2rJp2Z0",10000000
C-01167,Dang Van Trung,dangtrung1167@gmail.com,0931681999,Ha Noi,,GOLD,ACTIVE,"$argon2id$v=19$m=19456,t=2,p=1$pAMrcZvnf82snB7mZk6yYg$IO2e2aDrDVQgfOw+5PnFfopwVEP9uZtMB4Lf2rJp2Z0",10000000
C-01168,Hoang Van Nam,hoangnam1168@gmail.com,0981604350,Ha Noi,,STANDARD,ACTIVE,"$argon2id$v=19$m=19456,t=2,p=1$pAMrcZvnf82snB7mZk6yYg$IO2e2aDrDVQgfOw+5PnFfopwVEP9uZtMB4Lf2rJp2Z0",10000000
C-01169,Nguyen Van Son,nguyenson1169@gmail.com,0919978802,Ha Noi,,DIAMOND,ACTIVE,"$argon2id$v=19$m=19456,t=2,p=1$pAMrcZvnf82snB7mZk6yYg$IO2e2aDrDVQgfOw+5PnFfopwVEP9uZtMB4Lf2rJp2Z0",10000000
C-01170,Phan Van Khanh,phankhanh1170@gmail.com,0919654499,Ha Noi,,SILVER,ACTIVE,"$argon2id$v=19$m=19456,t=2,p=1$pAMrcZvnf82snB7mZk6yYg$IO2e2aDrDVQgfOw+5PnFfopwVEP9uZtMB4Lf2rJp2Z0",10000000
C-01171,Bui Van Dung,buidung1171@gmail.com,0926722005,Ha Noi,,STANDARD,ACTIVE,"$argon2id$v=19$m=19456,t=2,p=1$pAMrcZvnf82snB7mZk6yYg$IO2e2aDrDVQgfOw+5PnFfopwVEP9uZtMB4Lf2rJp2Z0",10000000
C-01172,Pham Van Binh,phambinh1172@gmail.com,0968947773,Ha Noi,,STANDARD,ACTIVE,"$argon2id$v=19$m=19456,t=2,p=1$pAMrcZvnf82snB7mZk6yYg$IO2e2aDrDVQgfOw+5PnFfopwVEP9uZtMB4Lf2rJp2Z0",10000000
C-01173,Nguyen Van Minh,nguyenminh1173@gmail.com,0928791568,Ha Noi,,STANDARD,ACTIVE,"$argon2id$v=19$m=19456,t=2,p=1$pAMrcZvnf82snB7mZk6yYg$IO2e2aDrDVQgfOw+5PnFfopwVEP9uZtMB4Lf2rJp2Z0",10000000
C-01174,Dang Van Quang,dangquang1174@gmail.com,0932613127,Ha Noi,,SILVER,ACTIVE,"$argon2id$v=19$m=19456,t=2,p=1$pAMrcZvnf82snB7mZk6yYg$IO2e2aDrDVQgfOw+5PnFfopwVEP9uZtMB4Lf2rJp2Z0",10000000
C-01175,Vo Van Hieu,vohieu1175@gmail.com,0966819594,Ha Noi,,STANDARD,ACTIVE,"$argon2id$v=19$m=19456,t=2,p=1$pAMrcZvnf82snB7mZk6yYg$IO2e2aDrDVQgfOw+5PnFfopwVEP9uZtMB4Lf2rJp2Z0",10000000
C-01176,Vu Van Minh,vuminh1176@gmail.com,0997317919,Ha Noi,,STANDARD,ACTIVE,"$argon2id$v=19$m=19456,t=2,p=1$pAMrcZvnf82snB7mZk6yYg$IO2e2aDrDVQgfOw+5PnFfopwVEP9uZtMB4Lf2rJp2Z0",10000000
C-01177,Vu Van Khanh,vukhanh1177@gmail.com,0952736201,Ha Noi,,SILVER,ACTIVE,"$argon2id$v=19$m=19456,t=2,p=1$pAMrcZvnf82snB7mZk6yYg$IO2e2aDrDVQgfOw+5PnFfopwVEP9uZtMB4Lf2rJp2Z0",10000000
C-01178,Vo Van Minh,vominh1178@gmail.com,0919374971,Ha Noi,,GOLD,ACTIVE,"$argon2id$v=19$m=19456,t=2,p=1$pAMrcZvnf82snB7mZk6yYg$IO2e2aDrDVQgfOw+5PnFfopwVEP9uZtMB4Lf2rJp2Z0",10000000
C-01179,Vo Van Anh,voanh1179@gmail.com,0956945889,Ha Noi,,STANDARD,ACTIVE,"$argon2id$v=19$m=19456,t=2,p=1$pAMrcZvnf82snB7mZk6yYg$IO2e2aDrDVQgfOw+5PnFfopwVEP9uZtMB4Lf2rJp2Z0",10000000
C-01180,Nguyen Van Binh,nguyenbinh1180@gmail.com,0919012227,Ha Noi,,STANDARD,ACTIVE,"$argon2id$v=19$m=19456,t=2,p=1$pAMrcZvnf82snB7mZk6yYg$IO2e2aDrDVQgfOw+5PnFfopwVEP9uZtMB4Lf2rJp2Z0",10000000
C-01181,Nguyen Van Khanh,nguyenkhanh1181@gmail.com,0919925282,Ha Noi,,STANDARD,ACTIVE,"$argon2id$v=19$m=19456,t=2,p=1$pAMrcZvnf82snB7mZk6yYg$IO2e2aDrDVQgfOw+5PnFfopwVEP9uZtMB4Lf2rJp2Z0",10000000
C-01182,Hoang Van Hieu,hoanghieu1182@gmail.com,0996872640,Ha Noi,,STANDARD,ACTIVE,"$argon2id$v=19$m=19456,t=2,p=1$pAMrcZvnf82snB7mZk6yYg$IO2e2aDrDVQgfOw+5PnFfopwVEP9uZtMB4Lf2rJp2Z0",10000000
C-01183,Tran Van Trung,trantrung1183@gmail.com,0924339578,Ha Noi,,STANDARD,ACTIVE,"$argon2id$v=19$m=19456,t=2,p=1$pAMrcZvnf82snB7mZk6yYg$IO2e2aDrDVQgfOw+5PnFfopwVEP9uZtMB4Lf2rJp2Z0",10000000
C-01184,Hoang Van Son,hoangson1184@gmail.com,0934710889,Ha Noi,,DIAMOND,ACTIVE,"$argon2id$v=19$m=19456,t=2,p=1$pAMrcZvnf82snB7mZk6yYg$IO2e2aDrDVQgfOw+5PnFfopwVEP9uZtMB4Lf2rJp2Z0",10000000
C-01185,Hoang Van Quang,hoangquang1185@gmail.com,0939984421,Ha Noi,,STANDARD,ACTIVE,"$argon2id$v=19$m=19456,t=2,p=1$pAMrcZvnf82snB7mZk6yYg$IO2e2aDrDVQgfOw+5PnFfopwVEP9uZtMB4Lf2rJp2Z0",10000000
C-01186,Hoang Van Hieu,hoanghieu1186@gmail.com,0967520243,Ha Noi,,STANDARD,ACTIVE,"$argon2id$v=19$m=19456,t=2,p=1$pAMrcZvnf82snB7mZk6yYg$IO2e2aDrDVQgfOw+5PnFfopwVEP9uZtMB4Lf2rJp2Z0",10000000
C-01187,Bui Van Cuong,buicuong1187@gmail.com,0983244289,Ha Noi,,STANDARD,ACTIVE,"$argon2id$v=19$m=19456,t=2,p=1$pAMrcZvnf82snB7mZk6yYg$IO2e2aDrDVQgfOw+5PnFfopwVEP9uZtMB4Lf2rJp2Z0",10000000
C-01188,Bui Van Khanh,buikhanh1188@gmail.com,0933913456,Ha Noi,,DIAMOND,ACTIVE,"$argon2id$v=19$m=19456,t=2,p=1$pAMrcZvnf82snB7mZk6yYg$IO2e2aDrDVQgfOw+5PnFfopwVEP9uZtMB4Lf2rJp2Z0",10000000
C-01189,Bui Van Phuc,buiphuc1189@gmail.com,0980298074,Ha Noi,,STANDARD,ACTIVE,"$argon2id$v=19$m=19456,t=2,p=1$pAMrcZvnf82snB7mZk6yYg$IO2e2aDrDVQgfOw+5PnFfopwVEP9uZtMB4Lf2rJp2Z0",10000000
C-01190,Vo Van Nam,vonam1190@gmail.com,0936907085,Ha Noi,,SILVER,ACTIVE,"$argon2id$v=19$m=19456,t=2,p=1$pAMrcZvnf82snB7mZk6yYg$IO2e2aDrDVQgfOw+5PnFfopwVEP9uZtMB4Lf2rJp2Z0",10000000
C-01191,Pham Van Binh,phambinh1191@gmail.com,0971048461,Ha Noi,,STANDARD,ACTIVE,"$argon2id$v=19$m=19456,t=2,p=1$pAMrcZvnf82snB7mZk6yYg$IO2e2aDrDVQgfOw+5PnFfopwVEP9uZtMB4Lf2rJp2Z0",10000000
C-01192,Bui Van Thanh,buithanh1192@gmail.com,0962864577,Ha Noi,,STANDARD,ACTIVE,"$argon2id$v=19$m=19456,t=2,p=1$pAMrcZvnf82snB7mZk6yYg$IO2e2aDrDVQgfOw+5PnFfopwVEP9uZtMB4Lf2rJp2Z0",10000000
C-01193,Vo Van Linh,volinh1193@gmail.com,0982938100,Ha Noi,,STANDARD,ACTIVE,"$argon2id$v=19$m=19456,t=2,p=1$pAMrcZvnf82snB7mZk6yYg$IO2e2aDrDVQgfOw+5PnFfopwVEP9uZtMB4Lf2rJp2Z0",10000000
C-01194,Vu Van Binh,vubinh1194@gmail.com,0958565402,Ha Noi,,STANDARD,ACTIVE,"$argon2id$v=19$m=19456,t=2,p=1$pAMrcZvnf82snB7mZk6yYg$IO2e2aDrDVQgfOw+5PnFfopwVEP9uZtMB4Lf2rJp2Z0",10000000
C-01195,Bui Van Hung,buihung1195@gmail.com,0995280431,Ha Noi,,STANDARD,ACTIVE,"$argon2id$v=19$m=19456,t=2,p=1$pAMrcZvnf82snB7mZk6yYg$IO2e2aDrDVQgfOw+5PnFfopwVEP9uZtMB4Lf2rJp2Z0",10000000
C-01196,Bui Van Hieu,buihieu1196@gmail.com,0978151583,Ha Noi,,DIAMOND,ACTIVE,"$argon2id$v=19$m=19456,t=2,p=1$pAMrcZvnf82snB7mZk6yYg$IO2e2aDrDVQgfOw+5PnFfopwVEP9uZtMB4Lf2rJp2Z0",10000000
C-01197,Bui Van Minh,buiminh1197@gmail.com,0993102665,Ha Noi,,SILVER,ACTIVE,"$argon2id$v=19$m=19456,t=2,p=1$pAMrcZvnf82snB7mZk6yYg$IO2e2aDrDVQgfOw+5PnFfopwVEP9uZtMB4Lf2rJp2Z0",10000000
C-01198,Vo Van Cuong,vocuong1198@gmail.com,0929776052,Ha Noi,,STANDARD,ACTIVE,"$argon2id$v=19$m=19456,t=2,p=1$pAMrcZvnf82snB7mZk6yYg$IO2e2aDrDVQgfOw+5PnFfopwVEP9uZtMB4Lf2rJp2Z0",10000000
C-01199,Hoang Van Thanh,hoangthanh1199@gmail.com,0968576134,Ha Noi,,STANDARD,ACTIVE,"$argon2id$v=19$m=19456,t=2,p=1$pAMrcZvnf82snB7mZk6yYg$IO2e2aDrDVQgfOw+5PnFfopwVEP9uZtMB4Lf2rJp2Z0",10000000
C-01200,Vo Van Thanh,vothanh1200@gmail.com,0981535790,Ha Noi,,STANDARD,ACTIVE,"$argon2id$v=19$m=19456,t=2,p=1$pAMrcZvnf82snB7mZk6yYg$IO2e2aDrDVQgfOw+5PnFfopwVEP9uZtMB4Lf2rJp2Z0",10000000
C-01201,Vu Van Quang,vuquang1201@gmail.com,0919389232,Ha Noi,,SILVER,ACTIVE,"$argon2id$v=19$m=19456,t=2,p=1$pAMrcZvnf82snB7mZk6yYg$IO2e2aDrDVQgfOw+5PnFfopwVEP9uZtMB4Lf2rJp2Z0",10000000
C-01202,Nguyen Van Quang,nguyenquang1202@gmail.com,0980184203,Ha Noi,,SILVER,ACTIVE,"$argon2id$v=19$m=19456,t=2,p=1$pAMrcZvnf82snB7mZk6yYg$IO2e2aDrDVQgfOw+5PnFfopwVEP9uZtMB4Lf2rJp2Z0",10000000
C-01203,Vo Van Quang,voquang1203@gmail.com,0936237488,Ha Noi,,STANDARD,ACTIVE,"$argon2id$v=19$m=19456,t=2,p=1$pAMrcZvnf82snB7mZk6yYg$IO2e2aDrDVQgfOw+5PnFfopwVEP9uZtMB4Lf2rJp2Z0",10000000
C-01204,Bui Van Anh,buianh1204@gmail.com,0941878403,Ha Noi,,DIAMOND,ACTIVE,"$argon2id$v=19$m=19456,t=2,p=1$pAMrcZvnf82snB7mZk6yYg$IO2e2aDrDVQgfOw+5PnFfopwVEP9uZtMB4Lf2rJp2Z0",10000000
C-01205,Phan Van Minh,phanminh1205@gmail.com,0922664751,Ha Noi,,STANDARD,ACTIVE,"$argon2id$v=19$m=19456,t=2,p=1$pAMrcZvnf82snB7mZk6yYg$IO2e2aDrDVQgfOw+5PnFfopwVEP9uZtMB4Lf2rJp2Z0",10000000
C-01206,Tran Van Quang,tranquang1206@gmail.com,0932030530,Ha Noi,,SILVER,ACTIVE,"$argon2id$v=19$m=19456,t=2,p=1$pAMrcZvnf82snB7mZk6yYg$IO2e2aDrDVQgfOw+5PnFfopwVEP9uZtMB4Lf2rJp2Z0",10000000
C-01207,Hoang Van Minh,hoangminh1207@gmail.com,0995792945,Ha Noi,,SILVER,ACTIVE,"$argon2id$v=19$m=19456,t=2,p=1$pAMrcZvnf82snB7mZk6yYg$IO2e2aDrDVQgfOw+5PnFfopwVEP9uZtMB4Lf2rJp2Z0",10000000
C-01208,Vo Van Khanh,vokhanh1208@gmail.com,0986479439,Ha Noi,,STANDARD,ACTIVE,"$argon2id$v=19$m=19456,t=2,p=1$pAMrcZvnf82snB7mZk6yYg$IO2e2aDrDVQgfOw+5PnFfopwVEP9uZtMB4Lf2rJp2Z0",10000000
C-01209,Pham Van Thanh,phamthanh1209@gmail.com,0990079113,Ha Noi,,STANDARD,ACTIVE,"$argon2id$v=19$m=19456,t=2,p=1$pAMrcZvnf82snB7mZk6yYg$IO2e2aDrDVQgfOw+5PnFfopwVEP9uZtMB4Lf2rJp2Z0",10000000
C-01210,Vo Van Phuc,vophuc1210@gmail.com,0923679659,Ha Noi,,STANDARD,ACTIVE,"$argon2id$v=19$m=19456,t=2,p=1$pAMrcZvnf82snB7mZk6yYg$IO2e2aDrDVQgfOw+5PnFfopwVEP9uZtMB4Lf2rJp2Z0",10000000
C-01211,Phan Van Trung,phantrung1211@gmail.com,0996403146,Ha Noi,,SILVER,ACTIVE,"$argon2id$v=19$m=19456,t=2,p=1$pAMrcZvnf82snB7mZk6yYg$IO2e2aDrDVQgfOw+5PnFfopwVEP9uZtMB4Lf2rJp2Z0",10000000
C-01212,Hoang Van Quang,hoangquang1212@gmail.com,0920150688,Ha Noi,,GOLD,ACTIVE,"$argon2id$v=19$m=19456,t=2,p=1$pAMrcZvnf82snB7mZk6yYg$IO2e2aDrDVQgfOw+5PnFfopwVEP9uZtMB4Lf2rJp2Z0",10000000
C-01213,Nguyen Van Trung,nguyentrung1213@gmail.com,0986142548,Ha Noi,,STANDARD,ACTIVE,"$argon2id$v=19$m=19456,t=2,p=1$pAMrcZvnf82snB7mZk6yYg$IO2e2aDrDVQgfOw+5PnFfopwVEP9uZtMB4Lf2rJp2Z0",10000000
C-01214,Nguyen Van Quang,nguyenquang1214@gmail.com,0982227987,Ha Noi,,DIAMOND,ACTIVE,"$argon2id$v=19$m=19456,t=2,p=1$pAMrcZvnf82snB7mZk6yYg$IO2e2aDrDVQgfOw+5PnFfopwVEP9uZtMB4Lf2rJp2Z0",10000000
C-01215,Pham Van Phuc,phamphuc1215@gmail.com,0996695613,Ha Noi,,STANDARD,ACTIVE,"$argon2id$v=19$m=19456,t=2,p=1$pAMrcZvnf82snB7mZk6yYg$IO2e2aDrDVQgfOw+5PnFfopwVEP9uZtMB4Lf2rJp2Z0",10000000
C-01216,Vo Van Binh,vobinh1216@gmail.com,0913266972,Ha Noi,,STANDARD,ACTIVE,"$argon2id$v=19$m=19456,t=2,p=1$pAMrcZvnf82snB7mZk6yYg$IO2e2aDrDVQgfOw+5PnFfopwVEP9uZtMB4Lf2rJp2Z0",10000000
C-01217,Tran Van Hung,tranhung1217@gmail.com,0997021971,Ha Noi,,STANDARD,ACTIVE,"$argon2id$v=19$m=19456,t=2,p=1$pAMrcZvnf82snB7mZk6yYg$IO2e2aDrDVQgfOw+5PnFfopwVEP9uZtMB4Lf2rJp2Z0",10000000
C-01218,Tran Van Trung,trantrung1218@gmail.com,0992442241,Ha Noi,,STANDARD,ACTIVE,"$argon2id$v=19$m=19456,t=2,p=1$pAMrcZvnf82snB7mZk6yYg$IO2e2aDrDVQgfOw+5PnFfopwVEP9uZtMB4Lf2rJp2Z0",10000000
C-01219,Vu Van Linh,vulinh1219@gmail.com,0932457707,Ha Noi,,STANDARD,ACTIVE,"$argon2id$v=19$m=19456,t=2,p=1$pAMrcZvnf82snB7mZk6yYg$IO2e2aDrDVQgfOw+5PnFfopwVEP9uZtMB4Lf2rJp2Z0",10000000
C-01220,Bui Van Hung,buihung1220@gmail.com,0969454715,Ha Noi,,SILVER,ACTIVE,"$argon2id$v=19$m=19456,t=2,p=1$pAMrcZvnf82snB7mZk6yYg$IO2e2aDrDVQgfOw+5PnFfopwVEP9uZtMB4Lf2rJp2Z0",10000000
C-01221,Vo Van Son,voson1221@gmail.com,0974984253,Ha Noi,,STANDARD,ACTIVE,"$argon2id$v=19$m=19456,t=2,p=1$pAMrcZvnf82snB7mZk6yYg$IO2e2aDrDVQgfOw+5PnFfopwVEP9uZtMB4Lf2rJp2Z0",10000000
C-01222,Tran Van Nam,trannam1222@gmail.com,0991454466,Ha Noi,,STANDARD,ACTIVE,"$argon2id$v=19$m=19456,t=2,p=1$pAMrcZvnf82snB7mZk6yYg$IO2e2aDrDVQgfOw+5PnFfopwVEP9uZtMB4Lf2rJp2Z0",10000000
C-01223,Vo Van Trung,votrung1223@gmail.com,0975225613,Ha Noi,,STANDARD,ACTIVE,"$argon2id$v=19$m=19456,t=2,p=1$pAMrcZvnf82snB7mZk6yYg$IO2e2aDrDVQgfOw+5PnFfopwVEP9uZtMB4Lf2rJp2Z0",10000000
C-01224,Vu Van Trung,vutrung1224@gmail.com,0925703967,Ha Noi,,STANDARD,ACTIVE,"$argon2id$v=19$m=19456,t=2,p=1$pAMrcZvnf82snB7mZk6yYg$IO2e2aDrDVQgfOw+5PnFfopwVEP9uZtMB4Lf2rJp2Z0",10000000
C-01225,Hoang Van Phuc,hoangphuc1225@gmail.com,0991327805,Ha Noi,,SILVER,ACTIVE,"$argon2id$v=19$m=19456,t=2,p=1$pAMrcZvnf82snB7mZk6yYg$IO2e2aDrDVQgfOw+5PnFfopwVEP9uZtMB4Lf2rJp2Z0",10000000
C-01226,Vu Van Nam,vunam1226@gmail.com,0994857642,Ha Noi,,STANDARD,ACTIVE,"$argon2id$v=19$m=19456,t=2,p=1$pAMrcZvnf82snB7mZk6yYg$IO2e2aDrDVQgfOw+5PnFfopwVEP9uZtMB4Lf2rJp2Z0",10000000
C-01227,Vu Van Dung,vudung1227@gmail.com,0961763228,Ha Noi,,STANDARD,ACTIVE,"$argon2id$v=19$m=19456,t=2,p=1$pAMrcZvnf82snB7mZk6yYg$IO2e2aDrDVQgfOw+5PnFfopwVEP9uZtMB4Lf2rJp2Z0",10000000
C-01228,Phan Van Thanh,phanthanh1228@gmail.com,0919251875,Ha Noi,,SILVER,ACTIVE,"$argon2id$v=19$m=19456,t=2,p=1$pAMrcZvnf82snB7mZk6yYg$IO2e2aDrDVQgfOw+5PnFfopwVEP9uZtMB4Lf2rJp2Z0",10000000
C-01229,Dang Van Linh,danglinh1229@gmail.com,0984694459,Ha Noi,,GOLD,ACTIVE,"$argon2id$v=19$m=19456,t=2,p=1$pAMrcZvnf82snB7mZk6yYg$IO2e2aDrDVQgfOw+5PnFfopwVEP9uZtMB4Lf2rJp2Z0",10000000
C-01230,Phan Van Hung,phanhung1230@gmail.com,0997297809,Ha Noi,,DIAMOND,ACTIVE,"$argon2id$v=19$m=19456,t=2,p=1$pAMrcZvnf82snB7mZk6yYg$IO2e2aDrDVQgfOw+5PnFfopwVEP9uZtMB4Lf2rJp2Z0",10000000
C-01231,Bui Van Quang,buiquang1231@gmail.com,0991460824,Ha Noi,,STANDARD,ACTIVE,"$argon2id$v=19$m=19456,t=2,p=1$pAMrcZvnf82snB7mZk6yYg$IO2e2aDrDVQgfOw+5PnFfopwVEP9uZtMB4Lf2rJp2Z0",10000000
C-01232,Tran Van Cuong,trancuong1232@gmail.com,0989787141,Ha Noi,,DIAMOND,ACTIVE,"$argon2id$v=19$m=19456,t=2,p=1$pAMrcZvnf82snB7mZk6yYg$IO2e2aDrDVQgfOw+5PnFfopwVEP9uZtMB4Lf2rJp2Z0",10000000
C-01233,Hoang Van Hieu,hoanghieu1233@gmail.com,0974081955,Ha Noi,,GOLD,ACTIVE,"$argon2id$v=19$m=19456,t=2,p=1$pAMrcZvnf82snB7mZk6yYg$IO2e2aDrDVQgfOw+5PnFfopwVEP9uZtMB4Lf2rJp2Z0",10000000
C-01234,Hoang Van Dung,hoangdung1234@gmail.com,0976547269,Ha Noi,,STANDARD,ACTIVE,"$argon2id$v=19$m=19456,t=2,p=1$pAMrcZvnf82snB7mZk6yYg$IO2e2aDrDVQgfOw+5PnFfopwVEP9uZtMB4Lf2rJp2Z0",10000000
C-01235,Dang Van Hieu,danghieu1235@gmail.com,0932497766,Ha Noi,,STANDARD,ACTIVE,"$argon2id$v=19$m=19456,t=2,p=1$pAMrcZvnf82snB7mZk6yYg$IO2e2aDrDVQgfOw+5PnFfopwVEP9uZtMB4Lf2rJp2Z0",10000000
C-01236,Phan Van Khanh,phankhanh1236@gmail.com,0995868274,Ha Noi,,STANDARD,ACTIVE,"$argon2id$v=19$m=19456,t=2,p=1$pAMrcZvnf82snB7mZk6yYg$IO2e2aDrDVQgfOw+5PnFfopwVEP9uZtMB4Lf2rJp2Z0",10000000
C-01237,Hoang Van Nam,hoangnam1237@gmail.com,0946890601,Ha Noi,,STANDARD,ACTIVE,"$argon2id$v=19$m=19456,t=2,p=1$pAMrcZvnf82snB7mZk6yYg$IO2e2aDrDVQgfOw+5PnFfopwVEP9uZtMB4Lf2rJp2Z0",10000000
C-01238,Phan Van Cuong,phancuong1238@gmail.com,0915709958,Ha Noi,,STANDARD,ACTIVE,"$argon2id$v=19$m=19456,t=2,p=1$pAMrcZvnf82snB7mZk6yYg$IO2e2aDrDVQgfOw+5PnFfopwVEP9uZtMB4Lf2rJp2Z0",10000000
C-01239,Le Van Son,leson1239@gmail.com,0974247162,Ha Noi,,STANDARD,ACTIVE,"$argon2id$v=19$m=19456,t=2,p=1$pAMrcZvnf82snB7mZk6yYg$IO2e2aDrDVQgfOw+5PnFfopwVEP9uZtMB4Lf2rJp2Z0",10000000
C-01240,Bui Van Hieu,buihieu1240@gmail.com,0931010161,Ha Noi,,STANDARD,ACTIVE,"$argon2id$v=19$m=19456,t=2,p=1$pAMrcZvnf82snB7mZk6yYg$IO2e2aDrDVQgfOw+5PnFfopwVEP9uZtMB4Lf2rJp2Z0",10000000
C-01241,Nguyen Van Nam,nguyennam1241@gmail.com,0977022809,Ha Noi,,GOLD,ACTIVE,"$argon2id$v=19$m=19456,t=2,p=1$pAMrcZvnf82snB7mZk6yYg$IO2e2aDrDVQgfOw+5PnFfopwVEP9uZtMB4Lf2rJp2Z0",10000000
C-01242,Nguyen Van Linh,nguyenlinh1242@gmail.com,0987608080,Ha Noi,,GOLD,ACTIVE,"$argon2id$v=19$m=19456,t=2,p=1$pAMrcZvnf82snB7mZk6yYg$IO2e2aDrDVQgfOw+5PnFfopwVEP9uZtMB4Lf2rJp2Z0",10000000
C-01243,Nguyen Van Linh,nguyenlinh1243@gmail.com,0945444298,Ha Noi,,STANDARD,ACTIVE,"$argon2id$v=19$m=19456,t=2,p=1$pAMrcZvnf82snB7mZk6yYg$IO2e2aDrDVQgfOw+5PnFfopwVEP9uZtMB4Lf2rJp2Z0",10000000
C-01244,Tran Van Hieu,tranhieu1244@gmail.com,0958574728,Ha Noi,,STANDARD,ACTIVE,"$argon2id$v=19$m=19456,t=2,p=1$pAMrcZvnf82snB7mZk6yYg$IO2e2aDrDVQgfOw+5PnFfopwVEP9uZtMB4Lf2rJp2Z0",10000000
C-01245,Tran Van Binh,tranbinh1245@gmail.com,0980419948,Ha Noi,,SILVER,ACTIVE,"$argon2id$v=19$m=19456,t=2,p=1$pAMrcZvnf82snB7mZk6yYg$IO2e2aDrDVQgfOw+5PnFfopwVEP9uZtMB4Lf2rJp2Z0",10000000
C-01246,Tran Van Quang,tranquang1246@gmail.com,0921065713,Ha Noi,,STANDARD,ACTIVE,"$argon2id$v=19$m=19456,t=2,p=1$pAMrcZvnf82snB7mZk6yYg$IO2e2aDrDVQgfOw+5PnFfopwVEP9uZtMB4Lf2rJp2Z0",10000000
C-01247,Hoang Van Trung,hoangtrung1247@gmail.com,0960748590,Ha Noi,,STANDARD,ACTIVE,"$argon2id$v=19$m=19456,t=2,p=1$pAMrcZvnf82snB7mZk6yYg$IO2e2aDrDVQgfOw+5PnFfopwVEP9uZtMB4Lf2rJp2Z0",10000000
C-01248,Bui Van Minh,buiminh1248@gmail.com,0977383660,Ha Noi,,SILVER,ACTIVE,"$argon2id$v=19$m=19456,t=2,p=1$pAMrcZvnf82snB7mZk6yYg$IO2e2aDrDVQgfOw+5PnFfopwVEP9uZtMB4Lf2rJp2Z0",10000000
C-01249,Le Van Hung,lehung1249@gmail.com,0910286834,Ha Noi,,SILVER,ACTIVE,"$argon2id$v=19$m=19456,t=2,p=1$pAMrcZvnf82snB7mZk6yYg$IO2e2aDrDVQgfOw+5PnFfopwVEP9uZtMB4Lf2rJp2Z0",10000000
C-01250,Vo Van Khanh,vokhanh1250@gmail.com,0989339832,Ha Noi,,STANDARD,ACTIVE,"$argon2id$v=19$m=19456,t=2,p=1$pAMrcZvnf82snB7mZk6yYg$IO2e2aDrDVQgfOw+5PnFfopwVEP9uZtMB4Lf2rJp2Z0",10000000
C-01251,Phan Van Minh,phanminh1251@gmail.com,0954569613,Ha Noi,,STANDARD,ACTIVE,"$argon2id$v=19$m=19456,t=2,p=1$pAMrcZvnf82snB7mZk6yYg$IO2e2aDrDVQgfOw+5PnFfopwVEP9uZtMB4Lf2rJp2Z0",10000000
C-01252,Nguyen Van Cuong,nguyencuong1252@gmail.com,0934295674,Ha Noi,,GOLD,ACTIVE,"$argon2id$v=19$m=19456,t=2,p=1$pAMrcZvnf82snB7mZk6yYg$IO2e2aDrDVQgfOw+5PnFfopwVEP9uZtMB4Lf2rJp2Z0",10000000
C-01253,Vo Van Linh,volinh1253@gmail.com,0971878093,Ha Noi,,STANDARD,ACTIVE,"$argon2id$v=19$m=19456,t=2,p=1$pAMrcZvnf82snB7mZk6yYg$IO2e2aDrDVQgfOw+5PnFfopwVEP9uZtMB4Lf2rJp2Z0",10000000
C-01254,Phan Van Anh,phananh1254@gmail.com,0980356187,Ha Noi,,SILVER,ACTIVE,"$argon2id$v=19$m=19456,t=2,p=1$pAMrcZvnf82snB7mZk6yYg$IO2e2aDrDVQgfOw+5PnFfopwVEP9uZtMB4Lf2rJp2Z0",10000000
C-01255,Bui Van Thanh,buithanh1255@gmail.com,0958618043,Ha Noi,,STANDARD,ACTIVE,"$argon2id$v=19$m=19456,t=2,p=1$pAMrcZvnf82snB7mZk6yYg$IO2e2aDrDVQgfOw+5PnFfopwVEP9uZtMB4Lf2rJp2Z0",10000000
C-01256,Vu Van Linh,vulinh1256@gmail.com,0931395522,Ha Noi,,SILVER,ACTIVE,"$argon2id$v=19$m=19456,t=2,p=1$pAMrcZvnf82snB7mZk6yYg$IO2e2aDrDVQgfOw+5PnFfopwVEP9uZtMB4Lf2rJp2Z0",10000000
C-01257,Vo Van Thanh,vothanh1257@gmail.com,0969319064,Ha Noi,,GOLD,ACTIVE,"$argon2id$v=19$m=19456,t=2,p=1$pAMrcZvnf82snB7mZk6yYg$IO2e2aDrDVQgfOw+5PnFfopwVEP9uZtMB4Lf2rJp2Z0",10000000
C-01258,Vo Van Dung,vodung1258@gmail.com,0972445812,Ha Noi,,STANDARD,ACTIVE,"$argon2id$v=19$m=19456,t=2,p=1$pAMrcZvnf82snB7mZk6yYg$IO2e2aDrDVQgfOw+5PnFfopwVEP9uZtMB4Lf2rJp2Z0",10000000
C-01259,Nguyen Van Anh,nguyenanh1259@gmail.com,0928118341,Ha Noi,,GOLD,ACTIVE,"$argon2id$v=19$m=19456,t=2,p=1$pAMrcZvnf82snB7mZk6yYg$IO2e2aDrDVQgfOw+5PnFfopwVEP9uZtMB4Lf2rJp2Z0",10000000
C-01260,Dang Van Trung,dangtrung1260@gmail.com,0946890281,Ha Noi,,STANDARD,ACTIVE,"$argon2id$v=19$m=19456,t=2,p=1$pAMrcZvnf82snB7mZk6yYg$IO2e2aDrDVQgfOw+5PnFfopwVEP9uZtMB4Lf2rJp2Z0",10000000
C-01261,Dang Van Cuong,dangcuong1261@gmail.com,0922635576,Ha Noi,,STANDARD,ACTIVE,"$argon2id$v=19$m=19456,t=2,p=1$pAMrcZvnf82snB7mZk6yYg$IO2e2aDrDVQgfOw+5PnFfopwVEP9uZtMB4Lf2rJp2Z0",10000000
C-01262,Nguyen Van Phuc,nguyenphuc1262@gmail.com,0969206133,Ha Noi,,STANDARD,ACTIVE,"$argon2id$v=19$m=19456,t=2,p=1$pAMrcZvnf82snB7mZk6yYg$IO2e2aDrDVQgfOw+5PnFfopwVEP9uZtMB4Lf2rJp2Z0",10000000
C-01263,Pham Van Trung,phamtrung1263@gmail.com,0986325181,Ha Noi,,STANDARD,ACTIVE,"$argon2id$v=19$m=19456,t=2,p=1$pAMrcZvnf82snB7mZk6yYg$IO2e2aDrDVQgfOw+5PnFfopwVEP9uZtMB4Lf2rJp2Z0",10000000
C-01264,Vu Van Linh,vulinh1264@gmail.com,0950921307,Ha Noi,,STANDARD,ACTIVE,"$argon2id$v=19$m=19456,t=2,p=1$pAMrcZvnf82snB7mZk6yYg$IO2e2aDrDVQgfOw+5PnFfopwVEP9uZtMB4Lf2rJp2Z0",10000000
C-01265,Vo Van Quang,voquang1265@gmail.com,0987907517,Ha Noi,,GOLD,ACTIVE,"$argon2id$v=19$m=19456,t=2,p=1$pAMrcZvnf82snB7mZk6yYg$IO2e2aDrDVQgfOw+5PnFfopwVEP9uZtMB4Lf2rJp2Z0",10000000
C-01266,Vu Van Binh,vubinh1266@gmail.com,0965042949,Ha Noi,,STANDARD,ACTIVE,"$argon2id$v=19$m=19456,t=2,p=1$pAMrcZvnf82snB7mZk6yYg$IO2e2aDrDVQgfOw+5PnFfopwVEP9uZtMB4Lf2rJp2Z0",10000000
C-01267,Hoang Van Thanh,hoangthanh1267@gmail.com,0914213813,Ha Noi,,SILVER,ACTIVE,"$argon2id$v=19$m=19456,t=2,p=1$pAMrcZvnf82snB7mZk6yYg$IO2e2aDrDVQgfOw+5PnFfopwVEP9uZtMB4Lf2rJp2Z0",10000000
C-01268,Hoang Van Dung,hoangdung1268@gmail.com,0975524409,Ha Noi,,STANDARD,ACTIVE,"$argon2id$v=19$m=19456,t=2,p=1$pAMrcZvnf82snB7mZk6yYg$IO2e2aDrDVQgfOw+5PnFfopwVEP9uZtMB4Lf2rJp2Z0",10000000
C-01269,Hoang Van Trung,hoangtrung1269@gmail.com,0951654370,Ha Noi,,STANDARD,ACTIVE,"$argon2id$v=19$m=19456,t=2,p=1$pAMrcZvnf82snB7mZk6yYg$IO2e2aDrDVQgfOw+5PnFfopwVEP9uZtMB4Lf2rJp2Z0",10000000
C-01270,Pham Van Hieu,phamhieu1270@gmail.com,0942309148,Ha Noi,,STANDARD,ACTIVE,"$argon2id$v=19$m=19456,t=2,p=1$pAMrcZvnf82snB7mZk6yYg$IO2e2aDrDVQgfOw+5PnFfopwVEP9uZtMB4Lf2rJp2Z0",10000000
C-01271,Nguyen Van Trung,nguyentrung1271@gmail.com,0942331197,Ha Noi,,SILVER,ACTIVE,"$argon2id$v=19$m=19456,t=2,p=1$pAMrcZvnf82snB7mZk6yYg$IO2e2aDrDVQgfOw+5PnFfopwVEP9uZtMB4Lf2rJp2Z0",10000000
C-01272,Phan Van Cuong,phancuong1272@gmail.com,0925160114,Ha Noi,,GOLD,ACTIVE,"$argon2id$v=19$m=19456,t=2,p=1$pAMrcZvnf82snB7mZk6yYg$IO2e2aDrDVQgfOw+5PnFfopwVEP9uZtMB4Lf2rJp2Z0",10000000
C-01273,Bui Van Nam,buinam1273@gmail.com,0914874887,Ha Noi,,SILVER,ACTIVE,"$argon2id$v=19$m=19456,t=2,p=1$pAMrcZvnf82snB7mZk6yYg$IO2e2aDrDVQgfOw+5PnFfopwVEP9uZtMB4Lf2rJp2Z0",10000000
C-01274,Vu Van Khanh,vukhanh1274@gmail.com,0964832115,Ha Noi,,STANDARD,ACTIVE,"$argon2id$v=19$m=19456,t=2,p=1$pAMrcZvnf82snB7mZk6yYg$IO2e2aDrDVQgfOw+5PnFfopwVEP9uZtMB4Lf2rJp2Z0",10000000
C-01275,Nguyen Van Quang,nguyenquang1275@gmail.com,0959119806,Ha Noi,,STANDARD,ACTIVE,"$argon2id$v=19$m=19456,t=2,p=1$pAMrcZvnf82snB7mZk6yYg$IO2e2aDrDVQgfOw+5PnFfopwVEP9uZtMB4Lf2rJp2Z0",10000000
C-01276,Bui Van Binh,buibinh1276@gmail.com,0994436117,Ha Noi,,STANDARD,ACTIVE,"$argon2id$v=19$m=19456,t=2,p=1$pAMrcZvnf82snB7mZk6yYg$IO2e2aDrDVQgfOw+5PnFfopwVEP9uZtMB4Lf2rJp2Z0",10000000
C-01277,Bui Van Dung,buidung1277@gmail.com,0952446167,Ha Noi,,GOLD,ACTIVE,"$argon2id$v=19$m=19456,t=2,p=1$pAMrcZvnf82snB7mZk6yYg$IO2e2aDrDVQgfOw+5PnFfopwVEP9uZtMB4Lf2rJp2Z0",10000000
C-01278,Le Van Binh,lebinh1278@gmail.com,0913676237,Ha Noi,,STANDARD,ACTIVE,"$argon2id$v=19$m=19456,t=2,p=1$pAMrcZvnf82snB7mZk6yYg$IO2e2aDrDVQgfOw+5PnFfopwVEP9uZtMB4Lf2rJp2Z0",10000000
C-01279,Vo Van Nam,vonam1279@gmail.com,0962048419,Ha Noi,,SILVER,ACTIVE,"$argon2id$v=19$m=19456,t=2,p=1$pAMrcZvnf82snB7mZk6yYg$IO2e2aDrDVQgfOw+5PnFfopwVEP9uZtMB4Lf2rJp2Z0",10000000
C-01280,Pham Van Phuc,phamphuc1280@gmail.com,0998717857,Ha Noi,,STANDARD,ACTIVE,"$argon2id$v=19$m=19456,t=2,p=1$pAMrcZvnf82snB7mZk6yYg$IO2e2aDrDVQgfOw+5PnFfopwVEP9uZtMB4Lf2rJp2Z0",10000000
C-01281,Nguyen Van Nam,nguyennam1281@gmail.com,0949236765,Ha Noi,,SILVER,ACTIVE,"$argon2id$v=19$m=19456,t=2,p=1$pAMrcZvnf82snB7mZk6yYg$IO2e2aDrDVQgfOw+5PnFfopwVEP9uZtMB4Lf2rJp2Z0",10000000
C-01282,Dang Van Khanh,dangkhanh1282@gmail.com,0923897896,Ha Noi,,STANDARD,ACTIVE,"$argon2id$v=19$m=19456,t=2,p=1$pAMrcZvnf82snB7mZk6yYg$IO2e2aDrDVQgfOw+5PnFfopwVEP9uZtMB4Lf2rJp2Z0",10000000
C-01283,Vo Van Hieu,vohieu1283@gmail.com,0939251705,Ha Noi,,STANDARD,ACTIVE,"$argon2id$v=19$m=19456,t=2,p=1$pAMrcZvnf82snB7mZk6yYg$IO2e2aDrDVQgfOw+5PnFfopwVEP9uZtMB4Lf2rJp2Z0",10000000
C-01284,Tran Van Hieu,tranhieu1284@gmail.com,0995631332,Ha Noi,,STANDARD,ACTIVE,"$argon2id$v=19$m=19456,t=2,p=1$pAMrcZvnf82snB7mZk6yYg$IO2e2aDrDVQgfOw+5PnFfopwVEP9uZtMB4Lf2rJp2Z0",10000000
C-01285,Le Van Dung,ledung1285@gmail.com,0912819987,Ha Noi,,STANDARD,ACTIVE,"$argon2id$v=19$m=19456,t=2,p=1$pAMrcZvnf82snB7mZk6yYg$IO2e2aDrDVQgfOw+5PnFfopwVEP9uZtMB4Lf2rJp2Z0",10000000
C-01286,Nguyen Van Trung,nguyentrung1286@gmail.com,0945478203,Ha Noi,,STANDARD,ACTIVE,"$argon2id$v=19$m=19456,t=2,p=1$pAMrcZvnf82snB7mZk6yYg$IO2e2aDrDVQgfOw+5PnFfopwVEP9uZtMB4Lf2rJp2Z0",10000000
C-01287,Hoang Van Hung,hoanghung1287@gmail.com,0912270451,Ha Noi,,STANDARD,ACTIVE,"$argon2id$v=19$m=19456,t=2,p=1$pAMrcZvnf82snB7mZk6yYg$IO2e2aDrDVQgfOw+5PnFfopwVEP9uZtMB4Lf2rJp2Z0",10000000
C-01288,Vo Van Linh,volinh1288@gmail.com,0963734472,Ha Noi,,GOLD,ACTIVE,"$argon2id$v=19$m=19456,t=2,p=1$pAMrcZvnf82snB7mZk6yYg$IO2e2aDrDVQgfOw+5PnFfopwVEP9uZtMB4Lf2rJp2Z0",10000000
C-01289,Phan Van Cuong,phancuong1289@gmail.com,0930591968,Ha Noi,,SILVER,ACTIVE,"$argon2id$v=19$m=19456,t=2,p=1$pAMrcZvnf82snB7mZk6yYg$IO2e2aDrDVQgfOw+5PnFfopwVEP9uZtMB4Lf2rJp2Z0",10000000
C-01290,Phan Van Dung,phandung1290@gmail.com,0969544289,Ha Noi,,SILVER,ACTIVE,"$argon2id$v=19$m=19456,t=2,p=1$pAMrcZvnf82snB7mZk6yYg$IO2e2aDrDVQgfOw+5PnFfopwVEP9uZtMB4Lf2rJp2Z0",10000000
C-01291,Nguyen Van Trung,nguyentrung1291@gmail.com,0988501867,Ha Noi,,STANDARD,ACTIVE,"$argon2id$v=19$m=19456,t=2,p=1$pAMrcZvnf82snB7mZk6yYg$IO2e2aDrDVQgfOw+5PnFfopwVEP9uZtMB4Lf2rJp2Z0",10000000
C-01292,Bui Van Trung,buitrung1292@gmail.com,0976648099,Ha Noi,,DIAMOND,ACTIVE,"$argon2id$v=19$m=19456,t=2,p=1$pAMrcZvnf82snB7mZk6yYg$IO2e2aDrDVQgfOw+5PnFfopwVEP9uZtMB4Lf2rJp2Z0",10000000
C-01293,Bui Van Linh,builinh1293@gmail.com,0980749251,Ha Noi,,SILVER,ACTIVE,"$argon2id$v=19$m=19456,t=2,p=1$pAMrcZvnf82snB7mZk6yYg$IO2e2aDrDVQgfOw+5PnFfopwVEP9uZtMB4Lf2rJp2Z0",10000000
C-01294,Le Van Son,leson1294@gmail.com,0923270983,Ha Noi,,STANDARD,ACTIVE,"$argon2id$v=19$m=19456,t=2,p=1$pAMrcZvnf82snB7mZk6yYg$IO2e2aDrDVQgfOw+5PnFfopwVEP9uZtMB4Lf2rJp2Z0",10000000
C-01295,Dang Van Linh,danglinh1295@gmail.com,0985546751,Ha Noi,,STANDARD,ACTIVE,"$argon2id$v=19$m=19456,t=2,p=1$pAMrcZvnf82snB7mZk6yYg$IO2e2aDrDVQgfOw+5PnFfopwVEP9uZtMB4Lf2rJp2Z0",10000000
C-01296,Phan Van Dung,phandung1296@gmail.com,0917803699,Ha Noi,,STANDARD,ACTIVE,"$argon2id$v=19$m=19456,t=2,p=1$pAMrcZvnf82snB7mZk6yYg$IO2e2aDrDVQgfOw+5PnFfopwVEP9uZtMB4Lf2rJp2Z0",10000000
C-01297,Bui Van Dung,buidung1297@gmail.com,0984095953,Ha Noi,,SILVER,ACTIVE,"$argon2id$v=19$m=19456,t=2,p=1$pAMrcZvnf82snB7mZk6yYg$IO2e2aDrDVQgfOw+5PnFfopwVEP9uZtMB4Lf2rJp2Z0",10000000
C-01298,Pham Van Hieu,phamhieu1298@gmail.com,0921269091,Ha Noi,,STANDARD,ACTIVE,"$argon2id$v=19$m=19456,t=2,p=1$pAMrcZvnf82snB7mZk6yYg$IO2e2aDrDVQgfOw+5PnFfopwVEP9uZtMB4Lf2rJp2Z0",10000000
C-01299,Hoang Van Nam,hoangnam1299@gmail.com,0988103815,Ha Noi,,SILVER,ACTIVE,"$argon2id$v=19$m=19456,t=2,p=1$pAMrcZvnf82snB7mZk6yYg$IO2e2aDrDVQgfOw+5PnFfopwVEP9uZtMB4Lf2rJp2Z0",10000000
C-01300,Vu Van Dung,vudung1300@gmail.com,0947470141,Ha Noi,,STANDARD,ACTIVE,"$argon2id$v=19$m=19456,t=2,p=1$pAMrcZvnf82snB7mZk6yYg$IO2e2aDrDVQgfOw+5PnFfopwVEP9uZtMB4Lf2rJp2Z0",10000000
C-01301,Hoang Van Hieu,hoanghieu1301@gmail.com,0995352405,Ha Noi,,STANDARD,ACTIVE,"$argon2id$v=19$m=19456,t=2,p=1$pAMrcZvnf82snB7mZk6yYg$IO2e2aDrDVQgfOw+5PnFfopwVEP9uZtMB4Lf2rJp2Z0",10000000
C-01302,Vo Van Minh,vominh1302@gmail.com,0968531835,Ha Noi,,GOLD,ACTIVE,"$argon2id$v=19$m=19456,t=2,p=1$pAMrcZvnf82snB7mZk6yYg$IO2e2aDrDVQgfOw+5PnFfopwVEP9uZtMB4Lf2rJp2Z0",10000000
C-01303,Bui Van Quang,buiquang1303@gmail.com,0943588520,Ha Noi,,SILVER,ACTIVE,"$argon2id$v=19$m=19456,t=2,p=1$pAMrcZvnf82snB7mZk6yYg$IO2e2aDrDVQgfOw+5PnFfopwVEP9uZtMB4Lf2rJp2Z0",10000000
C-01304,Bui Van Nam,buinam1304@gmail.com,0963740317,Ha Noi,,GOLD,ACTIVE,"$argon2id$v=19$m=19456,t=2,p=1$pAMrcZvnf82snB7mZk6yYg$IO2e2aDrDVQgfOw+5PnFfopwVEP9uZtMB4Lf2rJp2Z0",10000000
C-01305,Nguyen Van Hieu,nguyenhieu1305@gmail.com,0988432877,Ha Noi,,SILVER,ACTIVE,"$argon2id$v=19$m=19456,t=2,p=1$pAMrcZvnf82snB7mZk6yYg$IO2e2aDrDVQgfOw+5PnFfopwVEP9uZtMB4Lf2rJp2Z0",10000000
C-01306,Vu Van Linh,vulinh1306@gmail.com,0921277648,Ha Noi,,STANDARD,ACTIVE,"$argon2id$v=19$m=19456,t=2,p=1$pAMrcZvnf82snB7mZk6yYg$IO2e2aDrDVQgfOw+5PnFfopwVEP9uZtMB4Lf2rJp2Z0",10000000
C-01307,Hoang Van Cuong,hoangcuong1307@gmail.com,0993053187,Ha Noi,,STANDARD,ACTIVE,"$argon2id$v=19$m=19456,t=2,p=1$pAMrcZvnf82snB7mZk6yYg$IO2e2aDrDVQgfOw+5PnFfopwVEP9uZtMB4Lf2rJp2Z0",10000000
C-01308,Vu Van Minh,vuminh1308@gmail.com,0949735215,Ha Noi,,STANDARD,ACTIVE,"$argon2id$v=19$m=19456,t=2,p=1$pAMrcZvnf82snB7mZk6yYg$IO2e2aDrDVQgfOw+5PnFfopwVEP9uZtMB4Lf2rJp2Z0",10000000
C-01309,Pham Van Linh,phamlinh1309@gmail.com,0962157985,Ha Noi,,STANDARD,ACTIVE,"$argon2id$v=19$m=19456,t=2,p=1$pAMrcZvnf82snB7mZk6yYg$IO2e2aDrDVQgfOw+5PnFfopwVEP9uZtMB4Lf2rJp2Z0",10000000
C-01310,Hoang Van Hieu,hoanghieu1310@gmail.com,0986699389,Ha Noi,,SILVER,ACTIVE,"$argon2id$v=19$m=19456,t=2,p=1$pAMrcZvnf82snB7mZk6yYg$IO2e2aDrDVQgfOw+5PnFfopwVEP9uZtMB4Lf2rJp2Z0",10000000
C-01311,Pham Van Trung,phamtrung1311@gmail.com,0969920785,Ha Noi,,STANDARD,ACTIVE,"$argon2id$v=19$m=19456,t=2,p=1$pAMrcZvnf82snB7mZk6yYg$IO2e2aDrDVQgfOw+5PnFfopwVEP9uZtMB4Lf2rJp2Z0",10000000
C-01312,Dang Van Nam,dangnam1312@gmail.com,0961471470,Ha Noi,,GOLD,ACTIVE,"$argon2id$v=19$m=19456,t=2,p=1$pAMrcZvnf82snB7mZk6yYg$IO2e2aDrDVQgfOw+5PnFfopwVEP9uZtMB4Lf2rJp2Z0",10000000
C-01313,Hoang Van Nam,hoangnam1313@gmail.com,0954343232,Ha Noi,,STANDARD,ACTIVE,"$argon2id$v=19$m=19456,t=2,p=1$pAMrcZvnf82snB7mZk6yYg$IO2e2aDrDVQgfOw+5PnFfopwVEP9uZtMB4Lf2rJp2Z0",10000000
C-01314,Vu Van Nam,vunam1314@gmail.com,0931728321,Ha Noi,,GOLD,ACTIVE,"$argon2id$v=19$m=19456,t=2,p=1$pAMrcZvnf82snB7mZk6yYg$IO2e2aDrDVQgfOw+5PnFfopwVEP9uZtMB4Lf2rJp2Z0",10000000
C-01315,Phan Van Hung,phanhung1315@gmail.com,0940731787,Ha Noi,,STANDARD,ACTIVE,"$argon2id$v=19$m=19456,t=2,p=1$pAMrcZvnf82snB7mZk6yYg$IO2e2aDrDVQgfOw+5PnFfopwVEP9uZtMB4Lf2rJp2Z0",10000000
C-01316,Phan Van Phuc,phanphuc1316@gmail.com,0965797360,Ha Noi,,STANDARD,ACTIVE,"$argon2id$v=19$m=19456,t=2,p=1$pAMrcZvnf82snB7mZk6yYg$IO2e2aDrDVQgfOw+5PnFfopwVEP9uZtMB4Lf2rJp2Z0",10000000
C-01317,Le Van Hieu,lehieu1317@gmail.com,0998433366,Ha Noi,,STANDARD,ACTIVE,"$argon2id$v=19$m=19456,t=2,p=1$pAMrcZvnf82snB7mZk6yYg$IO2e2aDrDVQgfOw+5PnFfopwVEP9uZtMB4Lf2rJp2Z0",10000000
C-01318,Phan Van Linh,phanlinh1318@gmail.com,0927702391,Ha Noi,,GOLD,ACTIVE,"$argon2id$v=19$m=19456,t=2,p=1$pAMrcZvnf82snB7mZk6yYg$IO2e2aDrDVQgfOw+5PnFfopwVEP9uZtMB4Lf2rJp2Z0",10000000
C-01319,Dang Van Thanh,dangthanh1319@gmail.com,0923477231,Ha Noi,,STANDARD,ACTIVE,"$argon2id$v=19$m=19456,t=2,p=1$pAMrcZvnf82snB7mZk6yYg$IO2e2aDrDVQgfOw+5PnFfopwVEP9uZtMB4Lf2rJp2Z0",10000000
C-01320,Tran Van Khanh,trankhanh1320@gmail.com,0990819105,Ha Noi,,SILVER,ACTIVE,"$argon2id$v=19$m=19456,t=2,p=1$pAMrcZvnf82snB7mZk6yYg$IO2e2aDrDVQgfOw+5PnFfopwVEP9uZtMB4Lf2rJp2Z0",10000000
C-01321,Phan Van Trung,phantrung1321@gmail.com,0994734151,Ha Noi,,SILVER,ACTIVE,"$argon2id$v=19$m=19456,t=2,p=1$pAMrcZvnf82snB7mZk6yYg$IO2e2aDrDVQgfOw+5PnFfopwVEP9uZtMB4Lf2rJp2Z0",10000000
C-01322,Le Van Dung,ledung1322@gmail.com,0943765053,Ha Noi,,STANDARD,ACTIVE,"$argon2id$v=19$m=19456,t=2,p=1$pAMrcZvnf82snB7mZk6yYg$IO2e2aDrDVQgfOw+5PnFfopwVEP9uZtMB4Lf2rJp2Z0",10000000
C-01323,Tran Van Cuong,trancuong1323@gmail.com,0973291002,Ha Noi,,STANDARD,ACTIVE,"$argon2id$v=19$m=19456,t=2,p=1$pAMrcZvnf82snB7mZk6yYg$IO2e2aDrDVQgfOw+5PnFfopwVEP9uZtMB4Lf2rJp2Z0",10000000
C-01324,Dang Van Cuong,dangcuong1324@gmail.com,0918207918,Ha Noi,,SILVER,ACTIVE,"$argon2id$v=19$m=19456,t=2,p=1$pAMrcZvnf82snB7mZk6yYg$IO2e2aDrDVQgfOw+5PnFfopwVEP9uZtMB4Lf2rJp2Z0",10000000
C-01325,Phan Van Cuong,phancuong1325@gmail.com,0960472269,Ha Noi,,STANDARD,ACTIVE,"$argon2id$v=19$m=19456,t=2,p=1$pAMrcZvnf82snB7mZk6yYg$IO2e2aDrDVQgfOw+5PnFfopwVEP9uZtMB4Lf2rJp2Z0",10000000
C-01326,Phan Van Minh,phanminh1326@gmail.com,0932068692,Ha Noi,,STANDARD,ACTIVE,"$argon2id$v=19$m=19456,t=2,p=1$pAMrcZvnf82snB7mZk6yYg$IO2e2aDrDVQgfOw+5PnFfopwVEP9uZtMB4Lf2rJp2Z0",10000000
C-01327,Bui Van Binh,buibinh1327@gmail.com,0958224330,Ha Noi,,GOLD,ACTIVE,"$argon2id$v=19$m=19456,t=2,p=1$pAMrcZvnf82snB7mZk6yYg$IO2e2aDrDVQgfOw+5PnFfopwVEP9uZtMB4Lf2rJp2Z0",10000000
C-01328,Tran Van Quang,tranquang1328@gmail.com,0984164257,Ha Noi,,SILVER,ACTIVE,"$argon2id$v=19$m=19456,t=2,p=1$pAMrcZvnf82snB7mZk6yYg$IO2e2aDrDVQgfOw+5PnFfopwVEP9uZtMB4Lf2rJp2Z0",10000000
C-01329,Bui Van Trung,buitrung1329@gmail.com,0983225331,Ha Noi,,STANDARD,ACTIVE,"$argon2id$v=19$m=19456,t=2,p=1$pAMrcZvnf82snB7mZk6yYg$IO2e2aDrDVQgfOw+5PnFfopwVEP9uZtMB4Lf2rJp2Z0",10000000
C-01330,Phan Van Thanh,phanthanh1330@gmail.com,0928480995,Ha Noi,,SILVER,ACTIVE,"$argon2id$v=19$m=19456,t=2,p=1$pAMrcZvnf82snB7mZk6yYg$IO2e2aDrDVQgfOw+5PnFfopwVEP9uZtMB4Lf2rJp2Z0",10000000
C-01331,Hoang Van Thanh,hoangthanh1331@gmail.com,0975133657,Ha Noi,,STANDARD,ACTIVE,"$argon2id$v=19$m=19456,t=2,p=1$pAMrcZvnf82snB7mZk6yYg$IO2e2aDrDVQgfOw+5PnFfopwVEP9uZtMB4Lf2rJp2Z0",10000000
C-01332,Pham Van Quang,phamquang1332@gmail.com,0923218306,Ha Noi,,DIAMOND,ACTIVE,"$argon2id$v=19$m=19456,t=2,p=1$pAMrcZvnf82snB7mZk6yYg$IO2e2aDrDVQgfOw+5PnFfopwVEP9uZtMB4Lf2rJp2Z0",10000000
C-01333,Vu Van Hung,vuhung1333@gmail.com,0952396092,Ha Noi,,STANDARD,ACTIVE,"$argon2id$v=19$m=19456,t=2,p=1$pAMrcZvnf82snB7mZk6yYg$IO2e2aDrDVQgfOw+5PnFfopwVEP9uZtMB4Lf2rJp2Z0",10000000
C-01334,Le Van Quang,lequang1334@gmail.com,0979992979,Ha Noi,,SILVER,ACTIVE,"$argon2id$v=19$m=19456,t=2,p=1$pAMrcZvnf82snB7mZk6yYg$IO2e2aDrDVQgfOw+5PnFfopwVEP9uZtMB4Lf2rJp2Z0",10000000
C-01335,Nguyen Van Minh,nguyenminh1335@gmail.com,0978300727,Ha Noi,,STANDARD,ACTIVE,"$argon2id$v=19$m=19456,t=2,p=1$pAMrcZvnf82snB7mZk6yYg$IO2e2aDrDVQgfOw+5PnFfopwVEP9uZtMB4Lf2rJp2Z0",10000000
C-01336,Dang Van Thanh,dangthanh1336@gmail.com,0975869149,Ha Noi,,STANDARD,ACTIVE,"$argon2id$v=19$m=19456,t=2,p=1$pAMrcZvnf82snB7mZk6yYg$IO2e2aDrDVQgfOw+5PnFfopwVEP9uZtMB4Lf2rJp2Z0",10000000
C-01337,Tran Van Son,transon1337@gmail.com,0929756908,Ha Noi,,STANDARD,ACTIVE,"$argon2id$v=19$m=19456,t=2,p=1$pAMrcZvnf82snB7mZk6yYg$IO2e2aDrDVQgfOw+5PnFfopwVEP9uZtMB4Lf2rJp2Z0",10000000
C-01338,Phan Van Cuong,phancuong1338@gmail.com,0916851476,Ha Noi,,STANDARD,ACTIVE,"$argon2id$v=19$m=19456,t=2,p=1$pAMrcZvnf82snB7mZk6yYg$IO2e2aDrDVQgfOw+5PnFfopwVEP9uZtMB4Lf2rJp2Z0",10000000
C-01339,Nguyen Van Son,nguyenson1339@gmail.com,0982314397,Ha Noi,,SILVER,ACTIVE,"$argon2id$v=19$m=19456,t=2,p=1$pAMrcZvnf82snB7mZk6yYg$IO2e2aDrDVQgfOw+5PnFfopwVEP9uZtMB4Lf2rJp2Z0",10000000
C-01340,Bui Van Thanh,buithanh1340@gmail.com,0921990042,Ha Noi,,STANDARD,ACTIVE,"$argon2id$v=19$m=19456,t=2,p=1$pAMrcZvnf82snB7mZk6yYg$IO2e2aDrDVQgfOw+5PnFfopwVEP9uZtMB4Lf2rJp2Z0",10000000
C-01341,Vo Van Minh,vominh1341@gmail.com,0914701485,Ha Noi,,STANDARD,ACTIVE,"$argon2id$v=19$m=19456,t=2,p=1$pAMrcZvnf82snB7mZk6yYg$IO2e2aDrDVQgfOw+5PnFfopwVEP9uZtMB4Lf2rJp2Z0",10000000
C-01342,Pham Van Dung,phamdung1342@gmail.com,0913527455,Ha Noi,,GOLD,ACTIVE,"$argon2id$v=19$m=19456,t=2,p=1$pAMrcZvnf82snB7mZk6yYg$IO2e2aDrDVQgfOw+5PnFfopwVEP9uZtMB4Lf2rJp2Z0",10000000
C-01343,Vo Van Hieu,vohieu1343@gmail.com,0938720903,Ha Noi,,STANDARD,ACTIVE,"$argon2id$v=19$m=19456,t=2,p=1$pAMrcZvnf82snB7mZk6yYg$IO2e2aDrDVQgfOw+5PnFfopwVEP9uZtMB4Lf2rJp2Z0",10000000
C-01344,Pham Van Linh,phamlinh1344@gmail.com,0940930166,Ha Noi,,GOLD,ACTIVE,"$argon2id$v=19$m=19456,t=2,p=1$pAMrcZvnf82snB7mZk6yYg$IO2e2aDrDVQgfOw+5PnFfopwVEP9uZtMB4Lf2rJp2Z0",10000000
C-01345,Phan Van Trung,phantrung1345@gmail.com,0964434761,Ha Noi,,GOLD,ACTIVE,"$argon2id$v=19$m=19456,t=2,p=1$pAMrcZvnf82snB7mZk6yYg$IO2e2aDrDVQgfOw+5PnFfopwVEP9uZtMB4Lf2rJp2Z0",10000000
C-01346,Tran Van Hieu,tranhieu1346@gmail.com,0982945011,Ha Noi,,SILVER,ACTIVE,"$argon2id$v=19$m=19456,t=2,p=1$pAMrcZvnf82snB7mZk6yYg$IO2e2aDrDVQgfOw+5PnFfopwVEP9uZtMB4Lf2rJp2Z0",10000000
C-01347,Pham Van Phuc,phamphuc1347@gmail.com,0929819008,Ha Noi,,GOLD,ACTIVE,"$argon2id$v=19$m=19456,t=2,p=1$pAMrcZvnf82snB7mZk6yYg$IO2e2aDrDVQgfOw+5PnFfopwVEP9uZtMB4Lf2rJp2Z0",10000000
C-01348,Bui Van Binh,buibinh1348@gmail.com,0954392571,Ha Noi,,STANDARD,ACTIVE,"$argon2id$v=19$m=19456,t=2,p=1$pAMrcZvnf82snB7mZk6yYg$IO2e2aDrDVQgfOw+5PnFfopwVEP9uZtMB4Lf2rJp2Z0",10000000
C-01349,Vu Van Linh,vulinh1349@gmail.com,0969674648,Ha Noi,,STANDARD,ACTIVE,"$argon2id$v=19$m=19456,t=2,p=1$pAMrcZvnf82snB7mZk6yYg$IO2e2aDrDVQgfOw+5PnFfopwVEP9uZtMB4Lf2rJp2Z0",10000000
C-01350,Phan Van Quang,phanquang1350@gmail.com,0985193672,Ha Noi,,STANDARD,ACTIVE,"$argon2id$v=19$m=19456,t=2,p=1$pAMrcZvnf82snB7mZk6yYg$IO2e2aDrDVQgfOw+5PnFfopwVEP9uZtMB4Lf2rJp2Z0",10000000
C-01351,Tran Van Thanh,tranthanh1351@gmail.com,0992695633,Ha Noi,,STANDARD,ACTIVE,"$argon2id$v=19$m=19456,t=2,p=1$pAMrcZvnf82snB7mZk6yYg$IO2e2aDrDVQgfOw+5PnFfopwVEP9uZtMB4Lf2rJp2Z0",10000000
C-01352,Vo Van Thanh,vothanh1352@gmail.com,0941330213,Ha Noi,,STANDARD,ACTIVE,"$argon2id$v=19$m=19456,t=2,p=1$pAMrcZvnf82snB7mZk6yYg$IO2e2aDrDVQgfOw+5PnFfopwVEP9uZtMB4Lf2rJp2Z0",10000000
C-01353,Pham Van Cuong,phamcuong1353@gmail.com,0924207187,Ha Noi,,GOLD,ACTIVE,"$argon2id$v=19$m=19456,t=2,p=1$pAMrcZvnf82snB7mZk6yYg$IO2e2aDrDVQgfOw+5PnFfopwVEP9uZtMB4Lf2rJp2Z0",10000000
C-01354,Pham Van Trung,phamtrung1354@gmail.com,0915161447,Ha Noi,,STANDARD,ACTIVE,"$argon2id$v=19$m=19456,t=2,p=1$pAMrcZvnf82snB7mZk6yYg$IO2e2aDrDVQgfOw+5PnFfopwVEP9uZtMB4Lf2rJp2Z0",10000000
C-01355,Bui Van Trung,buitrung1355@gmail.com,0988184941,Ha Noi,,STANDARD,ACTIVE,"$argon2id$v=19$m=19456,t=2,p=1$pAMrcZvnf82snB7mZk6yYg$IO2e2aDrDVQgfOw+5PnFfopwVEP9uZtMB4Lf2rJp2Z0",10000000
C-01356,Tran Van Phuc,tranphuc1356@gmail.com,0997214706,Ha Noi,,GOLD,ACTIVE,"$argon2id$v=19$m=19456,t=2,p=1$pAMrcZvnf82snB7mZk6yYg$IO2e2aDrDVQgfOw+5PnFfopwVEP9uZtMB4Lf2rJp2Z0",10000000
C-01357,Nguyen Van Thanh,nguyenthanh1357@gmail.com,0931013886,Ha Noi,,SILVER,ACTIVE,"$argon2id$v=19$m=19456,t=2,p=1$pAMrcZvnf82snB7mZk6yYg$IO2e2aDrDVQgfOw+5PnFfopwVEP9uZtMB4Lf2rJp2Z0",10000000
C-01358,Le Van Khanh,lekhanh1358@gmail.com,0943417846,Ha Noi,,STANDARD,ACTIVE,"$argon2id$v=19$m=19456,t=2,p=1$pAMrcZvnf82snB7mZk6yYg$IO2e2aDrDVQgfOw+5PnFfopwVEP9uZtMB4Lf2rJp2Z0",10000000
C-01359,Vo Van Binh,vobinh1359@gmail.com,0957312331,Ha Noi,,STANDARD,ACTIVE,"$argon2id$v=19$m=19456,t=2,p=1$pAMrcZvnf82snB7mZk6yYg$IO2e2aDrDVQgfOw+5PnFfopwVEP9uZtMB4Lf2rJp2Z0",10000000
C-01360,Nguyen Van Minh,nguyenminh1360@gmail.com,0931170576,Ha Noi,,STANDARD,ACTIVE,"$argon2id$v=19$m=19456,t=2,p=1$pAMrcZvnf82snB7mZk6yYg$IO2e2aDrDVQgfOw+5PnFfopwVEP9uZtMB4Lf2rJp2Z0",10000000
C-01361,Nguyen Van Nam,nguyennam1361@gmail.com,0958697047,Ha Noi,,GOLD,ACTIVE,"$argon2id$v=19$m=19456,t=2,p=1$pAMrcZvnf82snB7mZk6yYg$IO2e2aDrDVQgfOw+5PnFfopwVEP9uZtMB4Lf2rJp2Z0",10000000
C-01362,Bui Van Phuc,buiphuc1362@gmail.com,0915655567,Ha Noi,,STANDARD,ACTIVE,"$argon2id$v=19$m=19456,t=2,p=1$pAMrcZvnf82snB7mZk6yYg$IO2e2aDrDVQgfOw+5PnFfopwVEP9uZtMB4Lf2rJp2Z0",10000000
C-01363,Vu Van Hung,vuhung1363@gmail.com,0910425259,Ha Noi,,STANDARD,ACTIVE,"$argon2id$v=19$m=19456,t=2,p=1$pAMrcZvnf82snB7mZk6yYg$IO2e2aDrDVQgfOw+5PnFfopwVEP9uZtMB4Lf2rJp2Z0",10000000
C-01364,Nguyen Van Thanh,nguyenthanh1364@gmail.com,0968787147,Ha Noi,,STANDARD,ACTIVE,"$argon2id$v=19$m=19456,t=2,p=1$pAMrcZvnf82snB7mZk6yYg$IO2e2aDrDVQgfOw+5PnFfopwVEP9uZtMB4Lf2rJp2Z0",10000000
C-01365,Pham Van Phuc,phamphuc1365@gmail.com,0922553052,Ha Noi,,STANDARD,ACTIVE,"$argon2id$v=19$m=19456,t=2,p=1$pAMrcZvnf82snB7mZk6yYg$IO2e2aDrDVQgfOw+5PnFfopwVEP9uZtMB4Lf2rJp2Z0",10000000
C-01366,Vu Van Minh,vuminh1366@gmail.com,0915060931,Ha Noi,,STANDARD,ACTIVE,"$argon2id$v=19$m=19456,t=2,p=1$pAMrcZvnf82snB7mZk6yYg$IO2e2aDrDVQgfOw+5PnFfopwVEP9uZtMB4Lf2rJp2Z0",10000000
C-01367,Tran Van Thanh,tranthanh1367@gmail.com,0948998541,Ha Noi,,STANDARD,ACTIVE,"$argon2id$v=19$m=19456,t=2,p=1$pAMrcZvnf82snB7mZk6yYg$IO2e2aDrDVQgfOw+5PnFfopwVEP9uZtMB4Lf2rJp2Z0",10000000
C-01368,Dang Van Binh,dangbinh1368@gmail.com,0980798655,Ha Noi,,STANDARD,ACTIVE,"$argon2id$v=19$m=19456,t=2,p=1$pAMrcZvnf82snB7mZk6yYg$IO2e2aDrDVQgfOw+5PnFfopwVEP9uZtMB4Lf2rJp2Z0",10000000
C-01369,Nguyen Van Quang,nguyenquang1369@gmail.com,0996495833,Ha Noi,,STANDARD,ACTIVE,"$argon2id$v=19$m=19456,t=2,p=1$pAMrcZvnf82snB7mZk6yYg$IO2e2aDrDVQgfOw+5PnFfopwVEP9uZtMB4Lf2rJp2Z0",10000000
C-01370,Tran Van Khanh,trankhanh1370@gmail.com,0987345542,Ha Noi,,GOLD,ACTIVE,"$argon2id$v=19$m=19456,t=2,p=1$pAMrcZvnf82snB7mZk6yYg$IO2e2aDrDVQgfOw+5PnFfopwVEP9uZtMB4Lf2rJp2Z0",10000000
C-01371,Phan Van Phuc,phanphuc1371@gmail.com,0963471771,Ha Noi,,STANDARD,ACTIVE,"$argon2id$v=19$m=19456,t=2,p=1$pAMrcZvnf82snB7mZk6yYg$IO2e2aDrDVQgfOw+5PnFfopwVEP9uZtMB4Lf2rJp2Z0",10000000
C-01372,Bui Van Dung,buidung1372@gmail.com,0944796201,Ha Noi,,STANDARD,ACTIVE,"$argon2id$v=19$m=19456,t=2,p=1$pAMrcZvnf82snB7mZk6yYg$IO2e2aDrDVQgfOw+5PnFfopwVEP9uZtMB4Lf2rJp2Z0",10000000
C-01373,Phan Van Nam,phannam1373@gmail.com,0932181915,Ha Noi,,STANDARD,ACTIVE,"$argon2id$v=19$m=19456,t=2,p=1$pAMrcZvnf82snB7mZk6yYg$IO2e2aDrDVQgfOw+5PnFfopwVEP9uZtMB4Lf2rJp2Z0",10000000
C-01374,Le Van Thanh,lethanh1374@gmail.com,0934667929,Ha Noi,,STANDARD,ACTIVE,"$argon2id$v=19$m=19456,t=2,p=1$pAMrcZvnf82snB7mZk6yYg$IO2e2aDrDVQgfOw+5PnFfopwVEP9uZtMB4Lf2rJp2Z0",10000000
C-01375,Phan Van Khanh,phankhanh1375@gmail.com,0975401938,Ha Noi,,STANDARD,ACTIVE,"$argon2id$v=19$m=19456,t=2,p=1$pAMrcZvnf82snB7mZk6yYg$IO2e2aDrDVQgfOw+5PnFfopwVEP9uZtMB4Lf2rJp2Z0",10000000
C-01376,Dang Van Trung,dangtrung1376@gmail.com,0989039715,Ha Noi,,SILVER,ACTIVE,"$argon2id$v=19$m=19456,t=2,p=1$pAMrcZvnf82snB7mZk6yYg$IO2e2aDrDVQgfOw+5PnFfopwVEP9uZtMB4Lf2rJp2Z0",10000000
C-01377,Vu Van Phuc,vuphuc1377@gmail.com,0966769458,Ha Noi,,STANDARD,ACTIVE,"$argon2id$v=19$m=19456,t=2,p=1$pAMrcZvnf82snB7mZk6yYg$IO2e2aDrDVQgfOw+5PnFfopwVEP9uZtMB4Lf2rJp2Z0",10000000
C-01378,Nguyen Van Cuong,nguyencuong1378@gmail.com,0984186437,Ha Noi,,STANDARD,ACTIVE,"$argon2id$v=19$m=19456,t=2,p=1$pAMrcZvnf82snB7mZk6yYg$IO2e2aDrDVQgfOw+5PnFfopwVEP9uZtMB4Lf2rJp2Z0",10000000
C-01379,Phan Van Linh,phanlinh1379@gmail.com,0960379571,Ha Noi,,GOLD,ACTIVE,"$argon2id$v=19$m=19456,t=2,p=1$pAMrcZvnf82snB7mZk6yYg$IO2e2aDrDVQgfOw+5PnFfopwVEP9uZtMB4Lf2rJp2Z0",10000000
C-01380,Vu Van Khanh,vukhanh1380@gmail.com,0980737275,Ha Noi,,SILVER,ACTIVE,"$argon2id$v=19$m=19456,t=2,p=1$pAMrcZvnf82snB7mZk6yYg$IO2e2aDrDVQgfOw+5PnFfopwVEP9uZtMB4Lf2rJp2Z0",10000000
C-01381,Phan Van Son,phanson1381@gmail.com,0938196153,Ha Noi,,STANDARD,ACTIVE,"$argon2id$v=19$m=19456,t=2,p=1$pAMrcZvnf82snB7mZk6yYg$IO2e2aDrDVQgfOw+5PnFfopwVEP9uZtMB4Lf2rJp2Z0",10000000
C-01382,Nguyen Van Dung,nguyendung1382@gmail.com,0911476038,Ha Noi,,DIAMOND,ACTIVE,"$argon2id$v=19$m=19456,t=2,p=1$pAMrcZvnf82snB7mZk6yYg$IO2e2aDrDVQgfOw+5PnFfopwVEP9uZtMB4Lf2rJp2Z0",10000000
C-01383,Vu Van Nam,vunam1383@gmail.com,0979193299,Ha Noi,,STANDARD,ACTIVE,"$argon2id$v=19$m=19456,t=2,p=1$pAMrcZvnf82snB7mZk6yYg$IO2e2aDrDVQgfOw+5PnFfopwVEP9uZtMB4Lf2rJp2Z0",10000000
C-01384,Dang Van Linh,danglinh1384@gmail.com,0955033025,Ha Noi,,GOLD,ACTIVE,"$argon2id$v=19$m=19456,t=2,p=1$pAMrcZvnf82snB7mZk6yYg$IO2e2aDrDVQgfOw+5PnFfopwVEP9uZtMB4Lf2rJp2Z0",10000000
C-01385,Tran Van Phuc,tranphuc1385@gmail.com,0925039057,Ha Noi,,STANDARD,ACTIVE,"$argon2id$v=19$m=19456,t=2,p=1$pAMrcZvnf82snB7mZk6yYg$IO2e2aDrDVQgfOw+5PnFfopwVEP9uZtMB4Lf2rJp2Z0",10000000
C-01386,Vo Van Khanh,vokhanh1386@gmail.com,0926190551,Ha Noi,,SILVER,ACTIVE,"$argon2id$v=19$m=19456,t=2,p=1$pAMrcZvnf82snB7mZk6yYg$IO2e2aDrDVQgfOw+5PnFfopwVEP9uZtMB4Lf2rJp2Z0",10000000
C-01387,Le Van Binh,lebinh1387@gmail.com,0913984325,Ha Noi,,STANDARD,ACTIVE,"$argon2id$v=19$m=19456,t=2,p=1$pAMrcZvnf82snB7mZk6yYg$IO2e2aDrDVQgfOw+5PnFfopwVEP9uZtMB4Lf2rJp2Z0",10000000
C-01388,Bui Van Hung,buihung1388@gmail.com,0916535353,Ha Noi,,GOLD,ACTIVE,"$argon2id$v=19$m=19456,t=2,p=1$pAMrcZvnf82snB7mZk6yYg$IO2e2aDrDVQgfOw+5PnFfopwVEP9uZtMB4Lf2rJp2Z0",10000000
C-01389,Nguyen Van Son,nguyenson1389@gmail.com,0993228304,Ha Noi,,STANDARD,ACTIVE,"$argon2id$v=19$m=19456,t=2,p=1$pAMrcZvnf82snB7mZk6yYg$IO2e2aDrDVQgfOw+5PnFfopwVEP9uZtMB4Lf2rJp2Z0",10000000
C-01390,Le Van Dung,ledung1390@gmail.com,0921874068,Ha Noi,,STANDARD,ACTIVE,"$argon2id$v=19$m=19456,t=2,p=1$pAMrcZvnf82snB7mZk6yYg$IO2e2aDrDVQgfOw+5PnFfopwVEP9uZtMB4Lf2rJp2Z0",10000000
C-01391,Phan Van Trung,phantrung1391@gmail.com,0936712899,Ha Noi,,DIAMOND,ACTIVE,"$argon2id$v=19$m=19456,t=2,p=1$pAMrcZvnf82snB7mZk6yYg$IO2e2aDrDVQgfOw+5PnFfopwVEP9uZtMB4Lf2rJp2Z0",10000000
C-01392,Nguyen Van Thanh,nguyenthanh1392@gmail.com,0987834954,Ha Noi,,STANDARD,ACTIVE,"$argon2id$v=19$m=19456,t=2,p=1$pAMrcZvnf82snB7mZk6yYg$IO2e2aDrDVQgfOw+5PnFfopwVEP9uZtMB4Lf2rJp2Z0",10000000
C-01393,Pham Van Son,phamson1393@gmail.com,0982984116,Ha Noi,,SILVER,ACTIVE,"$argon2id$v=19$m=19456,t=2,p=1$pAMrcZvnf82snB7mZk6yYg$IO2e2aDrDVQgfOw+5PnFfopwVEP9uZtMB4Lf2rJp2Z0",10000000
C-01394,Bui Van Phuc,buiphuc1394@gmail.com,0941777131,Ha Noi,,GOLD,ACTIVE,"$argon2id$v=19$m=19456,t=2,p=1$pAMrcZvnf82snB7mZk6yYg$IO2e2aDrDVQgfOw+5PnFfopwVEP9uZtMB4Lf2rJp2Z0",10000000
C-01395,Tran Van Khanh,trankhanh1395@gmail.com,0955290774,Ha Noi,,STANDARD,ACTIVE,"$argon2id$v=19$m=19456,t=2,p=1$pAMrcZvnf82snB7mZk6yYg$IO2e2aDrDVQgfOw+5PnFfopwVEP9uZtMB4Lf2rJp2Z0",10000000
C-01396,Dang Van Hieu,danghieu1396@gmail.com,0978478681,Ha Noi,,SILVER,ACTIVE,"$argon2id$v=19$m=19456,t=2,p=1$pAMrcZvnf82snB7mZk6yYg$IO2e2aDrDVQgfOw+5PnFfopwVEP9uZtMB4Lf2rJp2Z0",10000000
C-01397,Vu Van Minh,vuminh1397@gmail.com,0931174791,Ha Noi,,GOLD,ACTIVE,"$argon2id$v=19$m=19456,t=2,p=1$pAMrcZvnf82snB7mZk6yYg$IO2e2aDrDVQgfOw+5PnFfopwVEP9uZtMB4Lf2rJp2Z0",10000000
C-01398,Vo Van Minh,vominh1398@gmail.com,0929682869,Ha Noi,,STANDARD,ACTIVE,"$argon2id$v=19$m=19456,t=2,p=1$pAMrcZvnf82snB7mZk6yYg$IO2e2aDrDVQgfOw+5PnFfopwVEP9uZtMB4Lf2rJp2Z0",10000000
C-01399,Bui Van Hung,buihung1399@gmail.com,0996025811,Ha Noi,,DIAMOND,ACTIVE,"$argon2id$v=19$m=19456,t=2,p=1$pAMrcZvnf82snB7mZk6yYg$IO2e2aDrDVQgfOw+5PnFfopwVEP9uZtMB4Lf2rJp2Z0",10000000
C-01400,Vo Van Hieu,vohieu1400@gmail.com,0972800820,Ha Noi,,STANDARD,ACTIVE,"$argon2id$v=19$m=19456,t=2,p=1$pAMrcZvnf82snB7mZk6yYg$IO2e2aDrDVQgfOw+5PnFfopwVEP9uZtMB4Lf2rJp2Z0",10000000
C-01401,Le Van Trung,letrung1401@gmail.com,0964095184,Ha Noi,,STANDARD,ACTIVE,"$argon2id$v=19$m=19456,t=2,p=1$pAMrcZvnf82snB7mZk6yYg$IO2e2aDrDVQgfOw+5PnFfopwVEP9uZtMB4Lf2rJp2Z0",10000000
C-01402,Hoang Van Son,hoangson1402@gmail.com,0988432447,Ha Noi,,STANDARD,ACTIVE,"$argon2id$v=19$m=19456,t=2,p=1$pAMrcZvnf82snB7mZk6yYg$IO2e2aDrDVQgfOw+5PnFfopwVEP9uZtMB4Lf2rJp2Z0",10000000
C-01403,Vo Van Dung,vodung1403@gmail.com,0983907271,Ha Noi,,DIAMOND,ACTIVE,"$argon2id$v=19$m=19456,t=2,p=1$pAMrcZvnf82snB7mZk6yYg$IO2e2aDrDVQgfOw+5PnFfopwVEP9uZtMB4Lf2rJp2Z0",10000000
C-01404,Tran Van Phuc,tranphuc1404@gmail.com,0982822954,Ha Noi,,SILVER,ACTIVE,"$argon2id$v=19$m=19456,t=2,p=1$pAMrcZvnf82snB7mZk6yYg$IO2e2aDrDVQgfOw+5PnFfopwVEP9uZtMB4Lf2rJp2Z0",10000000
C-01405,Bui Van Binh,buibinh1405@gmail.com,0959371622,Ha Noi,,SILVER,ACTIVE,"$argon2id$v=19$m=19456,t=2,p=1$pAMrcZvnf82snB7mZk6yYg$IO2e2aDrDVQgfOw+5PnFfopwVEP9uZtMB4Lf2rJp2Z0",10000000
C-01406,Vu Van Anh,vuanh1406@gmail.com,0953966321,Ha Noi,,STANDARD,ACTIVE,"$argon2id$v=19$m=19456,t=2,p=1$pAMrcZvnf82snB7mZk6yYg$IO2e2aDrDVQgfOw+5PnFfopwVEP9uZtMB4Lf2rJp2Z0",10000000
C-01407,Dang Van Linh,danglinh1407@gmail.com,0954275435,Ha Noi,,STANDARD,ACTIVE,"$argon2id$v=19$m=19456,t=2,p=1$pAMrcZvnf82snB7mZk6yYg$IO2e2aDrDVQgfOw+5PnFfopwVEP9uZtMB4Lf2rJp2Z0",10000000
C-01408,Nguyen Van Quang,nguyenquang1408@gmail.com,0949222125,Ha Noi,,STANDARD,ACTIVE,"$argon2id$v=19$m=19456,t=2,p=1$pAMrcZvnf82snB7mZk6yYg$IO2e2aDrDVQgfOw+5PnFfopwVEP9uZtMB4Lf2rJp2Z0",10000000
C-01409,Pham Van Minh,phamminh1409@gmail.com,0935031136,Ha Noi,,STANDARD,ACTIVE,"$argon2id$v=19$m=19456,t=2,p=1$pAMrcZvnf82snB7mZk6yYg$IO2e2aDrDVQgfOw+5PnFfopwVEP9uZtMB4Lf2rJp2Z0",10000000
C-01410,Bui Van Phuc,buiphuc1410@gmail.com,0978254456,Ha Noi,,GOLD,ACTIVE,"$argon2id$v=19$m=19456,t=2,p=1$pAMrcZvnf82snB7mZk6yYg$IO2e2aDrDVQgfOw+5PnFfopwVEP9uZtMB4Lf2rJp2Z0",10000000
C-01411,Hoang Van Anh,hoanganh1411@gmail.com,0978355026,Ha Noi,,STANDARD,ACTIVE,"$argon2id$v=19$m=19456,t=2,p=1$pAMrcZvnf82snB7mZk6yYg$IO2e2aDrDVQgfOw+5PnFfopwVEP9uZtMB4Lf2rJp2Z0",10000000
C-01412,Vu Van Trung,vutrung1412@gmail.com,0995797793,Ha Noi,,GOLD,ACTIVE,"$argon2id$v=19$m=19456,t=2,p=1$pAMrcZvnf82snB7mZk6yYg$IO2e2aDrDVQgfOw+5PnFfopwVEP9uZtMB4Lf2rJp2Z0",10000000
C-01413,Nguyen Van Khanh,nguyenkhanh1413@gmail.com,0980774636,Ha Noi,,STANDARD,ACTIVE,"$argon2id$v=19$m=19456,t=2,p=1$pAMrcZvnf82snB7mZk6yYg$IO2e2aDrDVQgfOw+5PnFfopwVEP9uZtMB4Lf2rJp2Z0",10000000
C-01414,Phan Van Minh,phanminh1414@gmail.com,0934944696,Ha Noi,,STANDARD,ACTIVE,"$argon2id$v=19$m=19456,t=2,p=1$pAMrcZvnf82snB7mZk6yYg$IO2e2aDrDVQgfOw+5PnFfopwVEP9uZtMB4Lf2rJp2Z0",10000000
C-01415,Bui Van Thanh,buithanh1415@gmail.com,0948358636,Ha Noi,,SILVER,ACTIVE,"$argon2id$v=19$m=19456,t=2,p=1$pAMrcZvnf82snB7mZk6yYg$IO2e2aDrDVQgfOw+5PnFfopwVEP9uZtMB4Lf2rJp2Z0",10000000
C-01416,Phan Van Hieu,phanhieu1416@gmail.com,0911031622,Ha Noi,,GOLD,ACTIVE,"$argon2id$v=19$m=19456,t=2,p=1$pAMrcZvnf82snB7mZk6yYg$IO2e2aDrDVQgfOw+5PnFfopwVEP9uZtMB4Lf2rJp2Z0",10000000
C-01417,Le Van Phuc,lephuc1417@gmail.com,0980858974,Ha Noi,,STANDARD,ACTIVE,"$argon2id$v=19$m=19456,t=2,p=1$pAMrcZvnf82snB7mZk6yYg$IO2e2aDrDVQgfOw+5PnFfopwVEP9uZtMB4Lf2rJp2Z0",10000000
C-01418,Pham Van Nam,phamnam1418@gmail.com,0996058783,Ha Noi,,STANDARD,ACTIVE,"$argon2id$v=19$m=19456,t=2,p=1$pAMrcZvnf82snB7mZk6yYg$IO2e2aDrDVQgfOw+5PnFfopwVEP9uZtMB4Lf2rJp2Z0",10000000
C-01419,Le Van Minh,leminh1419@gmail.com,0996939104,Ha Noi,,STANDARD,ACTIVE,"$argon2id$v=19$m=19456,t=2,p=1$pAMrcZvnf82snB7mZk6yYg$IO2e2aDrDVQgfOw+5PnFfopwVEP9uZtMB4Lf2rJp2Z0",10000000
C-01420,Dang Van Trung,dangtrung1420@gmail.com,0953409521,Ha Noi,,STANDARD,ACTIVE,"$argon2id$v=19$m=19456,t=2,p=1$pAMrcZvnf82snB7mZk6yYg$IO2e2aDrDVQgfOw+5PnFfopwVEP9uZtMB4Lf2rJp2Z0",10000000
C-01421,Hoang Van Thanh,hoangthanh1421@gmail.com,0967712810,Ha Noi,,STANDARD,ACTIVE,"$argon2id$v=19$m=19456,t=2,p=1$pAMrcZvnf82snB7mZk6yYg$IO2e2aDrDVQgfOw+5PnFfopwVEP9uZtMB4Lf2rJp2Z0",10000000
C-01422,Phan Van Binh,phanbinh1422@gmail.com,0981775646,Ha Noi,,STANDARD,ACTIVE,"$argon2id$v=19$m=19456,t=2,p=1$pAMrcZvnf82snB7mZk6yYg$IO2e2aDrDVQgfOw+5PnFfopwVEP9uZtMB4Lf2rJp2Z0",10000000
C-01423,Bui Van Cuong,buicuong1423@gmail.com,0986085028,Ha Noi,,SILVER,ACTIVE,"$argon2id$v=19$m=19456,t=2,p=1$pAMrcZvnf82snB7mZk6yYg$IO2e2aDrDVQgfOw+5PnFfopwVEP9uZtMB4Lf2rJp2Z0",10000000
C-01424,Tran Van Anh,trananh1424@gmail.com,0962455400,Ha Noi,,STANDARD,ACTIVE,"$argon2id$v=19$m=19456,t=2,p=1$pAMrcZvnf82snB7mZk6yYg$IO2e2aDrDVQgfOw+5PnFfopwVEP9uZtMB4Lf2rJp2Z0",10000000
C-01425,Le Van Son,leson1425@gmail.com,0996775383,Ha Noi,,GOLD,ACTIVE,"$argon2id$v=19$m=19456,t=2,p=1$pAMrcZvnf82snB7mZk6yYg$IO2e2aDrDVQgfOw+5PnFfopwVEP9uZtMB4Lf2rJp2Z0",10000000
C-01426,Vo Van Son,voson1426@gmail.com,0929170909,Ha Noi,,STANDARD,ACTIVE,"$argon2id$v=19$m=19456,t=2,p=1$pAMrcZvnf82snB7mZk6yYg$IO2e2aDrDVQgfOw+5PnFfopwVEP9uZtMB4Lf2rJp2Z0",10000000
C-01427,Dang Van Thanh,dangthanh1427@gmail.com,0943439502,Ha Noi,,STANDARD,ACTIVE,"$argon2id$v=19$m=19456,t=2,p=1$pAMrcZvnf82snB7mZk6yYg$IO2e2aDrDVQgfOw+5PnFfopwVEP9uZtMB4Lf2rJp2Z0",10000000
C-01428,Dang Van Hung,danghung1428@gmail.com,0960422246,Ha Noi,,STANDARD,ACTIVE,"$argon2id$v=19$m=19456,t=2,p=1$pAMrcZvnf82snB7mZk6yYg$IO2e2aDrDVQgfOw+5PnFfopwVEP9uZtMB4Lf2rJp2Z0",10000000
C-01429,Vo Van Trung,votrung1429@gmail.com,0995578815,Ha Noi,,STANDARD,ACTIVE,"$argon2id$v=19$m=19456,t=2,p=1$pAMrcZvnf82snB7mZk6yYg$IO2e2aDrDVQgfOw+5PnFfopwVEP9uZtMB4Lf2rJp2Z0",10000000
C-01430,Dang Van Trung,dangtrung1430@gmail.com,0928224669,Ha Noi,,GOLD,ACTIVE,"$argon2id$v=19$m=19456,t=2,p=1$pAMrcZvnf82snB7mZk6yYg$IO2e2aDrDVQgfOw+5PnFfopwVEP9uZtMB4Lf2rJp2Z0",10000000
C-01431,Dang Van Hung,danghung1431@gmail.com,0920952322,Ha Noi,,GOLD,ACTIVE,"$argon2id$v=19$m=19456,t=2,p=1$pAMrcZvnf82snB7mZk6yYg$IO2e2aDrDVQgfOw+5PnFfopwVEP9uZtMB4Lf2rJp2Z0",10000000
C-01432,Bui Van Trung,buitrung1432@gmail.com,0933427950,Ha Noi,,STANDARD,ACTIVE,"$argon2id$v=19$m=19456,t=2,p=1$pAMrcZvnf82snB7mZk6yYg$IO2e2aDrDVQgfOw+5PnFfopwVEP9uZtMB4Lf2rJp2Z0",10000000
C-01433,Dang Van Cuong,dangcuong1433@gmail.com,0934695602,Ha Noi,,SILVER,ACTIVE,"$argon2id$v=19$m=19456,t=2,p=1$pAMrcZvnf82snB7mZk6yYg$IO2e2aDrDVQgfOw+5PnFfopwVEP9uZtMB4Lf2rJp2Z0",10000000
C-01434,Tran Van Trung,trantrung1434@gmail.com,0944365278,Ha Noi,,STANDARD,ACTIVE,"$argon2id$v=19$m=19456,t=2,p=1$pAMrcZvnf82snB7mZk6yYg$IO2e2aDrDVQgfOw+5PnFfopwVEP9uZtMB4Lf2rJp2Z0",10000000
C-01435,Nguyen Van Anh,nguyenanh1435@gmail.com,0988157786,Ha Noi,,STANDARD,ACTIVE,"$argon2id$v=19$m=19456,t=2,p=1$pAMrcZvnf82snB7mZk6yYg$IO2e2aDrDVQgfOw+5PnFfopwVEP9uZtMB4Lf2rJp2Z0",10000000
C-01436,Bui Van Cuong,buicuong1436@gmail.com,0969076324,Ha Noi,,STANDARD,ACTIVE,"$argon2id$v=19$m=19456,t=2,p=1$pAMrcZvnf82snB7mZk6yYg$IO2e2aDrDVQgfOw+5PnFfopwVEP9uZtMB4Lf2rJp2Z0",10000000
C-01437,Nguyen Van Hieu,nguyenhieu1437@gmail.com,0974850825,Ha Noi,,GOLD,ACTIVE,"$argon2id$v=19$m=19456,t=2,p=1$pAMrcZvnf82snB7mZk6yYg$IO2e2aDrDVQgfOw+5PnFfopwVEP9uZtMB4Lf2rJp2Z0",10000000
C-01438,Vu Van Anh,vuanh1438@gmail.com,0994701466,Ha Noi,,SILVER,ACTIVE,"$argon2id$v=19$m=19456,t=2,p=1$pAMrcZvnf82snB7mZk6yYg$IO2e2aDrDVQgfOw+5PnFfopwVEP9uZtMB4Lf2rJp2Z0",10000000
C-01439,Hoang Van Thanh,hoangthanh1439@gmail.com,0975816812,Ha Noi,,STANDARD,ACTIVE,"$argon2id$v=19$m=19456,t=2,p=1$pAMrcZvnf82snB7mZk6yYg$IO2e2aDrDVQgfOw+5PnFfopwVEP9uZtMB4Lf2rJp2Z0",10000000
C-01440,Le Van Khanh,lekhanh1440@gmail.com,0993801889,Ha Noi,,GOLD,ACTIVE,"$argon2id$v=19$m=19456,t=2,p=1$pAMrcZvnf82snB7mZk6yYg$IO2e2aDrDVQgfOw+5PnFfopwVEP9uZtMB4Lf2rJp2Z0",10000000
C-01441,Vu Van Dung,vudung1441@gmail.com,0997463637,Ha Noi,,STANDARD,ACTIVE,"$argon2id$v=19$m=19456,t=2,p=1$pAMrcZvnf82snB7mZk6yYg$IO2e2aDrDVQgfOw+5PnFfopwVEP9uZtMB4Lf2rJp2Z0",10000000
C-01442,Dang Van Trung,dangtrung1442@gmail.com,0952093024,Ha Noi,,STANDARD,ACTIVE,"$argon2id$v=19$m=19456,t=2,p=1$pAMrcZvnf82snB7mZk6yYg$IO2e2aDrDVQgfOw+5PnFfopwVEP9uZtMB4Lf2rJp2Z0",10000000
C-01443,Tran Van Khanh,trankhanh1443@gmail.com,0951989044,Ha Noi,,STANDARD,ACTIVE,"$argon2id$v=19$m=19456,t=2,p=1$pAMrcZvnf82snB7mZk6yYg$IO2e2aDrDVQgfOw+5PnFfopwVEP9uZtMB4Lf2rJp2Z0",10000000
C-01444,Phan Van Quang,phanquang1444@gmail.com,0995787520,Ha Noi,,STANDARD,ACTIVE,"$argon2id$v=19$m=19456,t=2,p=1$pAMrcZvnf82snB7mZk6yYg$IO2e2aDrDVQgfOw+5PnFfopwVEP9uZtMB4Lf2rJp2Z0",10000000
C-01445,Phan Van Minh,phanminh1445@gmail.com,0976438253,Ha Noi,,SILVER,ACTIVE,"$argon2id$v=19$m=19456,t=2,p=1$pAMrcZvnf82snB7mZk6yYg$IO2e2aDrDVQgfOw+5PnFfopwVEP9uZtMB4Lf2rJp2Z0",10000000
C-01446,Bui Van Quang,buiquang1446@gmail.com,0920120353,Ha Noi,,STANDARD,ACTIVE,"$argon2id$v=19$m=19456,t=2,p=1$pAMrcZvnf82snB7mZk6yYg$IO2e2aDrDVQgfOw+5PnFfopwVEP9uZtMB4Lf2rJp2Z0",10000000
C-01447,Tran Van Phuc,tranphuc1447@gmail.com,0914295454,Ha Noi,,STANDARD,ACTIVE,"$argon2id$v=19$m=19456,t=2,p=1$pAMrcZvnf82snB7mZk6yYg$IO2e2aDrDVQgfOw+5PnFfopwVEP9uZtMB4Lf2rJp2Z0",10000000
C-01448,Dang Van Phuc,dangphuc1448@gmail.com,0911729758,Ha Noi,,SILVER,ACTIVE,"$argon2id$v=19$m=19456,t=2,p=1$pAMrcZvnf82snB7mZk6yYg$IO2e2aDrDVQgfOw+5PnFfopwVEP9uZtMB4Lf2rJp2Z0",10000000
C-01449,Phan Van Phuc,phanphuc1449@gmail.com,0951453037,Ha Noi,,SILVER,ACTIVE,"$argon2id$v=19$m=19456,t=2,p=1$pAMrcZvnf82snB7mZk6yYg$IO2e2aDrDVQgfOw+5PnFfopwVEP9uZtMB4Lf2rJp2Z0",10000000
C-01450,Le Van Anh,leanh1450@gmail.com,0986562138,Ha Noi,,SILVER,ACTIVE,"$argon2id$v=19$m=19456,t=2,p=1$pAMrcZvnf82snB7mZk6yYg$IO2e2aDrDVQgfOw+5PnFfopwVEP9uZtMB4Lf2rJp2Z0",10000000
C-01451,Dang Van Binh,dangbinh1451@gmail.com,0965848633,Ha Noi,,STANDARD,ACTIVE,"$argon2id$v=19$m=19456,t=2,p=1$pAMrcZvnf82snB7mZk6yYg$IO2e2aDrDVQgfOw+5PnFfopwVEP9uZtMB4Lf2rJp2Z0",10000000
C-01452,Hoang Van Quang,hoangquang1452@gmail.com,0968762869,Ha Noi,,STANDARD,ACTIVE,"$argon2id$v=19$m=19456,t=2,p=1$pAMrcZvnf82snB7mZk6yYg$IO2e2aDrDVQgfOw+5PnFfopwVEP9uZtMB4Lf2rJp2Z0",10000000
C-01453,Hoang Van Anh,hoanganh1453@gmail.com,0959681288,Ha Noi,,SILVER,ACTIVE,"$argon2id$v=19$m=19456,t=2,p=1$pAMrcZvnf82snB7mZk6yYg$IO2e2aDrDVQgfOw+5PnFfopwVEP9uZtMB4Lf2rJp2Z0",10000000
C-01454,Hoang Van Minh,hoangminh1454@gmail.com,0956007897,Ha Noi,,STANDARD,ACTIVE,"$argon2id$v=19$m=19456,t=2,p=1$pAMrcZvnf82snB7mZk6yYg$IO2e2aDrDVQgfOw+5PnFfopwVEP9uZtMB4Lf2rJp2Z0",10000000
C-01455,Vu Van Nam,vunam1455@gmail.com,0927727983,Ha Noi,,STANDARD,ACTIVE,"$argon2id$v=19$m=19456,t=2,p=1$pAMrcZvnf82snB7mZk6yYg$IO2e2aDrDVQgfOw+5PnFfopwVEP9uZtMB4Lf2rJp2Z0",10000000
C-01456,Pham Van Nam,phamnam1456@gmail.com,0937587749,Ha Noi,,STANDARD,ACTIVE,"$argon2id$v=19$m=19456,t=2,p=1$pAMrcZvnf82snB7mZk6yYg$IO2e2aDrDVQgfOw+5PnFfopwVEP9uZtMB4Lf2rJp2Z0",10000000
C-01457,Le Van Thanh,lethanh1457@gmail.com,0971315567,Ha Noi,,STANDARD,ACTIVE,"$argon2id$v=19$m=19456,t=2,p=1$pAMrcZvnf82snB7mZk6yYg$IO2e2aDrDVQgfOw+5PnFfopwVEP9uZtMB4Lf2rJp2Z0",10000000
C-01458,Vo Van Phuc,vophuc1458@gmail.com,0973247233,Ha Noi,,SILVER,ACTIVE,"$argon2id$v=19$m=19456,t=2,p=1$pAMrcZvnf82snB7mZk6yYg$IO2e2aDrDVQgfOw+5PnFfopwVEP9uZtMB4Lf2rJp2Z0",10000000
C-01459,Nguyen Van Khanh,nguyenkhanh1459@gmail.com,0963376228,Ha Noi,,STANDARD,ACTIVE,"$argon2id$v=19$m=19456,t=2,p=1$pAMrcZvnf82snB7mZk6yYg$IO2e2aDrDVQgfOw+5PnFfopwVEP9uZtMB4Lf2rJp2Z0",10000000
C-01460,Vu Van Anh,vuanh1460@gmail.com,0973936956,Ha Noi,,STANDARD,ACTIVE,"$argon2id$v=19$m=19456,t=2,p=1$pAMrcZvnf82snB7mZk6yYg$IO2e2aDrDVQgfOw+5PnFfopwVEP9uZtMB4Lf2rJp2Z0",10000000
C-01461,Tran Van Hieu,tranhieu1461@gmail.com,0935493418,Ha Noi,,GOLD,ACTIVE,"$argon2id$v=19$m=19456,t=2,p=1$pAMrcZvnf82snB7mZk6yYg$IO2e2aDrDVQgfOw+5PnFfopwVEP9uZtMB4Lf2rJp2Z0",10000000
C-01462,Vo Van Nam,vonam1462@gmail.com,0938539381,Ha Noi,,STANDARD,ACTIVE,"$argon2id$v=19$m=19456,t=2,p=1$pAMrcZvnf82snB7mZk6yYg$IO2e2aDrDVQgfOw+5PnFfopwVEP9uZtMB4Lf2rJp2Z0",10000000
C-01463,Bui Van Nam,buinam1463@gmail.com,0968950925,Ha Noi,,STANDARD,ACTIVE,"$argon2id$v=19$m=19456,t=2,p=1$pAMrcZvnf82snB7mZk6yYg$IO2e2aDrDVQgfOw+5PnFfopwVEP9uZtMB4Lf2rJp2Z0",10000000
C-01464,Vu Van Thanh,vuthanh1464@gmail.com,0996208435,Ha Noi,,STANDARD,ACTIVE,"$argon2id$v=19$m=19456,t=2,p=1$pAMrcZvnf82snB7mZk6yYg$IO2e2aDrDVQgfOw+5PnFfopwVEP9uZtMB4Lf2rJp2Z0",10000000
C-01465,Pham Van Thanh,phamthanh1465@gmail.com,0997772342,Ha Noi,,STANDARD,ACTIVE,"$argon2id$v=19$m=19456,t=2,p=1$pAMrcZvnf82snB7mZk6yYg$IO2e2aDrDVQgfOw+5PnFfopwVEP9uZtMB4Lf2rJp2Z0",10000000
C-01466,Dang Van Nam,dangnam1466@gmail.com,0911055575,Ha Noi,,SILVER,ACTIVE,"$argon2id$v=19$m=19456,t=2,p=1$pAMrcZvnf82snB7mZk6yYg$IO2e2aDrDVQgfOw+5PnFfopwVEP9uZtMB4Lf2rJp2Z0",10000000
C-01467,Nguyen Van Trung,nguyentrung1467@gmail.com,0951728152,Ha Noi,,SILVER,ACTIVE,"$argon2id$v=19$m=19456,t=2,p=1$pAMrcZvnf82snB7mZk6yYg$IO2e2aDrDVQgfOw+5PnFfopwVEP9uZtMB4Lf2rJp2Z0",10000000
C-01468,Le Van Cuong,lecuong1468@gmail.com,0945403557,Ha Noi,,GOLD,ACTIVE,"$argon2id$v=19$m=19456,t=2,p=1$pAMrcZvnf82snB7mZk6yYg$IO2e2aDrDVQgfOw+5PnFfopwVEP9uZtMB4Lf2rJp2Z0",10000000
C-01469,Dang Van Hieu,danghieu1469@gmail.com,0998150873,Ha Noi,,GOLD,ACTIVE,"$argon2id$v=19$m=19456,t=2,p=1$pAMrcZvnf82snB7mZk6yYg$IO2e2aDrDVQgfOw+5PnFfopwVEP9uZtMB4Lf2rJp2Z0",10000000
C-01470,Tran Van Minh,tranminh1470@gmail.com,0971636570,Ha Noi,,SILVER,ACTIVE,"$argon2id$v=19$m=19456,t=2,p=1$pAMrcZvnf82snB7mZk6yYg$IO2e2aDrDVQgfOw+5PnFfopwVEP9uZtMB4Lf2rJp2Z0",10000000
C-01471,Tran Van Quang,tranquang1471@gmail.com,0952121158,Ha Noi,,GOLD,ACTIVE,"$argon2id$v=19$m=19456,t=2,p=1$pAMrcZvnf82snB7mZk6yYg$IO2e2aDrDVQgfOw+5PnFfopwVEP9uZtMB4Lf2rJp2Z0",10000000
C-01472,Vo Van Linh,volinh1472@gmail.com,0986239256,Ha Noi,,STANDARD,ACTIVE,"$argon2id$v=19$m=19456,t=2,p=1$pAMrcZvnf82snB7mZk6yYg$IO2e2aDrDVQgfOw+5PnFfopwVEP9uZtMB4Lf2rJp2Z0",10000000
C-01473,Hoang Van Hung,hoanghung1473@gmail.com,0972488587,Ha Noi,,SILVER,ACTIVE,"$argon2id$v=19$m=19456,t=2,p=1$pAMrcZvnf82snB7mZk6yYg$IO2e2aDrDVQgfOw+5PnFfopwVEP9uZtMB4Lf2rJp2Z0",10000000
C-01474,Nguyen Van Anh,nguyenanh1474@gmail.com,0914962752,Ha Noi,,STANDARD,ACTIVE,"$argon2id$v=19$m=19456,t=2,p=1$pAMrcZvnf82snB7mZk6yYg$IO2e2aDrDVQgfOw+5PnFfopwVEP9uZtMB4Lf2rJp2Z0",10000000
C-01475,Hoang Van Anh,hoanganh1475@gmail.com,0946339165,Ha Noi,,STANDARD,ACTIVE,"$argon2id$v=19$m=19456,t=2,p=1$pAMrcZvnf82snB7mZk6yYg$IO2e2aDrDVQgfOw+5PnFfopwVEP9uZtMB4Lf2rJp2Z0",10000000
C-01476,Dang Van Quang,dangquang1476@gmail.com,0940354054,Ha Noi,,GOLD,ACTIVE,"$argon2id$v=19$m=19456,t=2,p=1$pAMrcZvnf82snB7mZk6yYg$IO2e2aDrDVQgfOw+5PnFfopwVEP9uZtMB4Lf2rJp2Z0",10000000
C-01477,Pham Van Anh,phamanh1477@gmail.com,0910185740,Ha Noi,,SILVER,ACTIVE,"$argon2id$v=19$m=19456,t=2,p=1$pAMrcZvnf82snB7mZk6yYg$IO2e2aDrDVQgfOw+5PnFfopwVEP9uZtMB4Lf2rJp2Z0",10000000
C-01478,Tran Van Dung,trandung1478@gmail.com,0962397044,Ha Noi,,GOLD,ACTIVE,"$argon2id$v=19$m=19456,t=2,p=1$pAMrcZvnf82snB7mZk6yYg$IO2e2aDrDVQgfOw+5PnFfopwVEP9uZtMB4Lf2rJp2Z0",10000000
C-01479,Le Van Binh,lebinh1479@gmail.com,0950244589,Ha Noi,,STANDARD,ACTIVE,"$argon2id$v=19$m=19456,t=2,p=1$pAMrcZvnf82snB7mZk6yYg$IO2e2aDrDVQgfOw+5PnFfopwVEP9uZtMB4Lf2rJp2Z0",10000000
C-01480,Tran Van Quang,tranquang1480@gmail.com,0921155013,Ha Noi,,STANDARD,ACTIVE,"$argon2id$v=19$m=19456,t=2,p=1$pAMrcZvnf82snB7mZk6yYg$IO2e2aDrDVQgfOw+5PnFfopwVEP9uZtMB4Lf2rJp2Z0",10000000
C-01481,Hoang Van Linh,hoanglinh1481@gmail.com,0987220535,Ha Noi,,STANDARD,ACTIVE,"$argon2id$v=19$m=19456,t=2,p=1$pAMrcZvnf82snB7mZk6yYg$IO2e2aDrDVQgfOw+5PnFfopwVEP9uZtMB4Lf2rJp2Z0",10000000
C-01482,Le Van Dung,ledung1482@gmail.com,0948438074,Ha Noi,,DIAMOND,ACTIVE,"$argon2id$v=19$m=19456,t=2,p=1$pAMrcZvnf82snB7mZk6yYg$IO2e2aDrDVQgfOw+5PnFfopwVEP9uZtMB4Lf2rJp2Z0",10000000
C-01483,Pham Van Khanh,phamkhanh1483@gmail.com,0941293846,Ha Noi,,STANDARD,ACTIVE,"$argon2id$v=19$m=19456,t=2,p=1$pAMrcZvnf82snB7mZk6yYg$IO2e2aDrDVQgfOw+5PnFfopwVEP9uZtMB4Lf2rJp2Z0",10000000
C-01484,Vo Van Khanh,vokhanh1484@gmail.com,0933764890,Ha Noi,,STANDARD,ACTIVE,"$argon2id$v=19$m=19456,t=2,p=1$pAMrcZvnf82snB7mZk6yYg$IO2e2aDrDVQgfOw+5PnFfopwVEP9uZtMB4Lf2rJp2Z0",10000000
C-01485,Tran Van Thanh,tranthanh1485@gmail.com,0917704447,Ha Noi,,STANDARD,ACTIVE,"$argon2id$v=19$m=19456,t=2,p=1$pAMrcZvnf82snB7mZk6yYg$IO2e2aDrDVQgfOw+5PnFfopwVEP9uZtMB4Lf2rJp2Z0",10000000
C-01486,Bui Van Thanh,buithanh1486@gmail.com,0957313966,Ha Noi,,STANDARD,ACTIVE,"$argon2id$v=19$m=19456,t=2,p=1$pAMrcZvnf82snB7mZk6yYg$IO2e2aDrDVQgfOw+5PnFfopwVEP9uZtMB4Lf2rJp2Z0",10000000
C-01487,Vo Van Quang,voquang1487@gmail.com,0911098565,Ha Noi,,STANDARD,ACTIVE,"$argon2id$v=19$m=19456,t=2,p=1$pAMrcZvnf82snB7mZk6yYg$IO2e2aDrDVQgfOw+5PnFfopwVEP9uZtMB4Lf2rJp2Z0",10000000
C-01488,Vo Van Thanh,vothanh1488@gmail.com,0950432448,Ha Noi,,SILVER,ACTIVE,"$argon2id$v=19$m=19456,t=2,p=1$pAMrcZvnf82snB7mZk6yYg$IO2e2aDrDVQgfOw+5PnFfopwVEP9uZtMB4Lf2rJp2Z0",10000000
C-01489,Le Van Quang,lequang1489@gmail.com,0976962155,Ha Noi,,STANDARD,ACTIVE,"$argon2id$v=19$m=19456,t=2,p=1$pAMrcZvnf82snB7mZk6yYg$IO2e2aDrDVQgfOw+5PnFfopwVEP9uZtMB4Lf2rJp2Z0",10000000
C-01490,Tran Van Binh,tranbinh1490@gmail.com,0973453740,Ha Noi,,STANDARD,ACTIVE,"$argon2id$v=19$m=19456,t=2,p=1$pAMrcZvnf82snB7mZk6yYg$IO2e2aDrDVQgfOw+5PnFfopwVEP9uZtMB4Lf2rJp2Z0",10000000
C-01491,Dang Van Quang,dangquang1491@gmail.com,0935633447,Ha Noi,,STANDARD,ACTIVE,"$argon2id$v=19$m=19456,t=2,p=1$pAMrcZvnf82snB7mZk6yYg$IO2e2aDrDVQgfOw+5PnFfopwVEP9uZtMB4Lf2rJp2Z0",10000000
C-01492,Vu Van Phuc,vuphuc1492@gmail.com,0912989534,Ha Noi,,GOLD,ACTIVE,"$argon2id$v=19$m=19456,t=2,p=1$pAMrcZvnf82snB7mZk6yYg$IO2e2aDrDVQgfOw+5PnFfopwVEP9uZtMB4Lf2rJp2Z0",10000000
C-01493,Hoang Van Minh,hoangminh1493@gmail.com,0910057633,Ha Noi,,GOLD,ACTIVE,"$argon2id$v=19$m=19456,t=2,p=1$pAMrcZvnf82snB7mZk6yYg$IO2e2aDrDVQgfOw+5PnFfopwVEP9uZtMB4Lf2rJp2Z0",10000000
C-01494,Tran Van Son,transon1494@gmail.com,0968828688,Ha Noi,,SILVER,ACTIVE,"$argon2id$v=19$m=19456,t=2,p=1$pAMrcZvnf82snB7mZk6yYg$IO2e2aDrDVQgfOw+5PnFfopwVEP9uZtMB4Lf2rJp2Z0",10000000
C-01495,Tran Van Phuc,tranphuc1495@gmail.com,0961146071,Ha Noi,,STANDARD,ACTIVE,"$argon2id$v=19$m=19456,t=2,p=1$pAMrcZvnf82snB7mZk6yYg$IO2e2aDrDVQgfOw+5PnFfopwVEP9uZtMB4Lf2rJp2Z0",10000000
C-01496,Pham Van Cuong,phamcuong1496@gmail.com,0934105507,Ha Noi,,STANDARD,ACTIVE,"$argon2id$v=19$m=19456,t=2,p=1$pAMrcZvnf82snB7mZk6yYg$IO2e2aDrDVQgfOw+5PnFfopwVEP9uZtMB4Lf2rJp2Z0",10000000
C-01497,Le Van Minh,leminh1497@gmail.com,0946662096,Ha Noi,,STANDARD,ACTIVE,"$argon2id$v=19$m=19456,t=2,p=1$pAMrcZvnf82snB7mZk6yYg$IO2e2aDrDVQgfOw+5PnFfopwVEP9uZtMB4Lf2rJp2Z0",10000000
C-01498,Le Van Hung,lehung1498@gmail.com,0992580996,Ha Noi,,STANDARD,ACTIVE,"$argon2id$v=19$m=19456,t=2,p=1$pAMrcZvnf82snB7mZk6yYg$IO2e2aDrDVQgfOw+5PnFfopwVEP9uZtMB4Lf2rJp2Z0",10000000
C-01499,Vu Van Phuc,vuphuc1499@gmail.com,0925685448,Ha Noi,,STANDARD,ACTIVE,"$argon2id$v=19$m=19456,t=2,p=1$pAMrcZvnf82snB7mZk6yYg$IO2e2aDrDVQgfOw+5PnFfopwVEP9uZtMB4Lf2rJp2Z0",10000000
C-01500,Dang Van Cuong,dangcuong1500@gmail.com,0995007790,Ha Noi,,STANDARD,ACTIVE,"$argon2id$v=19$m=19456,t=2,p=1$pAMrcZvnf82snB7mZk6yYg$IO2e2aDrDVQgfOw+5PnFfopwVEP9uZtMB4Lf2rJp2Z0",10000000
C-01501,Bui Van Linh,builinh1501@gmail.com,0958808998,Ha Noi,,GOLD,ACTIVE,"$argon2id$v=19$m=19456,t=2,p=1$pAMrcZvnf82snB7mZk6yYg$IO2e2aDrDVQgfOw+5PnFfopwVEP9uZtMB4Lf2rJp2Z0",10000000
C-01502,Pham Van Hung,phamhung1502@gmail.com,0942595543,Ha Noi,,STANDARD,ACTIVE,"$argon2id$v=19$m=19456,t=2,p=1$pAMrcZvnf82snB7mZk6yYg$IO2e2aDrDVQgfOw+5PnFfopwVEP9uZtMB4Lf2rJp2Z0",10000000
C-01503,Phan Van Hung,phanhung1503@gmail.com,0965781904,Ha Noi,,STANDARD,ACTIVE,"$argon2id$v=19$m=19456,t=2,p=1$pAMrcZvnf82snB7mZk6yYg$IO2e2aDrDVQgfOw+5PnFfopwVEP9uZtMB4Lf2rJp2Z0",10000000
C-01504,Pham Van Anh,phamanh1504@gmail.com,0955707281,Ha Noi,,STANDARD,ACTIVE,"$argon2id$v=19$m=19456,t=2,p=1$pAMrcZvnf82snB7mZk6yYg$IO2e2aDrDVQgfOw+5PnFfopwVEP9uZtMB4Lf2rJp2Z0",10000000
C-01505,Tran Van Anh,trananh1505@gmail.com,0995609213,Ha Noi,,STANDARD,ACTIVE,"$argon2id$v=19$m=19456,t=2,p=1$pAMrcZvnf82snB7mZk6yYg$IO2e2aDrDVQgfOw+5PnFfopwVEP9uZtMB4Lf2rJp2Z0",10000000
C-01506,Vu Van Cuong,vucuong1506@gmail.com,0964420207,Ha Noi,,STANDARD,ACTIVE,"$argon2id$v=19$m=19456,t=2,p=1$pAMrcZvnf82snB7mZk6yYg$IO2e2aDrDVQgfOw+5PnFfopwVEP9uZtMB4Lf2rJp2Z0",10000000
C-01507,Vu Van Thanh,vuthanh1507@gmail.com,0918155572,Ha Noi,,GOLD,ACTIVE,"$argon2id$v=19$m=19456,t=2,p=1$pAMrcZvnf82snB7mZk6yYg$IO2e2aDrDVQgfOw+5PnFfopwVEP9uZtMB4Lf2rJp2Z0",10000000
C-01508,Pham Van Khanh,phamkhanh1508@gmail.com,0921122892,Ha Noi,,STANDARD,ACTIVE,"$argon2id$v=19$m=19456,t=2,p=1$pAMrcZvnf82snB7mZk6yYg$IO2e2aDrDVQgfOw+5PnFfopwVEP9uZtMB4Lf2rJp2Z0",10000000
C-01509,Tran Van Binh,tranbinh1509@gmail.com,0924991174,Ha Noi,,STANDARD,ACTIVE,"$argon2id$v=19$m=19456,t=2,p=1$pAMrcZvnf82snB7mZk6yYg$IO2e2aDrDVQgfOw+5PnFfopwVEP9uZtMB4Lf2rJp2Z0",10000000
C-01510,Dang Van Khanh,dangkhanh1510@gmail.com,0924281801,Ha Noi,,GOLD,ACTIVE,"$argon2id$v=19$m=19456,t=2,p=1$pAMrcZvnf82snB7mZk6yYg$IO2e2aDrDVQgfOw+5PnFfopwVEP9uZtMB4Lf2rJp2Z0",10000000
C-01511,Hoang Van Anh,hoanganh1511@gmail.com,0917329492,Ha Noi,,STANDARD,ACTIVE,"$argon2id$v=19$m=19456,t=2,p=1$pAMrcZvnf82snB7mZk6yYg$IO2e2aDrDVQgfOw+5PnFfopwVEP9uZtMB4Lf2rJp2Z0",10000000
C-01512,Nguyen Van Cuong,nguyencuong1512@gmail.com,0929951128,Ha Noi,,SILVER,ACTIVE,"$argon2id$v=19$m=19456,t=2,p=1$pAMrcZvnf82snB7mZk6yYg$IO2e2aDrDVQgfOw+5PnFfopwVEP9uZtMB4Lf2rJp2Z0",10000000
C-01513,Le Van Dung,ledung1513@gmail.com,0931651427,Ha Noi,,SILVER,ACTIVE,"$argon2id$v=19$m=19456,t=2,p=1$pAMrcZvnf82snB7mZk6yYg$IO2e2aDrDVQgfOw+5PnFfopwVEP9uZtMB4Lf2rJp2Z0",10000000
C-01514,Le Van Minh,leminh1514@gmail.com,0994454080,Ha Noi,,SILVER,ACTIVE,"$argon2id$v=19$m=19456,t=2,p=1$pAMrcZvnf82snB7mZk6yYg$IO2e2aDrDVQgfOw+5PnFfopwVEP9uZtMB4Lf2rJp2Z0",10000000
C-01515,Tran Van Nam,trannam1515@gmail.com,0935430372,Ha Noi,,SILVER,ACTIVE,"$argon2id$v=19$m=19456,t=2,p=1$pAMrcZvnf82snB7mZk6yYg$IO2e2aDrDVQgfOw+5PnFfopwVEP9uZtMB4Lf2rJp2Z0",10000000
C-01516,Vu Van Minh,vuminh1516@gmail.com,0925226533,Ha Noi,,STANDARD,ACTIVE,"$argon2id$v=19$m=19456,t=2,p=1$pAMrcZvnf82snB7mZk6yYg$IO2e2aDrDVQgfOw+5PnFfopwVEP9uZtMB4Lf2rJp2Z0",10000000
C-01517,Nguyen Van Minh,nguyenminh1517@gmail.com,0998685281,Ha Noi,,STANDARD,ACTIVE,"$argon2id$v=19$m=19456,t=2,p=1$pAMrcZvnf82snB7mZk6yYg$IO2e2aDrDVQgfOw+5PnFfopwVEP9uZtMB4Lf2rJp2Z0",10000000
C-01518,Le Van Phuc,lephuc1518@gmail.com,0911585662,Ha Noi,,SILVER,ACTIVE,"$argon2id$v=19$m=19456,t=2,p=1$pAMrcZvnf82snB7mZk6yYg$IO2e2aDrDVQgfOw+5PnFfopwVEP9uZtMB4Lf2rJp2Z0",10000000
C-01519,Vo Van Binh,vobinh1519@gmail.com,0929722834,Ha Noi,,SILVER,ACTIVE,"$argon2id$v=19$m=19456,t=2,p=1$pAMrcZvnf82snB7mZk6yYg$IO2e2aDrDVQgfOw+5PnFfopwVEP9uZtMB4Lf2rJp2Z0",10000000
C-01520,Nguyen Van Thanh,nguyenthanh1520@gmail.com,0944584139,Ha Noi,,SILVER,ACTIVE,"$argon2id$v=19$m=19456,t=2,p=1$pAMrcZvnf82snB7mZk6yYg$IO2e2aDrDVQgfOw+5PnFfopwVEP9uZtMB4Lf2rJp2Z0",10000000
C-01521,Dang Van Anh,danganh1521@gmail.com,0979460524,Ha Noi,,STANDARD,ACTIVE,"$argon2id$v=19$m=19456,t=2,p=1$pAMrcZvnf82snB7mZk6yYg$IO2e2aDrDVQgfOw+5PnFfopwVEP9uZtMB4Lf2rJp2Z0",10000000
C-01522,Vu Van Dung,vudung1522@gmail.com,0966953626,Ha Noi,,STANDARD,ACTIVE,"$argon2id$v=19$m=19456,t=2,p=1$pAMrcZvnf82snB7mZk6yYg$IO2e2aDrDVQgfOw+5PnFfopwVEP9uZtMB4Lf2rJp2Z0",10000000
C-01523,Hoang Van Binh,hoangbinh1523@gmail.com,0995763483,Ha Noi,,GOLD,ACTIVE,"$argon2id$v=19$m=19456,t=2,p=1$pAMrcZvnf82snB7mZk6yYg$IO2e2aDrDVQgfOw+5PnFfopwVEP9uZtMB4Lf2rJp2Z0",10000000
C-01524,Phan Van Quang,phanquang1524@gmail.com,0932782256,Ha Noi,,SILVER,ACTIVE,"$argon2id$v=19$m=19456,t=2,p=1$pAMrcZvnf82snB7mZk6yYg$IO2e2aDrDVQgfOw+5PnFfopwVEP9uZtMB4Lf2rJp2Z0",10000000
C-01525,Dang Van Quang,dangquang1525@gmail.com,0923761262,Ha Noi,,SILVER,ACTIVE,"$argon2id$v=19$m=19456,t=2,p=1$pAMrcZvnf82snB7mZk6yYg$IO2e2aDrDVQgfOw+5PnFfopwVEP9uZtMB4Lf2rJp2Z0",10000000
C-01526,Hoang Van Khanh,hoangkhanh1526@gmail.com,0978435591,Ha Noi,,STANDARD,ACTIVE,"$argon2id$v=19$m=19456,t=2,p=1$pAMrcZvnf82snB7mZk6yYg$IO2e2aDrDVQgfOw+5PnFfopwVEP9uZtMB4Lf2rJp2Z0",10000000
C-01527,Le Van Minh,leminh1527@gmail.com,0959418133,Ha Noi,,GOLD,ACTIVE,"$argon2id$v=19$m=19456,t=2,p=1$pAMrcZvnf82snB7mZk6yYg$IO2e2aDrDVQgfOw+5PnFfopwVEP9uZtMB4Lf2rJp2Z0",10000000
C-01528,Le Van Nam,lenam1528@gmail.com,0965056294,Ha Noi,,STANDARD,ACTIVE,"$argon2id$v=19$m=19456,t=2,p=1$pAMrcZvnf82snB7mZk6yYg$IO2e2aDrDVQgfOw+5PnFfopwVEP9uZtMB4Lf2rJp2Z0",10000000
C-01529,Hoang Van Hung,hoanghung1529@gmail.com,0929104713,Ha Noi,,STANDARD,ACTIVE,"$argon2id$v=19$m=19456,t=2,p=1$pAMrcZvnf82snB7mZk6yYg$IO2e2aDrDVQgfOw+5PnFfopwVEP9uZtMB4Lf2rJp2Z0",10000000
C-01530,Dang Van Khanh,dangkhanh1530@gmail.com,0956579837,Ha Noi,,SILVER,ACTIVE,"$argon2id$v=19$m=19456,t=2,p=1$pAMrcZvnf82snB7mZk6yYg$IO2e2aDrDVQgfOw+5PnFfopwVEP9uZtMB4Lf2rJp2Z0",10000000
C-01531,Dang Van Nam,dangnam1531@gmail.com,0990903218,Ha Noi,,STANDARD,ACTIVE,"$argon2id$v=19$m=19456,t=2,p=1$pAMrcZvnf82snB7mZk6yYg$IO2e2aDrDVQgfOw+5PnFfopwVEP9uZtMB4Lf2rJp2Z0",10000000
C-01532,Pham Van Dung,phamdung1532@gmail.com,0925632865,Ha Noi,,DIAMOND,ACTIVE,"$argon2id$v=19$m=19456,t=2,p=1$pAMrcZvnf82snB7mZk6yYg$IO2e2aDrDVQgfOw+5PnFfopwVEP9uZtMB4Lf2rJp2Z0",10000000
C-01533,Hoang Van Trung,hoangtrung1533@gmail.com,0921909264,Ha Noi,,SILVER,ACTIVE,"$argon2id$v=19$m=19456,t=2,p=1$pAMrcZvnf82snB7mZk6yYg$IO2e2aDrDVQgfOw+5PnFfopwVEP9uZtMB4Lf2rJp2Z0",10000000
C-01534,Le Van Hung,lehung1534@gmail.com,0944582884,Ha Noi,,GOLD,ACTIVE,"$argon2id$v=19$m=19456,t=2,p=1$pAMrcZvnf82snB7mZk6yYg$IO2e2aDrDVQgfOw+5PnFfopwVEP9uZtMB4Lf2rJp2Z0",10000000
C-01535,Vu Van Binh,vubinh1535@gmail.com,0961905246,Ha Noi,,STANDARD,ACTIVE,"$argon2id$v=19$m=19456,t=2,p=1$pAMrcZvnf82snB7mZk6yYg$IO2e2aDrDVQgfOw+5PnFfopwVEP9uZtMB4Lf2rJp2Z0",10000000
C-01536,Dang Van Son,dangson1536@gmail.com,0920537544,Ha Noi,,GOLD,ACTIVE,"$argon2id$v=19$m=19456,t=2,p=1$pAMrcZvnf82snB7mZk6yYg$IO2e2aDrDVQgfOw+5PnFfopwVEP9uZtMB4Lf2rJp2Z0",10000000
C-01537,Vu Van Hung,vuhung1537@gmail.com,0965293534,Ha Noi,,GOLD,ACTIVE,"$argon2id$v=19$m=19456,t=2,p=1$pAMrcZvnf82snB7mZk6yYg$IO2e2aDrDVQgfOw+5PnFfopwVEP9uZtMB4Lf2rJp2Z0",10000000
C-01538,Vo Van Phuc,vophuc1538@gmail.com,0916990548,Ha Noi,,SILVER,ACTIVE,"$argon2id$v=19$m=19456,t=2,p=1$pAMrcZvnf82snB7mZk6yYg$IO2e2aDrDVQgfOw+5PnFfopwVEP9uZtMB4Lf2rJp2Z0",10000000
C-01539,Tran Van Thanh,tranthanh1539@gmail.com,0931170951,Ha Noi,,STANDARD,ACTIVE,"$argon2id$v=19$m=19456,t=2,p=1$pAMrcZvnf82snB7mZk6yYg$IO2e2aDrDVQgfOw+5PnFfopwVEP9uZtMB4Lf2rJp2Z0",10000000
C-01540,Hoang Van Son,hoangson1540@gmail.com,0993596724,Ha Noi,,STANDARD,ACTIVE,"$argon2id$v=19$m=19456,t=2,p=1$pAMrcZvnf82snB7mZk6yYg$IO2e2aDrDVQgfOw+5PnFfopwVEP9uZtMB4Lf2rJp2Z0",10000000
C-01541,Nguyen Van Thanh,nguyenthanh1541@gmail.com,0993806597,Ha Noi,,GOLD,ACTIVE,"$argon2id$v=19$m=19456,t=2,p=1$pAMrcZvnf82snB7mZk6yYg$IO2e2aDrDVQgfOw+5PnFfopwVEP9uZtMB4Lf2rJp2Z0",10000000
C-01542,Tran Van Son,transon1542@gmail.com,0990138698,Ha Noi,,STANDARD,ACTIVE,"$argon2id$v=19$m=19456,t=2,p=1$pAMrcZvnf82snB7mZk6yYg$IO2e2aDrDVQgfOw+5PnFfopwVEP9uZtMB4Lf2rJp2Z0",10000000
C-01543,Dang Van Trung,dangtrung1543@gmail.com,0919409159,Ha Noi,,STANDARD,ACTIVE,"$argon2id$v=19$m=19456,t=2,p=1$pAMrcZvnf82snB7mZk6yYg$IO2e2aDrDVQgfOw+5PnFfopwVEP9uZtMB4Lf2rJp2Z0",10000000
C-01544,Tran Van Dung,trandung1544@gmail.com,0992327529,Ha Noi,,STANDARD,ACTIVE,"$argon2id$v=19$m=19456,t=2,p=1$pAMrcZvnf82snB7mZk6yYg$IO2e2aDrDVQgfOw+5PnFfopwVEP9uZtMB4Lf2rJp2Z0",10000000
C-01545,Le Van Quang,lequang1545@gmail.com,0930903575,Ha Noi,,DIAMOND,ACTIVE,"$argon2id$v=19$m=19456,t=2,p=1$pAMrcZvnf82snB7mZk6yYg$IO2e2aDrDVQgfOw+5PnFfopwVEP9uZtMB4Lf2rJp2Z0",10000000
C-01546,Vu Van Linh,vulinh1546@gmail.com,0932818751,Ha Noi,,SILVER,ACTIVE,"$argon2id$v=19$m=19456,t=2,p=1$pAMrcZvnf82snB7mZk6yYg$IO2e2aDrDVQgfOw+5PnFfopwVEP9uZtMB4Lf2rJp2Z0",10000000
C-01547,Dang Van Anh,danganh1547@gmail.com,0987015407,Ha Noi,,STANDARD,ACTIVE,"$argon2id$v=19$m=19456,t=2,p=1$pAMrcZvnf82snB7mZk6yYg$IO2e2aDrDVQgfOw+5PnFfopwVEP9uZtMB4Lf2rJp2Z0",10000000
C-01548,Vu Van Son,vuson1548@gmail.com,0925778816,Ha Noi,,STANDARD,ACTIVE,"$argon2id$v=19$m=19456,t=2,p=1$pAMrcZvnf82snB7mZk6yYg$IO2e2aDrDVQgfOw+5PnFfopwVEP9uZtMB4Lf2rJp2Z0",10000000
C-01549,Vo Van Hieu,vohieu1549@gmail.com,0974161776,Ha Noi,,STANDARD,ACTIVE,"$argon2id$v=19$m=19456,t=2,p=1$pAMrcZvnf82snB7mZk6yYg$IO2e2aDrDVQgfOw+5PnFfopwVEP9uZtMB4Lf2rJp2Z0",10000000
C-01550,Bui Van Phuc,buiphuc1550@gmail.com,0923513219,Ha Noi,,STANDARD,ACTIVE,"$argon2id$v=19$m=19456,t=2,p=1$pAMrcZvnf82snB7mZk6yYg$IO2e2aDrDVQgfOw+5PnFfopwVEP9uZtMB4Lf2rJp2Z0",10000000
C-01551,Nguyen Van Nam,nguyennam1551@gmail.com,0920937323,Ha Noi,,STANDARD,ACTIVE,"$argon2id$v=19$m=19456,t=2,p=1$pAMrcZvnf82snB7mZk6yYg$IO2e2aDrDVQgfOw+5PnFfopwVEP9uZtMB4Lf2rJp2Z0",10000000
C-01552,Le Van Trung,letrung1552@gmail.com,0962508003,Ha Noi,,STANDARD,ACTIVE,"$argon2id$v=19$m=19456,t=2,p=1$pAMrcZvnf82snB7mZk6yYg$IO2e2aDrDVQgfOw+5PnFfopwVEP9uZtMB4Lf2rJp2Z0",10000000
C-01553,Pham Van Thanh,phamthanh1553@gmail.com,0958911842,Ha Noi,,SILVER,ACTIVE,"$argon2id$v=19$m=19456,t=2,p=1$pAMrcZvnf82snB7mZk6yYg$IO2e2aDrDVQgfOw+5PnFfopwVEP9uZtMB4Lf2rJp2Z0",10000000
C-01554,Le Van Hieu,lehieu1554@gmail.com,0939649197,Ha Noi,,GOLD,ACTIVE,"$argon2id$v=19$m=19456,t=2,p=1$pAMrcZvnf82snB7mZk6yYg$IO2e2aDrDVQgfOw+5PnFfopwVEP9uZtMB4Lf2rJp2Z0",10000000
C-01555,Bui Van Anh,buianh1555@gmail.com,0999550283,Ha Noi,,SILVER,ACTIVE,"$argon2id$v=19$m=19456,t=2,p=1$pAMrcZvnf82snB7mZk6yYg$IO2e2aDrDVQgfOw+5PnFfopwVEP9uZtMB4Lf2rJp2Z0",10000000
C-01556,Tran Van Hieu,tranhieu1556@gmail.com,0955430560,Ha Noi,,GOLD,ACTIVE,"$argon2id$v=19$m=19456,t=2,p=1$pAMrcZvnf82snB7mZk6yYg$IO2e2aDrDVQgfOw+5PnFfopwVEP9uZtMB4Lf2rJp2Z0",10000000
C-01557,Tran Van Dung,trandung1557@gmail.com,0984524948,Ha Noi,,DIAMOND,ACTIVE,"$argon2id$v=19$m=19456,t=2,p=1$pAMrcZvnf82snB7mZk6yYg$IO2e2aDrDVQgfOw+5PnFfopwVEP9uZtMB4Lf2rJp2Z0",10000000
C-01558,Pham Van Hieu,phamhieu1558@gmail.com,0946781989,Ha Noi,,STANDARD,ACTIVE,"$argon2id$v=19$m=19456,t=2,p=1$pAMrcZvnf82snB7mZk6yYg$IO2e2aDrDVQgfOw+5PnFfopwVEP9uZtMB4Lf2rJp2Z0",10000000
C-01559,Phan Van Hieu,phanhieu1559@gmail.com,0929007638,Ha Noi,,STANDARD,ACTIVE,"$argon2id$v=19$m=19456,t=2,p=1$pAMrcZvnf82snB7mZk6yYg$IO2e2aDrDVQgfOw+5PnFfopwVEP9uZtMB4Lf2rJp2Z0",10000000
C-01560,Nguyen Van Linh,nguyenlinh1560@gmail.com,0990100289,Ha Noi,,STANDARD,ACTIVE,"$argon2id$v=19$m=19456,t=2,p=1$pAMrcZvnf82snB7mZk6yYg$IO2e2aDrDVQgfOw+5PnFfopwVEP9uZtMB4Lf2rJp2Z0",10000000
C-01561,Pham Van Son,phamson1561@gmail.com,0919054731,Ha Noi,,STANDARD,ACTIVE,"$argon2id$v=19$m=19456,t=2,p=1$pAMrcZvnf82snB7mZk6yYg$IO2e2aDrDVQgfOw+5PnFfopwVEP9uZtMB4Lf2rJp2Z0",10000000
C-01562,Pham Van Binh,phambinh1562@gmail.com,0999255378,Ha Noi,,STANDARD,ACTIVE,"$argon2id$v=19$m=19456,t=2,p=1$pAMrcZvnf82snB7mZk6yYg$IO2e2aDrDVQgfOw+5PnFfopwVEP9uZtMB4Lf2rJp2Z0",10000000
C-01563,Bui Van Trung,buitrung1563@gmail.com,0977601773,Ha Noi,,STANDARD,ACTIVE,"$argon2id$v=19$m=19456,t=2,p=1$pAMrcZvnf82snB7mZk6yYg$IO2e2aDrDVQgfOw+5PnFfopwVEP9uZtMB4Lf2rJp2Z0",10000000
C-01564,Phan Van Khanh,phankhanh1564@gmail.com,0991612608,Ha Noi,,SILVER,ACTIVE,"$argon2id$v=19$m=19456,t=2,p=1$pAMrcZvnf82snB7mZk6yYg$IO2e2aDrDVQgfOw+5PnFfopwVEP9uZtMB4Lf2rJp2Z0",10000000
C-01565,Phan Van Hung,phanhung1565@gmail.com,0982047648,Ha Noi,,STANDARD,ACTIVE,"$argon2id$v=19$m=19456,t=2,p=1$pAMrcZvnf82snB7mZk6yYg$IO2e2aDrDVQgfOw+5PnFfopwVEP9uZtMB4Lf2rJp2Z0",10000000
C-01566,Hoang Van Hung,hoanghung1566@gmail.com,0926762595,Ha Noi,,STANDARD,ACTIVE,"$argon2id$v=19$m=19456,t=2,p=1$pAMrcZvnf82snB7mZk6yYg$IO2e2aDrDVQgfOw+5PnFfopwVEP9uZtMB4Lf2rJp2Z0",10000000
C-01567,Vo Van Trung,votrung1567@gmail.com,0996452947,Ha Noi,,STANDARD,ACTIVE,"$argon2id$v=19$m=19456,t=2,p=1$pAMrcZvnf82snB7mZk6yYg$IO2e2aDrDVQgfOw+5PnFfopwVEP9uZtMB4Lf2rJp2Z0",10000000
C-01568,Tran Van Hung,tranhung1568@gmail.com,0974251271,Ha Noi,,STANDARD,ACTIVE,"$argon2id$v=19$m=19456,t=2,p=1$pAMrcZvnf82snB7mZk6yYg$IO2e2aDrDVQgfOw+5PnFfopwVEP9uZtMB4Lf2rJp2Z0",10000000
C-01569,Phan Van Binh,phanbinh1569@gmail.com,0943683833,Ha Noi,,STANDARD,ACTIVE,"$argon2id$v=19$m=19456,t=2,p=1$pAMrcZvnf82snB7mZk6yYg$IO2e2aDrDVQgfOw+5PnFfopwVEP9uZtMB4Lf2rJp2Z0",10000000
C-01570,Vo Van Son,voson1570@gmail.com,0996709218,Ha Noi,,DIAMOND,ACTIVE,"$argon2id$v=19$m=19456,t=2,p=1$pAMrcZvnf82snB7mZk6yYg$IO2e2aDrDVQgfOw+5PnFfopwVEP9uZtMB4Lf2rJp2Z0",10000000
C-01571,Tran Van Anh,trananh1571@gmail.com,0956018688,Ha Noi,,STANDARD,ACTIVE,"$argon2id$v=19$m=19456,t=2,p=1$pAMrcZvnf82snB7mZk6yYg$IO2e2aDrDVQgfOw+5PnFfopwVEP9uZtMB4Lf2rJp2Z0",10000000
C-01572,Pham Van Quang,phamquang1572@gmail.com,0913473552,Ha Noi,,STANDARD,ACTIVE,"$argon2id$v=19$m=19456,t=2,p=1$pAMrcZvnf82snB7mZk6yYg$IO2e2aDrDVQgfOw+5PnFfopwVEP9uZtMB4Lf2rJp2Z0",10000000
C-01573,Bui Van Trung,buitrung1573@gmail.com,0952846592,Ha Noi,,DIAMOND,ACTIVE,"$argon2id$v=19$m=19456,t=2,p=1$pAMrcZvnf82snB7mZk6yYg$IO2e2aDrDVQgfOw+5PnFfopwVEP9uZtMB4Lf2rJp2Z0",10000000
C-01574,Pham Van Thanh,phamthanh1574@gmail.com,0930487369,Ha Noi,,STANDARD,ACTIVE,"$argon2id$v=19$m=19456,t=2,p=1$pAMrcZvnf82snB7mZk6yYg$IO2e2aDrDVQgfOw+5PnFfopwVEP9uZtMB4Lf2rJp2Z0",10000000
C-01575,Hoang Van Hieu,hoanghieu1575@gmail.com,0989812334,Ha Noi,,STANDARD,ACTIVE,"$argon2id$v=19$m=19456,t=2,p=1$pAMrcZvnf82snB7mZk6yYg$IO2e2aDrDVQgfOw+5PnFfopwVEP9uZtMB4Lf2rJp2Z0",10000000
C-01576,Vo Van Anh,voanh1576@gmail.com,0958846890,Ha Noi,,STANDARD,ACTIVE,"$argon2id$v=19$m=19456,t=2,p=1$pAMrcZvnf82snB7mZk6yYg$IO2e2aDrDVQgfOw+5PnFfopwVEP9uZtMB4Lf2rJp2Z0",10000000
C-01577,Pham Van Phuc,phamphuc1577@gmail.com,0919046917,Ha Noi,,STANDARD,ACTIVE,"$argon2id$v=19$m=19456,t=2,p=1$pAMrcZvnf82snB7mZk6yYg$IO2e2aDrDVQgfOw+5PnFfopwVEP9uZtMB4Lf2rJp2Z0",10000000
C-01578,Dang Van Son,dangson1578@gmail.com,0917859869,Ha Noi,,GOLD,ACTIVE,"$argon2id$v=19$m=19456,t=2,p=1$pAMrcZvnf82snB7mZk6yYg$IO2e2aDrDVQgfOw+5PnFfopwVEP9uZtMB4Lf2rJp2Z0",10000000
C-01579,Pham Van Hung,phamhung1579@gmail.com,0920073402,Ha Noi,,STANDARD,ACTIVE,"$argon2id$v=19$m=19456,t=2,p=1$pAMrcZvnf82snB7mZk6yYg$IO2e2aDrDVQgfOw+5PnFfopwVEP9uZtMB4Lf2rJp2Z0",10000000
C-01580,Tran Van Anh,trananh1580@gmail.com,0915291512,Ha Noi,,STANDARD,ACTIVE,"$argon2id$v=19$m=19456,t=2,p=1$pAMrcZvnf82snB7mZk6yYg$IO2e2aDrDVQgfOw+5PnFfopwVEP9uZtMB4Lf2rJp2Z0",10000000
C-01581,Vo Van Cuong,vocuong1581@gmail.com,0981418351,Ha Noi,,STANDARD,ACTIVE,"$argon2id$v=19$m=19456,t=2,p=1$pAMrcZvnf82snB7mZk6yYg$IO2e2aDrDVQgfOw+5PnFfopwVEP9uZtMB4Lf2rJp2Z0",10000000
C-01582,Pham Van Hung,phamhung1582@gmail.com,0943742016,Ha Noi,,STANDARD,ACTIVE,"$argon2id$v=19$m=19456,t=2,p=1$pAMrcZvnf82snB7mZk6yYg$IO2e2aDrDVQgfOw+5PnFfopwVEP9uZtMB4Lf2rJp2Z0",10000000
C-01583,Vu Van Hieu,vuhieu1583@gmail.com,0911534016,Ha Noi,,SILVER,ACTIVE,"$argon2id$v=19$m=19456,t=2,p=1$pAMrcZvnf82snB7mZk6yYg$IO2e2aDrDVQgfOw+5PnFfopwVEP9uZtMB4Lf2rJp2Z0",10000000
C-01584,Pham Van Linh,phamlinh1584@gmail.com,0952962006,Ha Noi,,SILVER,ACTIVE,"$argon2id$v=19$m=19456,t=2,p=1$pAMrcZvnf82snB7mZk6yYg$IO2e2aDrDVQgfOw+5PnFfopwVEP9uZtMB4Lf2rJp2Z0",10000000
C-01585,Pham Van Hieu,phamhieu1585@gmail.com,0911141961,Ha Noi,,SILVER,ACTIVE,"$argon2id$v=19$m=19456,t=2,p=1$pAMrcZvnf82snB7mZk6yYg$IO2e2aDrDVQgfOw+5PnFfopwVEP9uZtMB4Lf2rJp2Z0",10000000
C-01586,Le Van Minh,leminh1586@gmail.com,0941244176,Ha Noi,,STANDARD,ACTIVE,"$argon2id$v=19$m=19456,t=2,p=1$pAMrcZvnf82snB7mZk6yYg$IO2e2aDrDVQgfOw+5PnFfopwVEP9uZtMB4Lf2rJp2Z0",10000000
C-01587,Phan Van Phuc,phanphuc1587@gmail.com,0942293542,Ha Noi,,SILVER,ACTIVE,"$argon2id$v=19$m=19456,t=2,p=1$pAMrcZvnf82snB7mZk6yYg$IO2e2aDrDVQgfOw+5PnFfopwVEP9uZtMB4Lf2rJp2Z0",10000000
C-01588,Dang Van Cuong,dangcuong1588@gmail.com,0984078549,Ha Noi,,STANDARD,ACTIVE,"$argon2id$v=19$m=19456,t=2,p=1$pAMrcZvnf82snB7mZk6yYg$IO2e2aDrDVQgfOw+5PnFfopwVEP9uZtMB4Lf2rJp2Z0",10000000
C-01589,Tran Van Trung,trantrung1589@gmail.com,0990791878,Ha Noi,,SILVER,ACTIVE,"$argon2id$v=19$m=19456,t=2,p=1$pAMrcZvnf82snB7mZk6yYg$IO2e2aDrDVQgfOw+5PnFfopwVEP9uZtMB4Lf2rJp2Z0",10000000
C-01590,Vu Van Khanh,vukhanh1590@gmail.com,0934633695,Ha Noi,,DIAMOND,ACTIVE,"$argon2id$v=19$m=19456,t=2,p=1$pAMrcZvnf82snB7mZk6yYg$IO2e2aDrDVQgfOw+5PnFfopwVEP9uZtMB4Lf2rJp2Z0",10000000
C-01591,Tran Van Hung,tranhung1591@gmail.com,0970000015,Ha Noi,,STANDARD,ACTIVE,"$argon2id$v=19$m=19456,t=2,p=1$pAMrcZvnf82snB7mZk6yYg$IO2e2aDrDVQgfOw+5PnFfopwVEP9uZtMB4Lf2rJp2Z0",10000000
C-01592,Hoang Van Hung,hoanghung1592@gmail.com,0917719297,Ha Noi,,GOLD,ACTIVE,"$argon2id$v=19$m=19456,t=2,p=1$pAMrcZvnf82snB7mZk6yYg$IO2e2aDrDVQgfOw+5PnFfopwVEP9uZtMB4Lf2rJp2Z0",10000000
C-01593,Pham Van Hieu,phamhieu1593@gmail.com,0922862028,Ha Noi,,STANDARD,ACTIVE,"$argon2id$v=19$m=19456,t=2,p=1$pAMrcZvnf82snB7mZk6yYg$IO2e2aDrDVQgfOw+5PnFfopwVEP9uZtMB4Lf2rJp2Z0",10000000
C-01594,Tran Van Minh,tranminh1594@gmail.com,0953230469,Ha Noi,,STANDARD,ACTIVE,"$argon2id$v=19$m=19456,t=2,p=1$pAMrcZvnf82snB7mZk6yYg$IO2e2aDrDVQgfOw+5PnFfopwVEP9uZtMB4Lf2rJp2Z0",10000000
C-01595,Vo Van Dung,vodung1595@gmail.com,0941095232,Ha Noi,,STANDARD,ACTIVE,"$argon2id$v=19$m=19456,t=2,p=1$pAMrcZvnf82snB7mZk6yYg$IO2e2aDrDVQgfOw+5PnFfopwVEP9uZtMB4Lf2rJp2Z0",10000000
C-01596,Bui Van Linh,builinh1596@gmail.com,0932303117,Ha Noi,,STANDARD,ACTIVE,"$argon2id$v=19$m=19456,t=2,p=1$pAMrcZvnf82snB7mZk6yYg$IO2e2aDrDVQgfOw+5PnFfopwVEP9uZtMB4Lf2rJp2Z0",10000000
C-01597,Nguyen Van Hung,nguyenhung1597@gmail.com,0931953459,Ha Noi,,GOLD,ACTIVE,"$argon2id$v=19$m=19456,t=2,p=1$pAMrcZvnf82snB7mZk6yYg$IO2e2aDrDVQgfOw+5PnFfopwVEP9uZtMB4Lf2rJp2Z0",10000000
C-01598,Hoang Van Son,hoangson1598@gmail.com,0928168900,Ha Noi,,STANDARD,ACTIVE,"$argon2id$v=19$m=19456,t=2,p=1$pAMrcZvnf82snB7mZk6yYg$IO2e2aDrDVQgfOw+5PnFfopwVEP9uZtMB4Lf2rJp2Z0",10000000
C-01599,Vu Van Phuc,vuphuc1599@gmail.com,0930643244,Ha Noi,,STANDARD,ACTIVE,"$argon2id$v=19$m=19456,t=2,p=1$pAMrcZvnf82snB7mZk6yYg$IO2e2aDrDVQgfOw+5PnFfopwVEP9uZtMB4Lf2rJp2Z0",10000000
C-01600,Vu Van Trung,vutrung1600@gmail.com,0965899273,Ha Noi,,STANDARD,ACTIVE,"$argon2id$v=19$m=19456,t=2,p=1$pAMrcZvnf82snB7mZk6yYg$IO2e2aDrDVQgfOw+5PnFfopwVEP9uZtMB4Lf2rJp2Z0",10000000
C-01601,Vo Van Thanh,vothanh1601@gmail.com,0950981370,Ha Noi,,STANDARD,ACTIVE,"$argon2id$v=19$m=19456,t=2,p=1$pAMrcZvnf82snB7mZk6yYg$IO2e2aDrDVQgfOw+5PnFfopwVEP9uZtMB4Lf2rJp2Z0",10000000
C-01602,Tran Van Quang,tranquang1602@gmail.com,0945890849,Ha Noi,,SILVER,ACTIVE,"$argon2id$v=19$m=19456,t=2,p=1$pAMrcZvnf82snB7mZk6yYg$IO2e2aDrDVQgfOw+5PnFfopwVEP9uZtMB4Lf2rJp2Z0",10000000
C-01603,Phan Van Dung,phandung1603@gmail.com,0922598319,Ha Noi,,DIAMOND,ACTIVE,"$argon2id$v=19$m=19456,t=2,p=1$pAMrcZvnf82snB7mZk6yYg$IO2e2aDrDVQgfOw+5PnFfopwVEP9uZtMB4Lf2rJp2Z0",10000000
C-01604,Phan Van Hieu,phanhieu1604@gmail.com,0939931112,Ha Noi,,STANDARD,ACTIVE,"$argon2id$v=19$m=19456,t=2,p=1$pAMrcZvnf82snB7mZk6yYg$IO2e2aDrDVQgfOw+5PnFfopwVEP9uZtMB4Lf2rJp2Z0",10000000
C-01605,Tran Van Thanh,tranthanh1605@gmail.com,0952362203,Ha Noi,,STANDARD,ACTIVE,"$argon2id$v=19$m=19456,t=2,p=1$pAMrcZvnf82snB7mZk6yYg$IO2e2aDrDVQgfOw+5PnFfopwVEP9uZtMB4Lf2rJp2Z0",10000000
C-01606,Vu Van Hieu,vuhieu1606@gmail.com,0957852503,Ha Noi,,STANDARD,ACTIVE,"$argon2id$v=19$m=19456,t=2,p=1$pAMrcZvnf82snB7mZk6yYg$IO2e2aDrDVQgfOw+5PnFfopwVEP9uZtMB4Lf2rJp2Z0",10000000
C-01607,Phan Van Hieu,phanhieu1607@gmail.com,0911896854,Ha Noi,,STANDARD,ACTIVE,"$argon2id$v=19$m=19456,t=2,p=1$pAMrcZvnf82snB7mZk6yYg$IO2e2aDrDVQgfOw+5PnFfopwVEP9uZtMB4Lf2rJp2Z0",10000000
C-01608,Hoang Van Quang,hoangquang1608@gmail.com,0925266993,Ha Noi,,SILVER,ACTIVE,"$argon2id$v=19$m=19456,t=2,p=1$pAMrcZvnf82snB7mZk6yYg$IO2e2aDrDVQgfOw+5PnFfopwVEP9uZtMB4Lf2rJp2Z0",10000000
C-01609,Vu Van Hieu,vuhieu1609@gmail.com,0929966080,Ha Noi,,STANDARD,ACTIVE,"$argon2id$v=19$m=19456,t=2,p=1$pAMrcZvnf82snB7mZk6yYg$IO2e2aDrDVQgfOw+5PnFfopwVEP9uZtMB4Lf2rJp2Z0",10000000
C-01610,Dang Van Minh,dangminh1610@gmail.com,0916068844,Ha Noi,,STANDARD,ACTIVE,"$argon2id$v=19$m=19456,t=2,p=1$pAMrcZvnf82snB7mZk6yYg$IO2e2aDrDVQgfOw+5PnFfopwVEP9uZtMB4Lf2rJp2Z0",10000000
C-01611,Pham Van Quang,phamquang1611@gmail.com,0935952598,Ha Noi,,SILVER,ACTIVE,"$argon2id$v=19$m=19456,t=2,p=1$pAMrcZvnf82snB7mZk6yYg$IO2e2aDrDVQgfOw+5PnFfopwVEP9uZtMB4Lf2rJp2Z0",10000000
C-01612,Phan Van Cuong,phancuong1612@gmail.com,0979871741,Ha Noi,,SILVER,ACTIVE,"$argon2id$v=19$m=19456,t=2,p=1$pAMrcZvnf82snB7mZk6yYg$IO2e2aDrDVQgfOw+5PnFfopwVEP9uZtMB4Lf2rJp2Z0",10000000
C-01613,Nguyen Van Hieu,nguyenhieu1613@gmail.com,0926523627,Ha Noi,,STANDARD,ACTIVE,"$argon2id$v=19$m=19456,t=2,p=1$pAMrcZvnf82snB7mZk6yYg$IO2e2aDrDVQgfOw+5PnFfopwVEP9uZtMB4Lf2rJp2Z0",10000000
C-01614,Vo Van Anh,voanh1614@gmail.com,0951417215,Ha Noi,,DIAMOND,ACTIVE,"$argon2id$v=19$m=19456,t=2,p=1$pAMrcZvnf82snB7mZk6yYg$IO2e2aDrDVQgfOw+5PnFfopwVEP9uZtMB4Lf2rJp2Z0",10000000
C-01615,Vu Van Hieu,vuhieu1615@gmail.com,0980561616,Ha Noi,,SILVER,ACTIVE,"$argon2id$v=19$m=19456,t=2,p=1$pAMrcZvnf82snB7mZk6yYg$IO2e2aDrDVQgfOw+5PnFfopwVEP9uZtMB4Lf2rJp2Z0",10000000
C-01616,Vu Van Phuc,vuphuc1616@gmail.com,0997311746,Ha Noi,,STANDARD,ACTIVE,"$argon2id$v=19$m=19456,t=2,p=1$pAMrcZvnf82snB7mZk6yYg$IO2e2aDrDVQgfOw+5PnFfopwVEP9uZtMB4Lf2rJp2Z0",10000000
C-01617,Phan Van Linh,phanlinh1617@gmail.com,0987943125,Ha Noi,,GOLD,ACTIVE,"$argon2id$v=19$m=19456,t=2,p=1$pAMrcZvnf82snB7mZk6yYg$IO2e2aDrDVQgfOw+5PnFfopwVEP9uZtMB4Lf2rJp2Z0",10000000
C-01618,Tran Van Quang,tranquang1618@gmail.com,0980276013,Ha Noi,,DIAMOND,ACTIVE,"$argon2id$v=19$m=19456,t=2,p=1$pAMrcZvnf82snB7mZk6yYg$IO2e2aDrDVQgfOw+5PnFfopwVEP9uZtMB4Lf2rJp2Z0",10000000
C-01619,Vo Van Khanh,vokhanh1619@gmail.com,0965957181,Ha Noi,,SILVER,ACTIVE,"$argon2id$v=19$m=19456,t=2,p=1$pAMrcZvnf82snB7mZk6yYg$IO2e2aDrDVQgfOw+5PnFfopwVEP9uZtMB4Lf2rJp2Z0",10000000
C-01620,Vo Van Anh,voanh1620@gmail.com,0921799029,Ha Noi,,GOLD,ACTIVE,"$argon2id$v=19$m=19456,t=2,p=1$pAMrcZvnf82snB7mZk6yYg$IO2e2aDrDVQgfOw+5PnFfopwVEP9uZtMB4Lf2rJp2Z0",10000000
C-01621,Vu Van Binh,vubinh1621@gmail.com,0972177050,Ha Noi,,GOLD,ACTIVE,"$argon2id$v=19$m=19456,t=2,p=1$pAMrcZvnf82snB7mZk6yYg$IO2e2aDrDVQgfOw+5PnFfopwVEP9uZtMB4Lf2rJp2Z0",10000000
C-01622,Bui Van Khanh,buikhanh1622@gmail.com,0965514326,Ha Noi,,STANDARD,ACTIVE,"$argon2id$v=19$m=19456,t=2,p=1$pAMrcZvnf82snB7mZk6yYg$IO2e2aDrDVQgfOw+5PnFfopwVEP9uZtMB4Lf2rJp2Z0",10000000
C-01623,Hoang Van Minh,hoangminh1623@gmail.com,0959707063,Ha Noi,,STANDARD,ACTIVE,"$argon2id$v=19$m=19456,t=2,p=1$pAMrcZvnf82snB7mZk6yYg$IO2e2aDrDVQgfOw+5PnFfopwVEP9uZtMB4Lf2rJp2Z0",10000000
C-01624,Bui Van Cuong,buicuong1624@gmail.com,0919417232,Ha Noi,,STANDARD,ACTIVE,"$argon2id$v=19$m=19456,t=2,p=1$pAMrcZvnf82snB7mZk6yYg$IO2e2aDrDVQgfOw+5PnFfopwVEP9uZtMB4Lf2rJp2Z0",10000000
C-01625,Tran Van Quang,tranquang1625@gmail.com,0934815542,Ha Noi,,STANDARD,ACTIVE,"$argon2id$v=19$m=19456,t=2,p=1$pAMrcZvnf82snB7mZk6yYg$IO2e2aDrDVQgfOw+5PnFfopwVEP9uZtMB4Lf2rJp2Z0",10000000
C-01626,Bui Van Dung,buidung1626@gmail.com,0953839657,Ha Noi,,STANDARD,ACTIVE,"$argon2id$v=19$m=19456,t=2,p=1$pAMrcZvnf82snB7mZk6yYg$IO2e2aDrDVQgfOw+5PnFfopwVEP9uZtMB4Lf2rJp2Z0",10000000
C-01627,Vo Van Phuc,vophuc1627@gmail.com,0917350413,Ha Noi,,SILVER,ACTIVE,"$argon2id$v=19$m=19456,t=2,p=1$pAMrcZvnf82snB7mZk6yYg$IO2e2aDrDVQgfOw+5PnFfopwVEP9uZtMB4Lf2rJp2Z0",10000000
C-01628,Hoang Van Quang,hoangquang1628@gmail.com,0939812342,Ha Noi,,DIAMOND,ACTIVE,"$argon2id$v=19$m=19456,t=2,p=1$pAMrcZvnf82snB7mZk6yYg$IO2e2aDrDVQgfOw+5PnFfopwVEP9uZtMB4Lf2rJp2Z0",10000000
C-01629,Vu Van Minh,vuminh1629@gmail.com,0967269642,Ha Noi,,STANDARD,ACTIVE,"$argon2id$v=19$m=19456,t=2,p=1$pAMrcZvnf82snB7mZk6yYg$IO2e2aDrDVQgfOw+5PnFfopwVEP9uZtMB4Lf2rJp2Z0",10000000
C-01630,Vu Van Hieu,vuhieu1630@gmail.com,0973164056,Ha Noi,,STANDARD,ACTIVE,"$argon2id$v=19$m=19456,t=2,p=1$pAMrcZvnf82snB7mZk6yYg$IO2e2aDrDVQgfOw+5PnFfopwVEP9uZtMB4Lf2rJp2Z0",10000000
C-01631,Hoang Van Dung,hoangdung1631@gmail.com,0999557250,Ha Noi,,STANDARD,ACTIVE,"$argon2id$v=19$m=19456,t=2,p=1$pAMrcZvnf82snB7mZk6yYg$IO2e2aDrDVQgfOw+5PnFfopwVEP9uZtMB4Lf2rJp2Z0",10000000
C-01632,Nguyen Van Son,nguyenson1632@gmail.com,0979605820,Ha Noi,,SILVER,ACTIVE,"$argon2id$v=19$m=19456,t=2,p=1$pAMrcZvnf82snB7mZk6yYg$IO2e2aDrDVQgfOw+5PnFfopwVEP9uZtMB4Lf2rJp2Z0",10000000
C-01633,Phan Van Nam,phannam1633@gmail.com,0987071130,Ha Noi,,SILVER,ACTIVE,"$argon2id$v=19$m=19456,t=2,p=1$pAMrcZvnf82snB7mZk6yYg$IO2e2aDrDVQgfOw+5PnFfopwVEP9uZtMB4Lf2rJp2Z0",10000000
C-01634,Bui Van Minh,buiminh1634@gmail.com,0926017361,Ha Noi,,STANDARD,ACTIVE,"$argon2id$v=19$m=19456,t=2,p=1$pAMrcZvnf82snB7mZk6yYg$IO2e2aDrDVQgfOw+5PnFfopwVEP9uZtMB4Lf2rJp2Z0",10000000
C-01635,Le Van Phuc,lephuc1635@gmail.com,0948263483,Ha Noi,,STANDARD,ACTIVE,"$argon2id$v=19$m=19456,t=2,p=1$pAMrcZvnf82snB7mZk6yYg$IO2e2aDrDVQgfOw+5PnFfopwVEP9uZtMB4Lf2rJp2Z0",10000000
C-01636,Dang Van Son,dangson1636@gmail.com,0934577122,Ha Noi,,STANDARD,ACTIVE,"$argon2id$v=19$m=19456,t=2,p=1$pAMrcZvnf82snB7mZk6yYg$IO2e2aDrDVQgfOw+5PnFfopwVEP9uZtMB4Lf2rJp2Z0",10000000
C-01637,Dang Van Khanh,dangkhanh1637@gmail.com,0975527389,Ha Noi,,GOLD,ACTIVE,"$argon2id$v=19$m=19456,t=2,p=1$pAMrcZvnf82snB7mZk6yYg$IO2e2aDrDVQgfOw+5PnFfopwVEP9uZtMB4Lf2rJp2Z0",10000000
C-01638,Phan Van Trung,phantrung1638@gmail.com,0930260491,Ha Noi,,GOLD,ACTIVE,"$argon2id$v=19$m=19456,t=2,p=1$pAMrcZvnf82snB7mZk6yYg$IO2e2aDrDVQgfOw+5PnFfopwVEP9uZtMB4Lf2rJp2Z0",10000000
C-01639,Vu Van Anh,vuanh1639@gmail.com,0932604637,Ha Noi,,GOLD,ACTIVE,"$argon2id$v=19$m=19456,t=2,p=1$pAMrcZvnf82snB7mZk6yYg$IO2e2aDrDVQgfOw+5PnFfopwVEP9uZtMB4Lf2rJp2Z0",10000000
C-01640,Vo Van Linh,volinh1640@gmail.com,0964955865,Ha Noi,,SILVER,ACTIVE,"$argon2id$v=19$m=19456,t=2,p=1$pAMrcZvnf82snB7mZk6yYg$IO2e2aDrDVQgfOw+5PnFfopwVEP9uZtMB4Lf2rJp2Z0",10000000
C-01641,Dang Van Dung,dangdung1641@gmail.com,0912112661,Ha Noi,,SILVER,ACTIVE,"$argon2id$v=19$m=19456,t=2,p=1$pAMrcZvnf82snB7mZk6yYg$IO2e2aDrDVQgfOw+5PnFfopwVEP9uZtMB4Lf2rJp2Z0",10000000
C-01642,Tran Van Trung,trantrung1642@gmail.com,0962738550,Ha Noi,,STANDARD,ACTIVE,"$argon2id$v=19$m=19456,t=2,p=1$pAMrcZvnf82snB7mZk6yYg$IO2e2aDrDVQgfOw+5PnFfopwVEP9uZtMB4Lf2rJp2Z0",10000000
C-01643,Le Van Son,leson1643@gmail.com,0924447799,Ha Noi,,STANDARD,ACTIVE,"$argon2id$v=19$m=19456,t=2,p=1$pAMrcZvnf82snB7mZk6yYg$IO2e2aDrDVQgfOw+5PnFfopwVEP9uZtMB4Lf2rJp2Z0",10000000
C-01644,Pham Van Son,phamson1644@gmail.com,0982554134,Ha Noi,,STANDARD,ACTIVE,"$argon2id$v=19$m=19456,t=2,p=1$pAMrcZvnf82snB7mZk6yYg$IO2e2aDrDVQgfOw+5PnFfopwVEP9uZtMB4Lf2rJp2Z0",10000000
C-01645,Pham Van Linh,phamlinh1645@gmail.com,0996426116,Ha Noi,,SILVER,ACTIVE,"$argon2id$v=19$m=19456,t=2,p=1$pAMrcZvnf82snB7mZk6yYg$IO2e2aDrDVQgfOw+5PnFfopwVEP9uZtMB4Lf2rJp2Z0",10000000
C-01646,Hoang Van Trung,hoangtrung1646@gmail.com,0985795839,Ha Noi,,GOLD,ACTIVE,"$argon2id$v=19$m=19456,t=2,p=1$pAMrcZvnf82snB7mZk6yYg$IO2e2aDrDVQgfOw+5PnFfopwVEP9uZtMB4Lf2rJp2Z0",10000000
C-01647,Nguyen Van Khanh,nguyenkhanh1647@gmail.com,0950821425,Ha Noi,,STANDARD,ACTIVE,"$argon2id$v=19$m=19456,t=2,p=1$pAMrcZvnf82snB7mZk6yYg$IO2e2aDrDVQgfOw+5PnFfopwVEP9uZtMB4Lf2rJp2Z0",10000000
C-01648,Dang Van Trung,dangtrung1648@gmail.com,0913206311,Ha Noi,,STANDARD,ACTIVE,"$argon2id$v=19$m=19456,t=2,p=1$pAMrcZvnf82snB7mZk6yYg$IO2e2aDrDVQgfOw+5PnFfopwVEP9uZtMB4Lf2rJp2Z0",10000000
C-01649,Le Van Linh,lelinh1649@gmail.com,0934473583,Ha Noi,,SILVER,ACTIVE,"$argon2id$v=19$m=19456,t=2,p=1$pAMrcZvnf82snB7mZk6yYg$IO2e2aDrDVQgfOw+5PnFfopwVEP9uZtMB4Lf2rJp2Z0",10000000
C-01650,Pham Van Cuong,phamcuong1650@gmail.com,0948962728,Ha Noi,,DIAMOND,ACTIVE,"$argon2id$v=19$m=19456,t=2,p=1$pAMrcZvnf82snB7mZk6yYg$IO2e2aDrDVQgfOw+5PnFfopwVEP9uZtMB4Lf2rJp2Z0",10000000
C-01651,Dang Van Minh,dangminh1651@gmail.com,0924876079,Ha Noi,,STANDARD,ACTIVE,"$argon2id$v=19$m=19456,t=2,p=1$pAMrcZvnf82snB7mZk6yYg$IO2e2aDrDVQgfOw+5PnFfopwVEP9uZtMB4Lf2rJp2Z0",10000000
C-01652,Dang Van Phuc,dangphuc1652@gmail.com,0921414101,Ha Noi,,STANDARD,ACTIVE,"$argon2id$v=19$m=19456,t=2,p=1$pAMrcZvnf82snB7mZk6yYg$IO2e2aDrDVQgfOw+5PnFfopwVEP9uZtMB4Lf2rJp2Z0",10000000
C-01653,Pham Van Khanh,phamkhanh1653@gmail.com,0975165974,Ha Noi,,STANDARD,ACTIVE,"$argon2id$v=19$m=19456,t=2,p=1$pAMrcZvnf82snB7mZk6yYg$IO2e2aDrDVQgfOw+5PnFfopwVEP9uZtMB4Lf2rJp2Z0",10000000
C-01654,Tran Van Linh,tranlinh1654@gmail.com,0925882589,Ha Noi,,STANDARD,ACTIVE,"$argon2id$v=19$m=19456,t=2,p=1$pAMrcZvnf82snB7mZk6yYg$IO2e2aDrDVQgfOw+5PnFfopwVEP9uZtMB4Lf2rJp2Z0",10000000
C-01655,Vu Van Khanh,vukhanh1655@gmail.com,0953461915,Ha Noi,,STANDARD,ACTIVE,"$argon2id$v=19$m=19456,t=2,p=1$pAMrcZvnf82snB7mZk6yYg$IO2e2aDrDVQgfOw+5PnFfopwVEP9uZtMB4Lf2rJp2Z0",10000000
C-01656,Nguyen Van Binh,nguyenbinh1656@gmail.com,0912173289,Ha Noi,,SILVER,ACTIVE,"$argon2id$v=19$m=19456,t=2,p=1$pAMrcZvnf82snB7mZk6yYg$IO2e2aDrDVQgfOw+5PnFfopwVEP9uZtMB4Lf2rJp2Z0",10000000
C-01657,Phan Van Minh,phanminh1657@gmail.com,0971268367,Ha Noi,,GOLD,ACTIVE,"$argon2id$v=19$m=19456,t=2,p=1$pAMrcZvnf82snB7mZk6yYg$IO2e2aDrDVQgfOw+5PnFfopwVEP9uZtMB4Lf2rJp2Z0",10000000
C-01658,Phan Van Nam,phannam1658@gmail.com,0933918109,Ha Noi,,STANDARD,ACTIVE,"$argon2id$v=19$m=19456,t=2,p=1$pAMrcZvnf82snB7mZk6yYg$IO2e2aDrDVQgfOw+5PnFfopwVEP9uZtMB4Lf2rJp2Z0",10000000
C-01659,Dang Van Son,dangson1659@gmail.com,0988151681,Ha Noi,,SILVER,ACTIVE,"$argon2id$v=19$m=19456,t=2,p=1$pAMrcZvnf82snB7mZk6yYg$IO2e2aDrDVQgfOw+5PnFfopwVEP9uZtMB4Lf2rJp2Z0",10000000
C-01660,Nguyen Van Dung,nguyendung1660@gmail.com,0913677136,Ha Noi,,DIAMOND,ACTIVE,"$argon2id$v=19$m=19456,t=2,p=1$pAMrcZvnf82snB7mZk6yYg$IO2e2aDrDVQgfOw+5PnFfopwVEP9uZtMB4Lf2rJp2Z0",10000000
C-01661,Tran Van Khanh,trankhanh1661@gmail.com,0975873643,Ha Noi,,SILVER,ACTIVE,"$argon2id$v=19$m=19456,t=2,p=1$pAMrcZvnf82snB7mZk6yYg$IO2e2aDrDVQgfOw+5PnFfopwVEP9uZtMB4Lf2rJp2Z0",10000000
C-01662,Phan Van Son,phanson1662@gmail.com,0934219153,Ha Noi,,STANDARD,ACTIVE,"$argon2id$v=19$m=19456,t=2,p=1$pAMrcZvnf82snB7mZk6yYg$IO2e2aDrDVQgfOw+5PnFfopwVEP9uZtMB4Lf2rJp2Z0",10000000
C-01663,Nguyen Van Hung,nguyenhung1663@gmail.com,0930508534,Ha Noi,,STANDARD,ACTIVE,"$argon2id$v=19$m=19456,t=2,p=1$pAMrcZvnf82snB7mZk6yYg$IO2e2aDrDVQgfOw+5PnFfopwVEP9uZtMB4Lf2rJp2Z0",10000000
C-01664,Le Van Hieu,lehieu1664@gmail.com,0940918199,Ha Noi,,GOLD,ACTIVE,"$argon2id$v=19$m=19456,t=2,p=1$pAMrcZvnf82snB7mZk6yYg$IO2e2aDrDVQgfOw+5PnFfopwVEP9uZtMB4Lf2rJp2Z0",10000000
C-01665,Pham Van Dung,phamdung1665@gmail.com,0977378568,Ha Noi,,GOLD,ACTIVE,"$argon2id$v=19$m=19456,t=2,p=1$pAMrcZvnf82snB7mZk6yYg$IO2e2aDrDVQgfOw+5PnFfopwVEP9uZtMB4Lf2rJp2Z0",10000000
C-01666,Le Van Minh,leminh1666@gmail.com,0985130180,Ha Noi,,STANDARD,ACTIVE,"$argon2id$v=19$m=19456,t=2,p=1$pAMrcZvnf82snB7mZk6yYg$IO2e2aDrDVQgfOw+5PnFfopwVEP9uZtMB4Lf2rJp2Z0",10000000
C-01667,Hoang Van Trung,hoangtrung1667@gmail.com,0945001862,Ha Noi,,DIAMOND,ACTIVE,"$argon2id$v=19$m=19456,t=2,p=1$pAMrcZvnf82snB7mZk6yYg$IO2e2aDrDVQgfOw+5PnFfopwVEP9uZtMB4Lf2rJp2Z0",10000000
C-01668,Tran Van Thanh,tranthanh1668@gmail.com,0952441456,Ha Noi,,GOLD,ACTIVE,"$argon2id$v=19$m=19456,t=2,p=1$pAMrcZvnf82snB7mZk6yYg$IO2e2aDrDVQgfOw+5PnFfopwVEP9uZtMB4Lf2rJp2Z0",10000000
C-01669,Dang Van Anh,danganh1669@gmail.com,0960521636,Ha Noi,,STANDARD,ACTIVE,"$argon2id$v=19$m=19456,t=2,p=1$pAMrcZvnf82snB7mZk6yYg$IO2e2aDrDVQgfOw+5PnFfopwVEP9uZtMB4Lf2rJp2Z0",10000000
C-01670,Bui Van Nam,buinam1670@gmail.com,0943972259,Ha Noi,,GOLD,ACTIVE,"$argon2id$v=19$m=19456,t=2,p=1$pAMrcZvnf82snB7mZk6yYg$IO2e2aDrDVQgfOw+5PnFfopwVEP9uZtMB4Lf2rJp2Z0",10000000
C-01671,Nguyen Van Hung,nguyenhung1671@gmail.com,0991133015,Ha Noi,,STANDARD,ACTIVE,"$argon2id$v=19$m=19456,t=2,p=1$pAMrcZvnf82snB7mZk6yYg$IO2e2aDrDVQgfOw+5PnFfopwVEP9uZtMB4Lf2rJp2Z0",10000000
C-01672,Phan Van Binh,phanbinh1672@gmail.com,0918555836,Ha Noi,,STANDARD,ACTIVE,"$argon2id$v=19$m=19456,t=2,p=1$pAMrcZvnf82snB7mZk6yYg$IO2e2aDrDVQgfOw+5PnFfopwVEP9uZtMB4Lf2rJp2Z0",10000000
C-01673,Nguyen Van Binh,nguyenbinh1673@gmail.com,0955414955,Ha Noi,,DIAMOND,ACTIVE,"$argon2id$v=19$m=19456,t=2,p=1$pAMrcZvnf82snB7mZk6yYg$IO2e2aDrDVQgfOw+5PnFfopwVEP9uZtMB4Lf2rJp2Z0",10000000
C-01674,Dang Van Khanh,dangkhanh1674@gmail.com,0939119119,Ha Noi,,STANDARD,ACTIVE,"$argon2id$v=19$m=19456,t=2,p=1$pAMrcZvnf82snB7mZk6yYg$IO2e2aDrDVQgfOw+5PnFfopwVEP9uZtMB4Lf2rJp2Z0",10000000
C-01675,Vu Van Son,vuson1675@gmail.com,0960060119,Ha Noi,,DIAMOND,ACTIVE,"$argon2id$v=19$m=19456,t=2,p=1$pAMrcZvnf82snB7mZk6yYg$IO2e2aDrDVQgfOw+5PnFfopwVEP9uZtMB4Lf2rJp2Z0",10000000
C-01676,Dang Van Nam,dangnam1676@gmail.com,0927028117,Ha Noi,,STANDARD,ACTIVE,"$argon2id$v=19$m=19456,t=2,p=1$pAMrcZvnf82snB7mZk6yYg$IO2e2aDrDVQgfOw+5PnFfopwVEP9uZtMB4Lf2rJp2Z0",10000000
C-01677,Nguyen Van Trung,nguyentrung1677@gmail.com,0942030688,Ha Noi,,STANDARD,ACTIVE,"$argon2id$v=19$m=19456,t=2,p=1$pAMrcZvnf82snB7mZk6yYg$IO2e2aDrDVQgfOw+5PnFfopwVEP9uZtMB4Lf2rJp2Z0",10000000
C-01678,Vu Van Hung,vuhung1678@gmail.com,0992276671,Ha Noi,,SILVER,ACTIVE,"$argon2id$v=19$m=19456,t=2,p=1$pAMrcZvnf82snB7mZk6yYg$IO2e2aDrDVQgfOw+5PnFfopwVEP9uZtMB4Lf2rJp2Z0",10000000
C-01679,Dang Van Linh,danglinh1679@gmail.com,0999225808,Ha Noi,,STANDARD,ACTIVE,"$argon2id$v=19$m=19456,t=2,p=1$pAMrcZvnf82snB7mZk6yYg$IO2e2aDrDVQgfOw+5PnFfopwVEP9uZtMB4Lf2rJp2Z0",10000000
C-01680,Pham Van Cuong,phamcuong1680@gmail.com,0923223752,Ha Noi,,STANDARD,ACTIVE,"$argon2id$v=19$m=19456,t=2,p=1$pAMrcZvnf82snB7mZk6yYg$IO2e2aDrDVQgfOw+5PnFfopwVEP9uZtMB4Lf2rJp2Z0",10000000
C-01681,Vo Van Phuc,vophuc1681@gmail.com,0965848151,Ha Noi,,STANDARD,ACTIVE,"$argon2id$v=19$m=19456,t=2,p=1$pAMrcZvnf82snB7mZk6yYg$IO2e2aDrDVQgfOw+5PnFfopwVEP9uZtMB4Lf2rJp2Z0",10000000
C-01682,Tran Van Khanh,trankhanh1682@gmail.com,0918955481,Ha Noi,,STANDARD,ACTIVE,"$argon2id$v=19$m=19456,t=2,p=1$pAMrcZvnf82snB7mZk6yYg$IO2e2aDrDVQgfOw+5PnFfopwVEP9uZtMB4Lf2rJp2Z0",10000000
C-01683,Tran Van Anh,trananh1683@gmail.com,0925653859,Ha Noi,,SILVER,ACTIVE,"$argon2id$v=19$m=19456,t=2,p=1$pAMrcZvnf82snB7mZk6yYg$IO2e2aDrDVQgfOw+5PnFfopwVEP9uZtMB4Lf2rJp2Z0",10000000
C-01684,Le Van Cuong,lecuong1684@gmail.com,0967633078,Ha Noi,,STANDARD,ACTIVE,"$argon2id$v=19$m=19456,t=2,p=1$pAMrcZvnf82snB7mZk6yYg$IO2e2aDrDVQgfOw+5PnFfopwVEP9uZtMB4Lf2rJp2Z0",10000000
C-01685,Hoang Van Thanh,hoangthanh1685@gmail.com,0964210702,Ha Noi,,DIAMOND,ACTIVE,"$argon2id$v=19$m=19456,t=2,p=1$pAMrcZvnf82snB7mZk6yYg$IO2e2aDrDVQgfOw+5PnFfopwVEP9uZtMB4Lf2rJp2Z0",10000000
C-01686,Le Van Thanh,lethanh1686@gmail.com,0949187561,Ha Noi,,SILVER,ACTIVE,"$argon2id$v=19$m=19456,t=2,p=1$pAMrcZvnf82snB7mZk6yYg$IO2e2aDrDVQgfOw+5PnFfopwVEP9uZtMB4Lf2rJp2Z0",10000000
C-01687,Bui Van Hung,buihung1687@gmail.com,0998790362,Ha Noi,,STANDARD,ACTIVE,"$argon2id$v=19$m=19456,t=2,p=1$pAMrcZvnf82snB7mZk6yYg$IO2e2aDrDVQgfOw+5PnFfopwVEP9uZtMB4Lf2rJp2Z0",10000000
C-01688,Tran Van Linh,tranlinh1688@gmail.com,0955117536,Ha Noi,,DIAMOND,ACTIVE,"$argon2id$v=19$m=19456,t=2,p=1$pAMrcZvnf82snB7mZk6yYg$IO2e2aDrDVQgfOw+5PnFfopwVEP9uZtMB4Lf2rJp2Z0",10000000
C-01689,Tran Van Hieu,tranhieu1689@gmail.com,0978624404,Ha Noi,,STANDARD,ACTIVE,"$argon2id$v=19$m=19456,t=2,p=1$pAMrcZvnf82snB7mZk6yYg$IO2e2aDrDVQgfOw+5PnFfopwVEP9uZtMB4Lf2rJp2Z0",10000000
C-01690,Phan Van Khanh,phankhanh1690@gmail.com,0925703361,Ha Noi,,SILVER,ACTIVE,"$argon2id$v=19$m=19456,t=2,p=1$pAMrcZvnf82snB7mZk6yYg$IO2e2aDrDVQgfOw+5PnFfopwVEP9uZtMB4Lf2rJp2Z0",10000000
C-01691,Tran Van Minh,tranminh1691@gmail.com,0990373363,Ha Noi,,STANDARD,ACTIVE,"$argon2id$v=19$m=19456,t=2,p=1$pAMrcZvnf82snB7mZk6yYg$IO2e2aDrDVQgfOw+5PnFfopwVEP9uZtMB4Lf2rJp2Z0",10000000
C-01692,Le Van Cuong,lecuong1692@gmail.com,0973965370,Ha Noi,,SILVER,ACTIVE,"$argon2id$v=19$m=19456,t=2,p=1$pAMrcZvnf82snB7mZk6yYg$IO2e2aDrDVQgfOw+5PnFfopwVEP9uZtMB4Lf2rJp2Z0",10000000
C-01693,Phan Van Hieu,phanhieu1693@gmail.com,0929883846,Ha Noi,,SILVER,ACTIVE,"$argon2id$v=19$m=19456,t=2,p=1$pAMrcZvnf82snB7mZk6yYg$IO2e2aDrDVQgfOw+5PnFfopwVEP9uZtMB4Lf2rJp2Z0",10000000
C-01694,Tran Van Hung,tranhung1694@gmail.com,0957135960,Ha Noi,,STANDARD,ACTIVE,"$argon2id$v=19$m=19456,t=2,p=1$pAMrcZvnf82snB7mZk6yYg$IO2e2aDrDVQgfOw+5PnFfopwVEP9uZtMB4Lf2rJp2Z0",10000000
C-01695,Bui Van Thanh,buithanh1695@gmail.com,0940426806,Ha Noi,,GOLD,ACTIVE,"$argon2id$v=19$m=19456,t=2,p=1$pAMrcZvnf82snB7mZk6yYg$IO2e2aDrDVQgfOw+5PnFfopwVEP9uZtMB4Lf2rJp2Z0",10000000
C-01696,Dang Van Son,dangson1696@gmail.com,0918871129,Ha Noi,,GOLD,ACTIVE,"$argon2id$v=19$m=19456,t=2,p=1$pAMrcZvnf82snB7mZk6yYg$IO2e2aDrDVQgfOw+5PnFfopwVEP9uZtMB4Lf2rJp2Z0",10000000
C-01697,Vo Van Nam,vonam1697@gmail.com,0959139946,Ha Noi,,SILVER,ACTIVE,"$argon2id$v=19$m=19456,t=2,p=1$pAMrcZvnf82snB7mZk6yYg$IO2e2aDrDVQgfOw+5PnFfopwVEP9uZtMB4Lf2rJp2Z0",10000000
C-01698,Bui Van Phuc,buiphuc1698@gmail.com,0926465484,Ha Noi,,STANDARD,ACTIVE,"$argon2id$v=19$m=19456,t=2,p=1$pAMrcZvnf82snB7mZk6yYg$IO2e2aDrDVQgfOw+5PnFfopwVEP9uZtMB4Lf2rJp2Z0",10000000
C-01699,Vo Van Minh,vominh1699@gmail.com,0970843348,Ha Noi,,SILVER,ACTIVE,"$argon2id$v=19$m=19456,t=2,p=1$pAMrcZvnf82snB7mZk6yYg$IO2e2aDrDVQgfOw+5PnFfopwVEP9uZtMB4Lf2rJp2Z0",10000000
C-01700,Bui Van Son,buison1700@gmail.com,0925853487,Ha Noi,,STANDARD,ACTIVE,"$argon2id$v=19$m=19456,t=2,p=1$pAMrcZvnf82snB7mZk6yYg$IO2e2aDrDVQgfOw+5PnFfopwVEP9uZtMB4Lf2rJp2Z0",10000000
C-01701,Dang Van Hieu,danghieu1701@gmail.com,0976598907,Ha Noi,,STANDARD,ACTIVE,"$argon2id$v=19$m=19456,t=2,p=1$pAMrcZvnf82snB7mZk6yYg$IO2e2aDrDVQgfOw+5PnFfopwVEP9uZtMB4Lf2rJp2Z0",10000000
C-01702,Tran Van Nam,trannam1702@gmail.com,0931252159,Ha Noi,,STANDARD,ACTIVE,"$argon2id$v=19$m=19456,t=2,p=1$pAMrcZvnf82snB7mZk6yYg$IO2e2aDrDVQgfOw+5PnFfopwVEP9uZtMB4Lf2rJp2Z0",10000000
C-01703,Nguyen Van Dung,nguyendung1703@gmail.com,0975460572,Ha Noi,,STANDARD,ACTIVE,"$argon2id$v=19$m=19456,t=2,p=1$pAMrcZvnf82snB7mZk6yYg$IO2e2aDrDVQgfOw+5PnFfopwVEP9uZtMB4Lf2rJp2Z0",10000000
C-01704,Phan Van Trung,phantrung1704@gmail.com,0917419051,Ha Noi,,GOLD,ACTIVE,"$argon2id$v=19$m=19456,t=2,p=1$pAMrcZvnf82snB7mZk6yYg$IO2e2aDrDVQgfOw+5PnFfopwVEP9uZtMB4Lf2rJp2Z0",10000000
C-01705,Phan Van Cuong,phancuong1705@gmail.com,0932923875,Ha Noi,,SILVER,ACTIVE,"$argon2id$v=19$m=19456,t=2,p=1$pAMrcZvnf82snB7mZk6yYg$IO2e2aDrDVQgfOw+5PnFfopwVEP9uZtMB4Lf2rJp2Z0",10000000
C-01706,Dang Van Minh,dangminh1706@gmail.com,0976482437,Ha Noi,,STANDARD,ACTIVE,"$argon2id$v=19$m=19456,t=2,p=1$pAMrcZvnf82snB7mZk6yYg$IO2e2aDrDVQgfOw+5PnFfopwVEP9uZtMB4Lf2rJp2Z0",10000000
C-01707,Tran Van Thanh,tranthanh1707@gmail.com,0942510696,Ha Noi,,SILVER,ACTIVE,"$argon2id$v=19$m=19456,t=2,p=1$pAMrcZvnf82snB7mZk6yYg$IO2e2aDrDVQgfOw+5PnFfopwVEP9uZtMB4Lf2rJp2Z0",10000000
C-01708,Dang Van Hung,danghung1708@gmail.com,0975651589,Ha Noi,,GOLD,ACTIVE,"$argon2id$v=19$m=19456,t=2,p=1$pAMrcZvnf82snB7mZk6yYg$IO2e2aDrDVQgfOw+5PnFfopwVEP9uZtMB4Lf2rJp2Z0",10000000
C-01709,Pham Van Thanh,phamthanh1709@gmail.com,0940784366,Ha Noi,,STANDARD,ACTIVE,"$argon2id$v=19$m=19456,t=2,p=1$pAMrcZvnf82snB7mZk6yYg$IO2e2aDrDVQgfOw+5PnFfopwVEP9uZtMB4Lf2rJp2Z0",10000000
C-01710,Vo Van Trung,votrung1710@gmail.com,0952464176,Ha Noi,,STANDARD,ACTIVE,"$argon2id$v=19$m=19456,t=2,p=1$pAMrcZvnf82snB7mZk6yYg$IO2e2aDrDVQgfOw+5PnFfopwVEP9uZtMB4Lf2rJp2Z0",10000000
C-01711,Dang Van Trung,dangtrung1711@gmail.com,0958162701,Ha Noi,,GOLD,ACTIVE,"$argon2id$v=19$m=19456,t=2,p=1$pAMrcZvnf82snB7mZk6yYg$IO2e2aDrDVQgfOw+5PnFfopwVEP9uZtMB4Lf2rJp2Z0",10000000
C-01712,Tran Van Phuc,tranphuc1712@gmail.com,0939678839,Ha Noi,,STANDARD,ACTIVE,"$argon2id$v=19$m=19456,t=2,p=1$pAMrcZvnf82snB7mZk6yYg$IO2e2aDrDVQgfOw+5PnFfopwVEP9uZtMB4Lf2rJp2Z0",10000000
C-01713,Nguyen Van Dung,nguyendung1713@gmail.com,0964539284,Ha Noi,,STANDARD,ACTIVE,"$argon2id$v=19$m=19456,t=2,p=1$pAMrcZvnf82snB7mZk6yYg$IO2e2aDrDVQgfOw+5PnFfopwVEP9uZtMB4Lf2rJp2Z0",10000000
C-01714,Pham Van Khanh,phamkhanh1714@gmail.com,0911378989,Ha Noi,,STANDARD,ACTIVE,"$argon2id$v=19$m=19456,t=2,p=1$pAMrcZvnf82snB7mZk6yYg$IO2e2aDrDVQgfOw+5PnFfopwVEP9uZtMB4Lf2rJp2Z0",10000000
C-01715,Bui Van Nam,buinam1715@gmail.com,0914093560,Ha Noi,,GOLD,ACTIVE,"$argon2id$v=19$m=19456,t=2,p=1$pAMrcZvnf82snB7mZk6yYg$IO2e2aDrDVQgfOw+5PnFfopwVEP9uZtMB4Lf2rJp2Z0",10000000
C-01716,Pham Van Hieu,phamhieu1716@gmail.com,0933298473,Ha Noi,,STANDARD,ACTIVE,"$argon2id$v=19$m=19456,t=2,p=1$pAMrcZvnf82snB7mZk6yYg$IO2e2aDrDVQgfOw+5PnFfopwVEP9uZtMB4Lf2rJp2Z0",10000000
C-01717,Phan Van Anh,phananh1717@gmail.com,0980283083,Ha Noi,,GOLD,ACTIVE,"$argon2id$v=19$m=19456,t=2,p=1$pAMrcZvnf82snB7mZk6yYg$IO2e2aDrDVQgfOw+5PnFfopwVEP9uZtMB4Lf2rJp2Z0",10000000
C-01718,Phan Van Minh,phanminh1718@gmail.com,0974838174,Ha Noi,,STANDARD,ACTIVE,"$argon2id$v=19$m=19456,t=2,p=1$pAMrcZvnf82snB7mZk6yYg$IO2e2aDrDVQgfOw+5PnFfopwVEP9uZtMB4Lf2rJp2Z0",10000000
C-01719,Vu Van Hieu,vuhieu1719@gmail.com,0943999690,Ha Noi,,STANDARD,ACTIVE,"$argon2id$v=19$m=19456,t=2,p=1$pAMrcZvnf82snB7mZk6yYg$IO2e2aDrDVQgfOw+5PnFfopwVEP9uZtMB4Lf2rJp2Z0",10000000
C-01720,Vo Van Linh,volinh1720@gmail.com,0921738444,Ha Noi,,SILVER,ACTIVE,"$argon2id$v=19$m=19456,t=2,p=1$pAMrcZvnf82snB7mZk6yYg$IO2e2aDrDVQgfOw+5PnFfopwVEP9uZtMB4Lf2rJp2Z0",10000000
C-01721,Phan Van Thanh,phanthanh1721@gmail.com,0915646752,Ha Noi,,STANDARD,ACTIVE,"$argon2id$v=19$m=19456,t=2,p=1$pAMrcZvnf82snB7mZk6yYg$IO2e2aDrDVQgfOw+5PnFfopwVEP9uZtMB4Lf2rJp2Z0",10000000
C-01722,Vu Van Nam,vunam1722@gmail.com,0932803418,Ha Noi,,STANDARD,ACTIVE,"$argon2id$v=19$m=19456,t=2,p=1$pAMrcZvnf82snB7mZk6yYg$IO2e2aDrDVQgfOw+5PnFfopwVEP9uZtMB4Lf2rJp2Z0",10000000
C-01723,Bui Van Cuong,buicuong1723@gmail.com,0974216237,Ha Noi,,SILVER,ACTIVE,"$argon2id$v=19$m=19456,t=2,p=1$pAMrcZvnf82snB7mZk6yYg$IO2e2aDrDVQgfOw+5PnFfopwVEP9uZtMB4Lf2rJp2Z0",10000000
C-01724,Dang Van Cuong,dangcuong1724@gmail.com,0960480219,Ha Noi,,STANDARD,ACTIVE,"$argon2id$v=19$m=19456,t=2,p=1$pAMrcZvnf82snB7mZk6yYg$IO2e2aDrDVQgfOw+5PnFfopwVEP9uZtMB4Lf2rJp2Z0",10000000
C-01725,Nguyen Van Anh,nguyenanh1725@gmail.com,0956966874,Ha Noi,,STANDARD,ACTIVE,"$argon2id$v=19$m=19456,t=2,p=1$pAMrcZvnf82snB7mZk6yYg$IO2e2aDrDVQgfOw+5PnFfopwVEP9uZtMB4Lf2rJp2Z0",10000000
C-01726,Vu Van Quang,vuquang1726@gmail.com,0967422970,Ha Noi,,STANDARD,ACTIVE,"$argon2id$v=19$m=19456,t=2,p=1$pAMrcZvnf82snB7mZk6yYg$IO2e2aDrDVQgfOw+5PnFfopwVEP9uZtMB4Lf2rJp2Z0",10000000
C-01727,Bui Van Khanh,buikhanh1727@gmail.com,0956247985,Ha Noi,,GOLD,ACTIVE,"$argon2id$v=19$m=19456,t=2,p=1$pAMrcZvnf82snB7mZk6yYg$IO2e2aDrDVQgfOw+5PnFfopwVEP9uZtMB4Lf2rJp2Z0",10000000
C-01728,Vo Van Dung,vodung1728@gmail.com,0961991401,Ha Noi,,STANDARD,ACTIVE,"$argon2id$v=19$m=19456,t=2,p=1$pAMrcZvnf82snB7mZk6yYg$IO2e2aDrDVQgfOw+5PnFfopwVEP9uZtMB4Lf2rJp2Z0",10000000
C-01729,Vo Van Phuc,vophuc1729@gmail.com,0940196317,Ha Noi,,STANDARD,ACTIVE,"$argon2id$v=19$m=19456,t=2,p=1$pAMrcZvnf82snB7mZk6yYg$IO2e2aDrDVQgfOw+5PnFfopwVEP9uZtMB4Lf2rJp2Z0",10000000
C-01730,Dang Van Hieu,danghieu1730@gmail.com,0916283527,Ha Noi,,DIAMOND,ACTIVE,"$argon2id$v=19$m=19456,t=2,p=1$pAMrcZvnf82snB7mZk6yYg$IO2e2aDrDVQgfOw+5PnFfopwVEP9uZtMB4Lf2rJp2Z0",10000000
C-01731,Bui Van Thanh,buithanh1731@gmail.com,0960080457,Ha Noi,,GOLD,ACTIVE,"$argon2id$v=19$m=19456,t=2,p=1$pAMrcZvnf82snB7mZk6yYg$IO2e2aDrDVQgfOw+5PnFfopwVEP9uZtMB4Lf2rJp2Z0",10000000
C-01732,Phan Van Quang,phanquang1732@gmail.com,0983889360,Ha Noi,,SILVER,ACTIVE,"$argon2id$v=19$m=19456,t=2,p=1$pAMrcZvnf82snB7mZk6yYg$IO2e2aDrDVQgfOw+5PnFfopwVEP9uZtMB4Lf2rJp2Z0",10000000
C-01733,Dang Van Cuong,dangcuong1733@gmail.com,0911965904,Ha Noi,,STANDARD,ACTIVE,"$argon2id$v=19$m=19456,t=2,p=1$pAMrcZvnf82snB7mZk6yYg$IO2e2aDrDVQgfOw+5PnFfopwVEP9uZtMB4Lf2rJp2Z0",10000000
C-01734,Tran Van Thanh,tranthanh1734@gmail.com,0930656858,Ha Noi,,STANDARD,ACTIVE,"$argon2id$v=19$m=19456,t=2,p=1$pAMrcZvnf82snB7mZk6yYg$IO2e2aDrDVQgfOw+5PnFfopwVEP9uZtMB4Lf2rJp2Z0",10000000
C-01735,Bui Van Nam,buinam1735@gmail.com,0927392575,Ha Noi,,STANDARD,ACTIVE,"$argon2id$v=19$m=19456,t=2,p=1$pAMrcZvnf82snB7mZk6yYg$IO2e2aDrDVQgfOw+5PnFfopwVEP9uZtMB4Lf2rJp2Z0",10000000
C-01736,Phan Van Cuong,phancuong1736@gmail.com,0980142373,Ha Noi,,GOLD,ACTIVE,"$argon2id$v=19$m=19456,t=2,p=1$pAMrcZvnf82snB7mZk6yYg$IO2e2aDrDVQgfOw+5PnFfopwVEP9uZtMB4Lf2rJp2Z0",10000000
C-01737,Nguyen Van Thanh,nguyenthanh1737@gmail.com,0945687300,Ha Noi,,STANDARD,ACTIVE,"$argon2id$v=19$m=19456,t=2,p=1$pAMrcZvnf82snB7mZk6yYg$IO2e2aDrDVQgfOw+5PnFfopwVEP9uZtMB4Lf2rJp2Z0",10000000
C-01738,Phan Van Hieu,phanhieu1738@gmail.com,0984801241,Ha Noi,,STANDARD,ACTIVE,"$argon2id$v=19$m=19456,t=2,p=1$pAMrcZvnf82snB7mZk6yYg$IO2e2aDrDVQgfOw+5PnFfopwVEP9uZtMB4Lf2rJp2Z0",10000000
C-01739,Tran Van Anh,trananh1739@gmail.com,0911611861,Ha Noi,,GOLD,ACTIVE,"$argon2id$v=19$m=19456,t=2,p=1$pAMrcZvnf82snB7mZk6yYg$IO2e2aDrDVQgfOw+5PnFfopwVEP9uZtMB4Lf2rJp2Z0",10000000
C-01740,Hoang Van Cuong,hoangcuong1740@gmail.com,0983912913,Ha Noi,,STANDARD,ACTIVE,"$argon2id$v=19$m=19456,t=2,p=1$pAMrcZvnf82snB7mZk6yYg$IO2e2aDrDVQgfOw+5PnFfopwVEP9uZtMB4Lf2rJp2Z0",10000000
C-01741,Bui Van Dung,buidung1741@gmail.com,0932194104,Ha Noi,,STANDARD,ACTIVE,"$argon2id$v=19$m=19456,t=2,p=1$pAMrcZvnf82snB7mZk6yYg$IO2e2aDrDVQgfOw+5PnFfopwVEP9uZtMB4Lf2rJp2Z0",10000000
C-01742,Vu Van Thanh,vuthanh1742@gmail.com,0977850327,Ha Noi,,STANDARD,ACTIVE,"$argon2id$v=19$m=19456,t=2,p=1$pAMrcZvnf82snB7mZk6yYg$IO2e2aDrDVQgfOw+5PnFfopwVEP9uZtMB4Lf2rJp2Z0",10000000
C-01743,Vo Van Khanh,vokhanh1743@gmail.com,0979701038,Ha Noi,,GOLD,ACTIVE,"$argon2id$v=19$m=19456,t=2,p=1$pAMrcZvnf82snB7mZk6yYg$IO2e2aDrDVQgfOw+5PnFfopwVEP9uZtMB4Lf2rJp2Z0",10000000
C-01744,Hoang Van Khanh,hoangkhanh1744@gmail.com,0941114676,Ha Noi,,SILVER,ACTIVE,"$argon2id$v=19$m=19456,t=2,p=1$pAMrcZvnf82snB7mZk6yYg$IO2e2aDrDVQgfOw+5PnFfopwVEP9uZtMB4Lf2rJp2Z0",10000000
C-01745,Bui Van Anh,buianh1745@gmail.com,0945025460,Ha Noi,,GOLD,ACTIVE,"$argon2id$v=19$m=19456,t=2,p=1$pAMrcZvnf82snB7mZk6yYg$IO2e2aDrDVQgfOw+5PnFfopwVEP9uZtMB4Lf2rJp2Z0",10000000
C-01746,Tran Van Hung,tranhung1746@gmail.com,0918762821,Ha Noi,,STANDARD,ACTIVE,"$argon2id$v=19$m=19456,t=2,p=1$pAMrcZvnf82snB7mZk6yYg$IO2e2aDrDVQgfOw+5PnFfopwVEP9uZtMB4Lf2rJp2Z0",10000000
C-01747,Tran Van Thanh,tranthanh1747@gmail.com,0980252391,Ha Noi,,GOLD,ACTIVE,"$argon2id$v=19$m=19456,t=2,p=1$pAMrcZvnf82snB7mZk6yYg$IO2e2aDrDVQgfOw+5PnFfopwVEP9uZtMB4Lf2rJp2Z0",10000000
C-01748,Pham Van Trung,phamtrung1748@gmail.com,0924710556,Ha Noi,,STANDARD,ACTIVE,"$argon2id$v=19$m=19456,t=2,p=1$pAMrcZvnf82snB7mZk6yYg$IO2e2aDrDVQgfOw+5PnFfopwVEP9uZtMB4Lf2rJp2Z0",10000000
C-01749,Tran Van Khanh,trankhanh1749@gmail.com,0975695213,Ha Noi,,STANDARD,ACTIVE,"$argon2id$v=19$m=19456,t=2,p=1$pAMrcZvnf82snB7mZk6yYg$IO2e2aDrDVQgfOw+5PnFfopwVEP9uZtMB4Lf2rJp2Z0",10000000
C-01750,Bui Van Son,buison1750@gmail.com,0959931989,Ha Noi,,STANDARD,ACTIVE,"$argon2id$v=19$m=19456,t=2,p=1$pAMrcZvnf82snB7mZk6yYg$IO2e2aDrDVQgfOw+5PnFfopwVEP9uZtMB4Lf2rJp2Z0",10000000
C-01751,Hoang Van Binh,hoangbinh1751@gmail.com,0911701339,Ha Noi,,STANDARD,ACTIVE,"$argon2id$v=19$m=19456,t=2,p=1$pAMrcZvnf82snB7mZk6yYg$IO2e2aDrDVQgfOw+5PnFfopwVEP9uZtMB4Lf2rJp2Z0",10000000
C-01752,Hoang Van Nam,hoangnam1752@gmail.com,0984185458,Ha Noi,,GOLD,ACTIVE,"$argon2id$v=19$m=19456,t=2,p=1$pAMrcZvnf82snB7mZk6yYg$IO2e2aDrDVQgfOw+5PnFfopwVEP9uZtMB4Lf2rJp2Z0",10000000
C-01753,Vo Van Dung,vodung1753@gmail.com,0960114931,Ha Noi,,GOLD,ACTIVE,"$argon2id$v=19$m=19456,t=2,p=1$pAMrcZvnf82snB7mZk6yYg$IO2e2aDrDVQgfOw+5PnFfopwVEP9uZtMB4Lf2rJp2Z0",10000000
C-01754,Le Van Hung,lehung1754@gmail.com,0960706594,Ha Noi,,STANDARD,ACTIVE,"$argon2id$v=19$m=19456,t=2,p=1$pAMrcZvnf82snB7mZk6yYg$IO2e2aDrDVQgfOw+5PnFfopwVEP9uZtMB4Lf2rJp2Z0",10000000
C-01755,Phan Van Linh,phanlinh1755@gmail.com,0978728949,Ha Noi,,STANDARD,ACTIVE,"$argon2id$v=19$m=19456,t=2,p=1$pAMrcZvnf82snB7mZk6yYg$IO2e2aDrDVQgfOw+5PnFfopwVEP9uZtMB4Lf2rJp2Z0",10000000
C-01756,Hoang Van Dung,hoangdung1756@gmail.com,0964339523,Ha Noi,,STANDARD,ACTIVE,"$argon2id$v=19$m=19456,t=2,p=1$pAMrcZvnf82snB7mZk6yYg$IO2e2aDrDVQgfOw+5PnFfopwVEP9uZtMB4Lf2rJp2Z0",10000000
C-01757,Hoang Van Linh,hoanglinh1757@gmail.com,0990005912,Ha Noi,,STANDARD,ACTIVE,"$argon2id$v=19$m=19456,t=2,p=1$pAMrcZvnf82snB7mZk6yYg$IO2e2aDrDVQgfOw+5PnFfopwVEP9uZtMB4Lf2rJp2Z0",10000000
C-01758,Phan Van Cuong,phancuong1758@gmail.com,0978549151,Ha Noi,,STANDARD,ACTIVE,"$argon2id$v=19$m=19456,t=2,p=1$pAMrcZvnf82snB7mZk6yYg$IO2e2aDrDVQgfOw+5PnFfopwVEP9uZtMB4Lf2rJp2Z0",10000000
C-01759,Hoang Van Hung,hoanghung1759@gmail.com,0979622757,Ha Noi,,STANDARD,ACTIVE,"$argon2id$v=19$m=19456,t=2,p=1$pAMrcZvnf82snB7mZk6yYg$IO2e2aDrDVQgfOw+5PnFfopwVEP9uZtMB4Lf2rJp2Z0",10000000
C-01760,Pham Van Nam,phamnam1760@gmail.com,0978192757,Ha Noi,,STANDARD,ACTIVE,"$argon2id$v=19$m=19456,t=2,p=1$pAMrcZvnf82snB7mZk6yYg$IO2e2aDrDVQgfOw+5PnFfopwVEP9uZtMB4Lf2rJp2Z0",10000000
C-01761,Nguyen Van Thanh,nguyenthanh1761@gmail.com,0958635133,Ha Noi,,STANDARD,ACTIVE,"$argon2id$v=19$m=19456,t=2,p=1$pAMrcZvnf82snB7mZk6yYg$IO2e2aDrDVQgfOw+5PnFfopwVEP9uZtMB4Lf2rJp2Z0",10000000
C-01762,Bui Van Son,buison1762@gmail.com,0963035077,Ha Noi,,STANDARD,ACTIVE,"$argon2id$v=19$m=19456,t=2,p=1$pAMrcZvnf82snB7mZk6yYg$IO2e2aDrDVQgfOw+5PnFfopwVEP9uZtMB4Lf2rJp2Z0",10000000
C-01763,Vo Van Hung,vohung1763@gmail.com,0989816615,Ha Noi,,STANDARD,ACTIVE,"$argon2id$v=19$m=19456,t=2,p=1$pAMrcZvnf82snB7mZk6yYg$IO2e2aDrDVQgfOw+5PnFfopwVEP9uZtMB4Lf2rJp2Z0",10000000
C-01764,Bui Van Nam,buinam1764@gmail.com,0916823419,Ha Noi,,SILVER,ACTIVE,"$argon2id$v=19$m=19456,t=2,p=1$pAMrcZvnf82snB7mZk6yYg$IO2e2aDrDVQgfOw+5PnFfopwVEP9uZtMB4Lf2rJp2Z0",10000000
C-01765,Vo Van Trung,votrung1765@gmail.com,0920733144,Ha Noi,,STANDARD,ACTIVE,"$argon2id$v=19$m=19456,t=2,p=1$pAMrcZvnf82snB7mZk6yYg$IO2e2aDrDVQgfOw+5PnFfopwVEP9uZtMB4Lf2rJp2Z0",10000000
C-01766,Phan Van Trung,phantrung1766@gmail.com,0986419623,Ha Noi,,STANDARD,ACTIVE,"$argon2id$v=19$m=19456,t=2,p=1$pAMrcZvnf82snB7mZk6yYg$IO2e2aDrDVQgfOw+5PnFfopwVEP9uZtMB4Lf2rJp2Z0",10000000
C-01767,Pham Van Khanh,phamkhanh1767@gmail.com,0976994486,Ha Noi,,SILVER,ACTIVE,"$argon2id$v=19$m=19456,t=2,p=1$pAMrcZvnf82snB7mZk6yYg$IO2e2aDrDVQgfOw+5PnFfopwVEP9uZtMB4Lf2rJp2Z0",10000000
C-01768,Vo Van Son,voson1768@gmail.com,0923191750,Ha Noi,,GOLD,ACTIVE,"$argon2id$v=19$m=19456,t=2,p=1$pAMrcZvnf82snB7mZk6yYg$IO2e2aDrDVQgfOw+5PnFfopwVEP9uZtMB4Lf2rJp2Z0",10000000
C-01769,Dang Van Nam,dangnam1769@gmail.com,0914088767,Ha Noi,,GOLD,ACTIVE,"$argon2id$v=19$m=19456,t=2,p=1$pAMrcZvnf82snB7mZk6yYg$IO2e2aDrDVQgfOw+5PnFfopwVEP9uZtMB4Lf2rJp2Z0",10000000
C-01770,Phan Van Hieu,phanhieu1770@gmail.com,0984131389,Ha Noi,,STANDARD,ACTIVE,"$argon2id$v=19$m=19456,t=2,p=1$pAMrcZvnf82snB7mZk6yYg$IO2e2aDrDVQgfOw+5PnFfopwVEP9uZtMB4Lf2rJp2Z0",10000000
C-01771,Pham Van Nam,phamnam1771@gmail.com,0936201397,Ha Noi,,DIAMOND,ACTIVE,"$argon2id$v=19$m=19456,t=2,p=1$pAMrcZvnf82snB7mZk6yYg$IO2e2aDrDVQgfOw+5PnFfopwVEP9uZtMB4Lf2rJp2Z0",10000000
C-01772,Pham Van Hieu,phamhieu1772@gmail.com,0929040019,Ha Noi,,STANDARD,ACTIVE,"$argon2id$v=19$m=19456,t=2,p=1$pAMrcZvnf82snB7mZk6yYg$IO2e2aDrDVQgfOw+5PnFfopwVEP9uZtMB4Lf2rJp2Z0",10000000
C-01773,Le Van Anh,leanh1773@gmail.com,0976122802,Ha Noi,,SILVER,ACTIVE,"$argon2id$v=19$m=19456,t=2,p=1$pAMrcZvnf82snB7mZk6yYg$IO2e2aDrDVQgfOw+5PnFfopwVEP9uZtMB4Lf2rJp2Z0",10000000
C-01774,Hoang Van Khanh,hoangkhanh1774@gmail.com,0968704724,Ha Noi,,STANDARD,ACTIVE,"$argon2id$v=19$m=19456,t=2,p=1$pAMrcZvnf82snB7mZk6yYg$IO2e2aDrDVQgfOw+5PnFfopwVEP9uZtMB4Lf2rJp2Z0",10000000
C-01775,Hoang Van Son,hoangson1775@gmail.com,0946283050,Ha Noi,,STANDARD,ACTIVE,"$argon2id$v=19$m=19456,t=2,p=1$pAMrcZvnf82snB7mZk6yYg$IO2e2aDrDVQgfOw+5PnFfopwVEP9uZtMB4Lf2rJp2Z0",10000000
C-01776,Phan Van Linh,phanlinh1776@gmail.com,0963518398,Ha Noi,,SILVER,ACTIVE,"$argon2id$v=19$m=19456,t=2,p=1$pAMrcZvnf82snB7mZk6yYg$IO2e2aDrDVQgfOw+5PnFfopwVEP9uZtMB4Lf2rJp2Z0",10000000
C-01777,Dang Van Linh,danglinh1777@gmail.com,0929616659,Ha Noi,,STANDARD,ACTIVE,"$argon2id$v=19$m=19456,t=2,p=1$pAMrcZvnf82snB7mZk6yYg$IO2e2aDrDVQgfOw+5PnFfopwVEP9uZtMB4Lf2rJp2Z0",10000000
C-01778,Vo Van Binh,vobinh1778@gmail.com,0923236168,Ha Noi,,STANDARD,ACTIVE,"$argon2id$v=19$m=19456,t=2,p=1$pAMrcZvnf82snB7mZk6yYg$IO2e2aDrDVQgfOw+5PnFfopwVEP9uZtMB4Lf2rJp2Z0",10000000
C-01779,Nguyen Van Anh,nguyenanh1779@gmail.com,0971461086,Ha Noi,,SILVER,ACTIVE,"$argon2id$v=19$m=19456,t=2,p=1$pAMrcZvnf82snB7mZk6yYg$IO2e2aDrDVQgfOw+5PnFfopwVEP9uZtMB4Lf2rJp2Z0",10000000
C-01780,Vo Van Binh,vobinh1780@gmail.com,0960599533,Ha Noi,,SILVER,ACTIVE,"$argon2id$v=19$m=19456,t=2,p=1$pAMrcZvnf82snB7mZk6yYg$IO2e2aDrDVQgfOw+5PnFfopwVEP9uZtMB4Lf2rJp2Z0",10000000
C-01781,Phan Van Quang,phanquang1781@gmail.com,0936363290,Ha Noi,,STANDARD,ACTIVE,"$argon2id$v=19$m=19456,t=2,p=1$pAMrcZvnf82snB7mZk6yYg$IO2e2aDrDVQgfOw+5PnFfopwVEP9uZtMB4Lf2rJp2Z0",10000000
C-01782,Vu Van Cuong,vucuong1782@gmail.com,0924757173,Ha Noi,,STANDARD,ACTIVE,"$argon2id$v=19$m=19456,t=2,p=1$pAMrcZvnf82snB7mZk6yYg$IO2e2aDrDVQgfOw+5PnFfopwVEP9uZtMB4Lf2rJp2Z0",10000000
C-01783,Phan Van Hieu,phanhieu1783@gmail.com,0973546548,Ha Noi,,STANDARD,ACTIVE,"$argon2id$v=19$m=19456,t=2,p=1$pAMrcZvnf82snB7mZk6yYg$IO2e2aDrDVQgfOw+5PnFfopwVEP9uZtMB4Lf2rJp2Z0",10000000
C-01784,Le Van Linh,lelinh1784@gmail.com,0988125004,Ha Noi,,STANDARD,ACTIVE,"$argon2id$v=19$m=19456,t=2,p=1$pAMrcZvnf82snB7mZk6yYg$IO2e2aDrDVQgfOw+5PnFfopwVEP9uZtMB4Lf2rJp2Z0",10000000
C-01785,Vu Van Son,vuson1785@gmail.com,0925861373,Ha Noi,,STANDARD,ACTIVE,"$argon2id$v=19$m=19456,t=2,p=1$pAMrcZvnf82snB7mZk6yYg$IO2e2aDrDVQgfOw+5PnFfopwVEP9uZtMB4Lf2rJp2Z0",10000000
C-01786,Le Van Son,leson1786@gmail.com,0993922857,Ha Noi,,STANDARD,ACTIVE,"$argon2id$v=19$m=19456,t=2,p=1$pAMrcZvnf82snB7mZk6yYg$IO2e2aDrDVQgfOw+5PnFfopwVEP9uZtMB4Lf2rJp2Z0",10000000
C-01787,Le Van Linh,lelinh1787@gmail.com,0962280176,Ha Noi,,STANDARD,ACTIVE,"$argon2id$v=19$m=19456,t=2,p=1$pAMrcZvnf82snB7mZk6yYg$IO2e2aDrDVQgfOw+5PnFfopwVEP9uZtMB4Lf2rJp2Z0",10000000
C-01788,Hoang Van Hung,hoanghung1788@gmail.com,0917494963,Ha Noi,,SILVER,ACTIVE,"$argon2id$v=19$m=19456,t=2,p=1$pAMrcZvnf82snB7mZk6yYg$IO2e2aDrDVQgfOw+5PnFfopwVEP9uZtMB4Lf2rJp2Z0",10000000
C-01789,Vu Van Anh,vuanh1789@gmail.com,0944758885,Ha Noi,,SILVER,ACTIVE,"$argon2id$v=19$m=19456,t=2,p=1$pAMrcZvnf82snB7mZk6yYg$IO2e2aDrDVQgfOw+5PnFfopwVEP9uZtMB4Lf2rJp2Z0",10000000
C-01790,Dang Van Hieu,danghieu1790@gmail.com,0975647308,Ha Noi,,GOLD,ACTIVE,"$argon2id$v=19$m=19456,t=2,p=1$pAMrcZvnf82snB7mZk6yYg$IO2e2aDrDVQgfOw+5PnFfopwVEP9uZtMB4Lf2rJp2Z0",10000000
C-01791,Pham Van Binh,phambinh1791@gmail.com,0973348628,Ha Noi,,STANDARD,ACTIVE,"$argon2id$v=19$m=19456,t=2,p=1$pAMrcZvnf82snB7mZk6yYg$IO2e2aDrDVQgfOw+5PnFfopwVEP9uZtMB4Lf2rJp2Z0",10000000
C-01792,Vu Van Phuc,vuphuc1792@gmail.com,0926037369,Ha Noi,,SILVER,ACTIVE,"$argon2id$v=19$m=19456,t=2,p=1$pAMrcZvnf82snB7mZk6yYg$IO2e2aDrDVQgfOw+5PnFfopwVEP9uZtMB4Lf2rJp2Z0",10000000
C-01793,Pham Van Phuc,phamphuc1793@gmail.com,0982442849,Ha Noi,,SILVER,ACTIVE,"$argon2id$v=19$m=19456,t=2,p=1$pAMrcZvnf82snB7mZk6yYg$IO2e2aDrDVQgfOw+5PnFfopwVEP9uZtMB4Lf2rJp2Z0",10000000
C-01794,Nguyen Van Linh,nguyenlinh1794@gmail.com,0960383517,Ha Noi,,STANDARD,ACTIVE,"$argon2id$v=19$m=19456,t=2,p=1$pAMrcZvnf82snB7mZk6yYg$IO2e2aDrDVQgfOw+5PnFfopwVEP9uZtMB4Lf2rJp2Z0",10000000
C-01795,Vu Van Thanh,vuthanh1795@gmail.com,0948993456,Ha Noi,,STANDARD,ACTIVE,"$argon2id$v=19$m=19456,t=2,p=1$pAMrcZvnf82snB7mZk6yYg$IO2e2aDrDVQgfOw+5PnFfopwVEP9uZtMB4Lf2rJp2Z0",10000000
C-01796,Pham Van Linh,phamlinh1796@gmail.com,0931131359,Ha Noi,,STANDARD,ACTIVE,"$argon2id$v=19$m=19456,t=2,p=1$pAMrcZvnf82snB7mZk6yYg$IO2e2aDrDVQgfOw+5PnFfopwVEP9uZtMB4Lf2rJp2Z0",10000000
C-01797,Vu Van Binh,vubinh1797@gmail.com,0956532843,Ha Noi,,GOLD,ACTIVE,"$argon2id$v=19$m=19456,t=2,p=1$pAMrcZvnf82snB7mZk6yYg$IO2e2aDrDVQgfOw+5PnFfopwVEP9uZtMB4Lf2rJp2Z0",10000000
C-01798,Phan Van Son,phanson1798@gmail.com,0920933341,Ha Noi,,STANDARD,ACTIVE,"$argon2id$v=19$m=19456,t=2,p=1$pAMrcZvnf82snB7mZk6yYg$IO2e2aDrDVQgfOw+5PnFfopwVEP9uZtMB4Lf2rJp2Z0",10000000
C-01799,Le Van Phuc,lephuc1799@gmail.com,0977674199,Ha Noi,,GOLD,ACTIVE,"$argon2id$v=19$m=19456,t=2,p=1$pAMrcZvnf82snB7mZk6yYg$IO2e2aDrDVQgfOw+5PnFfopwVEP9uZtMB4Lf2rJp2Z0",10000000
C-01800,Bui Van Anh,buianh1800@gmail.com,0941611260,Ha Noi,,SILVER,ACTIVE,"$argon2id$v=19$m=19456,t=2,p=1$pAMrcZvnf82snB7mZk6yYg$IO2e2aDrDVQgfOw+5PnFfopwVEP9uZtMB4Lf2rJp2Z0",10000000
C-01801,Le Van Hieu,lehieu1801@gmail.com,0923546756,Ha Noi,,DIAMOND,ACTIVE,"$argon2id$v=19$m=19456,t=2,p=1$pAMrcZvnf82snB7mZk6yYg$IO2e2aDrDVQgfOw+5PnFfopwVEP9uZtMB4Lf2rJp2Z0",10000000
C-01802,Dang Van Binh,dangbinh1802@gmail.com,0950682853,Ha Noi,,STANDARD,ACTIVE,"$argon2id$v=19$m=19456,t=2,p=1$pAMrcZvnf82snB7mZk6yYg$IO2e2aDrDVQgfOw+5PnFfopwVEP9uZtMB4Lf2rJp2Z0",10000000
C-01803,Vo Van Anh,voanh1803@gmail.com,0983601769,Ha Noi,,STANDARD,ACTIVE,"$argon2id$v=19$m=19456,t=2,p=1$pAMrcZvnf82snB7mZk6yYg$IO2e2aDrDVQgfOw+5PnFfopwVEP9uZtMB4Lf2rJp2Z0",10000000
C-01804,Phan Van Linh,phanlinh1804@gmail.com,0930790544,Ha Noi,,STANDARD,ACTIVE,"$argon2id$v=19$m=19456,t=2,p=1$pAMrcZvnf82snB7mZk6yYg$IO2e2aDrDVQgfOw+5PnFfopwVEP9uZtMB4Lf2rJp2Z0",10000000
C-01805,Pham Van Nam,phamnam1805@gmail.com,0970512985,Ha Noi,,STANDARD,ACTIVE,"$argon2id$v=19$m=19456,t=2,p=1$pAMrcZvnf82snB7mZk6yYg$IO2e2aDrDVQgfOw+5PnFfopwVEP9uZtMB4Lf2rJp2Z0",10000000
C-01806,Pham Van Thanh,phamthanh1806@gmail.com,0995773480,Ha Noi,,STANDARD,ACTIVE,"$argon2id$v=19$m=19456,t=2,p=1$pAMrcZvnf82snB7mZk6yYg$IO2e2aDrDVQgfOw+5PnFfopwVEP9uZtMB4Lf2rJp2Z0",10000000
C-01807,Nguyen Van Hieu,nguyenhieu1807@gmail.com,0968805487,Ha Noi,,STANDARD,ACTIVE,"$argon2id$v=19$m=19456,t=2,p=1$pAMrcZvnf82snB7mZk6yYg$IO2e2aDrDVQgfOw+5PnFfopwVEP9uZtMB4Lf2rJp2Z0",10000000
C-01808,Hoang Van Cuong,hoangcuong1808@gmail.com,0924203405,Ha Noi,,SILVER,ACTIVE,"$argon2id$v=19$m=19456,t=2,p=1$pAMrcZvnf82snB7mZk6yYg$IO2e2aDrDVQgfOw+5PnFfopwVEP9uZtMB4Lf2rJp2Z0",10000000
C-01809,Bui Van Anh,buianh1809@gmail.com,0990726997,Ha Noi,,STANDARD,ACTIVE,"$argon2id$v=19$m=19456,t=2,p=1$pAMrcZvnf82snB7mZk6yYg$IO2e2aDrDVQgfOw+5PnFfopwVEP9uZtMB4Lf2rJp2Z0",10000000
C-01810,Dang Van Hieu,danghieu1810@gmail.com,0953606546,Ha Noi,,STANDARD,ACTIVE,"$argon2id$v=19$m=19456,t=2,p=1$pAMrcZvnf82snB7mZk6yYg$IO2e2aDrDVQgfOw+5PnFfopwVEP9uZtMB4Lf2rJp2Z0",10000000
C-01811,Vo Van Minh,vominh1811@gmail.com,0910769205,Ha Noi,,STANDARD,ACTIVE,"$argon2id$v=19$m=19456,t=2,p=1$pAMrcZvnf82snB7mZk6yYg$IO2e2aDrDVQgfOw+5PnFfopwVEP9uZtMB4Lf2rJp2Z0",10000000
C-01812,Phan Van Thanh,phanthanh1812@gmail.com,0967393755,Ha Noi,,SILVER,ACTIVE,"$argon2id$v=19$m=19456,t=2,p=1$pAMrcZvnf82snB7mZk6yYg$IO2e2aDrDVQgfOw+5PnFfopwVEP9uZtMB4Lf2rJp2Z0",10000000
C-01813,Pham Van Hung,phamhung1813@gmail.com,0977627529,Ha Noi,,SILVER,ACTIVE,"$argon2id$v=19$m=19456,t=2,p=1$pAMrcZvnf82snB7mZk6yYg$IO2e2aDrDVQgfOw+5PnFfopwVEP9uZtMB4Lf2rJp2Z0",10000000
C-01814,Nguyen Van Thanh,nguyenthanh1814@gmail.com,0948215471,Ha Noi,,STANDARD,ACTIVE,"$argon2id$v=19$m=19456,t=2,p=1$pAMrcZvnf82snB7mZk6yYg$IO2e2aDrDVQgfOw+5PnFfopwVEP9uZtMB4Lf2rJp2Z0",10000000
C-01815,Vo Van Binh,vobinh1815@gmail.com,0993158583,Ha Noi,,GOLD,ACTIVE,"$argon2id$v=19$m=19456,t=2,p=1$pAMrcZvnf82snB7mZk6yYg$IO2e2aDrDVQgfOw+5PnFfopwVEP9uZtMB4Lf2rJp2Z0",10000000
C-01816,Vo Van Linh,volinh1816@gmail.com,0914751632,Ha Noi,,GOLD,ACTIVE,"$argon2id$v=19$m=19456,t=2,p=1$pAMrcZvnf82snB7mZk6yYg$IO2e2aDrDVQgfOw+5PnFfopwVEP9uZtMB4Lf2rJp2Z0",10000000
C-01817,Dang Van Dung,dangdung1817@gmail.com,0982783225,Ha Noi,,SILVER,ACTIVE,"$argon2id$v=19$m=19456,t=2,p=1$pAMrcZvnf82snB7mZk6yYg$IO2e2aDrDVQgfOw+5PnFfopwVEP9uZtMB4Lf2rJp2Z0",10000000
C-01818,Tran Van Khanh,trankhanh1818@gmail.com,0914330600,Ha Noi,,GOLD,ACTIVE,"$argon2id$v=19$m=19456,t=2,p=1$pAMrcZvnf82snB7mZk6yYg$IO2e2aDrDVQgfOw+5PnFfopwVEP9uZtMB4Lf2rJp2Z0",10000000
C-01819,Le Van Phuc,lephuc1819@gmail.com,0988491539,Ha Noi,,GOLD,ACTIVE,"$argon2id$v=19$m=19456,t=2,p=1$pAMrcZvnf82snB7mZk6yYg$IO2e2aDrDVQgfOw+5PnFfopwVEP9uZtMB4Lf2rJp2Z0",10000000
C-01820,Phan Van Hung,phanhung1820@gmail.com,0983960975,Ha Noi,,STANDARD,ACTIVE,"$argon2id$v=19$m=19456,t=2,p=1$pAMrcZvnf82snB7mZk6yYg$IO2e2aDrDVQgfOw+5PnFfopwVEP9uZtMB4Lf2rJp2Z0",10000000
C-01821,Vu Van Quang,vuquang1821@gmail.com,0987362626,Ha Noi,,STANDARD,ACTIVE,"$argon2id$v=19$m=19456,t=2,p=1$pAMrcZvnf82snB7mZk6yYg$IO2e2aDrDVQgfOw+5PnFfopwVEP9uZtMB4Lf2rJp2Z0",10000000
C-01822,Nguyen Van Minh,nguyenminh1822@gmail.com,0915711251,Ha Noi,,STANDARD,ACTIVE,"$argon2id$v=19$m=19456,t=2,p=1$pAMrcZvnf82snB7mZk6yYg$IO2e2aDrDVQgfOw+5PnFfopwVEP9uZtMB4Lf2rJp2Z0",10000000
C-01823,Bui Van Dung,buidung1823@gmail.com,0968339787,Ha Noi,,STANDARD,ACTIVE,"$argon2id$v=19$m=19456,t=2,p=1$pAMrcZvnf82snB7mZk6yYg$IO2e2aDrDVQgfOw+5PnFfopwVEP9uZtMB4Lf2rJp2Z0",10000000
C-01824,Nguyen Van Nam,nguyennam1824@gmail.com,0983115749,Ha Noi,,STANDARD,ACTIVE,"$argon2id$v=19$m=19456,t=2,p=1$pAMrcZvnf82snB7mZk6yYg$IO2e2aDrDVQgfOw+5PnFfopwVEP9uZtMB4Lf2rJp2Z0",10000000
C-01825,Nguyen Van Son,nguyenson1825@gmail.com,0936539811,Ha Noi,,STANDARD,ACTIVE,"$argon2id$v=19$m=19456,t=2,p=1$pAMrcZvnf82snB7mZk6yYg$IO2e2aDrDVQgfOw+5PnFfopwVEP9uZtMB4Lf2rJp2Z0",10000000
C-01826,Tran Van Trung,trantrung1826@gmail.com,0970821341,Ha Noi,,STANDARD,ACTIVE,"$argon2id$v=19$m=19456,t=2,p=1$pAMrcZvnf82snB7mZk6yYg$IO2e2aDrDVQgfOw+5PnFfopwVEP9uZtMB4Lf2rJp2Z0",10000000
C-01827,Vo Van Phuc,vophuc1827@gmail.com,0930257893,Ha Noi,,GOLD,ACTIVE,"$argon2id$v=19$m=19456,t=2,p=1$pAMrcZvnf82snB7mZk6yYg$IO2e2aDrDVQgfOw+5PnFfopwVEP9uZtMB4Lf2rJp2Z0",10000000
C-01828,Bui Van Phuc,buiphuc1828@gmail.com,0942934607,Ha Noi,,GOLD,ACTIVE,"$argon2id$v=19$m=19456,t=2,p=1$pAMrcZvnf82snB7mZk6yYg$IO2e2aDrDVQgfOw+5PnFfopwVEP9uZtMB4Lf2rJp2Z0",10000000
C-01829,Tran Van Hieu,tranhieu1829@gmail.com,0939953516,Ha Noi,,STANDARD,ACTIVE,"$argon2id$v=19$m=19456,t=2,p=1$pAMrcZvnf82snB7mZk6yYg$IO2e2aDrDVQgfOw+5PnFfopwVEP9uZtMB4Lf2rJp2Z0",10000000
C-01830,Tran Van Thanh,tranthanh1830@gmail.com,0940848166,Ha Noi,,SILVER,ACTIVE,"$argon2id$v=19$m=19456,t=2,p=1$pAMrcZvnf82snB7mZk6yYg$IO2e2aDrDVQgfOw+5PnFfopwVEP9uZtMB4Lf2rJp2Z0",10000000
C-01831,Vu Van Hieu,vuhieu1831@gmail.com,0915757088,Ha Noi,,STANDARD,ACTIVE,"$argon2id$v=19$m=19456,t=2,p=1$pAMrcZvnf82snB7mZk6yYg$IO2e2aDrDVQgfOw+5PnFfopwVEP9uZtMB4Lf2rJp2Z0",10000000
C-01832,Vu Van Anh,vuanh1832@gmail.com,0914055801,Ha Noi,,GOLD,ACTIVE,"$argon2id$v=19$m=19456,t=2,p=1$pAMrcZvnf82snB7mZk6yYg$IO2e2aDrDVQgfOw+5PnFfopwVEP9uZtMB4Lf2rJp2Z0",10000000
C-01833,Tran Van Cuong,trancuong1833@gmail.com,0937196096,Ha Noi,,STANDARD,ACTIVE,"$argon2id$v=19$m=19456,t=2,p=1$pAMrcZvnf82snB7mZk6yYg$IO2e2aDrDVQgfOw+5PnFfopwVEP9uZtMB4Lf2rJp2Z0",10000000
C-01834,Pham Van Khanh,phamkhanh1834@gmail.com,0957381456,Ha Noi,,GOLD,ACTIVE,"$argon2id$v=19$m=19456,t=2,p=1$pAMrcZvnf82snB7mZk6yYg$IO2e2aDrDVQgfOw+5PnFfopwVEP9uZtMB4Lf2rJp2Z0",10000000
C-01835,Le Van Quang,lequang1835@gmail.com,0960883060,Ha Noi,,GOLD,ACTIVE,"$argon2id$v=19$m=19456,t=2,p=1$pAMrcZvnf82snB7mZk6yYg$IO2e2aDrDVQgfOw+5PnFfopwVEP9uZtMB4Lf2rJp2Z0",10000000
C-01836,Hoang Van Nam,hoangnam1836@gmail.com,0926828973,Ha Noi,,STANDARD,ACTIVE,"$argon2id$v=19$m=19456,t=2,p=1$pAMrcZvnf82snB7mZk6yYg$IO2e2aDrDVQgfOw+5PnFfopwVEP9uZtMB4Lf2rJp2Z0",10000000
C-01837,Nguyen Van Son,nguyenson1837@gmail.com,0949912930,Ha Noi,,STANDARD,ACTIVE,"$argon2id$v=19$m=19456,t=2,p=1$pAMrcZvnf82snB7mZk6yYg$IO2e2aDrDVQgfOw+5PnFfopwVEP9uZtMB4Lf2rJp2Z0",10000000
C-01838,Pham Van Phuc,phamphuc1838@gmail.com,0929847926,Ha Noi,,STANDARD,ACTIVE,"$argon2id$v=19$m=19456,t=2,p=1$pAMrcZvnf82snB7mZk6yYg$IO2e2aDrDVQgfOw+5PnFfopwVEP9uZtMB4Lf2rJp2Z0",10000000
C-01839,Bui Van Khanh,buikhanh1839@gmail.com,0931993247,Ha Noi,,SILVER,ACTIVE,"$argon2id$v=19$m=19456,t=2,p=1$pAMrcZvnf82snB7mZk6yYg$IO2e2aDrDVQgfOw+5PnFfopwVEP9uZtMB4Lf2rJp2Z0",10000000
C-01840,Vo Van Khanh,vokhanh1840@gmail.com,0993561657,Ha Noi,,STANDARD,ACTIVE,"$argon2id$v=19$m=19456,t=2,p=1$pAMrcZvnf82snB7mZk6yYg$IO2e2aDrDVQgfOw+5PnFfopwVEP9uZtMB4Lf2rJp2Z0",10000000
C-01841,Nguyen Van Trung,nguyentrung1841@gmail.com,0948550143,Ha Noi,,SILVER,ACTIVE,"$argon2id$v=19$m=19456,t=2,p=1$pAMrcZvnf82snB7mZk6yYg$IO2e2aDrDVQgfOw+5PnFfopwVEP9uZtMB4Lf2rJp2Z0",10000000
C-01842,Dang Van Son,dangson1842@gmail.com,0953621951,Ha Noi,,STANDARD,ACTIVE,"$argon2id$v=19$m=19456,t=2,p=1$pAMrcZvnf82snB7mZk6yYg$IO2e2aDrDVQgfOw+5PnFfopwVEP9uZtMB4Lf2rJp2Z0",10000000
C-01843,Hoang Van Hieu,hoanghieu1843@gmail.com,0992631540,Ha Noi,,STANDARD,ACTIVE,"$argon2id$v=19$m=19456,t=2,p=1$pAMrcZvnf82snB7mZk6yYg$IO2e2aDrDVQgfOw+5PnFfopwVEP9uZtMB4Lf2rJp2Z0",10000000
C-01844,Bui Van Anh,buianh1844@gmail.com,0954139703,Ha Noi,,STANDARD,ACTIVE,"$argon2id$v=19$m=19456,t=2,p=1$pAMrcZvnf82snB7mZk6yYg$IO2e2aDrDVQgfOw+5PnFfopwVEP9uZtMB4Lf2rJp2Z0",10000000
C-01845,Pham Van Khanh,phamkhanh1845@gmail.com,0912519376,Ha Noi,,SILVER,ACTIVE,"$argon2id$v=19$m=19456,t=2,p=1$pAMrcZvnf82snB7mZk6yYg$IO2e2aDrDVQgfOw+5PnFfopwVEP9uZtMB4Lf2rJp2Z0",10000000
C-01846,Hoang Van Trung,hoangtrung1846@gmail.com,0948864222,Ha Noi,,STANDARD,ACTIVE,"$argon2id$v=19$m=19456,t=2,p=1$pAMrcZvnf82snB7mZk6yYg$IO2e2aDrDVQgfOw+5PnFfopwVEP9uZtMB4Lf2rJp2Z0",10000000
C-01847,Nguyen Van Linh,nguyenlinh1847@gmail.com,0993302369,Ha Noi,,STANDARD,ACTIVE,"$argon2id$v=19$m=19456,t=2,p=1$pAMrcZvnf82snB7mZk6yYg$IO2e2aDrDVQgfOw+5PnFfopwVEP9uZtMB4Lf2rJp2Z0",10000000
C-01848,Hoang Van Son,hoangson1848@gmail.com,0913469237,Ha Noi,,SILVER,ACTIVE,"$argon2id$v=19$m=19456,t=2,p=1$pAMrcZvnf82snB7mZk6yYg$IO2e2aDrDVQgfOw+5PnFfopwVEP9uZtMB4Lf2rJp2Z0",10000000
C-01849,Le Van Thanh,lethanh1849@gmail.com,0981643827,Ha Noi,,STANDARD,ACTIVE,"$argon2id$v=19$m=19456,t=2,p=1$pAMrcZvnf82snB7mZk6yYg$IO2e2aDrDVQgfOw+5PnFfopwVEP9uZtMB4Lf2rJp2Z0",10000000
C-01850,Vu Van Binh,vubinh1850@gmail.com,0925664983,Ha Noi,,STANDARD,ACTIVE,"$argon2id$v=19$m=19456,t=2,p=1$pAMrcZvnf82snB7mZk6yYg$IO2e2aDrDVQgfOw+5PnFfopwVEP9uZtMB4Lf2rJp2Z0",10000000
C-01851,Vo Van Khanh,vokhanh1851@gmail.com,0926049968,Ha Noi,,STANDARD,ACTIVE,"$argon2id$v=19$m=19456,t=2,p=1$pAMrcZvnf82snB7mZk6yYg$IO2e2aDrDVQgfOw+5PnFfopwVEP9uZtMB4Lf2rJp2Z0",10000000
C-01852,Dang Van Hieu,danghieu1852@gmail.com,0915013005,Ha Noi,,STANDARD,ACTIVE,"$argon2id$v=19$m=19456,t=2,p=1$pAMrcZvnf82snB7mZk6yYg$IO2e2aDrDVQgfOw+5PnFfopwVEP9uZtMB4Lf2rJp2Z0",10000000
C-01853,Tran Van Minh,tranminh1853@gmail.com,0929992660,Ha Noi,,STANDARD,ACTIVE,"$argon2id$v=19$m=19456,t=2,p=1$pAMrcZvnf82snB7mZk6yYg$IO2e2aDrDVQgfOw+5PnFfopwVEP9uZtMB4Lf2rJp2Z0",10000000
C-01854,Le Van Cuong,lecuong1854@gmail.com,0988697495,Ha Noi,,SILVER,ACTIVE,"$argon2id$v=19$m=19456,t=2,p=1$pAMrcZvnf82snB7mZk6yYg$IO2e2aDrDVQgfOw+5PnFfopwVEP9uZtMB4Lf2rJp2Z0",10000000
C-01855,Pham Van Thanh,phamthanh1855@gmail.com,0969330296,Ha Noi,,GOLD,ACTIVE,"$argon2id$v=19$m=19456,t=2,p=1$pAMrcZvnf82snB7mZk6yYg$IO2e2aDrDVQgfOw+5PnFfopwVEP9uZtMB4Lf2rJp2Z0",10000000
C-01856,Phan Van Linh,phanlinh1856@gmail.com,0933768339,Ha Noi,,STANDARD,ACTIVE,"$argon2id$v=19$m=19456,t=2,p=1$pAMrcZvnf82snB7mZk6yYg$IO2e2aDrDVQgfOw+5PnFfopwVEP9uZtMB4Lf2rJp2Z0",10000000
C-01857,Pham Van Cuong,phamcuong1857@gmail.com,0963336731,Ha Noi,,STANDARD,ACTIVE,"$argon2id$v=19$m=19456,t=2,p=1$pAMrcZvnf82snB7mZk6yYg$IO2e2aDrDVQgfOw+5PnFfopwVEP9uZtMB4Lf2rJp2Z0",10000000
C-01858,Dang Van Son,dangson1858@gmail.com,0966270924,Ha Noi,,STANDARD,ACTIVE,"$argon2id$v=19$m=19456,t=2,p=1$pAMrcZvnf82snB7mZk6yYg$IO2e2aDrDVQgfOw+5PnFfopwVEP9uZtMB4Lf2rJp2Z0",10000000
C-01859,Vo Van Anh,voanh1859@gmail.com,0970405115,Ha Noi,,SILVER,ACTIVE,"$argon2id$v=19$m=19456,t=2,p=1$pAMrcZvnf82snB7mZk6yYg$IO2e2aDrDVQgfOw+5PnFfopwVEP9uZtMB4Lf2rJp2Z0",10000000
C-01860,Le Van Son,leson1860@gmail.com,0935861236,Ha Noi,,GOLD,ACTIVE,"$argon2id$v=19$m=19456,t=2,p=1$pAMrcZvnf82snB7mZk6yYg$IO2e2aDrDVQgfOw+5PnFfopwVEP9uZtMB4Lf2rJp2Z0",10000000
C-01861,Dang Van Linh,danglinh1861@gmail.com,0998915323,Ha Noi,,STANDARD,ACTIVE,"$argon2id$v=19$m=19456,t=2,p=1$pAMrcZvnf82snB7mZk6yYg$IO2e2aDrDVQgfOw+5PnFfopwVEP9uZtMB4Lf2rJp2Z0",10000000
C-01862,Bui Van Dung,buidung1862@gmail.com,0953787478,Ha Noi,,SILVER,ACTIVE,"$argon2id$v=19$m=19456,t=2,p=1$pAMrcZvnf82snB7mZk6yYg$IO2e2aDrDVQgfOw+5PnFfopwVEP9uZtMB4Lf2rJp2Z0",10000000
C-01863,Vo Van Dung,vodung1863@gmail.com,0981479202,Ha Noi,,STANDARD,ACTIVE,"$argon2id$v=19$m=19456,t=2,p=1$pAMrcZvnf82snB7mZk6yYg$IO2e2aDrDVQgfOw+5PnFfopwVEP9uZtMB4Lf2rJp2Z0",10000000
C-01864,Dang Van Trung,dangtrung1864@gmail.com,0941114241,Ha Noi,,STANDARD,ACTIVE,"$argon2id$v=19$m=19456,t=2,p=1$pAMrcZvnf82snB7mZk6yYg$IO2e2aDrDVQgfOw+5PnFfopwVEP9uZtMB4Lf2rJp2Z0",10000000
C-01865,Vu Van Khanh,vukhanh1865@gmail.com,0940489471,Ha Noi,,STANDARD,ACTIVE,"$argon2id$v=19$m=19456,t=2,p=1$pAMrcZvnf82snB7mZk6yYg$IO2e2aDrDVQgfOw+5PnFfopwVEP9uZtMB4Lf2rJp2Z0",10000000
C-01866,Hoang Van Nam,hoangnam1866@gmail.com,0913243737,Ha Noi,,STANDARD,ACTIVE,"$argon2id$v=19$m=19456,t=2,p=1$pAMrcZvnf82snB7mZk6yYg$IO2e2aDrDVQgfOw+5PnFfopwVEP9uZtMB4Lf2rJp2Z0",10000000
C-01867,Nguyen Van Cuong,nguyencuong1867@gmail.com,0929012493,Ha Noi,,STANDARD,ACTIVE,"$argon2id$v=19$m=19456,t=2,p=1$pAMrcZvnf82snB7mZk6yYg$IO2e2aDrDVQgfOw+5PnFfopwVEP9uZtMB4Lf2rJp2Z0",10000000
C-01868,Pham Van Hung,phamhung1868@gmail.com,0930769487,Ha Noi,,SILVER,ACTIVE,"$argon2id$v=19$m=19456,t=2,p=1$pAMrcZvnf82snB7mZk6yYg$IO2e2aDrDVQgfOw+5PnFfopwVEP9uZtMB4Lf2rJp2Z0",10000000
C-01869,Pham Van Hung,phamhung1869@gmail.com,0998134537,Ha Noi,,STANDARD,ACTIVE,"$argon2id$v=19$m=19456,t=2,p=1$pAMrcZvnf82snB7mZk6yYg$IO2e2aDrDVQgfOw+5PnFfopwVEP9uZtMB4Lf2rJp2Z0",10000000
C-01870,Pham Van Hieu,phamhieu1870@gmail.com,0983646150,Ha Noi,,STANDARD,ACTIVE,"$argon2id$v=19$m=19456,t=2,p=1$pAMrcZvnf82snB7mZk6yYg$IO2e2aDrDVQgfOw+5PnFfopwVEP9uZtMB4Lf2rJp2Z0",10000000
C-01871,Pham Van Cuong,phamcuong1871@gmail.com,0972810403,Ha Noi,,SILVER,ACTIVE,"$argon2id$v=19$m=19456,t=2,p=1$pAMrcZvnf82snB7mZk6yYg$IO2e2aDrDVQgfOw+5PnFfopwVEP9uZtMB4Lf2rJp2Z0",10000000
C-01872,Phan Van Anh,phananh1872@gmail.com,0914023987,Ha Noi,,STANDARD,ACTIVE,"$argon2id$v=19$m=19456,t=2,p=1$pAMrcZvnf82snB7mZk6yYg$IO2e2aDrDVQgfOw+5PnFfopwVEP9uZtMB4Lf2rJp2Z0",10000000
C-01873,Pham Van Hung,phamhung1873@gmail.com,0980616235,Ha Noi,,STANDARD,ACTIVE,"$argon2id$v=19$m=19456,t=2,p=1$pAMrcZvnf82snB7mZk6yYg$IO2e2aDrDVQgfOw+5PnFfopwVEP9uZtMB4Lf2rJp2Z0",10000000
C-01874,Nguyen Van Thanh,nguyenthanh1874@gmail.com,0918859195,Ha Noi,,STANDARD,ACTIVE,"$argon2id$v=19$m=19456,t=2,p=1$pAMrcZvnf82snB7mZk6yYg$IO2e2aDrDVQgfOw+5PnFfopwVEP9uZtMB4Lf2rJp2Z0",10000000
C-01875,Nguyen Van Son,nguyenson1875@gmail.com,0931655683,Ha Noi,,GOLD,ACTIVE,"$argon2id$v=19$m=19456,t=2,p=1$pAMrcZvnf82snB7mZk6yYg$IO2e2aDrDVQgfOw+5PnFfopwVEP9uZtMB4Lf2rJp2Z0",10000000
C-01876,Bui Van Nam,buinam1876@gmail.com,0924170815,Ha Noi,,STANDARD,ACTIVE,"$argon2id$v=19$m=19456,t=2,p=1$pAMrcZvnf82snB7mZk6yYg$IO2e2aDrDVQgfOw+5PnFfopwVEP9uZtMB4Lf2rJp2Z0",10000000
C-01877,Phan Van Anh,phananh1877@gmail.com,0945626863,Ha Noi,,STANDARD,ACTIVE,"$argon2id$v=19$m=19456,t=2,p=1$pAMrcZvnf82snB7mZk6yYg$IO2e2aDrDVQgfOw+5PnFfopwVEP9uZtMB4Lf2rJp2Z0",10000000
C-01878,Vo Van Anh,voanh1878@gmail.com,0943221258,Ha Noi,,GOLD,ACTIVE,"$argon2id$v=19$m=19456,t=2,p=1$pAMrcZvnf82snB7mZk6yYg$IO2e2aDrDVQgfOw+5PnFfopwVEP9uZtMB4Lf2rJp2Z0",10000000
C-01879,Nguyen Van Dung,nguyendung1879@gmail.com,0923680631,Ha Noi,,STANDARD,ACTIVE,"$argon2id$v=19$m=19456,t=2,p=1$pAMrcZvnf82snB7mZk6yYg$IO2e2aDrDVQgfOw+5PnFfopwVEP9uZtMB4Lf2rJp2Z0",10000000
C-01880,Pham Van Son,phamson1880@gmail.com,0966478363,Ha Noi,,GOLD,ACTIVE,"$argon2id$v=19$m=19456,t=2,p=1$pAMrcZvnf82snB7mZk6yYg$IO2e2aDrDVQgfOw+5PnFfopwVEP9uZtMB4Lf2rJp2Z0",10000000
C-01881,Bui Van Dung,buidung1881@gmail.com,0915569327,Ha Noi,,STANDARD,ACTIVE,"$argon2id$v=19$m=19456,t=2,p=1$pAMrcZvnf82snB7mZk6yYg$IO2e2aDrDVQgfOw+5PnFfopwVEP9uZtMB4Lf2rJp2Z0",10000000
C-01882,Hoang Van Linh,hoanglinh1882@gmail.com,0980930629,Ha Noi,,STANDARD,ACTIVE,"$argon2id$v=19$m=19456,t=2,p=1$pAMrcZvnf82snB7mZk6yYg$IO2e2aDrDVQgfOw+5PnFfopwVEP9uZtMB4Lf2rJp2Z0",10000000
C-01883,Dang Van Khanh,dangkhanh1883@gmail.com,0979524962,Ha Noi,,STANDARD,ACTIVE,"$argon2id$v=19$m=19456,t=2,p=1$pAMrcZvnf82snB7mZk6yYg$IO2e2aDrDVQgfOw+5PnFfopwVEP9uZtMB4Lf2rJp2Z0",10000000
C-01884,Dang Van Trung,dangtrung1884@gmail.com,0947338377,Ha Noi,,STANDARD,ACTIVE,"$argon2id$v=19$m=19456,t=2,p=1$pAMrcZvnf82snB7mZk6yYg$IO2e2aDrDVQgfOw+5PnFfopwVEP9uZtMB4Lf2rJp2Z0",10000000
C-01885,Vo Van Minh,vominh1885@gmail.com,0968871489,Ha Noi,,STANDARD,ACTIVE,"$argon2id$v=19$m=19456,t=2,p=1$pAMrcZvnf82snB7mZk6yYg$IO2e2aDrDVQgfOw+5PnFfopwVEP9uZtMB4Lf2rJp2Z0",10000000
C-01886,Tran Van Hung,tranhung1886@gmail.com,0970102013,Ha Noi,,SILVER,ACTIVE,"$argon2id$v=19$m=19456,t=2,p=1$pAMrcZvnf82snB7mZk6yYg$IO2e2aDrDVQgfOw+5PnFfopwVEP9uZtMB4Lf2rJp2Z0",10000000
C-01887,Vu Van Trung,vutrung1887@gmail.com,0974235447,Ha Noi,,STANDARD,ACTIVE,"$argon2id$v=19$m=19456,t=2,p=1$pAMrcZvnf82snB7mZk6yYg$IO2e2aDrDVQgfOw+5PnFfopwVEP9uZtMB4Lf2rJp2Z0",10000000
C-01888,Pham Van Minh,phamminh1888@gmail.com,0940037712,Ha Noi,,STANDARD,ACTIVE,"$argon2id$v=19$m=19456,t=2,p=1$pAMrcZvnf82snB7mZk6yYg$IO2e2aDrDVQgfOw+5PnFfopwVEP9uZtMB4Lf2rJp2Z0",10000000
C-01889,Vu Van Thanh,vuthanh1889@gmail.com,0947286136,Ha Noi,,STANDARD,ACTIVE,"$argon2id$v=19$m=19456,t=2,p=1$pAMrcZvnf82snB7mZk6yYg$IO2e2aDrDVQgfOw+5PnFfopwVEP9uZtMB4Lf2rJp2Z0",10000000
C-01890,Phan Van Cuong,phancuong1890@gmail.com,0934088368,Ha Noi,,STANDARD,ACTIVE,"$argon2id$v=19$m=19456,t=2,p=1$pAMrcZvnf82snB7mZk6yYg$IO2e2aDrDVQgfOw+5PnFfopwVEP9uZtMB4Lf2rJp2Z0",10000000
C-01891,Tran Van Trung,trantrung1891@gmail.com,0995327376,Ha Noi,,GOLD,ACTIVE,"$argon2id$v=19$m=19456,t=2,p=1$pAMrcZvnf82snB7mZk6yYg$IO2e2aDrDVQgfOw+5PnFfopwVEP9uZtMB4Lf2rJp2Z0",10000000
C-01892,Nguyen Van Hieu,nguyenhieu1892@gmail.com,0950284079,Ha Noi,,STANDARD,ACTIVE,"$argon2id$v=19$m=19456,t=2,p=1$pAMrcZvnf82snB7mZk6yYg$IO2e2aDrDVQgfOw+5PnFfopwVEP9uZtMB4Lf2rJp2Z0",10000000
C-01893,Le Van Cuong,lecuong1893@gmail.com,0926156774,Ha Noi,,GOLD,ACTIVE,"$argon2id$v=19$m=19456,t=2,p=1$pAMrcZvnf82snB7mZk6yYg$IO2e2aDrDVQgfOw+5PnFfopwVEP9uZtMB4Lf2rJp2Z0",10000000
C-01894,Bui Van Hung,buihung1894@gmail.com,0926430436,Ha Noi,,STANDARD,ACTIVE,"$argon2id$v=19$m=19456,t=2,p=1$pAMrcZvnf82snB7mZk6yYg$IO2e2aDrDVQgfOw+5PnFfopwVEP9uZtMB4Lf2rJp2Z0",10000000
C-01895,Bui Van Binh,buibinh1895@gmail.com,0999980401,Ha Noi,,STANDARD,ACTIVE,"$argon2id$v=19$m=19456,t=2,p=1$pAMrcZvnf82snB7mZk6yYg$IO2e2aDrDVQgfOw+5PnFfopwVEP9uZtMB4Lf2rJp2Z0",10000000
C-01896,Bui Van Thanh,buithanh1896@gmail.com,0938101941,Ha Noi,,STANDARD,ACTIVE,"$argon2id$v=19$m=19456,t=2,p=1$pAMrcZvnf82snB7mZk6yYg$IO2e2aDrDVQgfOw+5PnFfopwVEP9uZtMB4Lf2rJp2Z0",10000000
C-01897,Tran Van Trung,trantrung1897@gmail.com,0927847890,Ha Noi,,STANDARD,ACTIVE,"$argon2id$v=19$m=19456,t=2,p=1$pAMrcZvnf82snB7mZk6yYg$IO2e2aDrDVQgfOw+5PnFfopwVEP9uZtMB4Lf2rJp2Z0",10000000
C-01898,Phan Van Khanh,phankhanh1898@gmail.com,0916369527,Ha Noi,,STANDARD,ACTIVE,"$argon2id$v=19$m=19456,t=2,p=1$pAMrcZvnf82snB7mZk6yYg$IO2e2aDrDVQgfOw+5PnFfopwVEP9uZtMB4Lf2rJp2Z0",10000000
C-01899,Pham Van Hung,phamhung1899@gmail.com,0943316470,Ha Noi,,GOLD,ACTIVE,"$argon2id$v=19$m=19456,t=2,p=1$pAMrcZvnf82snB7mZk6yYg$IO2e2aDrDVQgfOw+5PnFfopwVEP9uZtMB4Lf2rJp2Z0",10000000
C-01900,Vo Van Dung,vodung1900@gmail.com,0923453222,Ha Noi,,GOLD,ACTIVE,"$argon2id$v=19$m=19456,t=2,p=1$pAMrcZvnf82snB7mZk6yYg$IO2e2aDrDVQgfOw+5PnFfopwVEP9uZtMB4Lf2rJp2Z0",10000000
C-01901,Nguyen Van Trung,nguyentrung1901@gmail.com,0989231707,Ha Noi,,STANDARD,ACTIVE,"$argon2id$v=19$m=19456,t=2,p=1$pAMrcZvnf82snB7mZk6yYg$IO2e2aDrDVQgfOw+5PnFfopwVEP9uZtMB4Lf2rJp2Z0",10000000
C-01902,Tran Van Linh,tranlinh1902@gmail.com,0915005072,Ha Noi,,SILVER,ACTIVE,"$argon2id$v=19$m=19456,t=2,p=1$pAMrcZvnf82snB7mZk6yYg$IO2e2aDrDVQgfOw+5PnFfopwVEP9uZtMB4Lf2rJp2Z0",10000000
C-01903,Pham Van Dung,phamdung1903@gmail.com,0910365255,Ha Noi,,STANDARD,ACTIVE,"$argon2id$v=19$m=19456,t=2,p=1$pAMrcZvnf82snB7mZk6yYg$IO2e2aDrDVQgfOw+5PnFfopwVEP9uZtMB4Lf2rJp2Z0",10000000
C-01904,Le Van Linh,lelinh1904@gmail.com,0952774820,Ha Noi,,GOLD,ACTIVE,"$argon2id$v=19$m=19456,t=2,p=1$pAMrcZvnf82snB7mZk6yYg$IO2e2aDrDVQgfOw+5PnFfopwVEP9uZtMB4Lf2rJp2Z0",10000000
C-01905,Hoang Van Linh,hoanglinh1905@gmail.com,0911583650,Ha Noi,,SILVER,ACTIVE,"$argon2id$v=19$m=19456,t=2,p=1$pAMrcZvnf82snB7mZk6yYg$IO2e2aDrDVQgfOw+5PnFfopwVEP9uZtMB4Lf2rJp2Z0",10000000
C-01906,Nguyen Van Nam,nguyennam1906@gmail.com,0987659306,Ha Noi,,STANDARD,ACTIVE,"$argon2id$v=19$m=19456,t=2,p=1$pAMrcZvnf82snB7mZk6yYg$IO2e2aDrDVQgfOw+5PnFfopwVEP9uZtMB4Lf2rJp2Z0",10000000
C-01907,Le Van Dung,ledung1907@gmail.com,0953991147,Ha Noi,,GOLD,ACTIVE,"$argon2id$v=19$m=19456,t=2,p=1$pAMrcZvnf82snB7mZk6yYg$IO2e2aDrDVQgfOw+5PnFfopwVEP9uZtMB4Lf2rJp2Z0",10000000
C-01908,Hoang Van Trung,hoangtrung1908@gmail.com,0973031821,Ha Noi,,STANDARD,ACTIVE,"$argon2id$v=19$m=19456,t=2,p=1$pAMrcZvnf82snB7mZk6yYg$IO2e2aDrDVQgfOw+5PnFfopwVEP9uZtMB4Lf2rJp2Z0",10000000
C-01909,Tran Van Hieu,tranhieu1909@gmail.com,0930779189,Ha Noi,,SILVER,ACTIVE,"$argon2id$v=19$m=19456,t=2,p=1$pAMrcZvnf82snB7mZk6yYg$IO2e2aDrDVQgfOw+5PnFfopwVEP9uZtMB4Lf2rJp2Z0",10000000
C-01910,Nguyen Van Nam,nguyennam1910@gmail.com,0983585456,Ha Noi,,STANDARD,ACTIVE,"$argon2id$v=19$m=19456,t=2,p=1$pAMrcZvnf82snB7mZk6yYg$IO2e2aDrDVQgfOw+5PnFfopwVEP9uZtMB4Lf2rJp2Z0",10000000
C-01911,Nguyen Van Quang,nguyenquang1911@gmail.com,0991666779,Ha Noi,,STANDARD,ACTIVE,"$argon2id$v=19$m=19456,t=2,p=1$pAMrcZvnf82snB7mZk6yYg$IO2e2aDrDVQgfOw+5PnFfopwVEP9uZtMB4Lf2rJp2Z0",10000000
C-01912,Vu Van Nam,vunam1912@gmail.com,0992484382,Ha Noi,,STANDARD,ACTIVE,"$argon2id$v=19$m=19456,t=2,p=1$pAMrcZvnf82snB7mZk6yYg$IO2e2aDrDVQgfOw+5PnFfopwVEP9uZtMB4Lf2rJp2Z0",10000000
C-01913,Vu Van Phuc,vuphuc1913@gmail.com,0931381420,Ha Noi,,GOLD,ACTIVE,"$argon2id$v=19$m=19456,t=2,p=1$pAMrcZvnf82snB7mZk6yYg$IO2e2aDrDVQgfOw+5PnFfopwVEP9uZtMB4Lf2rJp2Z0",10000000
C-01914,Vo Van Hieu,vohieu1914@gmail.com,0917620387,Ha Noi,,DIAMOND,ACTIVE,"$argon2id$v=19$m=19456,t=2,p=1$pAMrcZvnf82snB7mZk6yYg$IO2e2aDrDVQgfOw+5PnFfopwVEP9uZtMB4Lf2rJp2Z0",10000000
C-01915,Le Van Trung,letrung1915@gmail.com,0927563775,Ha Noi,,STANDARD,ACTIVE,"$argon2id$v=19$m=19456,t=2,p=1$pAMrcZvnf82snB7mZk6yYg$IO2e2aDrDVQgfOw+5PnFfopwVEP9uZtMB4Lf2rJp2Z0",10000000
C-01916,Tran Van Hung,tranhung1916@gmail.com,0969975207,Ha Noi,,STANDARD,ACTIVE,"$argon2id$v=19$m=19456,t=2,p=1$pAMrcZvnf82snB7mZk6yYg$IO2e2aDrDVQgfOw+5PnFfopwVEP9uZtMB4Lf2rJp2Z0",10000000
C-01917,Pham Van Khanh,phamkhanh1917@gmail.com,0974328826,Ha Noi,,SILVER,ACTIVE,"$argon2id$v=19$m=19456,t=2,p=1$pAMrcZvnf82snB7mZk6yYg$IO2e2aDrDVQgfOw+5PnFfopwVEP9uZtMB4Lf2rJp2Z0",10000000
C-01918,Nguyen Van Trung,nguyentrung1918@gmail.com,0972414318,Ha Noi,,STANDARD,ACTIVE,"$argon2id$v=19$m=19456,t=2,p=1$pAMrcZvnf82snB7mZk6yYg$IO2e2aDrDVQgfOw+5PnFfopwVEP9uZtMB4Lf2rJp2Z0",10000000
C-01919,Hoang Van Anh,hoanganh1919@gmail.com,0991166173,Ha Noi,,SILVER,ACTIVE,"$argon2id$v=19$m=19456,t=2,p=1$pAMrcZvnf82snB7mZk6yYg$IO2e2aDrDVQgfOw+5PnFfopwVEP9uZtMB4Lf2rJp2Z0",10000000
C-01920,Tran Van Son,transon1920@gmail.com,0977783824,Ha Noi,,SILVER,ACTIVE,"$argon2id$v=19$m=19456,t=2,p=1$pAMrcZvnf82snB7mZk6yYg$IO2e2aDrDVQgfOw+5PnFfopwVEP9uZtMB4Lf2rJp2Z0",10000000
C-01921,Hoang Van Trung,hoangtrung1921@gmail.com,0960798241,Ha Noi,,DIAMOND,ACTIVE,"$argon2id$v=19$m=19456,t=2,p=1$pAMrcZvnf82snB7mZk6yYg$IO2e2aDrDVQgfOw+5PnFfopwVEP9uZtMB4Lf2rJp2Z0",10000000
C-01922,Hoang Van Cuong,hoangcuong1922@gmail.com,0918960694,Ha Noi,,SILVER,ACTIVE,"$argon2id$v=19$m=19456,t=2,p=1$pAMrcZvnf82snB7mZk6yYg$IO2e2aDrDVQgfOw+5PnFfopwVEP9uZtMB4Lf2rJp2Z0",10000000
C-01923,Hoang Van Linh,hoanglinh1923@gmail.com,0926740746,Ha Noi,,STANDARD,ACTIVE,"$argon2id$v=19$m=19456,t=2,p=1$pAMrcZvnf82snB7mZk6yYg$IO2e2aDrDVQgfOw+5PnFfopwVEP9uZtMB4Lf2rJp2Z0",10000000
C-01924,Hoang Van Thanh,hoangthanh1924@gmail.com,0989702529,Ha Noi,,STANDARD,ACTIVE,"$argon2id$v=19$m=19456,t=2,p=1$pAMrcZvnf82snB7mZk6yYg$IO2e2aDrDVQgfOw+5PnFfopwVEP9uZtMB4Lf2rJp2Z0",10000000
C-01925,Dang Van Nam,dangnam1925@gmail.com,0945870535,Ha Noi,,STANDARD,ACTIVE,"$argon2id$v=19$m=19456,t=2,p=1$pAMrcZvnf82snB7mZk6yYg$IO2e2aDrDVQgfOw+5PnFfopwVEP9uZtMB4Lf2rJp2Z0",10000000
C-01926,Phan Van Linh,phanlinh1926@gmail.com,0999139185,Ha Noi,,STANDARD,ACTIVE,"$argon2id$v=19$m=19456,t=2,p=1$pAMrcZvnf82snB7mZk6yYg$IO2e2aDrDVQgfOw+5PnFfopwVEP9uZtMB4Lf2rJp2Z0",10000000
C-01927,Dang Van Binh,dangbinh1927@gmail.com,0951004641,Ha Noi,,STANDARD,ACTIVE,"$argon2id$v=19$m=19456,t=2,p=1$pAMrcZvnf82snB7mZk6yYg$IO2e2aDrDVQgfOw+5PnFfopwVEP9uZtMB4Lf2rJp2Z0",10000000
C-01928,Phan Van Binh,phanbinh1928@gmail.com,0957444419,Ha Noi,,STANDARD,ACTIVE,"$argon2id$v=19$m=19456,t=2,p=1$pAMrcZvnf82snB7mZk6yYg$IO2e2aDrDVQgfOw+5PnFfopwVEP9uZtMB4Lf2rJp2Z0",10000000
C-01929,Le Van Hung,lehung1929@gmail.com,0919402864,Ha Noi,,GOLD,ACTIVE,"$argon2id$v=19$m=19456,t=2,p=1$pAMrcZvnf82snB7mZk6yYg$IO2e2aDrDVQgfOw+5PnFfopwVEP9uZtMB4Lf2rJp2Z0",10000000
C-01930,Bui Van Phuc,buiphuc1930@gmail.com,0948786014,Ha Noi,,GOLD,ACTIVE,"$argon2id$v=19$m=19456,t=2,p=1$pAMrcZvnf82snB7mZk6yYg$IO2e2aDrDVQgfOw+5PnFfopwVEP9uZtMB4Lf2rJp2Z0",10000000
C-01931,Phan Van Anh,phananh1931@gmail.com,0988656850,Ha Noi,,DIAMOND,ACTIVE,"$argon2id$v=19$m=19456,t=2,p=1$pAMrcZvnf82snB7mZk6yYg$IO2e2aDrDVQgfOw+5PnFfopwVEP9uZtMB4Lf2rJp2Z0",10000000
C-01932,Bui Van Khanh,buikhanh1932@gmail.com,0987001926,Ha Noi,,SILVER,ACTIVE,"$argon2id$v=19$m=19456,t=2,p=1$pAMrcZvnf82snB7mZk6yYg$IO2e2aDrDVQgfOw+5PnFfopwVEP9uZtMB4Lf2rJp2Z0",10000000
C-01933,Bui Van Linh,builinh1933@gmail.com,0945540923,Ha Noi,,GOLD,ACTIVE,"$argon2id$v=19$m=19456,t=2,p=1$pAMrcZvnf82snB7mZk6yYg$IO2e2aDrDVQgfOw+5PnFfopwVEP9uZtMB4Lf2rJp2Z0",10000000
C-01934,Pham Van Minh,phamminh1934@gmail.com,0955990234,Ha Noi,,STANDARD,ACTIVE,"$argon2id$v=19$m=19456,t=2,p=1$pAMrcZvnf82snB7mZk6yYg$IO2e2aDrDVQgfOw+5PnFfopwVEP9uZtMB4Lf2rJp2Z0",10000000
C-01935,Dang Van Anh,danganh1935@gmail.com,0952939974,Ha Noi,,STANDARD,ACTIVE,"$argon2id$v=19$m=19456,t=2,p=1$pAMrcZvnf82snB7mZk6yYg$IO2e2aDrDVQgfOw+5PnFfopwVEP9uZtMB4Lf2rJp2Z0",10000000
C-01936,Hoang Van Cuong,hoangcuong1936@gmail.com,0984952204,Ha Noi,,GOLD,ACTIVE,"$argon2id$v=19$m=19456,t=2,p=1$pAMrcZvnf82snB7mZk6yYg$IO2e2aDrDVQgfOw+5PnFfopwVEP9uZtMB4Lf2rJp2Z0",10000000
C-01937,Vo Van Linh,volinh1937@gmail.com,0935839820,Ha Noi,,STANDARD,ACTIVE,"$argon2id$v=19$m=19456,t=2,p=1$pAMrcZvnf82snB7mZk6yYg$IO2e2aDrDVQgfOw+5PnFfopwVEP9uZtMB4Lf2rJp2Z0",10000000
C-01938,Vu Van Dung,vudung1938@gmail.com,0911036017,Ha Noi,,STANDARD,ACTIVE,"$argon2id$v=19$m=19456,t=2,p=1$pAMrcZvnf82snB7mZk6yYg$IO2e2aDrDVQgfOw+5PnFfopwVEP9uZtMB4Lf2rJp2Z0",10000000
C-01939,Phan Van Quang,phanquang1939@gmail.com,0948387874,Ha Noi,,STANDARD,ACTIVE,"$argon2id$v=19$m=19456,t=2,p=1$pAMrcZvnf82snB7mZk6yYg$IO2e2aDrDVQgfOw+5PnFfopwVEP9uZtMB4Lf2rJp2Z0",10000000
C-01940,Nguyen Van Thanh,nguyenthanh1940@gmail.com,0937834826,Ha Noi,,STANDARD,ACTIVE,"$argon2id$v=19$m=19456,t=2,p=1$pAMrcZvnf82snB7mZk6yYg$IO2e2aDrDVQgfOw+5PnFfopwVEP9uZtMB4Lf2rJp2Z0",10000000
C-01941,Le Van Son,leson1941@gmail.com,0932687482,Ha Noi,,STANDARD,ACTIVE,"$argon2id$v=19$m=19456,t=2,p=1$pAMrcZvnf82snB7mZk6yYg$IO2e2aDrDVQgfOw+5PnFfopwVEP9uZtMB4Lf2rJp2Z0",10000000
C-01942,Dang Van Quang,dangquang1942@gmail.com,0960525622,Ha Noi,,STANDARD,ACTIVE,"$argon2id$v=19$m=19456,t=2,p=1$pAMrcZvnf82snB7mZk6yYg$IO2e2aDrDVQgfOw+5PnFfopwVEP9uZtMB4Lf2rJp2Z0",10000000
C-01943,Nguyen Van Cuong,nguyencuong1943@gmail.com,0992337148,Ha Noi,,SILVER,ACTIVE,"$argon2id$v=19$m=19456,t=2,p=1$pAMrcZvnf82snB7mZk6yYg$IO2e2aDrDVQgfOw+5PnFfopwVEP9uZtMB4Lf2rJp2Z0",10000000
C-01944,Nguyen Van Dung,nguyendung1944@gmail.com,0986641505,Ha Noi,,GOLD,ACTIVE,"$argon2id$v=19$m=19456,t=2,p=1$pAMrcZvnf82snB7mZk6yYg$IO2e2aDrDVQgfOw+5PnFfopwVEP9uZtMB4Lf2rJp2Z0",10000000
C-01945,Bui Van Anh,buianh1945@gmail.com,0917846097,Ha Noi,,STANDARD,ACTIVE,"$argon2id$v=19$m=19456,t=2,p=1$pAMrcZvnf82snB7mZk6yYg$IO2e2aDrDVQgfOw+5PnFfopwVEP9uZtMB4Lf2rJp2Z0",10000000
C-01946,Pham Van Anh,phamanh1946@gmail.com,0951222320,Ha Noi,,SILVER,ACTIVE,"$argon2id$v=19$m=19456,t=2,p=1$pAMrcZvnf82snB7mZk6yYg$IO2e2aDrDVQgfOw+5PnFfopwVEP9uZtMB4Lf2rJp2Z0",10000000
C-01947,Phan Van Nam,phannam1947@gmail.com,0975698922,Ha Noi,,STANDARD,ACTIVE,"$argon2id$v=19$m=19456,t=2,p=1$pAMrcZvnf82snB7mZk6yYg$IO2e2aDrDVQgfOw+5PnFfopwVEP9uZtMB4Lf2rJp2Z0",10000000
C-01948,Phan Van Cuong,phancuong1948@gmail.com,0996742607,Ha Noi,,STANDARD,ACTIVE,"$argon2id$v=19$m=19456,t=2,p=1$pAMrcZvnf82snB7mZk6yYg$IO2e2aDrDVQgfOw+5PnFfopwVEP9uZtMB4Lf2rJp2Z0",10000000
C-01949,Dang Van Quang,dangquang1949@gmail.com,0944095433,Ha Noi,,STANDARD,ACTIVE,"$argon2id$v=19$m=19456,t=2,p=1$pAMrcZvnf82snB7mZk6yYg$IO2e2aDrDVQgfOw+5PnFfopwVEP9uZtMB4Lf2rJp2Z0",10000000
C-01950,Pham Van Son,phamson1950@gmail.com,0974965144,Ha Noi,,GOLD,ACTIVE,"$argon2id$v=19$m=19456,t=2,p=1$pAMrcZvnf82snB7mZk6yYg$IO2e2aDrDVQgfOw+5PnFfopwVEP9uZtMB4Lf2rJp2Z0",10000000
C-01951,Dang Van Hung,danghung1951@gmail.com,0959082074,Ha Noi,,STANDARD,ACTIVE,"$argon2id$v=19$m=19456,t=2,p=1$pAMrcZvnf82snB7mZk6yYg$IO2e2aDrDVQgfOw+5PnFfopwVEP9uZtMB4Lf2rJp2Z0",10000000
C-01952,Dang Van Linh,danglinh1952@gmail.com,0929194638,Ha Noi,,STANDARD,ACTIVE,"$argon2id$v=19$m=19456,t=2,p=1$pAMrcZvnf82snB7mZk6yYg$IO2e2aDrDVQgfOw+5PnFfopwVEP9uZtMB4Lf2rJp2Z0",10000000
C-01953,Dang Van Cuong,dangcuong1953@gmail.com,0957472968,Ha Noi,,GOLD,ACTIVE,"$argon2id$v=19$m=19456,t=2,p=1$pAMrcZvnf82snB7mZk6yYg$IO2e2aDrDVQgfOw+5PnFfopwVEP9uZtMB4Lf2rJp2Z0",10000000
C-01954,Dang Van Trung,dangtrung1954@gmail.com,0982660080,Ha Noi,,SILVER,ACTIVE,"$argon2id$v=19$m=19456,t=2,p=1$pAMrcZvnf82snB7mZk6yYg$IO2e2aDrDVQgfOw+5PnFfopwVEP9uZtMB4Lf2rJp2Z0",10000000
C-01955,Phan Van Hung,phanhung1955@gmail.com,0954292717,Ha Noi,,SILVER,ACTIVE,"$argon2id$v=19$m=19456,t=2,p=1$pAMrcZvnf82snB7mZk6yYg$IO2e2aDrDVQgfOw+5PnFfopwVEP9uZtMB4Lf2rJp2Z0",10000000
C-01956,Bui Van Thanh,buithanh1956@gmail.com,0918686294,Ha Noi,,STANDARD,ACTIVE,"$argon2id$v=19$m=19456,t=2,p=1$pAMrcZvnf82snB7mZk6yYg$IO2e2aDrDVQgfOw+5PnFfopwVEP9uZtMB4Lf2rJp2Z0",10000000
C-01957,Tran Van Cuong,trancuong1957@gmail.com,0944850127,Ha Noi,,STANDARD,ACTIVE,"$argon2id$v=19$m=19456,t=2,p=1$pAMrcZvnf82snB7mZk6yYg$IO2e2aDrDVQgfOw+5PnFfopwVEP9uZtMB4Lf2rJp2Z0",10000000
C-01958,Bui Van Trung,buitrung1958@gmail.com,0919573559,Ha Noi,,SILVER,ACTIVE,"$argon2id$v=19$m=19456,t=2,p=1$pAMrcZvnf82snB7mZk6yYg$IO2e2aDrDVQgfOw+5PnFfopwVEP9uZtMB4Lf2rJp2Z0",10000000
C-01959,Le Van Binh,lebinh1959@gmail.com,0932554554,Ha Noi,,SILVER,ACTIVE,"$argon2id$v=19$m=19456,t=2,p=1$pAMrcZvnf82snB7mZk6yYg$IO2e2aDrDVQgfOw+5PnFfopwVEP9uZtMB4Lf2rJp2Z0",10000000
C-01960,Dang Van Hung,danghung1960@gmail.com,0932125779,Ha Noi,,STANDARD,ACTIVE,"$argon2id$v=19$m=19456,t=2,p=1$pAMrcZvnf82snB7mZk6yYg$IO2e2aDrDVQgfOw+5PnFfopwVEP9uZtMB4Lf2rJp2Z0",10000000
C-01961,Dang Van Cuong,dangcuong1961@gmail.com,0972196174,Ha Noi,,STANDARD,ACTIVE,"$argon2id$v=19$m=19456,t=2,p=1$pAMrcZvnf82snB7mZk6yYg$IO2e2aDrDVQgfOw+5PnFfopwVEP9uZtMB4Lf2rJp2Z0",10000000
C-01962,Hoang Van Phuc,hoangphuc1962@gmail.com,0989630999,Ha Noi,,SILVER,ACTIVE,"$argon2id$v=19$m=19456,t=2,p=1$pAMrcZvnf82snB7mZk6yYg$IO2e2aDrDVQgfOw+5PnFfopwVEP9uZtMB4Lf2rJp2Z0",10000000
C-01963,Dang Van Trung,dangtrung1963@gmail.com,0959036517,Ha Noi,,SILVER,ACTIVE,"$argon2id$v=19$m=19456,t=2,p=1$pAMrcZvnf82snB7mZk6yYg$IO2e2aDrDVQgfOw+5PnFfopwVEP9uZtMB4Lf2rJp2Z0",10000000
C-01964,Nguyen Van Anh,nguyenanh1964@gmail.com,0924314463,Ha Noi,,SILVER,ACTIVE,"$argon2id$v=19$m=19456,t=2,p=1$pAMrcZvnf82snB7mZk6yYg$IO2e2aDrDVQgfOw+5PnFfopwVEP9uZtMB4Lf2rJp2Z0",10000000
C-01965,Vo Van Dung,vodung1965@gmail.com,0984057697,Ha Noi,,GOLD,ACTIVE,"$argon2id$v=19$m=19456,t=2,p=1$pAMrcZvnf82snB7mZk6yYg$IO2e2aDrDVQgfOw+5PnFfopwVEP9uZtMB4Lf2rJp2Z0",10000000
C-01966,Vo Van Trung,votrung1966@gmail.com,0979211538,Ha Noi,,STANDARD,ACTIVE,"$argon2id$v=19$m=19456,t=2,p=1$pAMrcZvnf82snB7mZk6yYg$IO2e2aDrDVQgfOw+5PnFfopwVEP9uZtMB4Lf2rJp2Z0",10000000
C-01967,Vu Van Minh,vuminh1967@gmail.com,0991040617,Ha Noi,,GOLD,ACTIVE,"$argon2id$v=19$m=19456,t=2,p=1$pAMrcZvnf82snB7mZk6yYg$IO2e2aDrDVQgfOw+5PnFfopwVEP9uZtMB4Lf2rJp2Z0",10000000
C-01968,Dang Van Minh,dangminh1968@gmail.com,0999307840,Ha Noi,,STANDARD,ACTIVE,"$argon2id$v=19$m=19456,t=2,p=1$pAMrcZvnf82snB7mZk6yYg$IO2e2aDrDVQgfOw+5PnFfopwVEP9uZtMB4Lf2rJp2Z0",10000000
C-01969,Bui Van Linh,builinh1969@gmail.com,0952914514,Ha Noi,,STANDARD,ACTIVE,"$argon2id$v=19$m=19456,t=2,p=1$pAMrcZvnf82snB7mZk6yYg$IO2e2aDrDVQgfOw+5PnFfopwVEP9uZtMB4Lf2rJp2Z0",10000000
C-01970,Pham Van Phuc,phamphuc1970@gmail.com,0937378265,Ha Noi,,STANDARD,ACTIVE,"$argon2id$v=19$m=19456,t=2,p=1$pAMrcZvnf82snB7mZk6yYg$IO2e2aDrDVQgfOw+5PnFfopwVEP9uZtMB4Lf2rJp2Z0",10000000
C-01971,Pham Van Cuong,phamcuong1971@gmail.com,0936486157,Ha Noi,,STANDARD,ACTIVE,"$argon2id$v=19$m=19456,t=2,p=1$pAMrcZvnf82snB7mZk6yYg$IO2e2aDrDVQgfOw+5PnFfopwVEP9uZtMB4Lf2rJp2Z0",10000000
C-01972,Pham Van Dung,phamdung1972@gmail.com,0951632642,Ha Noi,,STANDARD,ACTIVE,"$argon2id$v=19$m=19456,t=2,p=1$pAMrcZvnf82snB7mZk6yYg$IO2e2aDrDVQgfOw+5PnFfopwVEP9uZtMB4Lf2rJp2Z0",10000000
C-01973,Pham Van Binh,phambinh1973@gmail.com,0945525603,Ha Noi,,STANDARD,ACTIVE,"$argon2id$v=19$m=19456,t=2,p=1$pAMrcZvnf82snB7mZk6yYg$IO2e2aDrDVQgfOw+5PnFfopwVEP9uZtMB4Lf2rJp2Z0",10000000
C-01974,Dang Van Binh,dangbinh1974@gmail.com,0983882758,Ha Noi,,STANDARD,ACTIVE,"$argon2id$v=19$m=19456,t=2,p=1$pAMrcZvnf82snB7mZk6yYg$IO2e2aDrDVQgfOw+5PnFfopwVEP9uZtMB4Lf2rJp2Z0",10000000
C-01975,Hoang Van Hung,hoanghung1975@gmail.com,0918379478,Ha Noi,,STANDARD,ACTIVE,"$argon2id$v=19$m=19456,t=2,p=1$pAMrcZvnf82snB7mZk6yYg$IO2e2aDrDVQgfOw+5PnFfopwVEP9uZtMB4Lf2rJp2Z0",10000000
C-01976,Dang Van Son,dangson1976@gmail.com,0947235158,Ha Noi,,STANDARD,ACTIVE,"$argon2id$v=19$m=19456,t=2,p=1$pAMrcZvnf82snB7mZk6yYg$IO2e2aDrDVQgfOw+5PnFfopwVEP9uZtMB4Lf2rJp2Z0",10000000
C-01977,Nguyen Van Anh,nguyenanh1977@gmail.com,0958471629,Ha Noi,,STANDARD,ACTIVE,"$argon2id$v=19$m=19456,t=2,p=1$pAMrcZvnf82snB7mZk6yYg$IO2e2aDrDVQgfOw+5PnFfopwVEP9uZtMB4Lf2rJp2Z0",10000000
C-01978,Bui Van Binh,buibinh1978@gmail.com,0948922735,Ha Noi,,GOLD,ACTIVE,"$argon2id$v=19$m=19456,t=2,p=1$pAMrcZvnf82snB7mZk6yYg$IO2e2aDrDVQgfOw+5PnFfopwVEP9uZtMB4Lf2rJp2Z0",10000000
C-01979,Tran Van Trung,trantrung1979@gmail.com,0987170902,Ha Noi,,GOLD,ACTIVE,"$argon2id$v=19$m=19456,t=2,p=1$pAMrcZvnf82snB7mZk6yYg$IO2e2aDrDVQgfOw+5PnFfopwVEP9uZtMB4Lf2rJp2Z0",10000000
C-01980,Vu Van Minh,vuminh1980@gmail.com,0953164251,Ha Noi,,DIAMOND,ACTIVE,"$argon2id$v=19$m=19456,t=2,p=1$pAMrcZvnf82snB7mZk6yYg$IO2e2aDrDVQgfOw+5PnFfopwVEP9uZtMB4Lf2rJp2Z0",10000000
C-01981,Bui Van Phuc,buiphuc1981@gmail.com,0994838821,Ha Noi,,STANDARD,ACTIVE,"$argon2id$v=19$m=19456,t=2,p=1$pAMrcZvnf82snB7mZk6yYg$IO2e2aDrDVQgfOw+5PnFfopwVEP9uZtMB4Lf2rJp2Z0",10000000
C-01982,Phan Van Linh,phanlinh1982@gmail.com,0943764902,Ha Noi,,SILVER,ACTIVE,"$argon2id$v=19$m=19456,t=2,p=1$pAMrcZvnf82snB7mZk6yYg$IO2e2aDrDVQgfOw+5PnFfopwVEP9uZtMB4Lf2rJp2Z0",10000000
C-01983,Tran Van Hieu,tranhieu1983@gmail.com,0918145766,Ha Noi,,STANDARD,ACTIVE,"$argon2id$v=19$m=19456,t=2,p=1$pAMrcZvnf82snB7mZk6yYg$IO2e2aDrDVQgfOw+5PnFfopwVEP9uZtMB4Lf2rJp2Z0",10000000
C-01984,Vu Van Dung,vudung1984@gmail.com,0947100477,Ha Noi,,GOLD,ACTIVE,"$argon2id$v=19$m=19456,t=2,p=1$pAMrcZvnf82snB7mZk6yYg$IO2e2aDrDVQgfOw+5PnFfopwVEP9uZtMB4Lf2rJp2Z0",10000000
C-01985,Phan Van Anh,phananh1985@gmail.com,0981512381,Ha Noi,,STANDARD,ACTIVE,"$argon2id$v=19$m=19456,t=2,p=1$pAMrcZvnf82snB7mZk6yYg$IO2e2aDrDVQgfOw+5PnFfopwVEP9uZtMB4Lf2rJp2Z0",10000000
C-01986,Tran Van Nam,trannam1986@gmail.com,0910054019,Ha Noi,,SILVER,ACTIVE,"$argon2id$v=19$m=19456,t=2,p=1$pAMrcZvnf82snB7mZk6yYg$IO2e2aDrDVQgfOw+5PnFfopwVEP9uZtMB4Lf2rJp2Z0",10000000
C-01987,Tran Van Nam,trannam1987@gmail.com,0921862949,Ha Noi,,STANDARD,ACTIVE,"$argon2id$v=19$m=19456,t=2,p=1$pAMrcZvnf82snB7mZk6yYg$IO2e2aDrDVQgfOw+5PnFfopwVEP9uZtMB4Lf2rJp2Z0",10000000
C-01988,Vu Van Quang,vuquang1988@gmail.com,0966935078,Ha Noi,,GOLD,ACTIVE,"$argon2id$v=19$m=19456,t=2,p=1$pAMrcZvnf82snB7mZk6yYg$IO2e2aDrDVQgfOw+5PnFfopwVEP9uZtMB4Lf2rJp2Z0",10000000
C-01989,Dang Van Anh,danganh1989@gmail.com,0969058633,Ha Noi,,DIAMOND,ACTIVE,"$argon2id$v=19$m=19456,t=2,p=1$pAMrcZvnf82snB7mZk6yYg$IO2e2aDrDVQgfOw+5PnFfopwVEP9uZtMB4Lf2rJp2Z0",10000000
C-01990,Hoang Van Anh,hoanganh1990@gmail.com,0927795543,Ha Noi,,STANDARD,ACTIVE,"$argon2id$v=19$m=19456,t=2,p=1$pAMrcZvnf82snB7mZk6yYg$IO2e2aDrDVQgfOw+5PnFfopwVEP9uZtMB4Lf2rJp2Z0",10000000
C-01991,Vo Van Cuong,vocuong1991@gmail.com,0950521043,Ha Noi,,STANDARD,ACTIVE,"$argon2id$v=19$m=19456,t=2,p=1$pAMrcZvnf82snB7mZk6yYg$IO2e2aDrDVQgfOw+5PnFfopwVEP9uZtMB4Lf2rJp2Z0",10000000
C-01992,Le Van Cuong,lecuong1992@gmail.com,0975528936,Ha Noi,,STANDARD,ACTIVE,"$argon2id$v=19$m=19456,t=2,p=1$pAMrcZvnf82snB7mZk6yYg$IO2e2aDrDVQgfOw+5PnFfopwVEP9uZtMB4Lf2rJp2Z0",10000000
C-01993,Tran Van Hung,tranhung1993@gmail.com,0929107618,Ha Noi,,GOLD,ACTIVE,"$argon2id$v=19$m=19456,t=2,p=1$pAMrcZvnf82snB7mZk6yYg$IO2e2aDrDVQgfOw+5PnFfopwVEP9uZtMB4Lf2rJp2Z0",10000000
C-01994,Le Van Phuc,lephuc1994@gmail.com,0984997046,Ha Noi,,SILVER,ACTIVE,"$argon2id$v=19$m=19456,t=2,p=1$pAMrcZvnf82snB7mZk6yYg$IO2e2aDrDVQgfOw+5PnFfopwVEP9uZtMB4Lf2rJp2Z0",10000000
C-01995,Vu Van Linh,vulinh1995@gmail.com,0935931527,Ha Noi,,STANDARD,ACTIVE,"$argon2id$v=19$m=19456,t=2,p=1$pAMrcZvnf82snB7mZk6yYg$IO2e2aDrDVQgfOw+5PnFfopwVEP9uZtMB4Lf2rJp2Z0",10000000
C-01996,Vu Van Phuc,vuphuc1996@gmail.com,0952021313,Ha Noi,,STANDARD,ACTIVE,"$argon2id$v=19$m=19456,t=2,p=1$pAMrcZvnf82snB7mZk6yYg$IO2e2aDrDVQgfOw+5PnFfopwVEP9uZtMB4Lf2rJp2Z0",10000000
C-01997,Hoang Van Dung,hoangdung1997@gmail.com,0948111404,Ha Noi,,STANDARD,ACTIVE,"$argon2id$v=19$m=19456,t=2,p=1$pAMrcZvnf82snB7mZk6yYg$IO2e2aDrDVQgfOw+5PnFfopwVEP9uZtMB4Lf2rJp2Z0",10000000
C-01998,Nguyen Van Phuc,nguyenphuc1998@gmail.com,0937114319,Ha Noi,,STANDARD,ACTIVE,"$argon2id$v=19$m=19456,t=2,p=1$pAMrcZvnf82snB7mZk6yYg$IO2e2aDrDVQgfOw+5PnFfopwVEP9uZtMB4Lf2rJp2Z0",10000000
C-01999,Dang Van Trung,dangtrung1999@gmail.com,0945254783,Ha Noi,,STANDARD,ACTIVE,"$argon2id$v=19$m=19456,t=2,p=1$pAMrcZvnf82snB7mZk6yYg$IO2e2aDrDVQgfOw+5PnFfopwVEP9uZtMB4Lf2rJp2Z0",10000000
C-02000,Pham Van Binh,phambinh2000@gmail.com,0938011534,Ha Noi,,STANDARD,ACTIVE,"$argon2id$v=19$m=19456,t=2,p=1$pAMrcZvnf82snB7mZk6yYg$IO2e2aDrDVQgfOw+5PnFfopwVEP9uZtMB4Lf2rJp2Z0",10000000
