detailId,orderId,productId,quantity,unitPrice,subtotal
D-000001,O-00001,P-04089,1,2649000,2649000
D-000002,O-00002,P-01413,1,2074000,2074000
D-000003,O-00003,P-00087,2,1314000,2628000
D-000004,O-00004,P-03113,2,679000,1358000
D-000005,O-00005,P-00585,2,1632000,3264000
D-000006,O-00006,P-04023,2,1084000,2168000
D-000007,O-00007,P-02777,2,1625000,3250000
D-000008,O-00008,P-00548,2,994000,1988000
D-000009,O-00009,P-02632,1,1898000,1898000
D-000010,O-00010,P-01829,1,811000,811000
D-000011,O-00011,P-04853,2,1759000,3518000
D-000012,O-00012,P-00022,1,2911000,2911000
D-000013,O-00013,P-01617,2,694000,1388000
D-000014,O-00014,P-01269,1,2158000,2158000
D-000015,O-00015,P-01966,2,2825000,5650000
D-000016,O-00016,P-04455,1,1222000,1222000
D-000017,O-00017,P-04782,1,825000,825000
D-000018,O-00018,P-02164,2,2353000,4706000
D-000019,O-00019,P-00674,1,2297000,2297000
D-000020,O-00020,P-02070,2,1821000,3642000
D-000021,O-00021,P-04064,1,2959000,2959000
D-000022,O-00022,P-01568,1,621000,621000
D-000023,O-00023,P-01218,2,2371000,4742000
D-000024,O-00024,P-02897,1,1089000,1089000
D-000025,O-00025,P-03024,2,2372000,4744000
D-000026,O-00026,P-04381,2,107000,214000
D-000027,O-00027,P-02701,2,651000,1302000
D-000028,O-00028,P-03101,1,1951000,1951000
D-000029,O-00029,P-02310,2,2872000,5744000
D-000030,O-00030,P-00705,2,2134000,4268000
D-000031,O-00031,P-02687,2,1330000,2660000
D-000032,O-00032,P-04412,2,1789000,3578000
D-000033,O-00033,P-01049,1,545000,545000
D-000034,O-00034,P-04959,1,1222000,1222000
D-000035,O-00035,P-00492,2,372000,744000
D-000036,O-00036,P-00466,2,2841000,5682000
D-000037,O-00037,P-03955,2,2769000,5538000
D-000038,O-00038,P-00492,2,2441000,4882000
D-000039,O-00039,P-00569,2,1279000,2558000
D-000040,O-00040,P-00524,1,1295000,1295000
D-000041,O-00041,P-01605,2,294000,588000
D-000042,O-00042,P-02811,1,910000,910000
D-000043,O-00043,P-01327,1,2844000,2844000
D-000044,O-00044,P-04377,1,2143000,2143000
D-000045,O-00045,P-03739,2,56000,112000
D-000046,O-00046,P-00264,1,327000,327000
D-000047,O-00047,P-03502,2,2586000,5172000
D-000048,O-00048,P-00778,1,413000,413000
D-000049,O-00049,P-00314,1,2931000,2931000
D-000050,O-00050,P-01642,2,1456000,2912000
D-000051,O-00051,P-00295,1,2518000,2518000
D-000052,O-00052,P-04633,2,2805000,5610000
D-000053,O-00053,P-04025,2,2543000,5086000
D-000054,O-00054,P-03535,1,1269000,1269000
D-000055,O-00055,P-02059,2,1583000,3166000
D-000056,O-00056,P-00204,2,1907000,3814000
D-000057,O-00057,P-04693,2,345000,690000
D-000058,O-00058,P-02725,2,2122000,4244000
D-000059,O-00059,P-02361,1,2617000,2617000
D-000060,O-00060,P-04330,1,66000,66000
D-000061,O-00061,P-02741,1,2108000,2108000
D-000062,O-00062,P-01181,1,2385000,2385000
D-000063,O-00063,P-01342,1,1700000,1700000
D-000064,O-00064,P-04910,2,2430000,4860000
D-000065,O-00065,P-00244,2,1523000,3046000
D-000066,O-00066,P-03778,1,1186000,1186000
D-000067,O-00067,P-03957,2,645000,1290000
D-000068,O-00068,P-03240,1,706000,706000
D-000069,O-00069,P-00919,1,1726000,1726000
D-000070,O-00070,P-01534,1,2439000,2439000
D-000071,O-00071,P-00950,1,1760000,1760000
D-000072,O-00072,P-01971,1,2801000,2801000
D-000073,O-00073,P-02237,2,1470000,2940000
D-000074,O-00074,P-00222,2,2650000,5300000
D-000075,O-00075,P-03282,1,259000,259000
D-000076,O-00076,P-00480,2,2931000,5862000
D-000077,O-00077,P-00208,2,1287000,2574000
D-000078,O-00078,P-02587,2,249000,498000
D-000079,O-00079,P-01756,1,2915000,2915000
D-000080,O-00080,P-02126,2,1812000,3624000
D-000081,O-00081,P-02971,2,886000,1772000
D-000082,O-00082,P-04304,2,2074000,4148000
D-000083,O-00083,P-00059,1,1346000,1346000
D-000084,O-00084,P-03282,2,163000,326000
D-000085,O-00085,P-03801,1,1841000,1841000
D-000086,O-00086,P-04725,2,732000,1464000
D-000087,O-00087,P-04695,2,2004000,4008000
D-000088,O-00088,P-04068,1,2129000,2129000
D-000089,O-00089,P-04718,2,171000,342000
D-000090,O-00090,P-00707,2,2240000,4480000
D-000091,O-00091,P-01342,2,1825000,3650000
D-000092,O-00092,P-03931,1,155000,155000
D-000093,O-00093,P-03840,2,2318000,4636000
D-000094,O-00094,P-00818,2,2198000,4396000
D-000095,O-00095,P-03545,1,1892000,1892000
D-000096,O-00096,P-00465,1,793000,793000
D-000097,O-00097,P-04376,2,364000,728000
D-000098,O-00098,P-04531,2,854000,1708000
D-000099,O-00099,P-02368,2,1533000,3066000
D-000100,O-00100,P-03265,2,537000,1074000
D-000101,O-00101,P-04437,2,2084000,4168000
D-000102,O-00102,P-03317,2,1983000,3966000
D-000103,O-00103,P-04529,2,2014000,4028000
D-000104,O-00104,P-04025,2,2499000,4998000
D-000105,O-00105,P-02504,2,702000,1404000
D-000106,O-00106,P-01501,1,2685000,2685000
D-000107,O-00107,P-02638,1,945000,945000
D-000108,O-00108,P-01217,1,1777000,1777000
D-000109,O-00109,P-04820,1,2296000,2296000
D-000110,O-00110,P-03512,2,1541000,3082000
D-000111,O-00111,P-03603,1,856000,856000
D-000112,O-00112,P-01588,2,2534000,5068000
D-000113,O-00113,P-00567,2,2098000,4196000
D-000114,O-00114,P-00904,2,405000,810000
D-000115,O-00115,P-02238,2,1616000,3232000
D-000116,O-00116,P-01152,2,495000,990000
D-000117,O-00117,P-02294,1,2890000,2890000
D-000118,O-00118,P-01066,2,1016000,2032000
D-000119,O-00119,P-04350,2,2829000,5658000
D-000120,O-00120,P-04914,1,710000,710000
D-000121,O-00121,P-04508,2,1823000,3646000
D-000122,O-00122,P-02929,1,1366000,1366000
D-000123,O-00123,P-00027,1,489000,489000
D-000124,O-00124,P-03553,1,2313000,2313000
D-000125,O-00125,P-02536,1,1198000,1198000
D-000126,O-00126,P-02453,1,2484000,2484000
D-000127,O-00127,P-03780,1,2406000,2406000
D-000128,O-00128,P-00934,2,148000,296000
D-000129,O-00129,P-03214,2,2380000,4760000
D-000130,O-00130,P-04037,2,2813000,5626000
D-000131,O-00131,P-04145,2,2616000,5232000
D-000132,O-00132,P-00247,2,1926000,3852000
D-000133,O-00133,P-01823,1,1122000,1122000
D-000134,O-00134,P-03392,1,164000,164000
D-000135,O-00135,P-01769,2,2712000,5424000
D-000136,O-00136,P-03530,1,470000,470000
D-000137,O-00137,P-03654,2,2958000,5916000
D-000138,O-00138,P-01779,1,2653000,2653000
D-000139,O-00139,P-02769,1,501000,501000
D-000140,O-00140,P-00455,1,2141000,2141000
D-000141,O-00141,P-02089,1,54000,54000
D-000142,O-00142,P-03163,2,919000,1838000
D-000143,O-00143,P-03594,2,2034000,4068000
D-000144,O-00144,P-00882,2,1977000,3954000
D-000145,O-00145,P-00264,2,1466000,2932000
D-000146,O-00146,P-03638,1,2550000,2550000
D-000147,O-00147,P-02501,1,2940000,2940000
D-000148,O-00148,P-01983,2,2426000,4852000
D-000149,O-00149,P-03910,1,898000,898000
D-000150,O-00150,P-04259,1,1511000,1511000
D-000151,O-00151,P-01704,2,844000,1688000
D-000152,O-00152,P-01677,1,2551000,2551000
D-000153,O-00153,P-01750,1,2555000,2555000
D-000154,O-00154,P-04706,1,1056000,1056000
D-000155,O-00155,P-02758,2,796000,1592000
D-000156,O-00156,P-04182,1,2020000,2020000
D-000157,O-00157,P-03152,1,520000,520000
D-000158,O-00158,P-02429,1,1050000,1050000
D-000159,O-00159,P-02819,1,1059000,1059000
D-000160,O-00160,P-02492,1,2105000,2105000
D-000161,O-00161,P-04359,2,2197000,4394000
D-000162,O-00162,P-02982,1,220000,220000
D-000163,O-00163,P-00830,1,1017000,1017000
D-000164,O-00164,P-02920,2,762000,1524000
D-000165,O-00165,P-01432,1,844000,844000
D-000166,O-00166,P-04969,2,367000,734000
D-000167,O-00167,P-00272,1,1264000,1264000
D-000168,O-00168,P-03678,2,2402000,4804000
D-000169,O-00169,P-00938,1,171000,171000
D-000170,O-00170,P-01364,2,2745000,5490000
D-000171,O-00171,P-00189,1,1151000,1151000
D-000172,O-00172,P-04710,2,2203000,4406000
D-000173,O-00173,P-03359,1,444000,444000
D-000174,O-00174,P-04426,2,796000,1592000
D-000175,O-00175,P-01901,2,910000,1820000
D-000176,O-00176,P-01634,1,1565000,1565000
D-000177,O-00177,P-02798,1,2349000,2349000
D-000178,O-00178,P-01972,2,418000,836000
D-000179,O-00179,P-01791,1,1657000,1657000
D-000180,O-00180,P-03949,1,1448000,1448000
D-000181,O-00181,P-01649,2,2471000,4942000
D-000182,O-00182,P-04226,2,2931000,5862000
D-000183,O-00183,P-03362,1,1849000,1849000
D-000184,O-00184,P-00166,2,897000,1794000
D-000185,O-00185,P-01212,1,2933000,2933000
D-000186,O-00186,P-04461,1,599000,599000
D-000187,O-00187,P-01571,2,2878000,5756000
D-000188,O-00188,P-03738,2,1031000,2062000
D-000189,O-00189,P-01137,2,1079000,2158000
D-000190,O-00190,P-02972,1,1101000,1101000
D-000191,O-00191,P-04304,1,1075000,1075000
D-000192,O-00192,P-00476,2,1433000,2866000
D-000193,O-00193,P-00875,2,2295000,4590000
D-000194,O-00194,P-01686,2,1556000,3112000
D-000195,O-00195,P-00955,1,1261000,1261000
D-000196,O-00196,P-00572,2,269000,538000
D-000197,O-00197,P-02867,1,2524000,2524000
D-000198,O-00198,P-02596,1,2206000,2206000
D-000199,O-00199,P-02839,2,2584000,5168000
D-000200,O-00200,P-01119,2,2049000,4098000
D-000201,O-00201,P-04760,1,2417000,2417000
D-000202,O-00202,P-01490,1,315000,315000
D-000203,O-00203,P-02967,2,2578000,5156000
D-000204,O-00204,P-01150,1,2186000,2186000
D-000205,O-00205,P-01036,2,2964000,5928000
D-000206,O-00206,P-02726,1,2969000,2969000
D-000207,O-00207,P-03130,1,2462000,2462000
D-000208,O-00208,P-03796,1,917000,917000
D-000209,O-00209,P-01722,1,2775000,2775000
D-000210,O-00210,P-03402,1,3000000,3000000
D-000211,O-00211,P-02539,2,1404000,2808000
D-000212,O-00212,P-03537,1,2221000,2221000
D-000213,O-00213,P-02446,2,1488000,2976000
D-000214,O-00214,P-02813,2,578000,1156000
D-000215,O-00215,P-01504,2,1209000,2418000
D-000216,O-00216,P-04884,2,1056000,2112000
D-000217,O-00217,P-00319,2,1156000,2312000
D-000218,O-00218,P-04122,2,2055000,4110000
D-000219,O-00219,P-02341,1,652000,652000
D-000220,O-00220,P-03729,2,429000,858000
D-000221,O-00221,P-00046,2,1955000,3910000
D-000222,O-00222,P-01156,2,397000,794000
D-000223,O-00223,P-04482,2,1564000,3128000
D-000224,O-00224,P-01233,2,1313000,2626000
D-000225,O-00225,P-00202,2,1141000,2282000
D-000226,O-00226,P-01705,2,2175000,4350000
D-000227,O-00227,P-01876,2,2234000,4468000
D-000228,O-00228,P-04076,2,1646000,3292000
D-000229,O-00229,P-02650,2,2637000,5274000
D-000230,O-00230,P-04545,1,1832000,1832000
D-000231,O-00231,P-02549,2,1289000,2578000
D-000232,O-00232,P-00514,1,1214000,1214000
D-000233,O-00233,P-04179,2,465000,930000
D-000234,O-00234,P-00121,1,198000,198000
D-000235,O-00235,P-01749,1,337000,337000
D-000236,O-00236,P-04412,2,1158000,2316000
D-000237,O-00237,P-01767,2,1634000,3268000
D-000238,O-00238,P-02848,1,437000,437000
D-000239,O-00239,P-04527,1,1947000,1947000
D-000240,O-00240,P-03120,1,2533000,2533000
D-000241,O-00241,P-00738,1,713000,713000
D-000242,O-00242,P-04671,2,1493000,2986000
D-000243,O-00243,P-04910,1,489000,489000
D-000244,O-00244,P-00234,2,675000,1350000
D-000245,O-00245,P-03156,1,503000,503000
D-000246,O-00246,P-00770,2,163000,326000
D-000247,O-00247,P-02116,2,241000,482000
D-000248,O-00248,P-00727,2,1963000,3926000
D-000249,O-00249,P-00608,1,2242000,2242000
D-000250,O-00250,P-02601,2,466000,932000
D-000251,O-00251,P-01326,2,2460000,4920000
D-000252,O-00252,P-01205,1,334000,334000
D-000253,O-00253,P-00864,1,466000,466000
D-000254,O-00254,P-04985,1,1659000,1659000
D-000255,O-00255,P-03620,2,2783000,5566000
D-000256,O-00256,P-00625,1,328000,328000
D-000257,O-00257,P-00167,2,2290000,4580000
D-000258,O-00258,P-04450,2,401000,802000
D-000259,O-00259,P-03444,1,1570000,1570000
D-000260,O-00260,P-01424,1,1603000,1603000
D-000261,O-00261,P-04987,1,165000,165000
D-000262,O-00262,P-03493,1,1961000,1961000
D-000263,O-00263,P-04966,1,1897000,1897000
D-000264,O-00264,P-01351,1,1904000,1904000
D-000265,O-00265,P-01680,2,2352000,4704000
D-000266,O-00266,P-00011,2,2226000,4452000
D-000267,O-00267,P-04418,1,1780000,1780000
D-000268,O-00268,P-00261,2,2567000,5134000
D-000269,O-00269,P-00033,1,205000,205000
D-000270,O-00270,P-02368,1,1708000,1708000
D-000271,O-00271,P-00448,2,298000,596000
D-000272,O-00272,P-02110,1,201000,201000
D-000273,O-00273,P-04779,2,2039000,4078000
D-000274,O-00274,P-01413,2,2665000,5330000
D-000275,O-00275,P-01960,2,1040000,2080000
D-000276,O-00276,P-03674,2,896000,1792000
D-000277,O-00277,P-04277,1,1244000,1244000
D-000278,O-00278,P-02847,1,887000,887000
D-000279,O-00279,P-01785,1,1368000,1368000
D-000280,O-00280,P-02263,1,990000,990000
D-000281,O-00281,P-04026,1,1762000,1762000
D-000282,O-00282,P-02840,2,781000,1562000
D-000283,O-00283,P-02120,1,1721000,1721000
D-000284,O-00284,P-03985,2,571000,1142000
D-000285,O-00285,P-04737,1,1360000,1360000
D-000286,O-00286,P-04895,2,2856000,5712000
D-000287,O-00287,P-01889,1,485000,485000
D-000288,O-00288,P-02861,1,2966000,2966000
D-000289,O-00289,P-02981,1,186000,186000
D-000290,O-00290,P-02495,2,2549000,5098000
D-000291,O-00291,P-03136,1,1701000,1701000
D-000292,O-00292,P-02168,1,2356000,2356000
D-000293,O-00293,P-04039,2,2925000,5850000
D-000294,O-00294,P-03044,2,1816000,3632000
D-000295,O-00295,P-04854,2,1711000,3422000
D-000296,O-00296,P-00489,1,232000,232000
D-000297,O-00297,P-04546,2,1540000,3080000
D-000298,O-00298,P-02134,1,431000,431000
D-000299,O-00299,P-02117,1,2205000,2205000
D-000300,O-00300,P-01686,2,533000,1066000
D-000301,O-00301,P-02461,2,1821000,3642000
D-000302,O-00302,P-00909,1,1972000,1972000
D-000303,O-00303,P-00531,1,2465000,2465000
D-000304,O-00304,P-00955,1,589000,589000
D-000305,O-00305,P-04359,2,1184000,2368000
D-000306,O-00306,P-01668,2,1897000,3794000
D-000307,O-00307,P-02568,1,708000,708000
D-000308,O-00308,P-00644,1,2189000,2189000
D-000309,O-00309,P-01825,1,1629000,1629000
D-000310,O-00310,P-00532,2,391000,782000
D-000311,O-00311,P-02844,2,2048000,4096000
D-000312,O-00312,P-04001,2,1023000,2046000
D-000313,O-00313,P-04539,2,533000,1066000
D-000314,O-00314,P-00243,2,1871000,3742000
D-000315,O-00315,P-00558,1,717000,717000
D-000316,O-00316,P-04623,1,2356000,2356000
D-000317,O-00317,P-02267,1,1193000,1193000
D-000318,O-00318,P-02872,2,2778000,5556000
D-000319,O-00319,P-04315,2,2926000,5852000
D-000320,O-00320,P-03180,2,1739000,3478000
D-000321,O-00321,P-03002,2,309000,618000
D-000322,O-00322,P-00033,1,1674000,1674000
D-000323,O-00323,P-03802,1,2893000,2893000
D-000324,O-00324,P-03285,1,2825000,2825000
D-000325,O-00325,P-04560,1,381000,381000
D-000326,O-00326,P-01812,2,2742000,5484000
D-000327,O-00327,P-02594,2,180000,360000
D-000328,O-00328,P-00168,2,2252000,4504000
D-000329,O-00329,P-03639,1,1245000,1245000
D-000330,O-00330,P-03569,1,65000,65000
D-000331,O-00331,P-02880,2,1120000,2240000
D-000332,O-00332,P-02537,2,1261000,2522000
D-000333,O-00333,P-02458,1,2234000,2234000
D-000334,O-00334,P-00005,2,1240000,2480000
D-000335,O-00335,P-00164,2,1309000,2618000
D-000336,O-00336,P-00960,1,168000,168000
D-000337,O-00337,P-03769,2,1655000,3310000
D-000338,O-00338,P-01432,1,970000,970000
D-000339,O-00339,P-00117,1,1997000,1997000
D-000340,O-00340,P-03771,1,444000,444000
D-000341,O-00341,P-04810,1,1822000,1822000
D-000342,O-00342,P-03959,2,2459000,4918000
D-000343,O-00343,P-04446,1,1672000,1672000
D-000344,O-00344,P-04396,2,2680000,5360000
D-000345,O-00345,P-02067,1,350000,350000
D-000346,O-00346,P-01387,1,834000,834000
D-000347,O-00347,P-02983,1,2545000,2545000
D-000348,O-00348,P-01216,1,1539000,1539000
D-000349,O-00349,P-03425,2,1404000,2808000
D-000350,O-00350,P-01903,1,634000,634000
D-000351,O-00351,P-00366,1,2604000,2604000
D-000352,O-00352,P-01888,2,1148000,2296000
D-000353,O-00353,P-03334,2,340000,680000
D-000354,O-00354,P-04586,2,116000,232000
D-000355,O-00355,P-00835,1,1732000,1732000
D-000356,O-00356,P-04209,1,1952000,1952000
D-000357,O-00357,P-02181,2,1849000,3698000
D-000358,O-00358,P-01072,1,1254000,1254000
D-000359,O-00359,P-04625,2,438000,876000
D-000360,O-00360,P-01368,1,373000,373000
D-000361,O-00361,P-04667,1,2348000,2348000
D-000362,O-00362,P-04230,2,298000,596000
D-000363,O-00363,P-02131,1,1478000,1478000
D-000364,O-00364,P-01631,1,1608000,1608000
D-000365,O-00365,P-01150,1,2355000,2355000
D-000366,O-00366,P-03606,1,2799000,2799000
D-000367,O-00367,P-00502,2,2663000,5326000
D-000368,O-00368,P-04268,2,1735000,3470000
D-000369,O-00369,P-03004,1,491000,491000
D-000370,O-00370,P-01052,1,1350000,1350000
D-000371,O-00371,P-03459,2,2728000,5456000
D-000372,O-00372,P-03683,1,2870000,2870000
D-000373,O-00373,P-04008,2,2576000,5152000
D-000374,O-00374,P-02084,1,687000,687000
D-000375,O-00375,P-04460,1,1473000,1473000
D-000376,O-00376,P-03038,1,1690000,1690000
D-000377,O-00377,P-00302,1,1936000,1936000
D-000378,O-00378,P-01183,2,921000,1842000
D-000379,O-00379,P-01296,1,1142000,1142000
D-000380,O-00380,P-04736,1,844000,844000
D-000381,O-00381,P-01622,2,1272000,2544000
D-000382,O-00382,P-02798,1,1274000,1274000
D-000383,O-00383,P-02773,1,2742000,2742000
D-000384,O-00384,P-04438,1,1676000,1676000
D-000385,O-00385,P-02073,2,643000,1286000
D-000386,O-00386,P-04705,1,102000,102000
D-000387,O-00387,P-04566,1,811000,811000
D-000388,O-00388,P-00656,2,2719000,5438000
D-000389,O-00389,P-04496,1,823000,823000
D-000390,O-00390,P-00974,1,513000,513000
D-000391,O-00391,P-00009,2,225000,450000
D-000392,O-00392,P-02946,1,2962000,2962000
D-000393,O-00393,P-02939,1,191000,191000
D-000394,O-00394,P-02767,2,2712000,5424000
D-000395,O-00395,P-00458,2,2462000,4924000
D-000396,O-00396,P-00236,1,548000,548000
D-000397,O-00397,P-00298,2,721000,1442000
D-000398,O-00398,P-00196,1,1426000,1426000
D-000399,O-00399,P-00423,1,1275000,1275000
D-000400,O-00400,P-04817,1,447000,447000
D-000401,O-00401,P-03619,1,1593000,1593000
D-000402,O-00402,P-02657,1,449000,449000
D-000403,O-00403,P-03075,1,2670000,2670000
D-000404,O-00404,P-02228,1,1147000,1147000
D-000405,O-00405,P-01280,2,2726000,5452000
D-000406,O-00406,P-04768,1,1145000,1145000
D-000407,O-00407,P-01150,1,2894000,2894000
D-000408,O-00408,P-03068,1,2134000,2134000
D-000409,O-00409,P-03065,2,1304000,2608000
D-000410,O-00410,P-04586,1,913000,913000
D-000411,O-00411,P-00740,2,644000,1288000
D-000412,O-00412,P-02503,2,1578000,3156000
D-000413,O-00413,P-02267,1,1170000,1170000
D-000414,O-00414,P-02484,2,158000,316000
D-000415,O-00415,P-01896,1,1554000,1554000
D-000416,O-00416,P-02872,2,1844000,3688000
D-000417,O-00417,P-02502,2,1353000,2706000
D-000418,O-00418,P-00839,1,2052000,2052000
D-000419,O-00419,P-04007,2,170000,340000
D-000420,O-00420,P-01493,2,683000,1366000
D-000421,O-00421,P-02046,2,1177000,2354000
D-000422,O-00422,P-04565,2,499000,998000
D-000423,O-00423,P-01186,2,1886000,3772000
D-000424,O-00424,P-01678,2,588000,1176000
D-000425,O-00425,P-02679,2,2322000,4644000
D-000426,O-00426,P-03279,1,141000,141000
D-000427,O-00427,P-03858,1,682000,682000
D-000428,O-00428,P-00905,2,828000,1656000
D-000429,O-00429,P-02061,1,1206000,1206000
D-000430,O-00430,P-04511,1,816000,816000
D-000431,O-00431,P-01656,2,2275000,4550000
D-000432,O-00432,P-00555,2,1069000,2138000
D-000433,O-00433,P-03107,1,2101000,2101000
D-000434,O-00434,P-00789,2,2412000,4824000
D-000435,O-00435,P-04712,1,2482000,2482000
D-000436,O-00436,P-01629,1,521000,521000
D-000437,O-00437,P-03066,2,1859000,3718000
D-000438,O-00438,P-01228,2,2317000,4634000
D-000439,O-00439,P-00331,2,1672000,3344000
D-000440,O-00440,P-01269,2,221000,442000
D-000441,O-00441,P-01279,1,1902000,1902000
D-000442,O-00442,P-03275,2,1429000,2858000
D-000443,O-00443,P-04566,1,921000,921000
D-000444,O-00444,P-03172,2,2676000,5352000
D-000445,O-00445,P-04460,1,1833000,1833000
D-000446,O-00446,P-02446,1,2302000,2302000
D-000447,O-00447,P-00176,1,2419000,2419000
D-000448,O-00448,P-00264,1,1946000,1946000
D-000449,O-00449,P-04299,2,365000,730000
D-000450,O-00450,P-00767,2,58000,116000
D-000451,O-00451,P-00076,1,2724000,2724000
D-000452,O-00452,P-03994,1,1168000,1168000
D-000453,O-00453,P-00419,2,2321000,4642000
D-000454,O-00454,P-00364,1,84000,84000
D-000455,O-00455,P-02612,1,2363000,2363000
D-000456,O-00456,P-02342,2,497000,994000
D-000457,O-00457,P-00537,2,1789000,3578000
D-000458,O-00458,P-00480,1,1276000,1276000
D-000459,O-00459,P-04088,1,1017000,1017000
D-000460,O-00460,P-01376,2,1774000,3548000
D-000461,O-00461,P-01442,1,1457000,1457000
D-000462,O-00462,P-04376,1,448000,448000
D-000463,O-00463,P-03143,2,1131000,2262000
D-000464,O-00464,P-01356,2,622000,1244000
D-000465,O-00465,P-04003,1,1768000,1768000
D-000466,O-00466,P-02423,1,128000,128000
D-000467,O-00467,P-01399,1,2400000,2400000
D-000468,O-00468,P-01063,2,1586000,3172000
D-000469,O-00469,P-04095,1,1396000,1396000
D-000470,O-00470,P-04600,1,1855000,1855000
D-000471,O-00471,P-04775,1,867000,867000
D-000472,O-00472,P-02356,1,1726000,1726000
D-000473,O-00473,P-02582,1,2270000,2270000
D-000474,O-00474,P-02075,1,1511000,1511000
D-000475,O-00475,P-00181,2,2801000,5602000
D-000476,O-00476,P-02943,2,502000,1004000
D-000477,O-00477,P-04231,2,56000,112000
D-000478,O-00478,P-01640,1,1617000,1617000
D-000479,O-00479,P-03527,1,529000,529000
D-000480,O-00480,P-00216,2,1183000,2366000
D-000481,O-00481,P-03787,2,1844000,3688000
D-000482,O-00482,P-00311,2,2617000,5234000
D-000483,O-00483,P-01368,1,2418000,2418000
D-000484,O-00484,P-01631,2,678000,1356000
D-000485,O-00485,P-00665,2,837000,1674000
D-000486,O-00486,P-05000,1,105000,105000
D-000487,O-00487,P-03768,2,1834000,3668000
D-000488,O-00488,P-00147,2,2084000,4168000
D-000489,O-00489,P-00824,1,595000,595000
D-000490,O-00490,P-02620,1,2998000,2998000
D-000491,O-00491,P-01781,1,1738000,1738000
D-000492,O-00492,P-04280,2,1048000,2096000
D-000493,O-00493,P-03736,2,2254000,4508000
D-000494,O-00494,P-02281,2,2798000,5596000
D-000495,O-00495,P-04102,2,50000,100000
D-000496,O-00496,P-01911,2,1670000,3340000
D-000497,O-00497,P-03191,1,2082000,2082000
D-000498,O-00498,P-03003,2,2566000,5132000
D-000499,O-00499,P-00301,1,1412000,1412000
D-000500,O-00500,P-04342,1,2092000,2092000
D-000501,O-00501,P-04956,2,2843000,5686000
D-000502,O-00502,P-00010,1,143000,143000
D-000503,O-00503,P-04791,1,2060000,2060000
D-000504,O-00504,P-02516,1,156000,156000
D-000505,O-00505,P-03927,1,1249000,1249000
D-000506,O-00506,P-00946,1,1204000,1204000
D-000507,O-00507,P-04030,1,2625000,2625000
D-000508,O-00508,P-02088,2,436000,872000
D-000509,O-00509,P-04836,1,2539000,2539000
D-000510,O-00510,P-03756,2,2305000,4610000
D-000511,O-00511,P-00838,1,1718000,1718000
D-000512,O-00512,P-01503,1,492000,492000
D-000513,O-00513,P-02718,1,64000,64000
D-000514,O-00514,P-00984,2,802000,1604000
D-000515,O-00515,P-04442,2,1821000,3642000
D-000516,O-00516,P-01940,2,2113000,4226000
D-000517,O-00517,P-02531,2,2724000,5448000
D-000518,O-00518,P-00497,1,687000,687000
D-000519,O-00519,P-04336,1,936000,936000
D-000520,O-00520,P-02945,2,2477000,4954000
D-000521,O-00521,P-03090,2,1726000,3452000
D-000522,O-00522,P-02227,2,2203000,4406000
D-000523,O-00523,P-02980,1,2357000,2357000
D-000524,O-00524,P-03601,1,718000,718000
D-000525,O-00525,P-02015,2,2037000,4074000
D-000526,O-00526,P-02371,2,2314000,4628000
D-000527,O-00527,P-01228,2,2439000,4878000
D-000528,O-00528,P-04470,1,485000,485000
D-000529,O-00529,P-01112,2,646000,1292000
D-000530,O-00530,P-04199,1,2916000,2916000
D-000531,O-00531,P-04729,2,2299000,4598000
D-000532,O-00532,P-00177,2,1395000,2790000
D-000533,O-00533,P-03208,1,1621000,1621000
D-000534,O-00534,P-00882,1,1403000,1403000
D-000535,O-00535,P-00893,2,1040000,2080000
D-000536,O-00536,P-02210,1,292000,292000
D-000537,O-00537,P-01623,1,2840000,2840000
D-000538,O-00538,P-03604,1,2185000,2185000
D-000539,O-00539,P-00662,2,2257000,4514000
D-000540,O-00540,P-02778,1,2580000,2580000
D-000541,O-00541,P-04583,2,2059000,4118000
D-000542,O-00542,P-03143,2,668000,1336000
D-000543,O-00543,P-01254,1,682000,682000
D-000544,O-00544,P-03347,2,931000,1862000
D-000545,O-00545,P-04652,1,511000,511000
D-000546,O-00546,P-01481,2,1371000,2742000
D-000547,O-00547,P-02782,1,595000,595000
D-000548,O-00548,P-00922,1,1157000,1157000
D-000549,O-00549,P-00788,1,688000,688000
D-000550,O-00550,P-03702,1,2480000,2480000
D-000551,O-00551,P-03872,1,2986000,2986000
D-000552,O-00552,P-01359,2,817000,1634000
D-000553,O-00553,P-03449,2,547000,1094000
D-000554,O-00554,P-00743,2,1022000,2044000
D-000555,O-00555,P-04705,1,320000,320000
D-000556,O-00556,P-00871,1,1863000,1863000
D-000557,O-00557,P-02445,2,389000,778000
D-000558,O-00558,P-02919,2,911000,1822000
D-000559,O-00559,P-00977,2,446000,892000
D-000560,O-00560,P-01645,2,2053000,4106000
D-000561,O-00561,P-02857,2,2685000,5370000
D-000562,O-00562,P-01914,1,927000,927000
D-000563,O-00563,P-03206,1,2054000,2054000
D-000564,O-00564,P-03844,1,2893000,2893000
D-000565,O-00565,P-00986,1,1300000,1300000
D-000566,O-00566,P-00650,1,2562000,2562000
D-000567,O-00567,P-04395,1,1073000,1073000
D-000568,O-00568,P-00083,2,282000,564000
D-000569,O-00569,P-00696,2,731000,1462000
D-000570,O-00570,P-04979,1,1460000,1460000
D-000571,O-00571,P-00812,2,1290000,2580000
D-000572,O-00572,P-04326,1,1312000,1312000
D-000573,O-00573,P-01814,1,2259000,2259000
D-000574,O-00574,P-04641,2,1490000,2980000
D-000575,O-00575,P-04621,2,2004000,4008000
D-000576,O-00576,P-03515,2,667000,1334000
D-000577,O-00577,P-03203,1,105000,105000
D-000578,O-00578,P-01698,2,2113000,4226000
D-000579,O-00579,P-04831,1,1384000,1384000
D-000580,O-00580,P-02007,2,2870000,5740000
D-000581,O-00581,P-01481,1,1504000,1504000
D-000582,O-00582,P-01107,1,1209000,1209000
D-000583,O-00583,P-03201,1,794000,794000
D-000584,O-00584,P-02017,2,1610000,3220000
D-000585,O-00585,P-02196,1,289000,289000
D-000586,O-00586,P-03225,2,756000,1512000
D-000587,O-00587,P-02689,1,2994000,2994000
D-000588,O-00588,P-00396,2,2143000,4286000
D-000589,O-00589,P-00926,1,87000,87000
D-000590,O-00590,P-03609,2,567000,1134000
D-000591,O-00591,P-01501,1,580000,580000
D-000592,O-00592,P-02362,2,616000,1232000
D-000593,O-00593,P-01834,1,2767000,2767000
D-000594,O-00594,P-02948,1,902000,902000
D-000595,O-00595,P-04993,1,2040000,2040000
D-000596,O-00596,P-03929,1,2457000,2457000
D-000597,O-00597,P-01395,2,317000,634000
D-000598,O-00598,P-03216,2,1795000,3590000
D-000599,O-00599,P-00565,1,1902000,1902000
D-000600,O-00600,P-03727,2,1326000,2652000
D-000601,O-00601,P-03275,2,1691000,3382000
D-000602,O-00602,P-03219,1,2347000,2347000
D-000603,O-00603,P-01017,1,417000,417000
D-000604,O-00604,P-04737,1,1994000,1994000
D-000605,O-00605,P-00760,1,1030000,1030000
D-000606,O-00606,P-03520,2,826000,1652000
D-000607,O-00607,P-04320,2,2776000,5552000
D-000608,O-00608,P-01135,2,1827000,3654000
D-000609,O-00609,P-02068,1,1222000,1222000
D-000610,O-00610,P-00695,2,1417000,2834000
D-000611,O-00611,P-00186,1,1087000,1087000
D-000612,O-00612,P-01016,2,2458000,4916000
D-000613,O-00613,P-00355,2,1545000,3090000
D-000614,O-00614,P-02448,1,1267000,1267000
D-000615,O-00615,P-01832,1,2615000,2615000
D-000616,O-00616,P-02320,2,1624000,3248000
D-000617,O-00617,P-02324,2,1828000,3656000
D-000618,O-00618,P-02800,2,1236000,2472000
D-000619,O-00619,P-00270,2,1194000,2388000
D-000620,O-00620,P-04636,1,1251000,1251000
D-000621,O-00621,P-03290,1,2494000,2494000
D-000622,O-00622,P-01714,1,684000,684000
D-000623,O-00623,P-02503,1,2748000,2748000
D-000624,O-00624,P-03365,1,288000,288000
D-000625,O-00625,P-01574,2,862000,1724000
D-000626,O-00626,P-03905,2,1583000,3166000
D-000627,O-00627,P-00973,2,1086000,2172000
D-000628,O-00628,P-01490,2,2043000,4086000
D-000629,O-00629,P-03519,2,767000,1534000
D-000630,O-00630,P-01062,2,1637000,3274000
D-000631,O-00631,P-00734,2,2478000,4956000
D-000632,O-00632,P-01401,1,539000,539000
D-000633,O-00633,P-01873,1,2354000,2354000
D-000634,O-00634,P-03919,1,1648000,1648000
D-000635,O-00635,P-00633,2,122000,244000
D-000636,O-00636,P-02045,1,211000,211000
D-000637,O-00637,P-03404,2,353000,706000
D-000638,O-00638,P-02863,2,1632000,3264000
D-000639,O-00639,P-00806,2,163000,326000
D-000640,O-00640,P-02980,1,2565000,2565000
D-000641,O-00641,P-04174,2,178000,356000
D-000642,O-00642,P-00754,1,140000,140000
D-000643,O-00643,P-02547,2,2299000,4598000
D-000644,O-00644,P-04592,2,2040000,4080000
D-000645,O-00645,P-04326,1,1161000,1161000
D-000646,O-00646,P-01870,2,119000,238000
D-000647,O-00647,P-01521,2,509000,1018000
D-000648,O-00648,P-04434,1,1739000,1739000
D-000649,O-00649,P-01309,1,1314000,1314000
D-000650,O-00650,P-00211,1,2765000,2765000
D-000651,O-00651,P-01394,1,274000,274000
D-000652,O-00652,P-03978,1,1898000,1898000
D-000653,O-00653,P-01233,2,2345000,4690000
D-000654,O-00654,P-04614,1,887000,887000
D-000655,O-00655,P-00170,2,716000,1432000
D-000656,O-00656,P-02560,1,1625000,1625000
D-000657,O-00657,P-03376,2,2391000,4782000
D-000658,O-00658,P-03477,1,1453000,1453000
D-000659,O-00659,P-00528,1,1312000,1312000
D-000660,O-00660,P-04015,2,1264000,2528000
D-000661,O-00661,P-04375,1,839000,839000
D-000662,O-00662,P-03346,1,2646000,2646000
D-000663,O-00663,P-04316,2,1816000,3632000
D-000664,O-00664,P-03233,2,1646000,3292000
D-000665,O-00665,P-01890,1,1462000,1462000
D-000666,O-00666,P-01720,2,2788000,5576000
D-000667,O-00667,P-04306,1,2867000,2867000
D-000668,O-00668,P-00957,1,1061000,1061000
D-000669,O-00669,P-02661,2,2706000,5412000
D-000670,O-00670,P-04711,2,2327000,4654000
D-000671,O-00671,P-04484,2,1868000,3736000
D-000672,O-00672,P-03260,1,2916000,2916000
D-000673,O-00673,P-03333,1,2751000,2751000
D-000674,O-00674,P-01335,2,441000,882000
D-000675,O-00675,P-04481,2,1609000,3218000
D-000676,O-00676,P-00010,2,1471000,2942000
D-000677,O-00677,P-03389,1,313000,313000
D-000678,O-00678,P-03168,2,786000,1572000
D-000679,O-00679,P-01319,1,463000,463000
D-000680,O-00680,P-00943,1,922000,922000
D-000681,O-00681,P-04294,1,2856000,2856000
D-000682,O-00682,P-00278,2,2093000,4186000
D-000683,O-00683,P-01239,1,128000,128000
D-000684,O-00684,P-04268,2,2318000,4636000
D-000685,O-00685,P-04008,1,1837000,1837000
D-000686,O-00686,P-04903,1,370000,370000
D-000687,O-00687,P-04228,1,1147000,1147000
D-000688,O-00688,P-02908,1,1090000,1090000
D-000689,O-00689,P-03236,1,2166000,2166000
D-000690,O-00690,P-02484,2,158000,316000
D-000691,O-00691,P-03224,1,2351000,2351000
D-000692,O-00692,P-03896,1,263000,263000
D-000693,O-00693,P-01427,2,2697000,5394000
D-000694,O-00694,P-03258,2,787000,1574000
D-000695,O-00695,P-04344,2,1336000,2672000
D-000696,O-00696,P-04276,1,2522000,2522000
D-000697,O-00697,P-04936,1,2803000,2803000
D-000698,O-00698,P-04399,2,1887000,3774000
D-000699,O-00699,P-01464,2,1726000,3452000
D-000700,O-00700,P-03185,1,2051000,2051000
D-000701,O-00701,P-03814,1,1484000,1484000
D-000702,O-00702,P-03478,2,2074000,4148000
D-000703,O-00703,P-02595,2,1773000,3546000
D-000704,O-00704,P-01345,2,529000,1058000
D-000705,O-00705,P-04726,2,703000,1406000
D-000706,O-00706,P-02944,1,598000,598000
D-000707,O-00707,P-03102,2,1959000,3918000
D-000708,O-00708,P-04176,2,942000,1884000
D-000709,O-00709,P-03895,2,1702000,3404000
D-000710,O-00710,P-01747,1,1060000,1060000
D-000711,O-00711,P-01620,2,2660000,5320000
D-000712,O-00712,P-03683,2,653000,1306000
D-000713,O-00713,P-01730,2,2140000,4280000
D-000714,O-00714,P-00583,1,2100000,2100000
D-000715,O-00715,P-04549,1,1189000,1189000
D-000716,O-00716,P-02224,2,1440000,2880000
D-000717,O-00717,P-01946,2,2873000,5746000
D-000718,O-00718,P-01987,1,2685000,2685000
D-000719,O-00719,P-03151,1,1201000,1201000
D-000720,O-00720,P-03383,1,564000,564000
D-000721,O-00721,P-03169,1,2681000,2681000
D-000722,O-00722,P-00188,2,1528000,3056000
D-000723,O-00723,P-01775,1,2215000,2215000
D-000724,O-00724,P-04360,2,653000,1306000
D-000725,O-00725,P-03162,2,2891000,5782000
D-000726,O-00726,P-02898,1,2286000,2286000
D-000727,O-00727,P-00039,1,1036000,1036000
D-000728,O-00728,P-01557,2,827000,1654000
D-000729,O-00729,P-00853,2,1167000,2334000
D-000730,O-00730,P-00670,1,634000,634000
D-000731,O-00731,P-01387,2,2738000,5476000
D-000732,O-00732,P-00706,2,562000,1124000
D-000733,O-00733,P-03859,1,2735000,2735000
D-000734,O-00734,P-03924,1,955000,955000
D-000735,O-00735,P-04659,1,1469000,1469000
D-000736,O-00736,P-01828,1,2928000,2928000
D-000737,O-00737,P-02542,1,1369000,1369000
D-000738,O-00738,P-03802,1,1269000,1269000
D-000739,O-00739,P-03178,2,326000,652000
D-000740,O-00740,P-04454,2,2871000,5742000
D-000741,O-00741,P-01421,1,1283000,1283000
D-000742,O-00742,P-00241,1,1057000,1057000
D-000743,O-00743,P-01610,1,826000,826000
D-000744,O-00744,P-04729,2,1985000,3970000
D-000745,O-00745,P-02770,2,2267000,4534000
D-000746,O-00746,P-04036,2,2187000,4374000
D-000747,O-00747,P-00757,1,1175000,1175000
D-000748,O-00748,P-01778,2,2137000,4274000
D-000749,O-00749,P-02627,2,1618000,3236000
D-000750,O-00750,P-02357,1,1547000,1547000
D-000751,O-00751,P-00034,2,2063000,4126000
D-000752,O-00752,P-02897,1,2591000,2591000
D-000753,O-00753,P-02533,2,2280000,4560000
D-000754,O-00754,P-04534,1,1491000,1491000
D-000755,O-00755,P-01362,2,2095000,4190000
D-000756,O-00756,P-04698,1,1444000,1444000
D-000757,O-00757,P-04547,1,2985000,2985000
D-000758,O-00758,P-01685,2,2916000,5832000
D-000759,O-00759,P-02050,1,68000,68000
D-000760,O-00760,P-04976,1,836000,836000
D-000761,O-00761,P-03147,2,1362000,2724000
D-000762,O-00762,P-02389,2,501000,1002000
D-000763,O-00763,P-03956,1,1749000,1749000
D-000764,O-00764,P-03879,1,2582000,2582000
D-000765,O-00765,P-02933,2,848000,1696000
D-000766,O-00766,P-03657,1,2323000,2323000
D-000767,O-00767,P-03457,1,979000,979000
D-000768,O-00768,P-04480,1,562000,562000
D-000769,O-00769,P-00760,1,1392000,1392000
D-000770,O-00770,P-04044,1,2137000,2137000
D-000771,O-00771,P-02055,2,554000,1108000
D-000772,O-00772,P-01651,1,972000,972000
D-000773,O-00773,P-04636,2,820000,1640000
D-000774,O-00774,P-03741,2,1365000,2730000
D-000775,O-00775,P-02201,1,1475000,1475000
D-000776,O-00776,P-02902,2,93000,186000
D-000777,O-00777,P-04166,1,657000,657000
D-000778,O-00778,P-01372,1,50000,50000
D-000779,O-00779,P-02464,1,1436000,1436000
D-000780,O-00780,P-01542,1,77000,77000
D-000781,O-00781,P-01227,2,1007000,2014000
D-000782,O-00782,P-01243,2,744000,1488000
D-000783,O-00783,P-03393,2,752000,1504000
D-000784,O-00784,P-03043,2,808000,1616000
D-000785,O-00785,P-01057,2,945000,1890000
D-000786,O-00786,P-00216,2,351000,702000
D-000787,O-00787,P-02685,2,2513000,5026000
D-000788,O-00788,P-04139,1,894000,894000
D-000789,O-00789,P-00245,2,2125000,4250000
D-000790,O-00790,P-01164,1,1783000,1783000
D-000791,O-00791,P-00908,1,2109000,2109000
D-000792,O-00792,P-04672,1,1406000,1406000
D-000793,O-00793,P-02456,1,2767000,2767000
D-000794,O-00794,P-04154,1,1968000,1968000
D-000795,O-00795,P-01475,1,1508000,1508000
D-000796,O-00796,P-04337,1,1359000,1359000
D-000797,O-00797,P-01341,2,1405000,2810000
D-000798,O-00798,P-01048,1,1361000,1361000
D-000799,O-00799,P-04685,2,891000,1782000
D-000800,O-00800,P-03492,2,601000,1202000
D-000801,O-00801,P-03414,1,657000,657000
D-000802,O-00802,P-00673,2,534000,1068000
D-000803,O-00803,P-01471,2,840000,1680000
D-000804,O-00804,P-00473,1,2278000,2278000
D-000805,O-00805,P-02581,2,235000,470000
D-000806,O-00806,P-01159,2,2373000,4746000
D-000807,O-00807,P-02364,1,298000,298000
D-000808,O-00808,P-00417,1,1779000,1779000
D-000809,O-00809,P-00599,1,1011000,1011000
D-000810,O-00810,P-00244,1,1386000,1386000
D-000811,O-00811,P-04417,2,56000,112000
D-000812,O-00812,P-00318,1,846000,846000
D-000813,O-00813,P-01926,1,1336000,1336000
D-000814,O-00814,P-02274,1,2093000,2093000
D-000815,O-00815,P-02261,1,978000,978000
D-000816,O-00816,P-00887,1,510000,510000
D-000817,O-00817,P-04985,1,2243000,2243000
D-000818,O-00818,P-01283,2,1349000,2698000
D-000819,O-00819,P-03001,1,1044000,1044000
D-000820,O-00820,P-02375,2,379000,758000
D-000821,O-00821,P-03526,1,1257000,1257000
D-000822,O-00822,P-02773,2,2732000,5464000
D-000823,O-00823,P-02884,1,862000,862000
D-000824,O-00824,P-02336,1,2707000,2707000
D-000825,O-00825,P-04470,1,1598000,1598000
D-000826,O-00826,P-04598,2,1440000,2880000
D-000827,O-00827,P-00526,1,240000,240000
D-000828,O-00828,P-03402,1,2371000,2371000
D-000829,O-00829,P-04138,2,2743000,5486000
D-000830,O-00830,P-03514,1,2412000,2412000
D-000831,O-00831,P-02251,1,1060000,1060000
D-000832,O-00832,P-01738,1,1638000,1638000
D-000833,O-00833,P-03354,2,1397000,2794000
D-000834,O-00834,P-00817,1,1218000,1218000
D-000835,O-00835,P-02530,1,612000,612000
D-000836,O-00836,P-01583,2,1139000,2278000
D-000837,O-00837,P-03804,1,2792000,2792000
D-000838,O-00838,P-01070,1,2615000,2615000
D-000839,O-00839,P-03526,1,2571000,2571000
D-000840,O-00840,P-00553,2,2715000,5430000
D-000841,O-00841,P-04868,2,1744000,3488000
D-000842,O-00842,P-02522,1,1392000,1392000
D-000843,O-00843,P-04392,2,2896000,5792000
D-000844,O-00844,P-03338,1,2967000,2967000
D-000845,O-00845,P-00769,2,570000,1140000
D-000846,O-00846,P-02615,1,169000,169000
D-000847,O-00847,P-04124,1,2249000,2249000
D-000848,O-00848,P-01466,2,1036000,2072000
D-000849,O-00849,P-00602,2,1779000,3558000
D-000850,O-00850,P-03737,1,2165000,2165000
D-000851,O-00851,P-03877,1,2226000,2226000
D-000852,O-00852,P-04384,1,659000,659000
D-000853,O-00853,P-02597,1,1035000,1035000
D-000854,O-00854,P-02083,2,2157000,4314000
D-000855,O-00855,P-03087,1,2115000,2115000
D-000856,O-00856,P-01785,2,2598000,5196000
D-000857,O-00857,P-03415,1,65000,65000
D-000858,O-00858,P-04231,1,1206000,1206000
D-000859,O-00859,P-00805,1,1383000,1383000
D-000860,O-00860,P-04884,2,2253000,4506000
D-000861,O-00861,P-01481,2,1587000,3174000
D-000862,O-00862,P-00154,1,699000,699000
D-000863,O-00863,P-00969,1,1278000,1278000
D-000864,O-00864,P-04535,1,2050000,2050000
D-000865,O-00865,P-03701,1,1386000,1386000
D-000866,O-00866,P-00519,1,66000,66000
D-000867,O-00867,P-03794,2,2832000,5664000
D-000868,O-00868,P-01665,2,1057000,2114000
D-000869,O-00869,P-01270,2,2904000,5808000
D-000870,O-00870,P-00901,1,160000,160000
D-000871,O-00871,P-02361,2,845000,1690000
D-000872,O-00872,P-00016,2,256000,512000
D-000873,O-00873,P-01358,1,422000,422000
D-000874,O-00874,P-04300,1,2075000,2075000
D-000875,O-00875,P-04682,2,637000,1274000
D-000876,O-00876,P-02877,1,520000,520000
D-000877,O-00877,P-01229,2,341000,682000
D-000878,O-00878,P-02811,2,382000,764000
D-000879,O-00879,P-00956,1,2015000,2015000
D-000880,O-00880,P-04103,2,2032000,4064000
D-000881,O-00881,P-04647,1,464000,464000
D-000882,O-00882,P-04858,2,848000,1696000
D-000883,O-00883,P-00373,2,319000,638000
D-000884,O-00884,P-04713,1,516000,516000
D-000885,O-00885,P-01458,1,598000,598000
D-000886,O-00886,P-03825,1,178000,178000
D-000887,O-00887,P-01487,2,1709000,3418000
D-000888,O-00888,P-02331,2,585000,1170000
D-000889,O-00889,P-02052,1,1460000,1460000
D-000890,O-00890,P-04284,1,1298000,1298000
D-000891,O-00891,P-03138,2,985000,1970000
D-000892,O-00892,P-01803,1,584000,584000
D-000893,O-00893,P-00843,1,1507000,1507000
D-000894,O-00894,P-04399,2,180000,360000
D-000895,O-00895,P-02317,1,787000,787000
D-000896,O-00896,P-02015,1,2202000,2202000
D-000897,O-00897,P-02685,2,2240000,4480000
D-000898,O-00898,P-00843,1,599000,599000
D-000899,O-00899,P-03618,1,635000,635000
D-000900,O-00900,P-04292,1,990000,990000
D-000901,O-00901,P-04554,2,1171000,2342000
D-000902,O-00902,P-02889,2,125000,250000
D-000903,O-00903,P-01929,2,145000,290000
D-000904,O-00904,P-00318,1,2067000,2067000
D-000905,O-00905,P-03433,1,214000,214000
D-000906,O-00906,P-01317,1,2406000,2406000
D-000907,O-00907,P-02858,2,895000,1790000
D-000908,O-00908,P-04664,1,1694000,1694000
D-000909,O-00909,P-03340,1,2221000,2221000
D-000910,O-00910,P-01859,1,1652000,1652000
D-000911,O-00911,P-03038,2,732000,1464000
D-000912,O-00912,P-03425,1,2458000,2458000
D-000913,O-00913,P-04032,1,889000,889000
D-000914,O-00914,P-01020,2,139000,278000
D-000915,O-00915,P-04358,1,729000,729000
D-000916,O-00916,P-00693,2,1986000,3972000
D-000917,O-00917,P-03414,1,2233000,2233000
D-000918,O-00918,P-01403,2,1510000,3020000
D-000919,O-00919,P-03280,1,2560000,2560000
D-000920,O-00920,P-01223,1,918000,918000
D-000921,O-00921,P-02327,1,264000,264000
D-000922,O-00922,P-00069,2,734000,1468000
D-000923,O-00923,P-01407,1,442000,442000
D-000924,O-00924,P-02293,1,2639000,2639000
D-000925,O-00925,P-01937,1,1685000,1685000
D-000926,O-00926,P-04218,2,1483000,2966000
D-000927,O-00927,P-04865,1,1186000,1186000
D-000928,O-00928,P-00047,1,1916000,1916000
D-000929,O-00929,P-02257,2,2887000,5774000
D-000930,O-00930,P-02236,1,2444000,2444000
D-000931,O-00931,P-01555,1,1057000,1057000
D-000932,O-00932,P-02712,2,1761000,3522000
D-000933,O-00933,P-02462,1,2929000,2929000
D-000934,O-00934,P-02005,1,2606000,2606000
D-000935,O-00935,P-00206,2,2164000,4328000
D-000936,O-00936,P-00706,2,2214000,4428000
D-000937,O-00937,P-04439,2,1468000,2936000
D-000938,O-00938,P-04175,2,1718000,3436000
D-000939,O-00939,P-02550,2,510000,1020000
D-000940,O-00940,P-01147,1,1605000,1605000
D-000941,O-00941,P-03169,2,158000,316000
D-000942,O-00942,P-01603,1,404000,404000
D-000943,O-00943,P-04030,2,266000,532000
D-000944,O-00944,P-00811,1,671000,671000
D-000945,O-00945,P-02536,2,238000,476000
D-000946,O-00946,P-00287,1,1328000,1328000
D-000947,O-00947,P-02764,1,1961000,1961000
D-000948,O-00948,P-02264,1,455000,455000
D-000949,O-00949,P-00066,2,1473000,2946000
D-000950,O-00950,P-03775,1,2384000,2384000
D-000951,O-00951,P-02894,2,466000,932000
D-000952,O-00952,P-02302,1,1861000,1861000
D-000953,O-00953,P-00629,2,717000,1434000
D-000954,O-00954,P-04478,1,999000,999000
D-000955,O-00955,P-04796,2,506000,1012000
D-000956,O-00956,P-00377,2,1648000,3296000
D-000957,O-00957,P-00826,2,639000,1278000
D-000958,O-00958,P-00922,1,344000,344000
D-000959,O-00959,P-01989,1,1021000,1021000
D-000960,O-00960,P-00427,2,715000,1430000
D-000961,O-00961,P-02225,2,1075000,2150000
D-000962,O-00962,P-01060,1,130000,130000
D-000963,O-00963,P-00876,2,2576000,5152000
D-000964,O-00964,P-04121,1,1602000,1602000
D-000965,O-00965,P-03118,2,2853000,5706000
D-000966,O-00966,P-01069,2,2621000,5242000
D-000967,O-00967,P-03008,1,307000,307000
D-000968,O-00968,P-03478,1,2780000,2780000
D-000969,O-00969,P-02542,1,2236000,2236000
D-000970,O-00970,P-04054,2,604000,1208000
D-000971,O-00971,P-00103,1,2874000,2874000
D-000972,O-00972,P-01924,2,1516000,3032000
D-000973,O-00973,P-01574,2,314000,628000
D-000974,O-00974,P-04145,2,1548000,3096000
D-000975,O-00975,P-00139,2,545000,1090000
D-000976,O-00976,P-02942,1,1071000,1071000
D-000977,O-00977,P-01244,1,509000,509000
D-000978,O-00978,P-02194,1,534000,534000
D-000979,O-00979,P-03823,2,2956000,5912000
D-000980,O-00980,P-01098,1,840000,840000
D-000981,O-00981,P-00597,2,1580000,3160000
D-000982,O-00982,P-03624,2,1358000,2716000
D-000983,O-00983,P-00599,2,574000,1148000
D-000984,O-00984,P-01790,2,2734000,5468000
D-000985,O-00985,P-02813,2,2246000,4492000
D-000986,O-00986,P-02062,1,1187000,1187000
D-000987,O-00987,P-02240,1,2274000,2274000
D-000988,O-00988,P-01392,2,427000,854000
D-000989,O-00989,P-01795,1,93000,93000
D-000990,O-00990,P-01173,2,2031000,4062000
D-000991,O-00991,P-00225,2,2723000,5446000
D-000992,O-00992,P-01899,2,2877000,5754000
D-000993,O-00993,P-04496,2,1190000,2380000
D-000994,O-00994,P-01883,2,700000,1400000
D-000995,O-00995,P-04162,2,2535000,5070000
D-000996,O-00996,P-03266,2,2585000,5170000
D-000997,O-00997,P-00237,1,2114000,2114000
D-000998,O-00998,P-00852,2,2850000,5700000
D-000999,O-00999,P-02222,2,374000,748000
D-001000,O-01000,P-00702,1,2919000,2919000
D-001001,O-01001,P-02006,2,531000,1062000
D-001002,O-01002,P-03682,2,1894000,3788000
D-001003,O-01003,P-04436,1,237000,237000
D-001004,O-01004,P-01281,2,476000,952000
D-001005,O-01005,P-01046,2,2387000,4774000
D-001006,O-01006,P-04102,1,1659000,1659000
D-001007,O-01007,P-00667,2,760000,1520000
D-001008,O-01008,P-04798,2,751000,1502000
D-001009,O-01009,P-00990,1,885000,885000
D-001010,O-01010,P-00829,1,342000,342000
D-001011,O-01011,P-02944,1,1878000,1878000
D-001012,O-01012,P-01835,1,442000,442000
D-001013,O-01013,P-03289,2,713000,1426000
D-001014,O-01014,P-03928,1,1863000,1863000
D-001015,O-01015,P-02928,1,1270000,1270000
D-001016,O-01016,P-04132,1,200000,200000
D-001017,O-01017,P-00633,2,2671000,5342000
D-001018,O-01018,P-02418,1,2636000,2636000
D-001019,O-01019,P-04551,2,1737000,3474000
D-001020,O-01020,P-02391,1,591000,591000
D-001021,O-01021,P-01972,1,1577000,1577000
D-001022,O-01022,P-01897,1,1693000,1693000
D-001023,O-01023,P-02166,1,1147000,1147000
D-001024,O-01024,P-04995,2,2444000,4888000
D-001025,O-01025,P-02126,2,2169000,4338000
D-001026,O-01026,P-00455,1,1243000,1243000
D-001027,O-01027,P-04241,1,311000,311000
D-001028,O-01028,P-04330,1,2330000,2330000
D-001029,O-01029,P-00258,1,977000,977000
D-001030,O-01030,P-02809,1,1883000,1883000
D-001031,O-01031,P-02286,1,582000,582000
D-001032,O-01032,P-01736,1,2089000,2089000
D-001033,O-01033,P-02831,1,1636000,1636000
D-001034,O-01034,P-01472,1,1628000,1628000
D-001035,O-01035,P-03618,1,2619000,2619000
D-001036,O-01036,P-02846,2,2480000,4960000
D-001037,O-01037,P-04627,2,1880000,3760000
D-001038,O-01038,P-01177,2,1843000,3686000
D-001039,O-01039,P-03070,1,2305000,2305000
D-001040,O-01040,P-00960,1,312000,312000
D-001041,O-01041,P-03774,1,984000,984000
D-001042,O-01042,P-04176,1,1059000,1059000
D-001043,O-01043,P-01777,2,144000,288000
D-001044,O-01044,P-02859,1,1650000,1650000
D-001045,O-01045,P-04553,1,1820000,1820000
D-001046,O-01046,P-02575,2,319000,638000
D-001047,O-01047,P-03448,1,2315000,2315000
D-001048,O-01048,P-04817,1,980000,980000
D-001049,O-01049,P-03256,2,416000,832000
D-001050,O-01050,P-03018,1,1037000,1037000
D-001051,O-01051,P-01492,2,416000,832000
D-001052,O-01052,P-01556,2,1411000,2822000
D-001053,O-01053,P-04545,1,2075000,2075000
D-001054,O-01054,P-01859,1,1334000,1334000
D-001055,O-01055,P-03501,1,1889000,1889000
D-001056,O-01056,P-00211,2,2112000,4224000
D-001057,O-01057,P-00447,1,2429000,2429000
D-001058,O-01058,P-03456,1,560000,560000
D-001059,O-01059,P-00647,2,1539000,3078000
D-001060,O-01060,P-00589,1,1382000,1382000
D-001061,O-01061,P-02274,1,2934000,2934000
D-001062,O-01062,P-04845,1,1519000,1519000
D-001063,O-01063,P-04532,2,276000,552000
D-001064,O-01064,P-04334,2,239000,478000
D-001065,O-01065,P-03298,1,1585000,1585000
D-001066,O-01066,P-02597,2,916000,1832000
D-001067,O-01067,P-01875,2,2390000,4780000
D-001068,O-01068,P-00921,1,1385000,1385000
D-001069,O-01069,P-00299,2,2316000,4632000
D-001070,O-01070,P-04387,2,2736000,5472000
D-001071,O-01071,P-00543,2,2638000,5276000
D-001072,O-01072,P-03187,2,2291000,4582000
D-001073,O-01073,P-03546,2,190000,380000
D-001074,O-01074,P-01268,2,1768000,3536000
D-001075,O-01075,P-04798,2,2468000,4936000
D-001076,O-01076,P-03843,1,1994000,1994000
D-001077,O-01077,P-01290,2,833000,1666000
D-001078,O-01078,P-04210,2,1932000,3864000
D-001079,O-01079,P-01088,1,175000,175000
D-001080,O-01080,P-00543,1,700000,700000
D-001081,O-01081,P-01337,1,1034000,1034000
D-001082,O-01082,P-03659,1,2140000,2140000
D-001083,O-01083,P-02730,2,656000,1312000
D-001084,O-01084,P-02761,1,1398000,1398000
D-001085,O-01085,P-04676,2,774000,1548000
D-001086,O-01086,P-04930,2,2732000,5464000
D-001087,O-01087,P-04183,2,586000,1172000
D-001088,O-01088,P-02104,1,488000,488000
D-001089,O-01089,P-03623,2,1312000,2624000
D-001090,O-01090,P-03286,2,903000,1806000
D-001091,O-01091,P-01239,2,401000,802000
D-001092,O-01092,P-04540,1,647000,647000
D-001093,O-01093,P-02105,2,2437000,4874000
D-001094,O-01094,P-00536,2,487000,974000
D-001095,O-01095,P-00288,1,1774000,1774000
D-001096,O-01096,P-00908,2,703000,1406000
D-001097,O-01097,P-00498,1,1249000,1249000
D-001098,O-01098,P-03994,1,1578000,1578000
D-001099,O-01099,P-03106,1,679000,679000
D-001100,O-01100,P-00735,2,374000,748000
D-001101,O-01101,P-00626,1,1040000,1040000
D-001102,O-01102,P-02322,2,226000,452000
D-001103,O-01103,P-01061,2,234000,468000
D-001104,O-01104,P-00135,2,2173000,4346000
D-001105,O-01105,P-02344,2,124000,248000
D-001106,O-01106,P-00423,2,110000,220000
D-001107,O-01107,P-00187,1,983000,983000
D-001108,O-01108,P-02761,2,1961000,3922000
D-001109,O-01109,P-03872,1,2964000,2964000
D-001110,O-01110,P-02912,1,351000,351000
D-001111,O-01111,P-03007,1,1736000,1736000
D-001112,O-01112,P-03399,2,2458000,4916000
D-001113,O-01113,P-01738,1,1719000,1719000
D-001114,O-01114,P-02127,2,1479000,2958000
D-001115,O-01115,P-02586,1,1411000,1411000
D-001116,O-01116,P-01086,1,2232000,2232000
D-001117,O-01117,P-03291,1,582000,582000
D-001118,O-01118,P-04219,1,1402000,1402000
D-001119,O-01119,P-02416,1,2621000,2621000
D-001120,O-01120,P-00031,2,1797000,3594000
D-001121,O-01121,P-02327,2,821000,1642000
D-001122,O-01122,P-01549,2,2178000,4356000
D-001123,O-01123,P-01655,1,800000,800000
D-001124,O-01124,P-00526,1,2938000,2938000
D-001125,O-01125,P-03048,2,2199000,4398000
D-001126,O-01126,P-00440,2,2871000,5742000
D-001127,O-01127,P-02799,1,778000,778000
D-001128,O-01128,P-04105,1,2016000,2016000
D-001129,O-01129,P-02235,1,1187000,1187000
D-001130,O-01130,P-00042,1,2460000,2460000
D-001131,O-01131,P-04485,2,2807000,5614000
D-001132,O-01132,P-04864,1,2508000,2508000
D-001133,O-01133,P-04145,2,2626000,5252000
D-001134,O-01134,P-01202,2,1764000,3528000
D-001135,O-01135,P-01678,1,2543000,2543000
D-001136,O-01136,P-01686,1,2836000,2836000
D-001137,O-01137,P-01409,2,680000,1360000
D-001138,O-01138,P-04565,1,1879000,1879000
D-001139,O-01139,P-01653,1,1976000,1976000
D-001140,O-01140,P-01405,1,2006000,2006000
D-001141,O-01141,P-03951,1,2887000,2887000
D-001142,O-01142,P-00285,2,910000,1820000
D-001143,O-01143,P-01556,1,792000,792000
D-001144,O-01144,P-01930,1,1568000,1568000
D-001145,O-01145,P-00604,2,1109000,2218000
D-001146,O-01146,P-02639,1,1789000,1789000
D-001147,O-01147,P-01159,1,1352000,1352000
D-001148,O-01148,P-02324,2,1475000,2950000
D-001149,O-01149,P-01461,2,1933000,3866000
D-001150,O-01150,P-01292,1,550000,550000
D-001151,O-01151,P-02096,1,657000,657000
D-001152,O-01152,P-01733,1,1683000,1683000
D-001153,O-01153,P-02300,1,1247000,1247000
D-001154,O-01154,P-04504,1,2504000,2504000
D-001155,O-01155,P-03539,2,94000,188000
D-001156,O-01156,P-03214,1,933000,933000
D-001157,O-01157,P-01393,2,2455000,4910000
D-001158,O-01158,P-02579,1,1018000,1018000
D-001159,O-01159,P-02612,1,2793000,2793000
D-001160,O-01160,P-03860,2,1484000,2968000
D-001161,O-01161,P-03284,1,1169000,1169000
D-001162,O-01162,P-04972,1,1226000,1226000
D-001163,O-01163,P-04631,2,243000,486000
D-001164,O-01164,P-05000,1,1305000,1305000
D-001165,O-01165,P-03948,2,532000,1064000
D-001166,O-01166,P-01295,1,348000,348000
D-001167,O-01167,P-04044,1,2803000,2803000
D-001168,O-01168,P-02112,1,2558000,2558000
D-001169,O-01169,P-02380,2,2446000,4892000
D-001170,O-01170,P-02699,1,2431000,2431000
D-001171,O-01171,P-03720,1,1592000,1592000
D-001172,O-01172,P-03508,2,1128000,2256000
D-001173,O-01173,P-04164,2,1616000,3232000
D-001174,O-01174,P-01496,2,1880000,3760000
D-001175,O-01175,P-00737,1,2083000,2083000
D-001176,O-01176,P-00303,1,391000,391000
D-001177,O-01177,P-03168,1,260000,260000
D-001178,O-01178,P-04665,1,354000,354000
D-001179,O-01179,P-02003,1,1456000,1456000
D-001180,O-01180,P-04705,1,2903000,2903000
D-001181,O-01181,P-02893,2,2111000,4222000
D-001182,O-01182,P-03376,1,2612000,2612000
D-001183,O-01183,P-01877,2,1135000,2270000
D-001184,O-01184,P-00966,1,1023000,1023000
D-001185,O-01185,P-01113,2,2059000,4118000
D-001186,O-01186,P-00388,1,542000,542000
D-001187,O-01187,P-04039,1,2915000,2915000
D-001188,O-01188,P-02083,1,368000,368000
D-001189,O-01189,P-00218,2,370000,740000
D-001190,O-01190,P-03742,1,2544000,2544000
D-001191,O-01191,P-01798,2,1720000,3440000
D-001192,O-01192,P-04683,1,1122000,1122000
D-001193,O-01193,P-02220,2,1966000,3932000
D-001194,O-01194,P-01324,2,1541000,3082000
D-001195,O-01195,P-01111,1,1007000,1007000
D-001196,O-01196,P-03350,2,706000,1412000
D-001197,O-01197,P-02639,2,2230000,4460000
D-001198,O-01198,P-03732,2,1444000,2888000
D-001199,O-01199,P-04157,1,1389000,1389000
D-001200,O-01200,P-00802,1,726000,726000
D-001201,O-01201,P-02357,1,1981000,1981000
D-001202,O-01202,P-01280,1,1823000,1823000
D-001203,O-01203,P-03292,1,403000,403000
D-001204,O-01204,P-03195,1,2392000,2392000
D-001205,O-01205,P-04647,1,1084000,1084000
D-001206,O-01206,P-01311,1,1445000,1445000
D-001207,O-01207,P-01515,1,751000,751000
D-001208,O-01208,P-00706,1,967000,967000
D-001209,O-01209,P-01586,2,1982000,3964000
D-001210,O-01210,P-04163,2,2002000,4004000
D-001211,O-01211,P-03148,2,1467000,2934000
D-001212,O-01212,P-02269,2,1793000,3586000
D-001213,O-01213,P-04444,2,1893000,3786000
D-001214,O-01214,P-03814,1,1764000,1764000
D-001215,O-01215,P-03361,1,2152000,2152000
D-001216,O-01216,P-03876,1,514000,514000
D-001217,O-01217,P-04825,1,1779000,1779000
D-001218,O-01218,P-01836,1,1388000,1388000
D-001219,O-01219,P-02112,1,2837000,2837000
D-001220,O-01220,P-00711,1,329000,329000
D-001221,O-01221,P-04478,1,1329000,1329000
D-001222,O-01222,P-04506,2,655000,1310000
D-001223,O-01223,P-00947,1,323000,323000
D-001224,O-01224,P-03178,2,1889000,3778000
D-001225,O-01225,P-01999,1,2093000,2093000
D-001226,O-01226,P-00026,2,1590000,3180000
D-001227,O-01227,P-03443,1,2263000,2263000
D-001228,O-01228,P-02278,2,1632000,3264000
D-001229,O-01229,P-03285,2,1886000,3772000
D-001230,O-01230,P-04906,2,229000,458000
D-001231,O-01231,P-04507,2,2615000,5230000
D-001232,O-01232,P-04394,1,1932000,1932000
D-001233,O-01233,P-03796,1,1828000,1828000
D-001234,O-01234,P-00226,2,860000,1720000
D-001235,O-01235,P-04168,1,2278000,2278000
D-001236,O-01236,P-03444,2,1033000,2066000
D-001237,O-01237,P-01504,1,556000,556000
D-001238,O-01238,P-04389,1,326000,326000
D-001239,O-01239,P-04949,1,1424000,1424000
D-001240,O-01240,P-00359,1,2414000,2414000
D-001241,O-01241,P-00133,2,2404000,4808000
D-001242,O-01242,P-04981,2,1642000,3284000
D-001243,O-01243,P-04358,2,1661000,3322000
D-001244,O-01244,P-04107,2,2951000,5902000
D-001245,O-01245,P-00118,1,1999000,1999000
D-001246,O-01246,P-02089,1,1709000,1709000
D-001247,O-01247,P-00611,2,2260000,4520000
D-001248,O-01248,P-02310,1,819000,819000
D-001249,O-01249,P-04389,1,1450000,1450000
D-001250,O-01250,P-01019,1,951000,951000
D-001251,O-01251,P-02800,2,2417000,4834000
D-001252,O-01252,P-01674,2,1778000,3556000
D-001253,O-01253,P-02506,1,2466000,2466000
D-001254,O-01254,P-03620,1,1714000,1714000
D-001255,O-01255,P-02649,1,1867000,1867000
D-001256,O-01256,P-02592,2,1432000,2864000
D-001257,O-01257,P-04000,1,1795000,1795000
D-001258,O-01258,P-02141,1,2014000,2014000
D-001259,O-01259,P-00955,2,1474000,2948000
D-001260,O-01260,P-03053,2,1653000,3306000
D-001261,O-01261,P-01508,1,177000,177000
D-001262,O-01262,P-02753,2,1284000,2568000
D-001263,O-01263,P-03140,1,952000,952000
D-001264,O-01264,P-00551,1,212000,212000
D-001265,O-01265,P-04689,2,447000,894000
D-001266,O-01266,P-02387,2,479000,958000
D-001267,O-01267,P-00519,1,778000,778000
D-001268,O-01268,P-01573,2,1393000,2786000
D-001269,O-01269,P-00626,1,235000,235000
D-001270,O-01270,P-04284,2,2718000,5436000
D-001271,O-01271,P-02497,1,2123000,2123000
D-001272,O-01272,P-00663,2,2253000,4506000
D-001273,O-01273,P-01126,2,203000,406000
D-001274,O-01274,P-00330,2,422000,844000
D-001275,O-01275,P-00022,1,2647000,2647000
D-001276,O-01276,P-01674,2,2113000,4226000
D-001277,O-01277,P-00944,1,88000,88000
D-001278,O-01278,P-02804,2,2744000,5488000
D-001279,O-01279,P-03571,2,1333000,2666000
D-001280,O-01280,P-04620,1,2187000,2187000
D-001281,O-01281,P-04654,1,1340000,1340000
D-001282,O-01282,P-02052,2,1209000,2418000
D-001283,O-01283,P-00279,1,1934000,1934000
D-001284,O-01284,P-04303,2,363000,726000
D-001285,O-01285,P-04638,2,1339000,2678000
D-001286,O-01286,P-01326,1,2909000,2909000
D-001287,O-01287,P-03919,2,2500000,5000000
D-001288,O-01288,P-01553,2,2137000,4274000
D-001289,O-01289,P-04183,1,111000,111000
D-001290,O-01290,P-02358,2,1876000,3752000
D-001291,O-01291,P-04172,2,2062000,4124000
D-001292,O-01292,P-04482,1,380000,380000
D-001293,O-01293,P-03327,1,552000,552000
D-001294,O-01294,P-03527,2,1399000,2798000
D-001295,O-01295,P-01846,2,2119000,4238000
D-001296,O-01296,P-03986,1,2369000,2369000
D-001297,O-01297,P-00309,1,2783000,2783000
D-001298,O-01298,P-02148,2,434000,868000
D-001299,O-01299,P-00182,2,2031000,4062000
D-001300,O-01300,P-00012,2,1494000,2988000
D-001301,O-01301,P-01434,2,380000,760000
D-001302,O-01302,P-00338,1,1859000,1859000
D-001303,O-01303,P-00933,1,834000,834000
D-001304,O-01304,P-01940,1,953000,953000
D-001305,O-01305,P-00892,1,2278000,2278000
D-001306,O-01306,P-03374,1,177000,177000
D-001307,O-01307,P-00516,1,344000,344000
D-001308,O-01308,P-02231,1,281000,281000
D-001309,O-01309,P-01112,1,262000,262000
D-001310,O-01310,P-02445,1,1075000,1075000
D-001311,O-01311,P-01345,1,1504000,1504000
D-001312,O-01312,P-01145,2,1844000,3688000
D-001313,O-01313,P-04148,2,1846000,3692000
D-001314,O-01314,P-03320,1,964000,964000
D-001315,O-01315,P-00479,1,196000,196000
D-001316,O-01316,P-03453,2,2126000,4252000
D-001317,O-01317,P-02919,2,1580000,3160000
D-001318,O-01318,P-01147,1,274000,274000
D-001319,O-01319,P-04646,1,820000,820000
D-001320,O-01320,P-02467,1,2767000,2767000
D-001321,O-01321,P-03858,2,2155000,4310000
D-001322,O-01322,P-02449,2,2967000,5934000
D-001323,O-01323,P-04157,2,1076000,2152000
D-001324,O-01324,P-02093,2,1555000,3110000
D-001325,O-01325,P-01419,2,1615000,3230000
D-001326,O-01326,P-00831,2,2967000,5934000
D-001327,O-01327,P-02169,2,1886000,3772000
D-001328,O-01328,P-02031,1,549000,549000
D-001329,O-01329,P-04022,1,391000,391000
D-001330,O-01330,P-03810,2,812000,1624000
D-001331,O-01331,P-02089,1,1506000,1506000
D-001332,O-01332,P-01044,1,2533000,2533000
D-001333,O-01333,P-02911,2,2815000,5630000
D-001334,O-01334,P-00270,1,157000,157000
D-001335,O-01335,P-04920,1,1247000,1247000
D-001336,O-01336,P-02750,1,679000,679000
D-001337,O-01337,P-04402,2,1714000,3428000
D-001338,O-01338,P-04512,1,752000,752000
D-001339,O-01339,P-01832,1,429000,429000
D-001340,O-01340,P-02928,2,1172000,2344000
D-001341,O-01341,P-00249,1,942000,942000
D-001342,O-01342,P-03575,2,239000,478000
D-001343,O-01343,P-02895,2,1655000,3310000
D-001344,O-01344,P-04378,1,166000,166000
D-001345,O-01345,P-04406,2,1852000,3704000
D-001346,O-01346,P-02776,1,435000,435000
D-001347,O-01347,P-01908,1,1514000,1514000
D-001348,O-01348,P-00485,2,2565000,5130000
D-001349,O-01349,P-02959,2,415000,830000
D-001350,O-01350,P-04891,1,902000,902000
D-001351,O-01351,P-03496,1,1307000,1307000
D-001352,O-01352,P-02825,2,2132000,4264000
D-001353,O-01353,P-03194,1,1673000,1673000
D-001354,O-01354,P-02389,1,2253000,2253000
D-001355,O-01355,P-01555,1,1283000,1283000
D-001356,O-01356,P-02433,2,2067000,4134000
D-001357,O-01357,P-01634,1,195000,195000
D-001358,O-01358,P-00452,1,1709000,1709000
D-001359,O-01359,P-00979,1,2998000,2998000
D-001360,O-01360,P-04631,2,1811000,3622000
D-001361,O-01361,P-01945,2,2277000,4554000
D-001362,O-01362,P-00062,2,2155000,4310000
D-001363,O-01363,P-03635,1,227000,227000
D-001364,O-01364,P-04865,2,76000,152000
D-001365,O-01365,P-03735,2,1715000,3430000
D-001366,O-01366,P-02487,2,765000,1530000
D-001367,O-01367,P-04022,1,1561000,1561000
D-001368,O-01368,P-01032,2,1000000,2000000
D-001369,O-01369,P-03670,1,2628000,2628000
D-001370,O-01370,P-00962,1,621000,621000
D-001371,O-01371,P-03104,1,2819000,2819000
D-001372,O-01372,P-03212,2,2404000,4808000
D-001373,O-01373,P-03550,1,924000,924000
D-001374,O-01374,P-01125,1,1092000,1092000
D-001375,O-01375,P-00108,2,2434000,4868000
D-001376,O-01376,P-02556,1,1408000,1408000
D-001377,O-01377,P-00440,1,1143000,1143000
D-001378,O-01378,P-03610,1,2854000,2854000
D-001379,O-01379,P-01199,1,2483000,2483000
D-001380,O-01380,P-03783,1,1958000,1958000
D-001381,O-01381,P-03018,2,2433000,4866000
D-001382,O-01382,P-01705,2,913000,1826000
D-001383,O-01383,P-00036,2,338000,676000
D-001384,O-01384,P-01349,2,1703000,3406000
D-001385,O-01385,P-02803,1,1944000,1944000
D-001386,O-01386,P-00374,1,1756000,1756000
D-001387,O-01387,P-03201,1,1543000,1543000
D-001388,O-01388,P-01629,1,408000,408000
D-001389,O-01389,P-02562,2,167000,334000
D-001390,O-01390,P-00156,2,644000,1288000
D-001391,O-01391,P-01791,2,2858000,5716000
D-001392,O-01392,P-00503,1,2153000,2153000
D-001393,O-01393,P-03876,1,222000,222000
D-001394,O-01394,P-01373,1,2298000,2298000
D-001395,O-01395,P-00091,2,949000,1898000
D-001396,O-01396,P-01441,2,1297000,2594000
D-001397,O-01397,P-03083,1,698000,698000
D-001398,O-01398,P-01291,2,437000,874000
D-001399,O-01399,P-02301,1,298000,298000
D-001400,O-01400,P-01336,2,1549000,3098000
D-001401,O-01401,P-00094,1,256000,256000
D-001402,O-01402,P-02763,2,1589000,3178000
D-001403,O-01403,P-02002,1,1052000,1052000
D-001404,O-01404,P-04931,1,2808000,2808000
D-001405,O-01405,P-04584,2,865000,1730000
D-001406,O-01406,P-01060,1,516000,516000
D-001407,O-01407,P-00785,2,2010000,4020000
D-001408,O-01408,P-03606,1,2529000,2529000
D-001409,O-01409,P-01937,1,759000,759000
D-001410,O-01410,P-03712,1,177000,177000
D-001411,O-01411,P-04036,1,576000,576000
D-001412,O-01412,P-02958,1,77000,77000
D-001413,O-01413,P-04727,1,880000,880000
D-001414,O-01414,P-01599,1,341000,341000
D-001415,O-01415,P-00130,2,748000,1496000
D-001416,O-01416,P-01916,1,819000,819000
D-001417,O-01417,P-02166,1,1086000,1086000
D-001418,O-01418,P-02365,1,2360000,2360000
D-001419,O-01419,P-00400,2,1367000,2734000
D-001420,O-01420,P-02709,2,2891000,5782000
D-001421,O-01421,P-02017,2,240000,480000
D-001422,O-01422,P-01876,1,827000,827000
D-001423,O-01423,P-02151,2,2940000,5880000
D-001424,O-01424,P-01599,2,2910000,5820000
D-001425,O-01425,P-00943,2,2809000,5618000
D-001426,O-01426,P-02951,2,96000,192000
D-001427,O-01427,P-00990,2,2985000,5970000
D-001428,O-01428,P-04889,2,1032000,2064000
D-001429,O-01429,P-02306,1,2784000,2784000
D-001430,O-01430,P-01932,2,2991000,5982000
D-001431,O-01431,P-01609,2,2248000,4496000
D-001432,O-01432,P-02164,2,186000,372000
D-001433,O-01433,P-04444,1,648000,648000
D-001434,O-01434,P-00097,1,432000,432000
D-001435,O-01435,P-00392,2,1390000,2780000
D-001436,O-01436,P-04794,1,1906000,1906000
D-001437,O-01437,P-00996,1,2083000,2083000
D-001438,O-01438,P-03880,2,2417000,4834000
D-001439,O-01439,P-04284,2,1016000,2032000
D-001440,O-01440,P-00202,2,2756000,5512000
D-001441,O-01441,P-00827,2,1866000,3732000
D-001442,O-01442,P-01595,2,790000,1580000
D-001443,O-01443,P-00839,2,788000,1576000
D-001444,O-01444,P-01170,2,762000,1524000
D-001445,O-01445,P-02430,1,2991000,2991000
D-001446,O-01446,P-00815,2,1748000,3496000
D-001447,O-01447,P-03231,2,2841000,5682000
D-001448,O-01448,P-02407,1,2088000,2088000
D-001449,O-01449,P-03875,2,373000,746000
D-001450,O-01450,P-00783,1,196000,196000
D-001451,O-01451,P-03578,1,2343000,2343000
D-001452,O-01452,P-03881,1,601000,601000
D-001453,O-01453,P-00478,2,2606000,5212000
D-001454,O-01454,P-03125,1,2132000,2132000
D-001455,O-01455,P-02868,2,2853000,5706000
D-001456,O-01456,P-01797,1,2828000,2828000
D-001457,O-01457,P-00561,1,1877000,1877000
D-001458,O-01458,P-03116,1,2127000,2127000
D-001459,O-01459,P-02015,2,252000,504000
D-001460,O-01460,P-00257,1,363000,363000
D-001461,O-01461,P-01843,1,1161000,1161000
D-001462,O-01462,P-02551,2,1732000,3464000
D-001463,O-01463,P-01819,1,2249000,2249000
D-001464,O-01464,P-04653,1,1301000,1301000
D-001465,O-01465,P-04152,2,2531000,5062000
D-001466,O-01466,P-01102,1,1289000,1289000
D-001467,O-01467,P-04773,1,1058000,1058000
D-001468,O-01468,P-01116,1,387000,387000
D-001469,O-01469,P-03836,2,1411000,2822000
D-001470,O-01470,P-02684,2,2758000,5516000
D-001471,O-01471,P-01119,2,354000,708000
D-001472,O-01472,P-02649,1,102000,102000
D-001473,O-01473,P-01543,1,1493000,1493000
D-001474,O-01474,P-02663,2,2024000,4048000
D-001475,O-01475,P-04489,1,987000,987000
D-001476,O-01476,P-03544,2,805000,1610000
D-001477,O-01477,P-01641,2,1491000,2982000
D-001478,O-01478,P-02777,1,175000,175000
D-001479,O-01479,P-02471,2,874000,1748000
D-001480,O-01480,P-02338,2,2264000,4528000
D-001481,O-01481,P-01433,2,626000,1252000
D-001482,O-01482,P-00210,2,383000,766000
D-001483,O-01483,P-02201,1,1303000,1303000
D-001484,O-01484,P-03119,2,1471000,2942000
D-001485,O-01485,P-03332,1,877000,877000
D-001486,O-01486,P-00652,2,1834000,3668000
D-001487,O-01487,P-04417,1,65000,65000
D-001488,O-01488,P-00844,2,2447000,4894000
D-001489,O-01489,P-04517,1,2205000,2205000
D-001490,O-01490,P-02359,2,751000,1502000
D-001491,O-01491,P-00537,1,267000,267000
D-001492,O-01492,P-03759,1,2188000,2188000
D-001493,O-01493,P-01027,2,845000,1690000
D-001494,O-01494,P-03495,1,2434000,2434000
D-001495,O-01495,P-01518,2,1232000,2464000
D-001496,O-01496,P-01565,1,585000,585000
D-001497,O-01497,P-03674,1,1930000,1930000
D-001498,O-01498,P-03393,2,714000,1428000
D-001499,O-01499,P-01327,2,482000,964000
D-001500,O-01500,P-03280,2,2304000,4608000
D-001501,O-01501,P-01845,2,1588000,3176000
D-001502,O-01502,P-03555,2,1511000,3022000
D-001503,O-01503,P-02533,2,1566000,3132000
D-001504,O-01504,P-02101,2,2408000,4816000
D-001505,O-01505,P-01474,2,2298000,4596000
D-001506,O-01506,P-00245,1,1047000,1047000
D-001507,O-01507,P-02417,2,910000,1820000
D-001508,O-01508,P-02441,2,2585000,5170000
D-001509,O-01509,P-02523,1,1371000,1371000
D-001510,O-01510,P-01847,2,1924000,3848000
D-001511,O-01511,P-01826,1,995000,995000
D-001512,O-01512,P-03502,1,2728000,2728000
D-001513,O-01513,P-02066,1,453000,453000
D-001514,O-01514,P-02714,1,2850000,2850000
D-001515,O-01515,P-00287,1,793000,793000
D-001516,O-01516,P-03656,2,1048000,2096000
D-001517,O-01517,P-02330,1,2805000,2805000
D-001518,O-01518,P-03546,2,485000,970000
D-001519,O-01519,P-01125,2,1071000,2142000
D-001520,O-01520,P-01348,1,1618000,1618000
D-001521,O-01521,P-02789,2,2909000,5818000
D-001522,O-01522,P-01500,1,295000,295000
D-001523,O-01523,P-03974,2,1869000,3738000
D-001524,O-01524,P-03465,1,275000,275000
D-001525,O-01525,P-02232,2,2758000,5516000
D-001526,O-01526,P-01218,2,122000,244000
D-001527,O-01527,P-01707,2,1987000,3974000
D-001528,O-01528,P-00358,1,1633000,1633000
D-001529,O-01529,P-03616,1,758000,758000
D-001530,O-01530,P-02650,1,2622000,2622000
D-001531,O-01531,P-00507,2,282000,564000
D-001532,O-01532,P-03276,1,1511000,1511000
D-001533,O-01533,P-03613,2,2517000,5034000
D-001534,O-01534,P-03485,2,378000,756000
D-001535,O-01535,P-03228,2,1990000,3980000
D-001536,O-01536,P-03000,1,1203000,1203000
D-001537,O-01537,P-02819,1,2870000,2870000
D-001538,O-01538,P-00917,2,299000,598000
D-001539,O-01539,P-04846,1,2856000,2856000
D-001540,O-01540,P-01411,2,295000,590000
D-001541,O-01541,P-01241,2,2343000,4686000
D-001542,O-01542,P-00758,2,2968000,5936000
D-001543,O-01543,P-00843,2,685000,1370000
D-001544,O-01544,P-00102,2,477000,954000
D-001545,O-01545,P-00810,1,1655000,1655000
D-001546,O-01546,P-02695,2,2260000,4520000
D-001547,O-01547,P-03788,1,2720000,2720000
D-001548,O-01548,P-01065,2,529000,1058000
D-001549,O-01549,P-04525,1,1785000,1785000
D-001550,O-01550,P-04151,2,1770000,3540000
D-001551,O-01551,P-01286,1,125000,125000
D-001552,O-01552,P-00331,2,1732000,3464000
D-001553,O-01553,P-00425,1,2924000,2924000
D-001554,O-01554,P-00395,2,271000,542000
D-001555,O-01555,P-02071,2,754000,1508000
D-001556,O-01556,P-04783,1,819000,819000
D-001557,O-01557,P-01550,1,233000,233000
D-001558,O-01558,P-04463,1,1226000,1226000
D-001559,O-01559,P-02332,2,733000,1466000
D-001560,O-01560,P-00011,2,573000,1146000
D-001561,O-01561,P-03017,1,502000,502000
D-001562,O-01562,P-02809,1,1989000,1989000
D-001563,O-01563,P-02258,1,2153000,2153000
D-001564,O-01564,P-03163,1,286000,286000
D-001565,O-01565,P-01437,1,211000,211000
D-001566,O-01566,P-04771,1,656000,656000
D-001567,O-01567,P-04473,1,927000,927000
D-001568,O-01568,P-02451,2,1404000,2808000
D-001569,O-01569,P-00719,1,951000,951000
D-001570,O-01570,P-00652,2,1588000,3176000
D-001571,O-01571,P-03463,1,1353000,1353000
D-001572,O-01572,P-02640,2,2331000,4662000
D-001573,O-01573,P-03725,2,1873000,3746000
D-001574,O-01574,P-00912,1,279000,279000
D-001575,O-01575,P-00881,2,2177000,4354000
D-001576,O-01576,P-00094,2,1927000,3854000
D-001577,O-01577,P-01501,2,1725000,3450000
D-001578,O-01578,P-03751,1,2749000,2749000
D-001579,O-01579,P-04953,2,1268000,2536000
D-001580,O-01580,P-04654,1,2335000,2335000
D-001581,O-01581,P-03568,2,1981000,3962000
D-001582,O-01582,P-01451,1,2211000,2211000
D-001583,O-01583,P-02016,1,413000,413000
D-001584,O-01584,P-04653,2,572000,1144000
D-001585,O-01585,P-03137,1,1958000,1958000
D-001586,O-01586,P-04632,1,2512000,2512000
D-001587,O-01587,P-04800,1,1322000,1322000
D-001588,O-01588,P-04953,1,736000,736000
D-001589,O-01589,P-01228,1,1026000,1026000
D-001590,O-01590,P-01709,2,1696000,3392000
D-001591,O-01591,P-03648,2,2333000,4666000
D-001592,O-01592,P-03356,1,526000,526000
D-001593,O-01593,P-03451,2,283000,566000
D-001594,O-01594,P-04555,2,658000,1316000
D-001595,O-01595,P-03747,2,1071000,2142000
D-001596,O-01596,P-03468,2,796000,1592000
D-001597,O-01597,P-04414,1,1459000,1459000
D-001598,O-01598,P-03568,2,1957000,3914000
D-001599,O-01599,P-00686,1,1476000,1476000
D-001600,O-01600,P-03917,2,1947000,3894000
D-001601,O-01601,P-01574,2,2785000,5570000
D-001602,O-01602,P-02716,2,233000,466000
D-001603,O-01603,P-04709,2,2667000,5334000
D-001604,O-01604,P-02883,1,1577000,1577000
D-001605,O-01605,P-03915,2,1570000,3140000
D-001606,O-01606,P-03351,2,2106000,4212000
D-001607,O-01607,P-01841,2,631000,1262000
D-001608,O-01608,P-04182,1,956000,956000
D-001609,O-01609,P-00914,1,703000,703000
D-001610,O-01610,P-00227,1,1052000,1052000
D-001611,O-01611,P-00453,1,1862000,1862000
D-001612,O-01612,P-02607,2,2730000,5460000
D-001613,O-01613,P-01776,2,772000,1544000
D-001614,O-01614,P-02805,1,192000,192000
D-001615,O-01615,P-01517,2,896000,1792000
D-001616,O-01616,P-04182,2,1263000,2526000
D-001617,O-01617,P-00687,2,1717000,3434000
D-001618,O-01618,P-00270,1,1158000,1158000
D-001619,O-01619,P-01226,1,2303000,2303000
D-001620,O-01620,P-00334,2,2380000,4760000
D-001621,O-01621,P-00608,2,1157000,2314000
D-001622,O-01622,P-01605,1,2421000,2421000
D-001623,O-01623,P-01458,2,389000,778000
D-001624,O-01624,P-01857,1,1079000,1079000
D-001625,O-01625,P-02083,1,739000,739000
D-001626,O-01626,P-03717,1,2959000,2959000
D-001627,O-01627,P-01642,2,143000,286000
D-001628,O-01628,P-02708,2,2101000,4202000
D-001629,O-01629,P-01092,1,1162000,1162000
D-001630,O-01630,P-03674,1,855000,855000
D-001631,O-01631,P-02464,1,2873000,2873000
D-001632,O-01632,P-04619,1,2150000,2150000
D-001633,O-01633,P-01489,2,952000,1904000
D-001634,O-01634,P-02521,2,1112000,2224000
D-001635,O-01635,P-00389,1,1016000,1016000
D-001636,O-01636,P-01955,1,679000,679000
D-001637,O-01637,P-03141,2,699000,1398000
D-001638,O-01638,P-03398,2,2172000,4344000
D-001639,O-01639,P-03928,2,940000,1880000
D-001640,O-01640,P-00224,2,2750000,5500000
D-001641,O-01641,P-00377,1,1520000,1520000
D-001642,O-01642,P-04869,1,2693000,2693000
D-001643,O-01643,P-04418,2,1634000,3268000
D-001644,O-01644,P-00553,1,57000,57000
D-001645,O-01645,P-01830,2,1671000,3342000
D-001646,O-01646,P-03935,1,1892000,1892000
D-001647,O-01647,P-02053,2,1272000,2544000
D-001648,O-01648,P-03929,1,265000,265000
D-001649,O-01649,P-01854,2,2734000,5468000
D-001650,O-01650,P-03245,1,2113000,2113000
D-001651,O-01651,P-01783,2,2365000,4730000
D-001652,O-01652,P-00449,1,2508000,2508000
D-001653,O-01653,P-02877,2,1878000,3756000
D-001654,O-01654,P-02929,1,685000,685000
D-001655,O-01655,P-04254,1,2690000,2690000
D-001656,O-01656,P-00069,1,2435000,2435000
D-001657,O-01657,P-04056,1,2460000,2460000
D-001658,O-01658,P-02993,1,2256000,2256000
D-001659,O-01659,P-01005,2,2900000,5800000
D-001660,O-01660,P-00489,1,1104000,1104000
D-001661,O-01661,P-03972,2,1827000,3654000
D-001662,O-01662,P-00757,1,2322000,2322000
D-001663,O-01663,P-04200,2,2393000,4786000
D-001664,O-01664,P-01039,1,1955000,1955000
D-001665,O-01665,P-03878,1,1797000,1797000
D-001666,O-01666,P-00143,1,2991000,2991000
D-001667,O-01667,P-03503,1,1569000,1569000
D-001668,O-01668,P-03215,2,1065000,2130000
D-001669,O-01669,P-02857,1,518000,518000
D-001670,O-01670,P-00665,1,915000,915000
D-001671,O-01671,P-01902,1,308000,308000
D-001672,O-01672,P-03920,1,1764000,1764000
D-001673,O-01673,P-00905,1,1535000,1535000
D-001674,O-01674,P-04757,1,51000,51000
D-001675,O-01675,P-00709,1,519000,519000
D-001676,O-01676,P-00977,1,1865000,1865000
D-001677,O-01677,P-03884,1,118000,118000
D-001678,O-01678,P-00816,2,1751000,3502000
D-001679,O-01679,P-03212,1,2760000,2760000
D-001680,O-01680,P-01826,1,2860000,2860000
D-001681,O-01681,P-02684,2,277000,554000
D-001682,O-01682,P-03564,2,1082000,2164000
D-001683,O-01683,P-00040,2,834000,1668000
D-001684,O-01684,P-01762,1,1033000,1033000
D-001685,O-01685,P-02865,1,1298000,1298000
D-001686,O-01686,P-02754,1,1346000,1346000
D-001687,O-01687,P-03602,2,242000,484000
D-001688,O-01688,P-01732,1,677000,677000
D-001689,O-01689,P-03333,2,2009000,4018000
D-001690,O-01690,P-04542,1,1388000,1388000
D-001691,O-01691,P-00938,1,1323000,1323000
D-001692,O-01692,P-04532,1,2602000,2602000
D-001693,O-01693,P-03745,1,2290000,2290000
D-001694,O-01694,P-03203,2,114000,228000
D-001695,O-01695,P-01643,2,2766000,5532000
D-001696,O-01696,P-03789,2,1749000,3498000
D-001697,O-01697,P-02844,2,1669000,3338000
D-001698,O-01698,P-02420,1,1560000,1560000
D-001699,O-01699,P-03847,1,1079000,1079000
D-001700,O-01700,P-00129,1,2218000,2218000
D-001701,O-01701,P-00556,1,2410000,2410000
D-001702,O-01702,P-02077,1,1205000,1205000
D-001703,O-01703,P-01862,1,1640000,1640000
D-001704,O-01704,P-04444,1,276000,276000
D-001705,O-01705,P-03167,1,2521000,2521000
D-001706,O-01706,P-01776,2,1339000,2678000
D-001707,O-01707,P-02309,1,923000,923000
D-001708,O-01708,P-01870,1,269000,269000
D-001709,O-01709,P-04792,1,1958000,1958000
D-001710,O-01710,P-02201,1,773000,773000
D-001711,O-01711,P-04437,1,1989000,1989000
D-001712,O-01712,P-04219,1,2082000,2082000
D-001713,O-01713,P-02269,2,893000,1786000
D-001714,O-01714,P-01482,1,1398000,1398000
D-001715,O-01715,P-03452,1,2601000,2601000
D-001716,O-01716,P-01402,1,1040000,1040000
D-001717,O-01717,P-03375,2,485000,970000
D-001718,O-01718,P-00632,2,2763000,5526000
D-001719,O-01719,P-01157,2,851000,1702000
D-001720,O-01720,P-00702,1,642000,642000
D-001721,O-01721,P-02349,1,1906000,1906000
D-001722,O-01722,P-04587,2,68000,136000
D-001723,O-01723,P-03133,2,2572000,5144000
D-001724,O-01724,P-03699,2,2872000,5744000
D-001725,O-01725,P-00855,1,1200000,1200000
D-001726,O-01726,P-01307,1,1311000,1311000
D-001727,O-01727,P-03119,1,2250000,2250000
D-001728,O-01728,P-03485,2,135000,270000
D-001729,O-01729,P-01791,1,514000,514000
D-001730,O-01730,P-00834,2,1559000,3118000
D-001731,O-01731,P-04700,2,1015000,2030000
D-001732,O-01732,P-03906,1,1191000,1191000
D-001733,O-01733,P-04022,1,181000,181000
D-001734,O-01734,P-01392,2,1227000,2454000
D-001735,O-01735,P-02143,2,426000,852000
D-001736,O-01736,P-01264,1,1014000,1014000
D-001737,O-01737,P-03514,2,930000,1860000
D-001738,O-01738,P-01221,1,1493000,1493000
D-001739,O-01739,P-03738,1,1980000,1980000
D-001740,O-01740,P-03839,1,1302000,1302000
D-001741,O-01741,P-01935,1,821000,821000
D-001742,O-01742,P-03282,2,1108000,2216000
D-001743,O-01743,P-03434,2,1471000,2942000
D-001744,O-01744,P-02334,2,414000,828000
D-001745,O-01745,P-03356,2,2544000,5088000
D-001746,O-01746,P-01683,2,2208000,4416000
D-001747,O-01747,P-03005,1,834000,834000
D-001748,O-01748,P-03672,1,2301000,2301000
D-001749,O-01749,P-03182,2,335000,670000
D-001750,O-01750,P-03848,2,2509000,5018000
D-001751,O-01751,P-01251,2,2735000,5470000
D-001752,O-01752,P-01226,1,2678000,2678000
D-001753,O-01753,P-03618,1,829000,829000
D-001754,O-01754,P-01567,1,2461000,2461000
D-001755,O-01755,P-03026,2,1027000,2054000
D-001756,O-01756,P-00959,1,2216000,2216000
D-001757,O-01757,P-01957,1,773000,773000
D-001758,O-01758,P-03929,2,1257000,2514000
D-001759,O-01759,P-01718,1,1616000,1616000
D-001760,O-01760,P-02023,2,2565000,5130000
D-001761,O-01761,P-04901,1,2372000,2372000
D-001762,O-01762,P-04802,2,486000,972000
D-001763,O-01763,P-00772,2,2812000,5624000
D-001764,O-01764,P-04812,1,135000,135000
D-001765,O-01765,P-01006,1,2299000,2299000
D-001766,O-01766,P-03943,1,1771000,1771000
D-001767,O-01767,P-02918,1,930000,930000
D-001768,O-01768,P-00779,2,1193000,2386000
D-001769,O-01769,P-03276,2,1139000,2278000
D-001770,O-01770,P-02572,2,2468000,4936000
D-001771,O-01771,P-04281,2,1681000,3362000
D-001772,O-01772,P-00240,2,2568000,5136000
D-001773,O-01773,P-01484,1,1959000,1959000
D-001774,O-01774,P-01888,2,2166000,4332000
D-001775,O-01775,P-03783,2,2145000,4290000
D-001776,O-01776,P-01490,2,1420000,2840000
D-001777,O-01777,P-02681,2,1656000,3312000
D-001778,O-01778,P-03518,2,2126000,4252000
D-001779,O-01779,P-04061,1,1743000,1743000
D-001780,O-01780,P-04900,1,573000,573000
D-001781,O-01781,P-04429,1,674000,674000
D-001782,O-01782,P-02890,1,560000,560000
D-001783,O-01783,P-01004,1,2181000,2181000
D-001784,O-01784,P-01349,1,1718000,1718000
D-001785,O-01785,P-02784,2,2144000,4288000
D-001786,O-01786,P-02360,1,2583000,2583000
D-001787,O-01787,P-02704,1,190000,190000
D-001788,O-01788,P-01996,2,1071000,2142000
D-001789,O-01789,P-03813,1,2135000,2135000
D-001790,O-01790,P-04574,2,982000,1964000
D-001791,O-01791,P-04118,1,2948000,2948000
D-001792,O-01792,P-04324,1,1040000,1040000
D-001793,O-01793,P-03036,1,2989000,2989000
D-001794,O-01794,P-04863,1,1204000,1204000
D-001795,O-01795,P-02761,1,625000,625000
D-001796,O-01796,P-01980,1,788000,788000
D-001797,O-01797,P-01294,2,2219000,4438000
D-001798,O-01798,P-02245,2,2439000,4878000
D-001799,O-01799,P-01706,2,2357000,4714000
D-001800,O-01800,P-04928,1,2443000,2443000
D-001801,O-01801,P-02720,2,627000,1254000
D-001802,O-01802,P-00059,2,1415000,2830000
D-001803,O-01803,P-01320,2,2101000,4202000
D-001804,O-01804,P-02496,1,1789000,1789000
D-001805,O-01805,P-01217,2,334000,668000
D-001806,O-01806,P-02856,2,1194000,2388000
D-001807,O-01807,P-03419,1,2625000,2625000
D-001808,O-01808,P-00757,2,2977000,5954000
D-001809,O-01809,P-01838,2,551000,1102000
D-001810,O-01810,P-03252,1,2111000,2111000
D-001811,O-01811,P-04332,1,1601000,1601000
D-001812,O-01812,P-03029,1,633000,633000
D-001813,O-01813,P-01988,2,967000,1934000
D-001814,O-01814,P-00943,2,2397000,4794000
D-001815,O-01815,P-03204,2,172000,344000
D-001816,O-01816,P-02081,2,734000,1468000
D-001817,O-01817,P-01934,1,2343000,2343000
D-001818,O-01818,P-00513,1,640000,640000
D-001819,O-01819,P-04097,2,2875000,5750000
D-001820,O-01820,P-04025,1,1822000,1822000
D-001821,O-01821,P-00268,1,2825000,2825000
D-001822,O-01822,P-00138,1,2466000,2466000
D-001823,O-01823,P-04375,1,1309000,1309000
D-001824,O-01824,P-02700,1,2860000,2860000
D-001825,O-01825,P-04507,2,2799000,5598000
D-001826,O-01826,P-02577,2,1176000,2352000
D-001827,O-01827,P-03837,2,2197000,4394000
D-001828,O-01828,P-00568,1,2966000,2966000
D-001829,O-01829,P-03531,1,1476000,1476000
D-001830,O-01830,P-00665,2,559000,1118000
D-001831,O-01831,P-03973,2,2435000,4870000
D-001832,O-01832,P-00393,1,785000,785000
D-001833,O-01833,P-00215,2,1638000,3276000
D-001834,O-01834,P-04987,1,1200000,1200000
D-001835,O-01835,P-03785,1,2951000,2951000
D-001836,O-01836,P-00670,2,1210000,2420000
D-001837,O-01837,P-00101,2,211000,422000
D-001838,O-01838,P-01912,2,900000,1800000
D-001839,O-01839,P-03963,1,1441000,1441000
D-001840,O-01840,P-01956,1,512000,512000
D-001841,O-01841,P-03414,2,142000,284000
D-001842,O-01842,P-04299,2,2946000,5892000
D-001843,O-01843,P-00866,1,1185000,1185000
D-001844,O-01844,P-03224,2,2419000,4838000
D-001845,O-01845,P-00894,1,1702000,1702000
D-001846,O-01846,P-02502,1,2218000,2218000
D-001847,O-01847,P-01053,1,891000,891000
D-001848,O-01848,P-04176,2,1500000,3000000
D-001849,O-01849,P-01838,1,1943000,1943000
D-001850,O-01850,P-03920,2,306000,612000
D-001851,O-01851,P-01543,1,1487000,1487000
D-001852,O-01852,P-02266,2,842000,1684000
D-001853,O-01853,P-01958,2,2081000,4162000
D-001854,O-01854,P-01040,1,1064000,1064000
D-001855,O-01855,P-02415,2,2031000,4062000
D-001856,O-01856,P-01518,1,170000,170000
D-001857,O-01857,P-02054,1,1032000,1032000
D-001858,O-01858,P-02832,1,1739000,1739000
D-001859,O-01859,P-00075,2,1976000,3952000
D-001860,O-01860,P-02504,1,1318000,1318000
D-001861,O-01861,P-02392,2,198000,396000
D-001862,O-01862,P-03761,2,2017000,4034000
D-001863,O-01863,P-02129,2,975000,1950000
D-001864,O-01864,P-01006,2,807000,1614000
D-001865,O-01865,P-02984,2,2638000,5276000
D-001866,O-01866,P-01187,2,339000,678000
D-001867,O-01867,P-02748,1,1650000,1650000
D-001868,O-01868,P-02231,1,2625000,2625000
D-001869,O-01869,P-00438,2,2106000,4212000
D-001870,O-01870,P-00697,2,590000,1180000
D-001871,O-01871,P-04948,2,381000,762000
D-001872,O-01872,P-00879,2,1956000,3912000
D-001873,O-01873,P-02278,2,1885000,3770000
D-001874,O-01874,P-00116,2,1569000,3138000
D-001875,O-01875,P-03516,1,2096000,2096000
D-001876,O-01876,P-04376,1,1344000,1344000
D-001877,O-01877,P-03384,1,870000,870000
D-001878,O-01878,P-01828,2,2476000,4952000
D-001879,O-01879,P-03395,1,1998000,1998000
D-001880,O-01880,P-02298,2,1444000,2888000
D-001881,O-01881,P-02550,2,2100000,4200000
D-001882,O-01882,P-00069,1,410000,410000
D-001883,O-01883,P-02175,2,726000,1452000
D-001884,O-01884,P-03482,1,1553000,1553000
D-001885,O-01885,P-03716,2,2083000,4166000
D-001886,O-01886,P-03623,2,247000,494000
D-001887,O-01887,P-02843,1,2837000,2837000
D-001888,O-01888,P-00058,1,1978000,1978000
D-001889,O-01889,P-02045,2,2332000,4664000
D-001890,O-01890,P-02134,2,1615000,3230000
D-001891,O-01891,P-02959,1,831000,831000
D-001892,O-01892,P-00933,1,2614000,2614000
D-001893,O-01893,P-04140,1,1619000,1619000
D-001894,O-01894,P-03503,2,2887000,5774000
D-001895,O-01895,P-04996,2,2297000,4594000
D-001896,O-01896,P-02168,2,2896000,5792000
D-001897,O-01897,P-01498,1,348000,348000
D-001898,O-01898,P-02398,1,1008000,1008000
D-001899,O-01899,P-03045,2,1673000,3346000
D-001900,O-01900,P-04049,1,2485000,2485000
D-001901,O-01901,P-00270,2,605000,1210000
D-001902,O-01902,P-00393,1,1992000,1992000
D-001903,O-01903,P-03956,1,470000,470000
D-001904,O-01904,P-01616,1,881000,881000
D-001905,O-01905,P-03051,1,1143000,1143000
D-001906,O-01906,P-03857,1,1185000,1185000
D-001907,O-01907,P-01449,2,692000,1384000
D-001908,O-01908,P-00653,2,659000,1318000
D-001909,O-01909,P-00791,1,1742000,1742000
D-001910,O-01910,P-01760,1,1781000,1781000
D-001911,O-01911,P-00913,1,2944000,2944000
D-001912,O-01912,P-01247,1,1788000,1788000
D-001913,O-01913,P-01802,2,97000,194000
D-001914,O-01914,P-00260,1,821000,821000
D-001915,O-01915,P-03696,2,2905000,5810000
D-001916,O-01916,P-04942,2,356000,712000
D-001917,O-01917,P-03425,2,1225000,2450000
D-001918,O-01918,P-00592,1,2488000,2488000
D-001919,O-01919,P-03813,2,2166000,4332000
D-001920,O-01920,P-03561,2,329000,658000
D-001921,O-01921,P-02410,2,1620000,3240000
D-001922,O-01922,P-01534,2,2446000,4892000
D-001923,O-01923,P-00059,2,1651000,3302000
D-001924,O-01924,P-04864,1,1775000,1775000
D-001925,O-01925,P-00927,2,2534000,5068000
D-001926,O-01926,P-01451,2,1604000,3208000
D-001927,O-01927,P-03854,2,139000,278000
D-001928,O-01928,P-03350,1,2755000,2755000
D-001929,O-01929,P-02314,1,709000,709000
D-001930,O-01930,P-02651,2,2008000,4016000
D-001931,O-01931,P-03072,2,1097000,2194000
D-001932,O-01932,P-01278,1,1429000,1429000
D-001933,O-01933,P-01492,1,2887000,2887000
D-001934,O-01934,P-02861,1,485000,485000
D-001935,O-01935,P-00782,2,2616000,5232000
D-001936,O-01936,P-04167,2,2414000,4828000
D-001937,O-01937,P-03059,1,2351000,2351000
D-001938,O-01938,P-03894,2,1201000,2402000
D-001939,O-01939,P-03110,1,819000,819000
D-001940,O-01940,P-00184,1,1678000,1678000
D-001941,O-01941,P-03720,2,213000,426000
D-001942,O-01942,P-00157,1,2552000,2552000
D-001943,O-01943,P-04102,1,1225000,1225000
D-001944,O-01944,P-02713,1,2387000,2387000
D-001945,O-01945,P-00688,2,1905000,3810000
D-001946,O-01946,P-03389,1,1021000,1021000
D-001947,O-01947,P-04232,1,700000,700000
D-001948,O-01948,P-04598,1,450000,450000
D-001949,O-01949,P-01079,2,1230000,2460000
D-001950,O-01950,P-04581,1,2402000,2402000
D-001951,O-01951,P-04335,2,755000,1510000
D-001952,O-01952,P-03456,1,1021000,1021000
D-001953,O-01953,P-02629,1,2189000,2189000
D-001954,O-01954,P-03969,2,604000,1208000
D-001955,O-01955,P-03314,1,1351000,1351000
D-001956,O-01956,P-01409,1,178000,178000
D-001957,O-01957,P-02856,2,2728000,5456000
D-001958,O-01958,P-01711,2,920000,1840000
D-001959,O-01959,P-03290,1,1106000,1106000
D-001960,O-01960,P-01087,2,1177000,2354000
D-001961,O-01961,P-02713,2,713000,1426000
D-001962,O-01962,P-01414,2,1674000,3348000
D-001963,O-01963,P-02066,2,1148000,2296000
D-001964,O-01964,P-03017,1,1118000,1118000
D-001965,O-01965,P-00355,1,1709000,1709000
D-001966,O-01966,P-01923,1,1591000,1591000
D-001967,O-01967,P-02633,1,2227000,2227000
D-001968,O-01968,P-01041,1,2698000,2698000
D-001969,O-01969,P-04140,1,1471000,1471000
D-001970,O-01970,P-00594,1,2383000,2383000
D-001971,O-01971,P-02841,1,412000,412000
D-001972,O-01972,P-04284,1,2965000,2965000
D-001973,O-01973,P-04993,1,2766000,2766000
D-001974,O-01974,P-02225,2,2636000,5272000
D-001975,O-01975,P-00403,2,1014000,2028000
D-001976,O-01976,P-02120,1,201000,201000
D-001977,O-01977,P-00877,1,1820000,1820000
D-001978,O-01978,P-02180,2,679000,1358000
D-001979,O-01979,P-03294,1,736000,736000
D-001980,O-01980,P-01734,2,1783000,3566000
D-001981,O-01981,P-00452,1,1891000,1891000
D-001982,O-01982,P-02766,1,1221000,1221000
D-001983,O-01983,P-01973,2,279000,558000
D-001984,O-01984,P-02524,2,2420000,4840000
D-001985,O-01985,P-01323,2,716000,1432000
D-001986,O-01986,P-04699,1,90000,90000
D-001987,O-01987,P-02572,1,150000,150000
D-001988,O-01988,P-01917,2,2851000,5702000
D-001989,O-01989,P-02769,2,2562000,5124000
D-001990,O-01990,P-01603,2,1333000,2666000
D-001991,O-01991,P-04455,1,2945000,2945000
D-001992,O-01992,P-03369,2,2597000,5194000
D-001993,O-01993,P-04924,1,1027000,1027000
D-001994,O-01994,P-04121,2,1457000,2914000
D-001995,O-01995,P-02024,2,371000,742000
D-001996,O-01996,P-01094,1,1346000,1346000
D-001997,O-01997,P-02428,2,1621000,3242000
D-001998,O-01998,P-04094,1,2078000,2078000
D-001999,O-01999,P-04085,2,2408000,4816000
D-002000,O-02000,P-02109,1,1477000,1477000
D-002001,O-02001,P-04511,1,1773000,1773000
D-002002,O-02002,P-02784,2,1936000,3872000
D-002003,O-02003,P-00579,1,618000,618000
D-002004,O-02004,P-01653,2,2426000,4852000
D-002005,O-02005,P-00644,1,976000,976000
D-002006,O-02006,P-01418,2,1077000,2154000
D-002007,O-02007,P-01513,1,2846000,2846000
D-002008,O-02008,P-03715,2,259000,518000
D-002009,O-02009,P-00713,1,1467000,1467000
D-002010,O-02010,P-03399,2,1760000,3520000
D-002011,O-02011,P-02027,1,2471000,2471000
D-002012,O-02012,P-01341,1,2286000,2286000
D-002013,O-02013,P-02369,2,1208000,2416000
D-002014,O-02014,P-01077,1,326000,326000
D-002015,O-02015,P-00689,1,1171000,1171000
D-002016,O-02016,P-00019,2,398000,796000
D-002017,O-02017,P-01839,1,2099000,2099000
D-002018,O-02018,P-04833,2,734000,1468000
D-002019,O-02019,P-03049,2,1365000,2730000
D-002020,O-02020,P-01634,2,2375000,4750000
D-002021,O-02021,P-00285,2,912000,1824000
D-002022,O-02022,P-00873,2,1305000,2610000
D-002023,O-02023,P-03120,2,1888000,3776000
D-002024,O-02024,P-02633,2,2914000,5828000
D-002025,O-02025,P-00284,1,1973000,1973000
D-002026,O-02026,P-04430,2,1075000,2150000
D-002027,O-02027,P-04408,2,2155000,4310000
D-002028,O-02028,P-00469,2,2294000,4588000
D-002029,O-02029,P-01166,1,1185000,1185000
D-002030,O-02030,P-04969,1,1712000,1712000
D-002031,O-02031,P-02326,1,1235000,1235000
D-002032,O-02032,P-04519,2,2425000,4850000
D-002033,O-02033,P-03378,2,2969000,5938000
D-002034,O-02034,P-00426,2,2057000,4114000
D-002035,O-02035,P-00044,2,2175000,4350000
D-002036,O-02036,P-02143,2,1306000,2612000
D-002037,O-02037,P-00641,2,1357000,2714000
D-002038,O-02038,P-03742,1,2222000,2222000
D-002039,O-02039,P-00545,1,2976000,2976000
D-002040,O-02040,P-03248,2,81000,162000
D-002041,O-02041,P-01121,1,504000,504000
D-002042,O-02042,P-02736,2,1136000,2272000
D-002043,O-02043,P-00976,2,397000,794000
D-002044,O-02044,P-02087,1,795000,795000
D-002045,O-02045,P-03224,1,2706000,2706000
D-002046,O-02046,P-03717,1,407000,407000
D-002047,O-02047,P-03044,1,692000,692000
D-002048,O-02048,P-01493,1,1259000,1259000
D-002049,O-02049,P-01376,1,2505000,2505000
D-002050,O-02050,P-04265,1,479000,479000
D-002051,O-02051,P-02080,2,434000,868000
D-002052,O-02052,P-04365,1,1860000,1860000
D-002053,O-02053,P-04053,1,208000,208000
D-002054,O-02054,P-02100,1,2550000,2550000
D-002055,O-02055,P-01082,2,2172000,4344000
D-002056,O-02056,P-04017,1,2883000,2883000
D-002057,O-02057,P-03592,2,618000,1236000
D-002058,O-02058,P-00882,2,1758000,3516000
D-002059,O-02059,P-02112,2,2422000,4844000
D-002060,O-02060,P-03794,1,2618000,2618000
D-002061,O-02061,P-03687,2,464000,928000
D-002062,O-02062,P-01040,1,2502000,2502000
D-002063,O-02063,P-03909,2,1832000,3664000
D-002064,O-02064,P-00757,2,1827000,3654000
D-002065,O-02065,P-00579,2,1327000,2654000
D-002066,O-02066,P-03699,1,2231000,2231000
D-002067,O-02067,P-00317,1,761000,761000
D-002068,O-02068,P-00162,1,838000,838000
D-002069,O-02069,P-00976,2,812000,1624000
D-002070,O-02070,P-03597,1,468000,468000
D-002071,O-02071,P-01447,1,1348000,1348000
D-002072,O-02072,P-04432,1,669000,669000
D-002073,O-02073,P-03780,2,647000,1294000
D-002074,O-02074,P-02820,2,2088000,4176000
D-002075,O-02075,P-00899,1,2437000,2437000
D-002076,O-02076,P-02433,2,1800000,3600000
D-002077,O-02077,P-01329,1,813000,813000
D-002078,O-02078,P-02793,1,2864000,2864000
D-002079,O-02079,P-01815,2,996000,1992000
D-002080,O-02080,P-04971,2,1526000,3052000
D-002081,O-02081,P-03716,2,2798000,5596000
D-002082,O-02082,P-03676,2,2372000,4744000
D-002083,O-02083,P-04323,1,2131000,2131000
D-002084,O-02084,P-00686,1,1182000,1182000
D-002085,O-02085,P-00156,2,77000,154000
D-002086,O-02086,P-04548,1,2241000,2241000
D-002087,O-02087,P-01873,2,769000,1538000
D-002088,O-02088,P-01829,2,2364000,4728000
D-002089,O-02089,P-03228,1,1550000,1550000
D-002090,O-02090,P-02534,1,2964000,2964000
D-002091,O-02091,P-00713,1,1971000,1971000
D-002092,O-02092,P-04090,2,2303000,4606000
D-002093,O-02093,P-00543,1,86000,86000
D-002094,O-02094,P-00198,2,1341000,2682000
D-002095,O-02095,P-01191,2,447000,894000
D-002096,O-02096,P-04414,2,291000,582000
D-002097,O-02097,P-02889,1,477000,477000
D-002098,O-02098,P-02224,2,1119000,2238000
D-002099,O-02099,P-04832,2,2623000,5246000
D-002100,O-02100,P-03692,2,2430000,4860000
D-002101,O-02101,P-03061,1,183000,183000
D-002102,O-02102,P-02898,2,815000,1630000
D-002103,O-02103,P-00885,1,2533000,2533000
D-002104,O-02104,P-00983,2,2954000,5908000
D-002105,O-02105,P-04111,2,635000,1270000
D-002106,O-02106,P-00309,2,2054000,4108000
D-002107,O-02107,P-03760,2,583000,1166000
D-002108,O-02108,P-03653,1,2147000,2147000
D-002109,O-02109,P-01681,2,1735000,3470000
D-002110,O-02110,P-01520,2,1269000,2538000
D-002111,O-02111,P-03185,1,2143000,2143000
D-002112,O-02112,P-00738,2,2402000,4804000
D-002113,O-02113,P-02163,1,1846000,1846000
D-002114,O-02114,P-01687,1,1499000,1499000
D-002115,O-02115,P-04246,2,1645000,3290000
D-002116,O-02116,P-03334,1,1364000,1364000
D-002117,O-02117,P-02986,2,971000,1942000
D-002118,O-02118,P-00089,2,2995000,5990000
D-002119,O-02119,P-04935,2,291000,582000
D-002120,O-02120,P-03119,2,832000,1664000
D-002121,O-02121,P-04202,1,2212000,2212000
D-002122,O-02122,P-03755,1,325000,325000
D-002123,O-02123,P-02364,1,2168000,2168000
D-002124,O-02124,P-01179,2,1845000,3690000
D-002125,O-02125,P-00351,1,2850000,2850000
D-002126,O-02126,P-04360,2,670000,1340000
D-002127,O-02127,P-00594,1,702000,702000
D-002128,O-02128,P-04692,1,1456000,1456000
D-002129,O-02129,P-00071,1,2329000,2329000
D-002130,O-02130,P-02805,1,388000,388000
D-002131,O-02131,P-01232,2,304000,608000
D-002132,O-02132,P-02308,2,2567000,5134000
D-002133,O-02133,P-02922,2,714000,1428000
D-002134,O-02134,P-02342,1,2801000,2801000
D-002135,O-02135,P-01938,2,2684000,5368000
D-002136,O-02136,P-02637,2,1573000,3146000
D-002137,O-02137,P-01397,1,1411000,1411000
D-002138,O-02138,P-02063,2,2486000,4972000
D-002139,O-02139,P-01321,1,2605000,2605000
D-002140,O-02140,P-03771,1,1066000,1066000
D-002141,O-02141,P-03874,2,2917000,5834000
D-002142,O-02142,P-03151,1,2971000,2971000
D-002143,O-02143,P-00851,2,945000,1890000
D-002144,O-02144,P-00888,2,2958000,5916000
D-002145,O-02145,P-04670,2,2180000,4360000
D-002146,O-02146,P-03062,2,2663000,5326000
D-002147,O-02147,P-00789,1,2032000,2032000
D-002148,O-02148,P-02807,1,1166000,1166000
D-002149,O-02149,P-01027,2,1447000,2894000
D-002150,O-02150,P-04469,2,1766000,3532000
D-002151,O-02151,P-02118,1,2494000,2494000
D-002152,O-02152,P-02926,1,1980000,1980000
D-002153,O-02153,P-01804,2,319000,638000
D-002154,O-02154,P-01926,2,394000,788000
D-002155,O-02155,P-04660,1,1644000,1644000
D-002156,O-02156,P-01758,2,1882000,3764000
D-002157,O-02157,P-00482,1,1577000,1577000
D-002158,O-02158,P-02769,2,2235000,4470000
D-002159,O-02159,P-00843,2,1334000,2668000
D-002160,O-02160,P-04995,1,1193000,1193000
D-002161,O-02161,P-02473,1,2101000,2101000
D-002162,O-02162,P-03385,2,1422000,2844000
D-002163,O-02163,P-03853,2,2924000,5848000
D-002164,O-02164,P-00494,1,2912000,2912000
D-002165,O-02165,P-02964,2,2713000,5426000
D-002166,O-02166,P-00965,1,2060000,2060000
D-002167,O-02167,P-01230,2,488000,976000
D-002168,O-02168,P-00894,2,2113000,4226000
D-002169,O-02169,P-00400,1,1510000,1510000
D-002170,O-02170,P-04560,2,971000,1942000
D-002171,O-02171,P-04698,2,2657000,5314000
D-002172,O-02172,P-01629,2,800000,1600000
D-002173,O-02173,P-03124,2,525000,1050000
D-002174,O-02174,P-04498,1,105000,105000
D-002175,O-02175,P-04144,2,790000,1580000
D-002176,O-02176,P-00808,1,1614000,1614000
D-002177,O-02177,P-00261,1,2615000,2615000
D-002178,O-02178,P-03736,2,2027000,4054000
D-002179,O-02179,P-03267,2,2004000,4008000
D-002180,O-02180,P-03228,2,1625000,3250000
D-002181,O-02181,P-04754,1,2576000,2576000
D-002182,O-02182,P-04719,1,1008000,1008000
D-002183,O-02183,P-01498,2,1456000,2912000
D-002184,O-02184,P-04037,1,1834000,1834000
D-002185,O-02185,P-01979,1,565000,565000
D-002186,O-02186,P-03366,2,2340000,4680000
D-002187,O-02187,P-02765,1,1783000,1783000
D-002188,O-02188,P-00434,1,1978000,1978000
D-002189,O-02189,P-02170,2,758000,1516000
D-002190,O-02190,P-02594,1,2706000,2706000
D-002191,O-02191,P-02921,2,1000000,2000000
D-002192,O-02192,P-02770,1,2902000,2902000
D-002193,O-02193,P-01691,1,1120000,1120000
D-002194,O-02194,P-01275,1,1705000,1705000
D-002195,O-02195,P-04500,1,1049000,1049000
D-002196,O-02196,P-03542,2,2063000,4126000
D-002197,O-02197,P-01970,2,2418000,4836000
D-002198,O-02198,P-03763,2,2984000,5968000
D-002199,O-02199,P-02479,1,521000,521000
D-002200,O-02200,P-01207,1,2233000,2233000
D-002201,O-02201,P-01379,2,764000,1528000
D-002202,O-02202,P-04072,2,2116000,4232000
D-002203,O-02203,P-02930,1,2010000,2010000
D-002204,O-02204,P-00541,1,1780000,1780000
D-002205,O-02205,P-01016,2,1463000,2926000
D-002206,O-02206,P-00236,1,2117000,2117000
D-002207,O-02207,P-02736,2,2333000,4666000
D-002208,O-02208,P-00220,2,2816000,5632000
D-002209,O-02209,P-04801,1,400000,400000
D-002210,O-02210,P-04370,1,1162000,1162000
D-002211,O-02211,P-00065,2,1258000,2516000
D-002212,O-02212,P-00677,1,1161000,1161000
D-002213,O-02213,P-02987,1,609000,609000
D-002214,O-02214,P-04865,1,2413000,2413000
D-002215,O-02215,P-00444,2,1783000,3566000
D-002216,O-02216,P-02838,2,66000,132000
D-002217,O-02217,P-02826,1,215000,215000
D-002218,O-02218,P-03128,1,673000,673000
D-002219,O-02219,P-02816,2,1557000,3114000
D-002220,O-02220,P-03846,1,2030000,2030000
D-002221,O-02221,P-03377,2,1713000,3426000
D-002222,O-02222,P-02553,1,66000,66000
D-002223,O-02223,P-01261,1,218000,218000
D-002224,O-02224,P-04833,1,1830000,1830000
D-002225,O-02225,P-01674,2,1323000,2646000
D-002226,O-02226,P-01606,1,1096000,1096000
D-002227,O-02227,P-03504,1,541000,541000
D-002228,O-02228,P-00670,2,2547000,5094000
D-002229,O-02229,P-03863,1,1775000,1775000
D-002230,O-02230,P-00534,2,889000,1778000
D-002231,O-02231,P-03932,2,787000,1574000
D-002232,O-02232,P-02675,1,2676000,2676000
D-002233,O-02233,P-01037,2,2943000,5886000
D-002234,O-02234,P-00395,1,1326000,1326000
D-002235,O-02235,P-01508,2,475000,950000
D-002236,O-02236,P-00924,1,2245000,2245000
D-002237,O-02237,P-00288,1,909000,909000
D-002238,O-02238,P-04726,2,1710000,3420000
D-002239,O-02239,P-03037,1,2227000,2227000
D-002240,O-02240,P-03051,2,362000,724000
D-002241,O-02241,P-02256,2,1742000,3484000
D-002242,O-02242,P-00128,1,2691000,2691000
D-002243,O-02243,P-03343,1,1220000,1220000
D-002244,O-02244,P-03777,2,1937000,3874000
D-002245,O-02245,P-00424,2,2933000,5866000
D-002246,O-02246,P-00708,1,891000,891000
D-002247,O-02247,P-04664,2,1955000,3910000
D-002248,O-02248,P-03448,2,2035000,4070000
D-002249,O-02249,P-00235,2,1142000,2284000
D-002250,O-02250,P-02575,1,2263000,2263000
D-002251,O-02251,P-01301,2,961000,1922000
D-002252,O-02252,P-00514,2,1246000,2492000
D-002253,O-02253,P-01773,2,723000,1446000
D-002254,O-02254,P-02595,1,1677000,1677000
D-002255,O-02255,P-03247,1,2888000,2888000
D-002256,O-02256,P-03767,2,1989000,3978000
D-002257,O-02257,P-01864,2,2677000,5354000
D-002258,O-02258,P-02157,2,339000,678000
D-002259,O-02259,P-03721,2,1366000,2732000
D-002260,O-02260,P-04915,2,1911000,3822000
D-002261,O-02261,P-02689,2,1632000,3264000
D-002262,O-02262,P-04433,2,301000,602000
D-002263,O-02263,P-01931,2,2019000,4038000
D-002264,O-02264,P-02563,2,2204000,4408000
D-002265,O-02265,P-01591,1,522000,522000
D-002266,O-02266,P-04376,1,2666000,2666000
D-002267,O-02267,P-02013,2,2673000,5346000
D-002268,O-02268,P-03155,2,883000,1766000
D-002269,O-02269,P-01624,1,1795000,1795000
D-002270,O-02270,P-00966,2,187000,374000
D-002271,O-02271,P-01972,2,1851000,3702000
D-002272,O-02272,P-01758,2,1786000,3572000
D-002273,O-02273,P-02382,2,145000,290000
D-002274,O-02274,P-02403,1,525000,525000
D-002275,O-02275,P-04545,1,398000,398000
D-002276,O-02276,P-04678,2,2692000,5384000
D-002277,O-02277,P-02163,1,467000,467000
D-002278,O-02278,P-00045,1,1388000,1388000
D-002279,O-02279,P-00190,2,2514000,5028000
D-002280,O-02280,P-02011,1,1183000,1183000
D-002281,O-02281,P-04945,2,1068000,2136000
D-002282,O-02282,P-03873,2,2613000,5226000
D-002283,O-02283,P-02833,2,2123000,4246000
D-002284,O-02284,P-00919,2,2205000,4410000
D-002285,O-02285,P-03665,1,1175000,1175000
D-002286,O-02286,P-00811,1,302000,302000
D-002287,O-02287,P-00705,1,575000,575000
D-002288,O-02288,P-02117,2,1266000,2532000
D-002289,O-02289,P-02326,2,1694000,3388000
D-002290,O-02290,P-03442,2,1562000,3124000
D-002291,O-02291,P-04309,1,840000,840000
D-002292,O-02292,P-03667,2,2806000,5612000
D-002293,O-02293,P-03365,1,1132000,1132000
D-002294,O-02294,P-03220,1,308000,308000
D-002295,O-02295,P-01089,2,1387000,2774000
D-002296,O-02296,P-04597,2,1862000,3724000
D-002297,O-02297,P-01125,2,2717000,5434000
D-002298,O-02298,P-01926,1,1539000,1539000
D-002299,O-02299,P-04764,1,1218000,1218000
D-002300,O-02300,P-02309,2,1782000,3564000
D-002301,O-02301,P-04134,1,496000,496000
D-002302,O-02302,P-01487,2,1210000,2420000
D-002303,O-02303,P-00138,2,338000,676000
D-002304,O-02304,P-01695,2,1280000,2560000
D-002305,O-02305,P-00864,2,1715000,3430000
D-002306,O-02306,P-02554,2,2478000,4956000
D-002307,O-02307,P-01242,2,1193000,2386000
D-002308,O-02308,P-04449,2,1177000,2354000
D-002309,O-02309,P-04537,1,1024000,1024000
D-002310,O-02310,P-04619,2,726000,1452000
D-002311,O-02311,P-04841,2,1709000,3418000
D-002312,O-02312,P-03928,2,1174000,2348000
D-002313,O-02313,P-00968,2,2822000,5644000
D-002314,O-02314,P-00096,1,1900000,1900000
D-002315,O-02315,P-03744,2,1746000,3492000
D-002316,O-02316,P-02156,2,295000,590000
D-002317,O-02317,P-00087,1,2892000,2892000
D-002318,O-02318,P-02581,2,1071000,2142000
D-002319,O-02319,P-03070,2,1040000,2080000
D-002320,O-02320,P-00996,2,2300000,4600000
D-002321,O-02321,P-02518,2,1275000,2550000
D-002322,O-02322,P-02047,2,1500000,3000000
D-002323,O-02323,P-02388,2,2519000,5038000
D-002324,O-02324,P-01234,2,2213000,4426000
D-002325,O-02325,P-04240,2,693000,1386000
D-002326,O-02326,P-00964,1,2372000,2372000
D-002327,O-02327,P-01217,1,1217000,1217000
D-002328,O-02328,P-03459,2,2310000,4620000
D-002329,O-02329,P-01573,2,2763000,5526000
D-002330,O-02330,P-00349,1,2666000,2666000
D-002331,O-02331,P-04457,2,1039000,2078000
D-002332,O-02332,P-00116,1,736000,736000
D-002333,O-02333,P-00278,2,2564000,5128000
D-002334,O-02334,P-04378,2,2505000,5010000
D-002335,O-02335,P-00187,1,2515000,2515000
D-002336,O-02336,P-03249,1,515000,515000
D-002337,O-02337,P-00340,1,1196000,1196000
D-002338,O-02338,P-03238,1,572000,572000
D-002339,O-02339,P-04373,2,2661000,5322000
D-002340,O-02340,P-03341,1,2727000,2727000
D-002341,O-02341,P-00701,1,1871000,1871000
D-002342,O-02342,P-04847,2,1239000,2478000
D-002343,O-02343,P-00501,1,2830000,2830000
D-002344,O-02344,P-00035,1,1327000,1327000
D-002345,O-02345,P-02916,2,1405000,2810000
D-002346,O-02346,P-00191,1,1319000,1319000
D-002347,O-02347,P-04004,1,2193000,2193000
D-002348,O-02348,P-00472,1,517000,517000
D-002349,O-02349,P-02001,1,1209000,1209000
D-002350,O-02350,P-04543,2,2126000,4252000
D-002351,O-02351,P-00605,2,2165000,4330000
D-002352,O-02352,P-00384,1,2328000,2328000
D-002353,O-02353,P-04299,2,368000,736000
D-002354,O-02354,P-03782,1,2496000,2496000
D-002355,O-02355,P-02724,1,2862000,2862000
D-002356,O-02356,P-01553,2,1901000,3802000
D-002357,O-02357,P-04777,2,2651000,5302000
D-002358,O-02358,P-03446,1,2503000,2503000
D-002359,O-02359,P-01102,1,1185000,1185000
D-002360,O-02360,P-01433,1,2026000,2026000
D-002361,O-02361,P-02421,1,670000,670000
D-002362,O-02362,P-02938,1,2365000,2365000
D-002363,O-02363,P-02168,2,2107000,4214000
D-002364,O-02364,P-02358,1,118000,118000
D-002365,O-02365,P-01472,1,490000,490000
D-002366,O-02366,P-03209,2,2756000,5512000
D-002367,O-02367,P-01918,2,378000,756000
D-002368,O-02368,P-00909,1,1145000,1145000
D-002369,O-02369,P-04025,1,320000,320000
D-002370,O-02370,P-02880,1,2613000,2613000
D-002371,O-02371,P-02163,2,2047000,4094000
D-002372,O-02372,P-01631,2,2330000,4660000
D-002373,O-02373,P-03513,2,166000,332000
D-002374,O-02374,P-00649,1,1258000,1258000
D-002375,O-02375,P-00001,2,310000,620000
D-002376,O-02376,P-01667,1,1812000,1812000
D-002377,O-02377,P-04491,1,166000,166000
D-002378,O-02378,P-02796,2,359000,718000
D-002379,O-02379,P-04922,2,1303000,2606000
D-002380,O-02380,P-02588,2,2937000,5874000
D-002381,O-02381,P-02933,1,296000,296000
D-002382,O-02382,P-03527,1,2085000,2085000
D-002383,O-02383,P-00236,2,1886000,3772000
D-002384,O-02384,P-02178,2,79000,158000
D-002385,O-02385,P-03178,1,2935000,2935000
D-002386,O-02386,P-00163,2,1365000,2730000
D-002387,O-02387,P-01954,1,873000,873000
D-002388,O-02388,P-00086,2,1128000,2256000
D-002389,O-02389,P-01545,1,2645000,2645000
D-002390,O-02390,P-01432,1,915000,915000
D-002391,O-02391,P-03213,1,2018000,2018000
D-002392,O-02392,P-04103,1,2410000,2410000
D-002393,O-02393,P-00005,2,1520000,3040000
D-002394,O-02394,P-04961,2,941000,1882000
D-002395,O-02395,P-04688,1,1769000,1769000
D-002396,O-02396,P-00967,2,2489000,4978000
D-002397,O-02397,P-04077,1,1327000,1327000
D-002398,O-02398,P-03153,2,990000,1980000
D-002399,O-02399,P-04751,2,275000,550000
D-002400,O-02400,P-01052,2,2256000,4512000
D-002401,O-02401,P-01162,2,1162000,2324000
D-002402,O-02402,P-00815,2,2629000,5258000
D-002403,O-02403,P-01764,2,2111000,4222000
D-002404,O-02404,P-02152,2,905000,1810000
D-002405,O-02405,P-01894,1,1099000,1099000
D-002406,O-02406,P-00041,2,2512000,5024000
D-002407,O-02407,P-03041,1,698000,698000
D-002408,O-02408,P-02160,1,1877000,1877000
D-002409,O-02409,P-01826,1,2282000,2282000
D-002410,O-02410,P-04446,2,1051000,2102000
D-002411,O-02411,P-04657,1,2332000,2332000
D-002412,O-02412,P-03250,1,295000,295000
D-002413,O-02413,P-00471,2,2013000,4026000
D-002414,O-02414,P-03692,1,636000,636000
D-002415,O-02415,P-03487,2,742000,1484000
D-002416,O-02416,P-01656,1,1885000,1885000
D-002417,O-02417,P-00478,2,778000,1556000
D-002418,O-02418,P-02800,1,2267000,2267000
D-002419,O-02419,P-03819,2,1712000,3424000
D-002420,O-02420,P-04879,1,2400000,2400000
D-002421,O-02421,P-00160,1,996000,996000
D-002422,O-02422,P-03570,2,267000,534000
D-002423,O-02423,P-01919,2,2447000,4894000
D-002424,O-02424,P-01910,2,1453000,2906000
D-002425,O-02425,P-02930,1,1113000,1113000
D-002426,O-02426,P-00282,1,1501000,1501000
D-002427,O-02427,P-00491,2,2743000,5486000
D-002428,O-02428,P-04280,1,1191000,1191000
D-002429,O-02429,P-02502,1,2300000,2300000
D-002430,O-02430,P-00962,2,2158000,4316000
D-002431,O-02431,P-04604,1,1021000,1021000
D-002432,O-02432,P-00443,2,995000,1990000
D-002433,O-02433,P-03165,2,1964000,3928000
D-002434,O-02434,P-02005,2,2532000,5064000
D-002435,O-02435,P-03448,1,684000,684000
D-002436,O-02436,P-04213,2,1956000,3912000
D-002437,O-02437,P-00109,2,2358000,4716000
D-002438,O-02438,P-00061,1,963000,963000
D-002439,O-02439,P-01586,1,1424000,1424000
D-002440,O-02440,P-02345,2,1944000,3888000
D-002441,O-02441,P-02383,2,2999000,5998000
D-002442,O-02442,P-03509,2,1342000,2684000
D-002443,O-02443,P-04982,1,270000,270000
D-002444,O-02444,P-00050,1,2565000,2565000
D-002445,O-02445,P-03548,2,482000,964000
D-002446,O-02446,P-03357,1,2709000,2709000
D-002447,O-02447,P-01817,2,2752000,5504000
D-002448,O-02448,P-03323,1,1361000,1361000
D-002449,O-02449,P-02312,2,344000,688000
D-002450,O-02450,P-00437,2,986000,1972000
D-002451,O-02451,P-01771,1,405000,405000
D-002452,O-02452,P-03575,1,181000,181000
D-002453,O-02453,P-00442,2,2525000,5050000
D-002454,O-02454,P-00688,2,728000,1456000
D-002455,O-02455,P-01122,2,1982000,3964000
D-002456,O-02456,P-02584,2,1118000,2236000
D-002457,O-02457,P-03385,2,1238000,2476000
D-002458,O-02458,P-02612,2,2272000,4544000
D-002459,O-02459,P-04358,2,2080000,4160000
D-002460,O-02460,P-02585,2,2433000,4866000
D-002461,O-02461,P-00824,2,1336000,2672000
D-002462,O-02462,P-03901,2,1694000,3388000
D-002463,O-02463,P-03423,1,1099000,1099000
D-002464,O-02464,P-02270,2,2346000,4692000
D-002465,O-02465,P-00300,2,622000,1244000
D-002466,O-02466,P-00883,1,1184000,1184000
D-002467,O-02467,P-04651,2,1561000,3122000
D-002468,O-02468,P-00605,1,2699000,2699000
D-002469,O-02469,P-00362,1,440000,440000
D-002470,O-02470,P-01623,1,2175000,2175000
D-002471,O-02471,P-02868,2,1195000,2390000
D-002472,O-02472,P-03619,1,2055000,2055000
D-002473,O-02473,P-02190,1,2489000,2489000
D-002474,O-02474,P-01293,2,1091000,2182000
D-002475,O-02475,P-03700,1,2875000,2875000
D-002476,O-02476,P-01291,1,2193000,2193000
D-002477,O-02477,P-03149,2,2280000,4560000
D-002478,O-02478,P-04921,1,2837000,2837000
D-002479,O-02479,P-03984,1,210000,210000
D-002480,O-02480,P-00351,1,1036000,1036000
D-002481,O-02481,P-01430,2,849000,1698000
D-002482,O-02482,P-04691,2,227000,454000
D-002483,O-02483,P-01684,1,2300000,2300000
D-002484,O-02484,P-00712,1,1578000,1578000
D-002485,O-02485,P-00238,2,1390000,2780000
D-002486,O-02486,P-01789,2,864000,1728000
D-002487,O-02487,P-02381,2,1795000,3590000
D-002488,O-02488,P-02163,1,2564000,2564000
D-002489,O-02489,P-00301,2,739000,1478000
D-002490,O-02490,P-01069,2,1589000,3178000
D-002491,O-02491,P-00304,2,1220000,2440000
D-002492,O-02492,P-03777,1,1071000,1071000
D-002493,O-02493,P-03335,1,2913000,2913000
D-002494,O-02494,P-00267,1,2804000,2804000
D-002495,O-02495,P-04077,1,2230000,2230000
D-002496,O-02496,P-04191,1,1249000,1249000
D-002497,O-02497,P-03909,1,2952000,2952000
D-002498,O-02498,P-01215,1,2293000,2293000
D-002499,O-02499,P-02940,1,2314000,2314000
D-002500,O-02500,P-04080,1,215000,215000
