orderId,customerId,customerName,orderDate,totalAmount,status,eventId
O-00001,C-01551,Nguyen Van Nam,2026-06-23,1108000,SUCCESS,EV-003
O-00002,C-00405,Phan Van Thanh,2026-07-10,512000,SUCCESS,EV-002
O-00003,C-01585,Pham Van Hieu,2026-07-10,4582000,SUCCESS,EV-001
O-00004,C-00923,Vu Van Nam,2026-07-03,166000,SUCCESS,EV-006
O-00005,C-00780,Hoang Van Thanh,2026-07-04,2760000,SUCCESS,EV-004
O-00006,C-00970,Vu Van Thanh,2026-07-15,4193000,SUCCESS,EV-001
O-00007,C-01591,Tran Van Hung,2026-07-05,2843000,SUCCESS,EV-007
O-00008,C-01219,Vu Van Linh,2026-06-29,2514000,FAILED,EV-010
O-00009,C-01290,Phan Van Dung,2026-07-05,2695000,SUCCESS,EV-003
O-00010,C-00464,Phan Van Nam,2026-06-25,302000,SUCCESS,EV-009
O-00011,C-01387,Le Van Binh,2026-06-29,3675000,SUCCESS,EV-005
O-00012,C-01786,Le Van Son,2026-07-07,169000,SUCCESS,EV-008
O-00013,C-01625,Tran Van Quang,2026-06-20,4158000,SUCCESS,EV-010
O-00014,C-01883,Dang Van Khanh,2026-06-22,2027000,SUCCESS,EV-010
O-00015,C-01008,Nguyen Van Hieu,2026-07-02,3318000,SUCCESS,EV-009
O-00016,C-01820,Phan Van Hung,2026-06-21,410000,SUCCESS,EV-010
O-00017,C-01700,Bui Van Son,2026-06-20,3465000,SUCCESS,EV-009
O-00018,C-00329,Dang Van Cuong,2026-07-16,3533000,SUCCESS,EV-003
O-00019,C-01026,Vo Van Nam,2026-07-11,451000,FAILED,EV-005
O-00020,C-01931,Phan Van Anh,2026-07-05,1893000,SUCCESS,EV-006
O-00021,C-00732,Vu Van Phuc,2026-07-06,1609000,SUCCESS,EV-006
O-00022,C-00234,Vu Van Phuc,2026-07-13,3751000,SUCCESS,EV-010
O-00023,C-01865,Vu Van Khanh,2026-07-08,2984000,SUCCESS,EV-006
O-00024,C-01190,Vo Van Nam,2026-06-24,4447000,SUCCESS,EV-008
O-00025,C-00477,Nguyen Van Son,2026-07-12,4338000,SUCCESS,EV-004
O-00026,C-01425,Le Van Son,2026-07-09,3809000,SUCCESS,EV-002
O-00027,C-01944,Nguyen Van Dung,2026-07-01,3479000,SUCCESS,EV-001
O-00028,C-00699,Dang Van Binh,2026-07-18,4905000,SUCCESS,EV-008
O-00029,C-00928,Hoang Van Hung,2026-07-08,766000,SUCCESS,EV-010
O-00030,C-01256,Vu Van Linh,2026-07-05,801000,SUCCESS,EV-004
O-00031,C-00919,Pham Van Anh,2026-07-17,3993000,SUCCESS,EV-008
O-00032,C-01362,Bui Van Phuc,2026-07-17,997000,SUCCESS,EV-009
O-00033,C-01255,Bui Van Thanh,2026-07-17,3890000,SUCCESS,EV-007
O-00034,C-00278,Vo Van Hieu,2026-06-22,458000,SUCCESS,EV-005
O-00035,C-00301,Hoang Van Khanh,2026-07-03,1576000,SUCCESS,EV-010
O-00036,C-01061,Vu Van Trung,2026-07-02,1935000,SUCCESS,EV-008
O-00037,C-01513,Le Van Dung,2026-06-24,4613000,SUCCESS,EV-009
O-00038,C-01534,Le Van Hung,2026-06-25,4030000,FAILED,EV-008
O-00039,C-00120,Bui Van Thanh,2026-07-03,3104000,SUCCESS,EV-008
O-00040,C-00400,Bui Van Cuong,2026-06-25,4766000,SUCCESS,EV-001
O-00041,C-00583,Bui Van Hung,2026-06-27,1623000,SUCCESS,EV-008
O-00042,C-00768,Vo Van Trung,2026-06-21,813000,SUCCESS,EV-009
O-00043,C-00573,Pham Van Binh,2026-07-04,3419000,SUCCESS,EV-003
O-00044,C-00603,Bui Van Quang,2026-07-03,4459000,FAILED,EV-009
O-00045,C-01719,Vu Van Hieu,2026-07-07,1429000,SUCCESS,EV-010
O-00046,C-00104,Vo Van Cuong,2026-07-09,1912000,FAILED,EV-009
O-00047,C-01336,Dang Van Thanh,2026-06-30,2339000,SUCCESS,EV-006
O-00048,C-01996,Vu Van Phuc,2026-07-09,1968000,SUCCESS,EV-003
O-00049,C-00067,Tran Van Binh,2026-07-10,1780000,SUCCESS,EV-003
O-00050,C-01195,Bui Van Hung,2026-07-06,2637000,SUCCESS,EV-010
O-00051,C-01121,Tran Van Thanh,2026-06-22,3131000,SUCCESS,EV-004
O-00052,C-00167,Bui Van Thanh,2026-06-25,4032000,SUCCESS,EV-010
O-00053,C-01862,Bui Van Dung,2026-06-19,3661000,SUCCESS,EV-006
O-00054,C-01584,Pham Van Linh,2026-07-15,2752000,SUCCESS,EV-004
O-00055,C-00854,Nguyen Van Dung,2026-07-04,1943000,SUCCESS,EV-005
O-00056,C-01616,Vu Van Phuc,2026-07-01,475000,SUCCESS,EV-001
O-00057,C-01854,Le Van Cuong,2026-06-19,687000,SUCCESS,EV-008
O-00058,C-00055,Dang Van Hung,2026-06-21,383000,SUCCESS,EV-010
O-00059,C-00608,Pham Van Khanh,2026-07-15,4607000,SUCCESS,EV-002
O-00060,C-00251,Vu Van Khanh,2026-07-05,1269000,SUCCESS,EV-006
O-00061,C-00580,Pham Van Linh,2026-06-27,2177000,FAILED,EV-002
O-00062,C-01982,Phan Van Linh,2026-06-23,2108000,SUCCESS,EV-003
O-00063,C-01261,Dang Van Cuong,2026-06-29,3665000,SUCCESS,EV-004
O-00064,C-01741,Bui Van Dung,2026-07-11,3481000,SUCCESS,EV-002
O-00065,C-01883,Dang Van Khanh,2026-07-02,4477000,SUCCESS,EV-002
O-00066,C-01010,Vo Van Son,2026-07-16,557000,SUCCESS,EV-004
O-00067,C-01144,Vo Van Quang,2026-07-10,1836000,SUCCESS,EV-004
O-00068,C-01821,Vu Van Quang,2026-06-30,3112000,SUCCESS,EV-008
O-00069,C-00761,Bui Van Trung,2026-06-21,1645000,SUCCESS,EV-004
O-00070,C-00405,Phan Van Thanh,2026-06-30,1100000,SUCCESS,EV-008
O-00071,C-00937,Bui Van Dung,2026-07-12,1770000,SUCCESS,EV-004
O-00072,C-00073,Phan Van Nam,2026-07-02,695000,SUCCESS,EV-005
O-00073,C-00297,Dang Van Thanh,2026-06-29,581000,SUCCESS,EV-004
O-00074,C-00698,Le Van Minh,2026-07-12,2073000,SUCCESS,EV-002
O-00075,C-01857,Pham Van Cuong,2026-07-09,2828000,SUCCESS,EV-007
O-00076,C-00213,Dang Van Linh,2026-07-15,3846000,SUCCESS,EV-010
O-00077,C-01792,Vu Van Phuc,2026-06-29,3984000,SUCCESS,EV-010
O-00078,C-00021,Tran Van Thanh,2026-07-08,1032000,SUCCESS,EV-004
O-00079,C-01026,Vo Van Nam,2026-07-16,2823000,SUCCESS,EV-007
O-00080,C-01629,Vu Van Minh,2026-07-07,4493000,SUCCESS,EV-002
O-00081,C-00770,Bui Van Hieu,2026-06-25,1724000,SUCCESS,EV-008
O-00082,C-01443,Tran Van Khanh,2026-07-14,4503000,SUCCESS,EV-007
O-00083,C-00573,Pham Van Binh,2026-07-01,3729000,SUCCESS,EV-009
O-00084,C-00630,Le Van Minh,2026-06-26,3504000,SUCCESS,EV-007
O-00085,C-01051,Le Van Trung,2026-07-13,3694000,SUCCESS,EV-005
O-00086,C-00067,Tran Van Binh,2026-06-25,4336000,SUCCESS,EV-006
O-00087,C-00279,Le Van Hieu,2026-06-23,2929000,SUCCESS,EV-006
O-00088,C-00618,Tran Van Dung,2026-06-30,4341000,FAILED,EV-004
O-00089,C-01309,Pham Van Linh,2026-06-22,738000,SUCCESS,EV-010
O-00090,C-01002,Nguyen Van Minh,2026-07-13,992000,SUCCESS,EV-007
O-00091,C-01560,Nguyen Van Linh,2026-07-02,271000,SUCCESS,EV-004
O-00092,C-01280,Pham Van Phuc,2026-06-23,4261000,SUCCESS,EV-010
O-00093,C-00291,Nguyen Van Trung,2026-06-22,1296000,SUCCESS,EV-005
O-00094,C-00335,Le Van Thanh,2026-07-16,3354000,SUCCESS,EV-003
O-00095,C-01922,Hoang Van Cuong,2026-07-01,3940000,SUCCESS,EV-004
O-00096,C-00586,Dang Van Minh,2026-06-27,1912000,SUCCESS,EV-002
O-00097,C-01981,Bui Van Phuc,2026-06-28,3341000,SUCCESS,EV-002
O-00098,C-00831,Dang Van Dung,2026-07-01,749000,SUCCESS,EV-002
O-00099,C-00990,Nguyen Van Anh,2026-07-13,3910000,FAILED,EV-003
O-00100,C-00567,Nguyen Van Son,2026-07-16,1930000,SUCCESS,EV-006
O-00101,C-00048,Le Van Quang,2026-06-24,2266000,SUCCESS,EV-003
O-00102,C-01970,Pham Van Phuc,2026-06-26,2624000,SUCCESS,EV-003
O-00103,C-00112,Hoang Van Anh,2026-07-03,4128000,SUCCESS,EV-005
O-00104,C-01306,Vu Van Linh,2026-06-21,3767000,SUCCESS,EV-008
O-00105,C-00288,Pham Van Son,2026-07-11,2246000,SUCCESS,EV-008
O-00106,C-01127,Bui Van Anh,2026-07-02,2456000,SUCCESS,EV-009
O-00107,C-00077,Le Van Binh,2026-07-09,1078000,SUCCESS,EV-002
O-00108,C-01721,Phan Van Thanh,2026-06-28,1705000,SUCCESS,EV-008
O-00109,C-00973,Nguyen Van Nam,2026-07-15,2749000,SUCCESS,EV-008
O-00110,C-00010,Pham Van Thanh,2026-07-09,3677000,SUCCESS,EV-002
O-00111,C-00041,Bui Van Binh,2026-07-14,3989000,FAILED,EV-002
O-00112,C-00945,Vu Van Phuc,2026-07-11,4554000,SUCCESS,EV-001
O-00113,C-01683,Tran Van Anh,2026-07-13,735000,SUCCESS,EV-008
O-00114,C-00699,Dang Van Binh,2026-07-12,2049000,SUCCESS,EV-001
O-00115,C-01186,Hoang Van Hieu,2026-06-26,197000,SUCCESS,EV-005
O-00116,C-00103,Hoang Van Hung,2026-07-08,1346000,SUCCESS,EV-003
O-00117,C-01671,Nguyen Van Hung,2026-07-08,3879000,SUCCESS,EV-005
O-00118,C-01444,Phan Van Quang,2026-06-22,4765000,SUCCESS,EV-002
O-00119,C-00651,Bui Van Cuong,2026-06-24,4004000,SUCCESS,EV-005
O-00120,C-00182,Tran Van Son,2026-07-16,1053000,SUCCESS,EV-001
O-00121,C-01129,Tran Van Trung,2026-07-02,1885000,SUCCESS,EV-007
O-00122,C-00011,Tran Van Son,2026-07-07,2493000,SUCCESS,EV-009
O-00123,C-01155,Vu Van Son,2026-07-13,3509000,SUCCESS,EV-009
O-00124,C-00996,Tran Van Dung,2026-06-28,4436000,SUCCESS,EV-004
O-00125,C-01640,Vo Van Linh,2026-06-21,4956000,SUCCESS,EV-009
O-00126,C-01703,Nguyen Van Dung,2026-07-07,1659000,SUCCESS,EV-006
O-00127,C-00805,Phan Van Cuong,2026-06-29,3508000,SUCCESS,EV-010
O-00128,C-00081,Dang Van Son,2026-06-22,1464000,SUCCESS,EV-007
O-00129,C-01665,Pham Van Dung,2026-06-26,1161000,SUCCESS,EV-008
O-00130,C-01913,Vu Van Phuc,2026-07-02,4883000,SUCCESS,EV-006
O-00131,C-01714,Pham Van Khanh,2026-07-03,1436000,SUCCESS,EV-003
O-00132,C-00988,Bui Van Phuc,2026-06-24,1748000,FAILED,EV-003
O-00133,C-00584,Pham Van Son,2026-07-02,4824000,SUCCESS,EV-004
O-00134,C-01109,Dang Van Nam,2026-07-16,3767000,SUCCESS,EV-006
O-00135,C-01305,Nguyen Van Hieu,2026-06-30,3123000,SUCCESS,EV-004
O-00136,C-00155,Phan Van Khanh,2026-07-16,4583000,SUCCESS,EV-005
O-00137,C-01340,Bui Van Thanh,2026-07-07,2241000,SUCCESS,EV-008
O-00138,C-00878,Vo Van Dung,2026-06-26,2058000,SUCCESS,EV-009
O-00139,C-01478,Tran Van Dung,2026-07-15,4511000,SUCCESS,EV-009
O-00140,C-00112,Hoang Van Anh,2026-06-25,2867000,SUCCESS,EV-009
O-00141,C-00554,Hoang Van Trung,2026-07-03,786000,SUCCESS,EV-004
O-00142,C-01195,Bui Van Hung,2026-06-21,2454000,SUCCESS,EV-003
O-00143,C-00294,Nguyen Van Minh,2026-06-25,2614000,FAILED,EV-009
O-00144,C-01504,Pham Van Anh,2026-07-10,3007000,SUCCESS,EV-001
O-00145,C-00096,Tran Van Trung,2026-06-20,2618000,FAILED,EV-008
O-00146,C-00360,Phan Van Khanh,2026-07-12,2498000,FAILED,EV-009
O-00147,C-00886,Dang Van Minh,2026-06-21,1245000,FAILED,EV-001
O-00148,C-00312,Vu Van Khanh,2026-06-19,1319000,SUCCESS,EV-006
O-00149,C-01985,Phan Van Anh,2026-07-03,2683000,SUCCESS,EV-001
O-00150,C-00029,Pham Van Phuc,2026-07-05,4572000,SUCCESS,EV-010
O-00151,C-01387,Le Van Binh,2026-07-03,4821000,SUCCESS,EV-002
O-00152,C-00052,Phan Van Son,2026-07-04,3766000,SUCCESS,EV-007
O-00153,C-01903,Pham Van Dung,2026-06-19,4987000,FAILED,EV-009
O-00154,C-01496,Pham Van Cuong,2026-07-16,4127000,SUCCESS,EV-002
O-00155,C-01372,Bui Van Dung,2026-07-14,2480000,FAILED,EV-003
O-00156,C-00057,Vo Van Khanh,2026-06-21,2282000,SUCCESS,EV-004
O-00157,C-00204,Nguyen Van Dung,2026-06-23,3490000,SUCCESS,EV-005
O-00158,C-00595,Nguyen Van Khanh,2026-06-23,1458000,SUCCESS,EV-009
O-00159,C-00877,Tran Van Phuc,2026-07-11,4163000,SUCCESS,EV-001
O-00160,C-01781,Phan Van Quang,2026-06-27,3821000,SUCCESS,EV-001
O-00161,C-00146,Bui Van Son,2026-06-29,1665000,SUCCESS,EV-006
O-00162,C-01483,Pham Van Khanh,2026-06-21,417000,SUCCESS,EV-010
O-00163,C-00892,Bui Van Linh,2026-07-01,1620000,FAILED,EV-010
O-00164,C-01144,Vo Van Quang,2026-07-10,220000,SUCCESS,EV-010
O-00165,C-01689,Tran Van Hieu,2026-07-12,672000,SUCCESS,EV-009
O-00166,C-01407,Dang Van Linh,2026-07-13,4438000,SUCCESS,EV-001
O-00167,C-00932,Tran Van Phuc,2026-06-22,3812000,SUCCESS,EV-003
O-00168,C-01941,Le Van Son,2026-07-03,3117000,SUCCESS,EV-007
O-00169,C-00717,Tran Van Khanh,2026-06-24,4897000,SUCCESS,EV-010
O-00170,C-00251,Vu Van Khanh,2026-07-18,600000,SUCCESS,EV-001
O-00171,C-00426,Bui Van Khanh,2026-06-25,4796000,SUCCESS,EV-010
O-00172,C-00963,Hoang Van Khanh,2026-07-07,2113000,SUCCESS,EV-010
O-00173,C-00707,Bui Van Anh,2026-07-16,3110000,SUCCESS,EV-002
O-00174,C-00584,Pham Van Son,2026-06-21,2178000,SUCCESS,EV-009
O-00175,C-00352,Bui Van Phuc,2026-07-02,4289000,SUCCESS,EV-001
O-00176,C-00041,Bui Van Binh,2026-07-05,4630000,SUCCESS,EV-008
O-00177,C-01473,Hoang Van Hung,2026-07-15,1915000,SUCCESS,EV-004
O-00178,C-01443,Tran Van Khanh,2026-07-05,1562000,SUCCESS,EV-010
O-00179,C-00620,Le Van Anh,2026-07-14,2376000,SUCCESS,EV-005
O-00180,C-01389,Nguyen Van Son,2026-07-06,1620000,SUCCESS,EV-004
O-00181,C-01505,Tran Van Anh,2026-06-20,2633000,SUCCESS,EV-006
O-00182,C-00135,Le Van Trung,2026-07-05,646000,SUCCESS,EV-008
O-00183,C-01322,Le Van Dung,2026-06-26,2965000,SUCCESS,EV-002
O-00184,C-00759,Dang Van Minh,2026-07-13,594000,SUCCESS,EV-007
O-00185,C-01761,Nguyen Van Thanh,2026-07-15,2012000,SUCCESS,EV-002
O-00186,C-01342,Pham Van Dung,2026-07-10,3812000,SUCCESS,EV-004
O-00187,C-01028,Pham Van Khanh,2026-07-18,1688000,SUCCESS,EV-001
O-00188,C-01272,Phan Van Cuong,2026-06-26,2269000,SUCCESS,EV-006
O-00189,C-00054,Vu Van Son,2026-07-04,302000,SUCCESS,EV-009
O-00190,C-01814,Nguyen Van Thanh,2026-07-01,4080000,SUCCESS,EV-002
O-00191,C-01547,Dang Van Anh,2026-06-30,1033000,SUCCESS,EV-005
O-00192,C-01165,Nguyen Van Hung,2026-07-17,4039000,SUCCESS,EV-002
O-00193,C-01999,Dang Van Trung,2026-06-26,1551000,SUCCESS,EV-005
O-00194,C-01010,Vo Van Son,2026-06-23,2606000,FAILED,EV-005
O-00195,C-01484,Vo Van Khanh,2026-07-16,3048000,SUCCESS,EV-008
O-00196,C-01383,Vu Van Nam,2026-07-06,1063000,SUCCESS,EV-007
O-00197,C-01759,Hoang Van Hung,2026-07-01,752000,SUCCESS,EV-009
O-00198,C-01785,Vu Van Son,2026-07-04,1882000,SUCCESS,EV-008
O-00199,C-00216,Nguyen Van Phuc,2026-06-30,1314000,SUCCESS,EV-002
O-00200,C-01842,Dang Van Son,2026-06-27,4837000,FAILED,EV-006
O-00201,C-01867,Nguyen Van Cuong,2026-06-28,2209000,SUCCESS,EV-007
O-00202,C-01624,Bui Van Cuong,2026-07-13,3960000,SUCCESS,EV-007
O-00203,C-00968,Bui Van Binh,2026-07-10,623000,SUCCESS,EV-010
O-00204,C-00782,Vu Van Minh,2026-07-14,2752000,SUCCESS,EV-009
O-00205,C-00513,Le Van Hung,2026-07-11,1941000,SUCCESS,EV-002
O-00206,C-01802,Dang Van Binh,2026-06-27,361000,SUCCESS,EV-005
O-00207,C-01698,Bui Van Phuc,2026-06-22,2780000,SUCCESS,EV-009
O-00208,C-00819,Pham Van Trung,2026-07-08,3901000,SUCCESS,EV-009
O-00209,C-01367,Tran Van Thanh,2026-07-16,4352000,FAILED,EV-009
O-00210,C-00520,Vu Van Hieu,2026-06-22,1694000,SUCCESS,EV-008
O-00211,C-01717,Phan Van Anh,2026-07-04,3844000,FAILED,EV-008
O-00212,C-00477,Nguyen Van Son,2026-06-28,4576000,SUCCESS,EV-005
O-00213,C-01578,Dang Van Son,2026-06-26,3880000,FAILED,EV-009
O-00214,C-01920,Tran Van Son,2026-07-06,2558000,SUCCESS,EV-004
O-00215,C-01724,Dang Van Cuong,2026-07-14,2303000,SUCCESS,EV-007
O-00216,C-01632,Nguyen Van Son,2026-07-04,347000,FAILED,EV-008
O-00217,C-00150,Pham Van Trung,2026-06-23,580000,FAILED,EV-006
O-00218,C-01107,Dang Van Linh,2026-07-13,351000,SUCCESS,EV-009
O-00219,C-01823,Bui Van Dung,2026-07-06,823000,SUCCESS,EV-007
O-00220,C-00721,Dang Van Thanh,2026-07-12,895000,SUCCESS,EV-006
O-00221,C-01676,Dang Van Nam,2026-06-27,3622000,SUCCESS,EV-004
O-00222,C-00273,Hoang Van Phuc,2026-06-23,4647000,FAILED,EV-009
O-00223,C-01750,Bui Van Son,2026-06-30,3028000,SUCCESS,EV-008
O-00224,C-00960,Bui Van Phuc,2026-06-24,608000,SUCCESS,EV-003
O-00225,C-01619,Vo Van Khanh,2026-06-26,2225000,FAILED,EV-006
O-00226,C-00152,Le Van Anh,2026-06-29,755000,SUCCESS,EV-003
O-00227,C-00010,Pham Van Thanh,2026-07-08,758000,SUCCESS,EV-009
O-00228,C-01116,Vo Van Trung,2026-07-09,4562000,SUCCESS,EV-006
O-00229,C-01809,Bui Van Anh,2026-07-17,2913000,SUCCESS,EV-001
O-00230,C-00396,Le Van Cuong,2026-07-09,3978000,SUCCESS,EV-001
O-00231,C-01432,Bui Van Trung,2026-06-29,4810000,FAILED,EV-004
O-00232,C-01519,Vo Van Binh,2026-07-05,2566000,SUCCESS,EV-004
O-00233,C-01162,Nguyen Van Minh,2026-06-30,4084000,SUCCESS,EV-008
O-00234,C-00734,Vu Van Thanh,2026-06-24,1493000,SUCCESS,EV-006
O-00235,C-00128,Nguyen Van Hung,2026-07-02,3555000,FAILED,EV-006
O-00236,C-00084,Pham Van Dung,2026-07-14,1974000,FAILED,EV-003
O-00237,C-01858,Dang Van Son,2026-07-04,3479000,FAILED,EV-001
O-00238,C-00818,Nguyen Van Minh,2026-07-02,3242000,SUCCESS,EV-004
O-00239,C-01098,Vu Van Son,2026-06-24,3949000,SUCCESS,EV-010
O-00240,C-01251,Phan Van Minh,2026-06-21,2189000,FAILED,EV-010
O-00241,C-00676,Phan Van Hieu,2026-07-09,1514000,SUCCESS,EV-006
O-00242,C-01265,Vo Van Quang,2026-06-24,757000,SUCCESS,EV-008
O-00243,C-01782,Vu Van Cuong,2026-07-07,4604000,SUCCESS,EV-007
O-00244,C-01699,Vo Van Minh,2026-07-09,2975000,SUCCESS,EV-010
O-00245,C-01164,Nguyen Van Son,2026-06-19,3113000,SUCCESS,EV-004
O-00246,C-00758,Bui Van Nam,2026-07-04,1377000,SUCCESS,EV-007
O-00247,C-00447,Phan Van Binh,2026-06-25,3345000,SUCCESS,EV-006
O-00248,C-01192,Bui Van Thanh,2026-06-24,4614000,FAILED,EV-005
O-00249,C-00958,Bui Van Nam,2026-07-15,4103000,SUCCESS,EV-001
O-00250,C-01579,Pham Van Hung,2026-07-10,1393000,FAILED,EV-006
O-00251,C-01847,Nguyen Van Linh,2026-06-22,4934000,SUCCESS,EV-005
O-00252,C-00632,Tran Van Phuc,2026-07-04,4487000,SUCCESS,EV-004
O-00253,C-01099,Bui Van Dung,2026-07-05,2764000,SUCCESS,EV-005
O-00254,C-01256,Vu Van Linh,2026-07-01,4566000,SUCCESS,EV-001
O-00255,C-01505,Tran Van Anh,2026-06-19,1518000,SUCCESS,EV-010
O-00256,C-01913,Vu Van Phuc,2026-07-07,3144000,SUCCESS,EV-001
O-00257,C-01554,Le Van Hieu,2026-07-09,993000,SUCCESS,EV-002
O-00258,C-00365,Dang Van Binh,2026-07-04,4641000,SUCCESS,EV-008
O-00259,C-01877,Phan Van Anh,2026-06-29,1790000,SUCCESS,EV-005
O-00260,C-01650,Pham Van Cuong,2026-07-14,2663000,SUCCESS,EV-008
O-00261,C-00724,Vu Van Son,2026-07-04,1562000,SUCCESS,EV-006
O-00262,C-00555,Tran Van Cuong,2026-07-02,4959000,SUCCESS,EV-004
O-00263,C-01346,Tran Van Hieu,2026-07-06,1268000,SUCCESS,EV-009
O-00264,C-01356,Tran Van Phuc,2026-06-23,1332000,SUCCESS,EV-005
O-00265,C-00740,Nguyen Van Trung,2026-07-11,3382000,SUCCESS,EV-003
O-00266,C-01398,Vo Van Minh,2026-06-27,583000,SUCCESS,EV-001
O-00267,C-00783,Phan Van Hieu,2026-06-30,2422000,FAILED,EV-002
O-00268,C-01168,Hoang Van Nam,2026-07-16,4617000,SUCCESS,EV-009
O-00269,C-00233,Pham Van Nam,2026-07-04,2904000,SUCCESS,EV-005
O-00270,C-00111,Vo Van Dung,2026-07-04,1211000,SUCCESS,EV-003
O-00271,C-00056,Vu Van Phuc,2026-07-09,2033000,FAILED,EV-002
O-00272,C-01510,Dang Van Khanh,2026-06-26,4495000,SUCCESS,EV-009
O-00273,C-00668,Nguyen Van Phuc,2026-07-07,3647000,SUCCESS,EV-006
O-00274,C-00573,Pham Van Binh,2026-07-17,654000,SUCCESS,EV-009
O-00275,C-01247,Hoang Van Trung,2026-06-29,3004000,SUCCESS,EV-004
O-00276,C-01934,Pham Van Minh,2026-06-27,3224000,SUCCESS,EV-009
O-00277,C-01963,Dang Van Trung,2026-06-20,1827000,SUCCESS,EV-002
O-00278,C-00508,Phan Van Minh,2026-06-23,2798000,SUCCESS,EV-006
O-00279,C-01231,Bui Van Quang,2026-07-09,976000,SUCCESS,EV-003
O-00280,C-00770,Bui Van Hieu,2026-07-15,171000,SUCCESS,EV-009
O-00281,C-00189,Phan Van Son,2026-07-11,4500000,SUCCESS,EV-003
O-00282,C-01196,Bui Van Hieu,2026-06-22,3094000,FAILED,EV-005
O-00283,C-00994,Vo Van Thanh,2026-07-13,394000,SUCCESS,EV-009
O-00284,C-01004,Pham Van Thanh,2026-06-21,1547000,SUCCESS,EV-002
O-00285,C-00946,Dang Van Binh,2026-07-09,1503000,SUCCESS,EV-007
O-00286,C-00967,Tran Van Anh,2026-07-14,891000,SUCCESS,EV-007
O-00287,C-00711,Pham Van Khanh,2026-07-04,4747000,SUCCESS,EV-001
O-00288,C-00828,Bui Van Phuc,2026-07-07,4977000,SUCCESS,EV-006
O-00289,C-01383,Vu Van Nam,2026-06-28,3051000,SUCCESS,EV-007
O-00290,C-01472,Vo Van Linh,2026-06-29,2636000,SUCCESS,EV-006
O-00291,C-00490,Nguyen Van Minh,2026-07-09,477000,SUCCESS,EV-003
O-00292,C-00088,Phan Van Dung,2026-06-29,1693000,SUCCESS,EV-010
O-00293,C-01760,Pham Van Nam,2026-07-16,4539000,SUCCESS,EV-007
O-00294,C-01364,Nguyen Van Thanh,2026-06-22,3786000,SUCCESS,EV-003
O-00295,C-00511,Phan Van Hung,2026-07-16,3624000,SUCCESS,EV-004
O-00296,C-00923,Vu Van Nam,2026-06-21,3776000,SUCCESS,EV-003
O-00297,C-01684,Le Van Cuong,2026-07-04,4203000,SUCCESS,EV-009
O-00298,C-00276,Le Van Hung,2026-07-07,4093000,SUCCESS,EV-002
O-00299,C-01452,Hoang Van Quang,2026-06-19,2897000,SUCCESS,EV-004
O-00300,C-00397,Dang Van Trung,2026-07-02,1029000,SUCCESS,EV-002
O-00301,C-01546,Vu Van Linh,2026-07-03,3824000,SUCCESS,EV-010
O-00302,C-00111,Vo Van Dung,2026-06-28,4118000,SUCCESS,EV-009
O-00303,C-00792,Pham Van Anh,2026-07-01,2179000,SUCCESS,EV-010
O-00304,C-00317,Vo Van Khanh,2026-07-16,272000,FAILED,EV-010
O-00305,C-01476,Dang Van Quang,2026-07-14,626000,SUCCESS,EV-005
O-00306,C-00564,Hoang Van Nam,2026-07-18,4028000,SUCCESS,EV-005
O-00307,C-01695,Bui Van Thanh,2026-07-11,2945000,SUCCESS,EV-007
O-00308,C-01444,Phan Van Quang,2026-07-15,4304000,SUCCESS,EV-003
O-00309,C-01804,Phan Van Linh,2026-07-03,2722000,SUCCESS,EV-004
O-00310,C-01554,Le Van Hieu,2026-07-07,4648000,SUCCESS,EV-008
O-00311,C-00949,Dang Van Son,2026-07-07,1245000,SUCCESS,EV-010
O-00312,C-01772,Pham Van Hieu,2026-07-12,4577000,SUCCESS,EV-007
O-00313,C-01328,Tran Van Quang,2026-06-19,405000,SUCCESS,EV-010
O-00314,C-01464,Vu Van Thanh,2026-06-30,1989000,SUCCESS,EV-002
O-00315,C-00745,Hoang Van Quang,2026-06-20,4839000,SUCCESS,EV-001
O-00316,C-01296,Phan Van Dung,2026-06-19,3844000,SUCCESS,EV-004
O-00317,C-00950,Phan Van Khanh,2026-06-19,2697000,SUCCESS,EV-008
O-00318,C-01614,Vo Van Anh,2026-06-23,407000,SUCCESS,EV-009
O-00319,C-00982,Phan Van Dung,2026-06-19,4259000,SUCCESS,EV-010
O-00320,C-00503,Pham Van Thanh,2026-07-15,3846000,SUCCESS,EV-010
O-00321,C-00679,Nguyen Van Hieu,2026-06-21,4896000,SUCCESS,EV-003
O-00322,C-00442,Dang Van Thanh,2026-06-27,2408000,SUCCESS,EV-001
O-00323,C-01463,Bui Van Nam,2026-07-01,2291000,SUCCESS,EV-005
O-00324,C-00794,Hoang Van Trung,2026-07-15,1494000,SUCCESS,EV-005
O-00325,C-00851,Pham Van Hieu,2026-07-09,2057000,SUCCESS,EV-007
O-00326,C-00600,Tran Van Anh,2026-07-17,3222000,SUCCESS,EV-008
O-00327,C-01561,Pham Van Son,2026-06-24,1562000,SUCCESS,EV-006
O-00328,C-00320,Pham Van Phuc,2026-07-17,487000,SUCCESS,EV-003
O-00329,C-00255,Vu Van Cuong,2026-06-19,2605000,SUCCESS,EV-006
O-00330,C-01545,Le Van Quang,2026-07-01,4387000,SUCCESS,EV-010
O-00331,C-00772,Hoang Van Linh,2026-07-15,2435000,SUCCESS,EV-008
O-00332,C-00329,Dang Van Cuong,2026-07-05,2076000,SUCCESS,EV-008
O-00333,C-01223,Vo Van Trung,2026-07-01,2038000,SUCCESS,EV-001
O-00334,C-00587,Le Van Khanh,2026-07-07,433000,SUCCESS,EV-006
O-00335,C-01780,Vo Van Binh,2026-07-01,2073000,SUCCESS,EV-004
O-00336,C-01885,Vo Van Minh,2026-07-13,4099000,SUCCESS,EV-008
O-00337,C-00240,Hoang Van Linh,2026-07-09,3217000,FAILED,EV-006
O-00338,C-00433,Tran Van Anh,2026-07-09,100000,SUCCESS,EV-007
O-00339,C-01086,Le Van Phuc,2026-07-06,3442000,SUCCESS,EV-004
O-00340,C-01200,Vo Van Thanh,2026-07-02,1669000,SUCCESS,EV-004
O-00341,C-01063,Vo Van Quang,2026-07-11,4197000,SUCCESS,EV-008
O-00342,C-01842,Dang Van Son,2026-07-17,239000,SUCCESS,EV-007
O-00343,C-00900,Le Van Phuc,2026-07-02,2162000,SUCCESS,EV-006
O-00344,C-00563,Dang Van Phuc,2026-07-13,1104000,SUCCESS,EV-005
O-00345,C-01622,Bui Van Khanh,2026-07-18,4270000,SUCCESS,EV-006
O-00346,C-00263,Le Van Quang,2026-06-25,1292000,SUCCESS,EV-009
O-00347,C-00328,Phan Van Hung,2026-07-01,4350000,SUCCESS,EV-008
O-00348,C-00029,Pham Van Phuc,2026-06-29,3923000,SUCCESS,EV-002
O-00349,C-00595,Nguyen Van Khanh,2026-07-02,1068000,SUCCESS,EV-008
O-00350,C-01736,Phan Van Cuong,2026-07-06,4427000,SUCCESS,EV-007
O-00351,C-01861,Dang Van Linh,2026-06-25,3838000,SUCCESS,EV-002
O-00352,C-01884,Dang Van Trung,2026-06-26,1362000,SUCCESS,EV-002
O-00353,C-01252,Nguyen Van Cuong,2026-07-08,2055000,SUCCESS,EV-005
O-00354,C-00850,Hoang Van Minh,2026-07-13,1396000,SUCCESS,EV-005
O-00355,C-01411,Hoang Van Anh,2026-07-18,2579000,SUCCESS,EV-003
O-00356,C-00163,Nguyen Van Trung,2026-07-17,1609000,SUCCESS,EV-007
O-00357,C-00195,Pham Van Hieu,2026-07-05,2877000,SUCCESS,EV-008
O-00358,C-00171,Vu Van Quang,2026-06-30,4707000,SUCCESS,EV-007
O-00359,C-00697,Dang Van Anh,2026-07-10,2287000,SUCCESS,EV-006
O-00360,C-01295,Dang Van Linh,2026-07-05,2583000,SUCCESS,EV-006
O-00361,C-00862,Bui Van Hieu,2026-06-22,3967000,FAILED,EV-006
O-00362,C-01495,Tran Van Phuc,2026-06-27,3002000,SUCCESS,EV-003
O-00363,C-01574,Pham Van Thanh,2026-06-24,3742000,SUCCESS,EV-004
O-00364,C-00409,Pham Van Hieu,2026-07-11,1397000,SUCCESS,EV-008
O-00365,C-00736,Vu Van Trung,2026-07-15,915000,SUCCESS,EV-009
O-00366,C-01446,Bui Van Quang,2026-06-19,4724000,SUCCESS,EV-001
O-00367,C-00790,Tran Van Phuc,2026-07-18,3506000,SUCCESS,EV-006
O-00368,C-00692,Bui Van Anh,2026-07-17,1630000,SUCCESS,EV-001
O-00369,C-01471,Tran Van Quang,2026-07-10,3295000,SUCCESS,EV-009
O-00370,C-01269,Hoang Van Trung,2026-07-12,2453000,SUCCESS,EV-002
O-00371,C-00121,Pham Van Son,2026-06-23,3553000,SUCCESS,EV-001
O-00372,C-01474,Nguyen Van Anh,2026-07-10,794000,SUCCESS,EV-002
O-00373,C-00820,Bui Van Thanh,2026-06-19,1300000,SUCCESS,EV-007
O-00374,C-00341,Vu Van Minh,2026-07-14,3905000,SUCCESS,EV-003
O-00375,C-01941,Le Van Son,2026-06-21,4922000,SUCCESS,EV-005
O-00376,C-00999,Pham Van Thanh,2026-06-30,1388000,SUCCESS,EV-009
O-00377,C-01719,Vu Van Hieu,2026-07-06,4595000,SUCCESS,EV-004
O-00378,C-00038,Hoang Van Linh,2026-07-16,3056000,SUCCESS,EV-002
O-00379,C-00293,Dang Van Hieu,2026-06-28,4480000,SUCCESS,EV-005
O-00380,C-00824,Hoang Van Son,2026-06-19,4392000,SUCCESS,EV-010
O-00381,C-01077,Vo Van Phuc,2026-07-02,716000,SUCCESS,EV-004
O-00382,C-00817,Phan Van Thanh,2026-06-23,4772000,SUCCESS,EV-004
O-00383,C-00937,Bui Van Dung,2026-07-01,3941000,SUCCESS,EV-005
O-00384,C-00432,Pham Van Linh,2026-06-27,3330000,SUCCESS,EV-010
O-00385,C-01974,Dang Van Binh,2026-07-13,2210000,SUCCESS,EV-008
O-00386,C-01947,Phan Van Nam,2026-07-02,4980000,SUCCESS,EV-009
O-00387,C-01280,Pham Van Phuc,2026-06-19,3183000,SUCCESS,EV-003
O-00388,C-00062,Bui Van Dung,2026-06-26,2548000,FAILED,EV-009
O-00389,C-00243,Bui Van Phuc,2026-07-17,1697000,SUCCESS,EV-001
O-00390,C-01351,Tran Van Thanh,2026-07-13,4921000,SUCCESS,EV-001
O-00391,C-00599,Le Van Hung,2026-07-16,1766000,SUCCESS,EV-002
O-00392,C-00116,Vo Van Quang,2026-07-05,3708000,FAILED,EV-009
O-00393,C-00088,Phan Van Dung,2026-07-02,4172000,SUCCESS,EV-007
O-00394,C-00024,Vu Van Hieu,2026-06-30,3037000,SUCCESS,EV-007
O-00395,C-01440,Le Van Khanh,2026-07-02,2429000,SUCCESS,EV-002
O-00396,C-00904,Nguyen Van Phuc,2026-07-10,2953000,SUCCESS,EV-002
O-00397,C-00620,Le Van Anh,2026-06-25,3684000,SUCCESS,EV-008
O-00398,C-00072,Bui Van Minh,2026-07-14,1920000,SUCCESS,EV-004
O-00399,C-00383,Hoang Van Hung,2026-07-03,3645000,SUCCESS,EV-008
O-00400,C-01068,Dang Van Minh,2026-07-09,4330000,SUCCESS,EV-003
O-00401,C-00595,Nguyen Van Khanh,2026-07-06,3256000,SUCCESS,EV-009
O-00402,C-00719,Phan Van Son,2026-07-05,1635000,FAILED,EV-006
O-00403,C-00029,Pham Van Phuc,2026-07-04,3974000,SUCCESS,EV-008
O-00404,C-01457,Le Van Thanh,2026-07-05,585000,SUCCESS,EV-004
O-00405,C-00404,Dang Van Quang,2026-07-01,4729000,SUCCESS,EV-006
O-00406,C-00191,Hoang Van Hung,2026-06-23,1450000,SUCCESS,EV-006
O-00407,C-01874,Nguyen Van Thanh,2026-07-08,2958000,SUCCESS,EV-003
O-00408,C-01477,Pham Van Anh,2026-06-19,2974000,SUCCESS,EV-003
O-00409,C-01642,Tran Van Trung,2026-07-04,1404000,SUCCESS,EV-005
O-00410,C-00785,Vo Van Quang,2026-07-02,4069000,SUCCESS,EV-005
O-00411,C-00177,Dang Van Linh,2026-06-25,1420000,SUCCESS,EV-002
O-00412,C-01780,Vo Van Binh,2026-06-24,4637000,SUCCESS,EV-006
O-00413,C-01786,Le Van Son,2026-06-26,2380000,SUCCESS,EV-009
O-00414,C-00274,Phan Van Hung,2026-07-09,3393000,SUCCESS,EV-003
O-00415,C-00376,Bui Van Phuc,2026-06-20,571000,SUCCESS,EV-003
O-00416,C-01972,Pham Van Dung,2026-07-18,4733000,SUCCESS,EV-005
O-00417,C-00296,Dang Van Cuong,2026-07-13,1913000,FAILED,EV-008
O-00418,C-01647,Nguyen Van Khanh,2026-07-03,2049000,SUCCESS,EV-009
O-00419,C-00063,Vu Van Thanh,2026-07-12,121000,SUCCESS,EV-003
O-00420,C-01037,Tran Van Dung,2026-07-08,4964000,SUCCESS,EV-001
O-00421,C-01201,Vu Van Quang,2026-07-02,1710000,SUCCESS,EV-003
O-00422,C-01163,Phan Van Thanh,2026-06-21,851000,SUCCESS,EV-008
O-00423,C-00269,Hoang Van Minh,2026-06-28,899000,SUCCESS,EV-010
O-00424,C-01320,Tran Van Khanh,2026-07-16,2657000,SUCCESS,EV-005
O-00425,C-01247,Hoang Van Trung,2026-07-11,3792000,SUCCESS,EV-005
O-00426,C-00100,Tran Van Hieu,2026-07-13,4361000,SUCCESS,EV-008
O-00427,C-00939,Le Van Son,2026-07-16,2883000,SUCCESS,EV-005
O-00428,C-01781,Phan Van Quang,2026-07-16,2104000,SUCCESS,EV-009
O-00429,C-00724,Vu Van Son,2026-06-21,4271000,SUCCESS,EV-003
O-00430,C-01932,Bui Van Khanh,2026-07-09,4885000,SUCCESS,EV-009
O-00431,C-01495,Tran Van Phuc,2026-07-14,4952000,FAILED,EV-004
O-00432,C-00358,Le Van Nam,2026-06-28,323000,SUCCESS,EV-006
O-00433,C-00025,Dang Van Cuong,2026-07-13,4843000,FAILED,EV-003
O-00434,C-01331,Hoang Van Thanh,2026-07-08,1183000,SUCCESS,EV-009
O-00435,C-01046,Hoang Van Quang,2026-07-08,1182000,SUCCESS,EV-007
O-00436,C-01645,Pham Van Linh,2026-06-19,3259000,SUCCESS,EV-010
O-00437,C-00438,Hoang Van Dung,2026-06-19,1854000,SUCCESS,EV-003
O-00438,C-01572,Pham Van Quang,2026-07-02,3600000,SUCCESS,EV-009
O-00439,C-00423,Le Van Cuong,2026-07-03,3081000,SUCCESS,EV-006
O-00440,C-01781,Phan Van Quang,2026-06-30,1570000,SUCCESS,EV-003
O-00441,C-00544,Pham Van Son,2026-06-30,2777000,SUCCESS,EV-002
O-00442,C-01418,Pham Van Nam,2026-06-24,2673000,SUCCESS,EV-008
O-00443,C-01192,Bui Van Thanh,2026-07-15,3344000,SUCCESS,EV-009
O-00444,C-01309,Pham Van Linh,2026-07-02,1497000,SUCCESS,EV-010
O-00445,C-00745,Hoang Van Quang,2026-06-30,4443000,SUCCESS,EV-007
O-00446,C-01545,Le Van Quang,2026-06-30,3212000,SUCCESS,EV-001
O-00447,C-00212,Bui Van Thanh,2026-07-15,2800000,SUCCESS,EV-001
O-00448,C-01055,Phan Van Binh,2026-07-08,736000,FAILED,EV-006
O-00449,C-00572,Vu Van Trung,2026-07-01,4461000,SUCCESS,EV-008
O-00450,C-00618,Tran Van Dung,2026-06-23,3491000,SUCCESS,EV-009
O-00451,C-00665,Nguyen Van Dung,2026-07-04,4270000,SUCCESS,EV-007
O-00452,C-01458,Vo Van Phuc,2026-07-15,483000,SUCCESS,EV-008
O-00453,C-00238,Vo Van Thanh,2026-07-18,3616000,SUCCESS,EV-007
O-00454,C-01070,Phan Van Son,2026-06-21,1043000,SUCCESS,EV-007
O-00455,C-00522,Tran Van Hung,2026-07-04,4100000,SUCCESS,EV-003
O-00456,C-00823,Vu Van Khanh,2026-06-24,2944000,SUCCESS,EV-009
O-00457,C-00698,Le Van Minh,2026-07-07,122000,SUCCESS,EV-006
O-00458,C-01637,Dang Van Khanh,2026-07-10,644000,FAILED,EV-009
O-00459,C-00632,Tran Van Phuc,2026-07-10,1912000,SUCCESS,EV-003
O-00460,C-01908,Hoang Van Trung,2026-06-27,4881000,FAILED,EV-002
O-00461,C-00611,Nguyen Van Phuc,2026-06-22,230000,SUCCESS,EV-001
O-00462,C-01030,Vo Van Hung,2026-07-04,3942000,SUCCESS,EV-002
O-00463,C-00177,Dang Van Linh,2026-06-29,523000,SUCCESS,EV-010
O-00464,C-00101,Pham Van Linh,2026-06-26,3239000,FAILED,EV-007
O-00465,C-01334,Le Van Quang,2026-07-13,164000,SUCCESS,EV-004
O-00466,C-01182,Hoang Van Hieu,2026-06-20,2368000,SUCCESS,EV-006
O-00467,C-01407,Dang Van Linh,2026-06-30,3594000,SUCCESS,EV-009
O-00468,C-00272,Hoang Van Dung,2026-07-06,2976000,SUCCESS,EV-008
O-00469,C-00329,Dang Van Cuong,2026-07-14,4578000,SUCCESS,EV-009
O-00470,C-00924,Phan Van Nam,2026-07-06,3788000,SUCCESS,EV-006
O-00471,C-01700,Bui Van Son,2026-07-10,3115000,SUCCESS,EV-010
O-00472,C-00580,Pham Van Linh,2026-07-16,4509000,SUCCESS,EV-008
O-00473,C-00424,Hoang Van Thanh,2026-07-02,2558000,SUCCESS,EV-001
O-00474,C-01684,Le Van Cuong,2026-07-04,3160000,SUCCESS,EV-009
O-00475,C-00879,Pham Van Thanh,2026-06-23,1202000,SUCCESS,EV-010
O-00476,C-00733,Nguyen Van Minh,2026-07-04,1684000,SUCCESS,EV-004
O-00477,C-00687,Phan Van Binh,2026-07-06,1784000,FAILED,EV-003
O-00478,C-01217,Tran Van Hung,2026-07-14,2054000,SUCCESS,EV-002
O-00479,C-00691,Tran Van Trung,2026-07-18,4597000,SUCCESS,EV-003
O-00480,C-00140,Le Van Minh,2026-07-05,3368000,SUCCESS,EV-005
O-00481,C-00368,Le Van Dung,2026-07-14,3840000,SUCCESS,EV-008
O-00482,C-01422,Phan Van Binh,2026-07-10,2986000,SUCCESS,EV-007
O-00483,C-00468,Nguyen Van Cuong,2026-06-26,2204000,SUCCESS,EV-004
O-00484,C-01935,Dang Van Anh,2026-07-12,221000,SUCCESS,EV-001
O-00485,C-01396,Dang Van Hieu,2026-06-27,1159000,SUCCESS,EV-008
O-00486,C-01870,Pham Van Hieu,2026-07-06,2998000,SUCCESS,EV-008
O-00487,C-00159,Tran Van Hung,2026-07-08,3671000,SUCCESS,EV-005
O-00488,C-00031,Bui Van Cuong,2026-06-29,3258000,SUCCESS,EV-009
O-00489,C-00160,Hoang Van Khanh,2026-06-29,652000,SUCCESS,EV-004
O-00490,C-00453,Tran Van Nam,2026-06-20,685000,SUCCESS,EV-001
O-00491,C-00897,Hoang Van Minh,2026-06-22,4959000,SUCCESS,EV-007
O-00492,C-00991,Phan Van Nam,2026-06-27,2530000,SUCCESS,EV-008
O-00493,C-01941,Le Van Son,2026-06-22,4048000,SUCCESS,EV-003
O-00494,C-00826,Phan Van Nam,2026-06-24,2790000,SUCCESS,EV-004
O-00495,C-01719,Vu Van Hieu,2026-07-01,1408000,SUCCESS,EV-009
O-00496,C-00635,Hoang Van Minh,2026-07-14,2076000,SUCCESS,EV-005
O-00497,C-00214,Bui Van Trung,2026-07-14,3052000,SUCCESS,EV-006
O-00498,C-00815,Dang Van Cuong,2026-06-26,3393000,SUCCESS,EV-005
O-00499,C-01392,Nguyen Van Thanh,2026-06-20,4372000,SUCCESS,EV-004
O-00500,C-00509,Le Van Minh,2026-07-02,111000,SUCCESS,EV-003
O-00501,C-00275,Pham Van Hung,2026-06-23,3708000,SUCCESS,EV-001
O-00502,C-01224,Vu Van Trung,2026-06-24,2431000,SUCCESS,EV-005
O-00503,C-00972,Phan Van Linh,2026-07-09,3105000,FAILED,EV-001
O-00504,C-00772,Hoang Van Linh,2026-07-10,4000000,SUCCESS,EV-006
O-00505,C-00403,Tran Van Linh,2026-07-18,4447000,SUCCESS,EV-010
O-00506,C-00770,Bui Van Hieu,2026-06-28,2531000,SUCCESS,EV-009
O-00507,C-01142,Vu Van Dung,2026-07-14,4408000,SUCCESS,EV-002
O-00508,C-01776,Phan Van Linh,2026-07-09,1917000,SUCCESS,EV-002
O-00509,C-01900,Vo Van Dung,2026-07-04,2549000,SUCCESS,EV-007
O-00510,C-00932,Tran Van Phuc,2026-07-05,2044000,SUCCESS,EV-006
O-00511,C-00264,Vu Van Trung,2026-07-02,3624000,SUCCESS,EV-008
O-00512,C-00844,Pham Van Anh,2026-07-17,3137000,SUCCESS,EV-007
O-00513,C-01560,Nguyen Van Linh,2026-07-06,3491000,SUCCESS,EV-009
O-00514,C-01734,Tran Van Thanh,2026-07-14,3415000,SUCCESS,EV-002
O-00515,C-01082,Dang Van Cuong,2026-07-07,4271000,SUCCESS,EV-002
O-00516,C-01261,Dang Van Cuong,2026-07-04,3242000,SUCCESS,EV-009
O-00517,C-01120,Bui Van Binh,2026-06-30,2602000,SUCCESS,EV-010
O-00518,C-00185,Vu Van Son,2026-07-05,3563000,SUCCESS,EV-005
O-00519,C-01343,Vo Van Hieu,2026-07-03,3771000,SUCCESS,EV-004
O-00520,C-01382,Nguyen Van Dung,2026-07-08,548000,SUCCESS,EV-003
O-00521,C-01331,Hoang Van Thanh,2026-07-04,1528000,SUCCESS,EV-007
O-00522,C-00667,Le Van Anh,2026-07-02,2495000,SUCCESS,EV-008
O-00523,C-00894,Bui Van Linh,2026-06-23,4192000,SUCCESS,EV-003
O-00524,C-01049,Le Van Trung,2026-06-27,2457000,FAILED,EV-007
O-00525,C-01052,Hoang Van Khanh,2026-06-20,2932000,SUCCESS,EV-007
O-00526,C-01926,Phan Van Linh,2026-06-19,1256000,SUCCESS,EV-004
O-00527,C-01640,Vo Van Linh,2026-06-20,586000,SUCCESS,EV-008
O-00528,C-01381,Phan Van Son,2026-07-03,1257000,SUCCESS,EV-006
O-00529,C-00001,Dang Van Hung,2026-06-24,1411000,SUCCESS,EV-007
O-00530,C-01770,Phan Van Hieu,2026-07-04,4978000,SUCCESS,EV-002
O-00531,C-00592,Nguyen Van Thanh,2026-07-17,2194000,FAILED,EV-003
O-00532,C-00021,Tran Van Thanh,2026-07-17,886000,SUCCESS,EV-007
O-00533,C-00407,Pham Van Linh,2026-07-17,2562000,SUCCESS,EV-009
O-00534,C-00801,Bui Van Quang,2026-07-05,3628000,SUCCESS,EV-007
O-00535,C-01564,Phan Van Khanh,2026-07-15,2650000,SUCCESS,EV-008
O-00536,C-01715,Bui Van Nam,2026-06-24,4934000,SUCCESS,EV-004
O-00537,C-00620,Le Van Anh,2026-07-01,4077000,SUCCESS,EV-005
O-00538,C-01754,Le Van Hung,2026-07-16,4243000,SUCCESS,EV-005
O-00539,C-01620,Vo Van Anh,2026-07-10,3735000,SUCCESS,EV-002
O-00540,C-00520,Vu Van Hieu,2026-07-07,2842000,FAILED,EV-004
O-00541,C-01558,Pham Van Hieu,2026-07-08,1416000,SUCCESS,EV-006
O-00542,C-01363,Vu Van Hung,2026-07-02,1437000,SUCCESS,EV-001
O-00543,C-01629,Vu Van Minh,2026-07-14,1544000,SUCCESS,EV-010
O-00544,C-01755,Phan Van Linh,2026-07-11,386000,SUCCESS,EV-005
O-00545,C-00124,Vo Van Anh,2026-07-03,1276000,SUCCESS,EV-006
O-00546,C-00325,Pham Van Phuc,2026-06-26,2722000,SUCCESS,EV-007
O-00547,C-00981,Hoang Van Khanh,2026-06-29,2852000,SUCCESS,EV-009
O-00548,C-01634,Bui Van Minh,2026-07-01,4199000,SUCCESS,EV-005
O-00549,C-00322,Hoang Van Trung,2026-06-26,2338000,SUCCESS,EV-005
O-00550,C-01885,Vo Van Minh,2026-07-15,1357000,SUCCESS,EV-002
O-00551,C-00670,Le Van Nam,2026-07-18,747000,SUCCESS,EV-003
O-00552,C-00310,Bui Van Cuong,2026-06-29,1656000,SUCCESS,EV-006
O-00553,C-01709,Pham Van Thanh,2026-07-14,797000,SUCCESS,EV-001
O-00554,C-01975,Hoang Van Hung,2026-07-18,709000,SUCCESS,EV-008
O-00555,C-00249,Tran Van Minh,2026-06-24,4192000,SUCCESS,EV-009
O-00556,C-01152,Dang Van Phuc,2026-06-25,3949000,SUCCESS,EV-005
O-00557,C-00839,Bui Van Minh,2026-07-10,2741000,SUCCESS,EV-010
O-00558,C-01606,Vu Van Hieu,2026-06-20,4028000,SUCCESS,EV-005
O-00559,C-01207,Hoang Van Minh,2026-07-09,4397000,SUCCESS,EV-009
O-00560,C-01537,Vu Van Hung,2026-07-04,2309000,SUCCESS,EV-007
O-00561,C-01492,Vu Van Phuc,2026-07-09,3168000,SUCCESS,EV-006
O-00562,C-01460,Vu Van Anh,2026-07-14,2842000,SUCCESS,EV-007
O-00563,C-00929,Le Van Trung,2026-07-13,3536000,SUCCESS,EV-009
O-00564,C-01747,Tran Van Thanh,2026-07-15,1363000,SUCCESS,EV-010
O-00565,C-00316,Vo Van Cuong,2026-06-25,1703000,SUCCESS,EV-004
O-00566,C-00984,Le Van Hung,2026-07-05,2528000,SUCCESS,EV-010
O-00567,C-01406,Vu Van Anh,2026-07-14,4441000,FAILED,EV-005
O-00568,C-00880,Nguyen Van Binh,2026-07-16,4938000,SUCCESS,EV-006
O-00569,C-00337,Bui Van Dung,2026-07-15,553000,SUCCESS,EV-010
O-00570,C-00443,Nguyen Van Quang,2026-07-09,2302000,SUCCESS,EV-009
O-00571,C-00951,Hoang Van Son,2026-07-18,169000,SUCCESS,EV-007
O-00572,C-01936,Hoang Van Cuong,2026-06-20,1604000,SUCCESS,EV-005
O-00573,C-00358,Le Van Nam,2026-07-10,1779000,SUCCESS,EV-007
O-00574,C-00515,Dang Van Son,2026-07-04,3507000,SUCCESS,EV-010
O-00575,C-00861,Pham Van Hieu,2026-06-27,2797000,SUCCESS,EV-010
O-00576,C-01818,Tran Van Khanh,2026-07-09,4049000,SUCCESS,EV-007
O-00577,C-00554,Hoang Van Trung,2026-07-12,2931000,SUCCESS,EV-005
O-00578,C-00100,Tran Van Hieu,2026-07-06,4150000,SUCCESS,EV-007
O-00579,C-01683,Tran Van Anh,2026-07-04,921000,SUCCESS,EV-009
O-00580,C-00397,Dang Van Trung,2026-07-02,414000,SUCCESS,EV-010
O-00581,C-00982,Phan Van Dung,2026-07-14,950000,SUCCESS,EV-009
O-00582,C-01881,Bui Van Dung,2026-07-10,1405000,SUCCESS,EV-003
O-00583,C-01811,Vo Van Minh,2026-06-29,4516000,FAILED,EV-002
O-00584,C-01944,Nguyen Van Dung,2026-06-30,603000,SUCCESS,EV-010
O-00585,C-01128,Vu Van Dung,2026-07-09,301000,SUCCESS,EV-010
O-00586,C-01571,Tran Van Anh,2026-06-25,755000,SUCCESS,EV-004
O-00587,C-01491,Dang Van Quang,2026-06-29,914000,SUCCESS,EV-005
O-00588,C-00968,Bui Van Binh,2026-06-25,1064000,SUCCESS,EV-005
O-00589,C-00288,Pham Van Son,2026-06-20,1715000,SUCCESS,EV-003
O-00590,C-01331,Hoang Van Thanh,2026-06-23,4694000,SUCCESS,EV-006
O-00591,C-01528,Le Van Nam,2026-07-09,389000,SUCCESS,EV-009
O-00592,C-01460,Vu Van Anh,2026-07-16,2539000,SUCCESS,EV-002
O-00593,C-01183,Tran Van Trung,2026-06-30,1289000,FAILED,EV-010
O-00594,C-01598,Hoang Van Son,2026-06-27,2426000,FAILED,EV-008
O-00595,C-01507,Vu Van Thanh,2026-07-06,1825000,SUCCESS,EV-006
O-00596,C-00439,Pham Van Khanh,2026-07-18,3421000,SUCCESS,EV-004
O-00597,C-01619,Vo Van Khanh,2026-07-11,2721000,SUCCESS,EV-001
O-00598,C-01403,Vo Van Dung,2026-07-03,740000,SUCCESS,EV-003
O-00599,C-01604,Phan Van Hieu,2026-06-19,264000,SUCCESS,EV-005
O-00600,C-01046,Hoang Van Quang,2026-06-19,3137000,SUCCESS,EV-001
O-00601,C-00972,Phan Van Linh,2026-07-11,1441000,FAILED,EV-005
O-00602,C-00918,Pham Van Dung,2026-07-17,2508000,SUCCESS,EV-009
O-00603,C-01461,Tran Van Hieu,2026-06-26,1173000,SUCCESS,EV-001
O-00604,C-01410,Bui Van Phuc,2026-07-17,867000,SUCCESS,EV-003
O-00605,C-00293,Dang Van Hieu,2026-07-16,4181000,SUCCESS,EV-003
O-00606,C-01042,Bui Van Quang,2026-07-07,541000,SUCCESS,EV-007
O-00607,C-00262,Hoang Van Binh,2026-06-26,2413000,SUCCESS,EV-003
O-00608,C-00633,Le Van Khanh,2026-06-22,3767000,SUCCESS,EV-008
O-00609,C-00501,Tran Van Son,2026-07-10,3412000,SUCCESS,EV-003
O-00610,C-00042,Vo Van Quang,2026-07-18,2740000,SUCCESS,EV-010
O-00611,C-00264,Vu Van Trung,2026-06-21,1398000,SUCCESS,EV-009
O-00612,C-01650,Pham Van Cuong,2026-06-28,699000,SUCCESS,EV-006
O-00613,C-00702,Le Van Linh,2026-07-17,817000,SUCCESS,EV-005
O-00614,C-01045,Pham Van Hung,2026-07-14,2180000,SUCCESS,EV-006
O-00615,C-00714,Hoang Van Binh,2026-06-23,1572000,SUCCESS,EV-009
O-00616,C-00118,Tran Van Thanh,2026-07-03,1750000,SUCCESS,EV-010
O-00617,C-00870,Tran Van Quang,2026-07-07,2493000,SUCCESS,EV-003
O-00618,C-01171,Bui Van Dung,2026-07-14,1439000,SUCCESS,EV-006
O-00619,C-01454,Hoang Van Minh,2026-07-05,2660000,FAILED,EV-008
O-00620,C-00312,Vu Van Khanh,2026-07-11,1370000,SUCCESS,EV-002
O-00621,C-00585,Le Van Dung,2026-06-27,1647000,SUCCESS,EV-003
O-00622,C-00907,Le Van Hieu,2026-06-30,1955000,SUCCESS,EV-007
O-00623,C-01497,Le Van Minh,2026-07-09,2149000,SUCCESS,EV-010
O-00624,C-02000,Pham Van Binh,2026-06-24,2322000,SUCCESS,EV-001
O-00625,C-00757,Tran Van Binh,2026-07-06,4070000,SUCCESS,EV-005
O-00626,C-00441,Dang Van Thanh,2026-07-10,310000,FAILED,EV-010
O-00627,C-01082,Dang Van Cuong,2026-07-01,4917000,SUCCESS,EV-008
O-00628,C-00585,Le Van Dung,2026-07-09,2533000,SUCCESS,EV-006
O-00629,C-00651,Bui Van Cuong,2026-07-08,4230000,SUCCESS,EV-003
O-00630,C-00618,Tran Van Dung,2026-07-06,628000,SUCCESS,EV-004
O-00631,C-01629,Vu Van Minh,2026-07-11,4267000,SUCCESS,EV-010
O-00632,C-01066,Tran Van Linh,2026-07-07,4778000,SUCCESS,EV-003
O-00633,C-01503,Phan Van Hung,2026-06-24,4570000,SUCCESS,EV-008
O-00634,C-01665,Pham Van Dung,2026-07-18,4007000,SUCCESS,EV-008
O-00635,C-01572,Pham Van Quang,2026-06-21,2884000,SUCCESS,EV-009
O-00636,C-00360,Phan Van Khanh,2026-06-25,2635000,SUCCESS,EV-003
O-00637,C-01748,Pham Van Trung,2026-07-07,4465000,SUCCESS,EV-001
O-00638,C-01547,Dang Van Anh,2026-07-10,4360000,SUCCESS,EV-005
O-00639,C-00928,Hoang Van Hung,2026-07-07,1666000,FAILED,EV-006
O-00640,C-00018,Dang Van Nam,2026-07-10,1254000,SUCCESS,EV-001
O-00641,C-01288,Vo Van Linh,2026-06-30,1450000,SUCCESS,EV-010
O-00642,C-01198,Vo Van Cuong,2026-07-10,4265000,SUCCESS,EV-003
O-00643,C-00429,Vu Van Thanh,2026-06-26,2649000,SUCCESS,EV-006
O-00644,C-01975,Hoang Van Hung,2026-07-16,1931000,SUCCESS,EV-002
O-00645,C-00006,Hoang Van Khanh,2026-07-04,4214000,SUCCESS,EV-008
O-00646,C-00942,Vu Van Trung,2026-06-21,3941000,SUCCESS,EV-009
O-00647,C-00569,Dang Van Thanh,2026-07-11,3788000,SUCCESS,EV-007
O-00648,C-01295,Dang Van Linh,2026-07-07,258000,SUCCESS,EV-010
O-00649,C-01457,Le Van Thanh,2026-06-21,4177000,SUCCESS,EV-001
O-00650,C-01657,Phan Van Minh,2026-06-21,1311000,SUCCESS,EV-004
O-00651,C-01713,Nguyen Van Dung,2026-06-24,3796000,SUCCESS,EV-005
O-00652,C-00743,Bui Van Khanh,2026-06-22,1741000,SUCCESS,EV-001
O-00653,C-01876,Bui Van Nam,2026-07-10,851000,SUCCESS,EV-002
O-00654,C-01010,Vo Van Son,2026-07-07,2488000,SUCCESS,EV-002
O-00655,C-01870,Pham Van Hieu,2026-06-23,218000,SUCCESS,EV-006
O-00656,C-01453,Hoang Van Anh,2026-07-10,4546000,SUCCESS,EV-005
O-00657,C-01328,Tran Van Quang,2026-07-18,2551000,SUCCESS,EV-005
O-00658,C-00033,Vo Van Anh,2026-06-19,2621000,FAILED,EV-002
O-00659,C-00434,Hoang Van Dung,2026-06-30,1036000,SUCCESS,EV-009
O-00660,C-00307,Pham Van Khanh,2026-06-22,4471000,SUCCESS,EV-005
O-00661,C-00091,Hoang Van Quang,2026-06-24,4980000,SUCCESS,EV-004
O-00662,C-01669,Dang Van Anh,2026-07-17,4590000,SUCCESS,EV-006
O-00663,C-00998,Bui Van Trung,2026-07-15,3456000,SUCCESS,EV-009
O-00664,C-00045,Phan Van Quang,2026-07-01,1669000,SUCCESS,EV-003
O-00665,C-01232,Tran Van Cuong,2026-06-26,837000,SUCCESS,EV-008
O-00666,C-01749,Tran Van Khanh,2026-06-29,4407000,SUCCESS,EV-001
O-00667,C-01781,Phan Van Quang,2026-07-16,2114000,SUCCESS,EV-004
O-00668,C-00384,Vu Van Khanh,2026-07-06,1361000,SUCCESS,EV-004
O-00669,C-01397,Vu Van Minh,2026-07-05,4181000,SUCCESS,EV-007
O-00670,C-00297,Dang Van Thanh,2026-07-04,1883000,SUCCESS,EV-004
O-00671,C-01445,Phan Van Minh,2026-07-18,184000,SUCCESS,EV-005
O-00672,C-01506,Vu Van Cuong,2026-06-22,2627000,FAILED,EV-006
O-00673,C-01519,Vo Van Binh,2026-07-16,3571000,SUCCESS,EV-008
O-00674,C-01397,Vu Van Minh,2026-06-29,4717000,SUCCESS,EV-005
O-00675,C-01242,Nguyen Van Linh,2026-07-13,4882000,SUCCESS,EV-007
O-00676,C-00699,Dang Van Binh,2026-07-04,1539000,SUCCESS,EV-005
O-00677,C-01446,Bui Van Quang,2026-07-06,939000,SUCCESS,EV-001
O-00678,C-01485,Tran Van Thanh,2026-07-17,344000,SUCCESS,EV-006
O-00679,C-01995,Vu Van Linh,2026-06-26,2993000,SUCCESS,EV-006
O-00680,C-01312,Dang Van Nam,2026-07-04,4208000,SUCCESS,EV-009
O-00681,C-01327,Bui Van Binh,2026-06-30,3292000,SUCCESS,EV-007
O-00682,C-00551,Pham Van Trung,2026-07-05,1238000,SUCCESS,EV-010
O-00683,C-00264,Vu Van Trung,2026-06-24,3970000,FAILED,EV-007
O-00684,C-00414,Hoang Van Minh,2026-06-23,4117000,SUCCESS,EV-008
O-00685,C-00490,Nguyen Van Minh,2026-07-07,714000,SUCCESS,EV-006
O-00686,C-01347,Pham Van Phuc,2026-06-30,3497000,SUCCESS,EV-006
O-00687,C-01955,Phan Van Hung,2026-07-05,2495000,SUCCESS,EV-001
O-00688,C-00773,Phan Van Hieu,2026-07-11,2754000,SUCCESS,EV-009
O-00689,C-00301,Hoang Van Khanh,2026-06-21,2290000,SUCCESS,EV-003
O-00690,C-01013,Dang Van Thanh,2026-06-22,521000,SUCCESS,EV-005
O-00691,C-01935,Dang Van Anh,2026-06-21,1004000,SUCCESS,EV-005
O-00692,C-00477,Nguyen Van Son,2026-06-22,2923000,SUCCESS,EV-006
O-00693,C-01504,Pham Van Anh,2026-07-17,2483000,SUCCESS,EV-007
O-00694,C-00545,Hoang Van Khanh,2026-07-16,3138000,SUCCESS,EV-008
O-00695,C-01920,Tran Van Son,2026-07-02,3805000,SUCCESS,EV-002
O-00696,C-00641,Nguyen Van Minh,2026-06-29,323000,SUCCESS,EV-010
O-00697,C-00191,Hoang Van Hung,2026-07-18,4522000,SUCCESS,EV-006
O-00698,C-01939,Phan Van Quang,2026-07-10,3809000,FAILED,EV-005
O-00699,C-01598,Hoang Van Son,2026-06-21,3501000,SUCCESS,EV-004
O-00700,C-01494,Tran Van Son,2026-07-11,1201000,SUCCESS,EV-004
O-00701,C-00288,Pham Van Son,2026-07-04,3328000,SUCCESS,EV-001
O-00702,C-01154,Phan Van Linh,2026-06-24,4144000,FAILED,EV-006
O-00703,C-00672,Vu Van Hieu,2026-06-27,1083000,SUCCESS,EV-008
O-00704,C-00560,Vo Van Hung,2026-06-26,2648000,SUCCESS,EV-002
O-00705,C-01635,Le Van Phuc,2026-07-05,1814000,FAILED,EV-008
O-00706,C-00322,Hoang Van Trung,2026-07-04,599000,SUCCESS,EV-008
O-00707,C-01752,Hoang Van Nam,2026-06-29,3300000,SUCCESS,EV-007
O-00708,C-01687,Bui Van Hung,2026-07-18,1527000,SUCCESS,EV-004
O-00709,C-00927,Vu Van Dung,2026-06-28,1837000,SUCCESS,EV-006
O-00710,C-01013,Dang Van Thanh,2026-07-09,2270000,SUCCESS,EV-007
O-00711,C-01868,Pham Van Hung,2026-07-02,1454000,SUCCESS,EV-007
O-00712,C-00472,Nguyen Van Trung,2026-07-07,1019000,SUCCESS,EV-006
O-00713,C-01723,Bui Van Cuong,2026-06-22,2911000,SUCCESS,EV-006
O-00714,C-01273,Bui Van Nam,2026-06-23,1861000,SUCCESS,EV-006
O-00715,C-00211,Vu Van Minh,2026-07-12,2394000,SUCCESS,EV-010
O-00716,C-00260,Vu Van Minh,2026-07-16,3048000,SUCCESS,EV-002
O-00717,C-00534,Vu Van Dung,2026-06-26,2263000,SUCCESS,EV-001
O-00718,C-01151,Phan Van Minh,2026-07-14,1024000,SUCCESS,EV-008
O-00719,C-00524,Vo Van Dung,2026-07-06,4853000,SUCCESS,EV-004
O-00720,C-00168,Tran Van Cuong,2026-07-03,617000,SUCCESS,EV-004
O-00721,C-01233,Hoang Van Hieu,2026-07-11,3005000,FAILED,EV-007
O-00722,C-00595,Nguyen Van Khanh,2026-07-01,2061000,SUCCESS,EV-004
O-00723,C-00224,Dang Van Minh,2026-07-09,4324000,SUCCESS,EV-007
O-00724,C-00283,Bui Van Khanh,2026-07-08,988000,SUCCESS,EV-006
O-00725,C-01348,Bui Van Binh,2026-06-20,3871000,SUCCESS,EV-006
O-00726,C-01261,Dang Van Cuong,2026-06-24,4897000,SUCCESS,EV-002
O-00727,C-01640,Vo Van Linh,2026-06-19,2080000,SUCCESS,EV-004
O-00728,C-01843,Hoang Van Hieu,2026-07-01,2530000,SUCCESS,EV-009
O-00729,C-00003,Pham Van Linh,2026-06-29,1382000,SUCCESS,EV-003
O-00730,C-01691,Tran Van Minh,2026-07-15,814000,SUCCESS,EV-001
O-00731,C-01921,Hoang Van Trung,2026-07-10,3744000,SUCCESS,EV-009
O-00732,C-00749,Hoang Van Hieu,2026-07-14,3114000,SUCCESS,EV-005
O-00733,C-00089,Dang Van Dung,2026-06-21,2928000,SUCCESS,EV-004
O-00734,C-00745,Hoang Van Quang,2026-06-24,4882000,SUCCESS,EV-010
O-00735,C-01983,Tran Van Hieu,2026-06-21,1316000,SUCCESS,EV-005
O-00736,C-01850,Vu Van Binh,2026-06-30,1882000,SUCCESS,EV-004
O-00737,C-00628,Vo Van Trung,2026-07-03,2180000,SUCCESS,EV-001
O-00738,C-01318,Phan Van Linh,2026-07-10,3834000,SUCCESS,EV-003
O-00739,C-01433,Dang Van Cuong,2026-07-11,372000,SUCCESS,EV-007
O-00740,C-01209,Pham Van Thanh,2026-06-22,2980000,SUCCESS,EV-004
O-00741,C-01236,Phan Van Khanh,2026-06-24,457000,SUCCESS,EV-003
O-00742,C-00972,Phan Van Linh,2026-07-11,531000,SUCCESS,EV-010
O-00743,C-00235,Dang Van Phuc,2026-07-10,4979000,SUCCESS,EV-004
O-00744,C-00314,Hoang Van Phuc,2026-06-23,3746000,FAILED,EV-001
O-00745,C-00966,Hoang Van Son,2026-06-28,196000,FAILED,EV-004
O-00746,C-00868,Le Van Binh,2026-06-21,4398000,SUCCESS,EV-002
O-00747,C-01948,Phan Van Cuong,2026-07-13,3669000,SUCCESS,EV-008
O-00748,C-01625,Tran Van Quang,2026-07-12,2681000,SUCCESS,EV-006
O-00749,C-00622,Bui Van Khanh,2026-06-24,2202000,SUCCESS,EV-003
O-00750,C-01512,Nguyen Van Cuong,2026-06-22,4959000,SUCCESS,EV-002
O-00751,C-01360,Nguyen Van Minh,2026-06-23,3763000,SUCCESS,EV-004
O-00752,C-01456,Pham Van Nam,2026-06-21,3327000,SUCCESS,EV-007
O-00753,C-01873,Pham Van Hung,2026-07-08,4743000,SUCCESS,EV-010
O-00754,C-01095,Le Van Binh,2026-07-06,2798000,SUCCESS,EV-007
O-00755,C-01876,Bui Van Nam,2026-07-14,132000,SUCCESS,EV-003
O-00756,C-01571,Tran Van Anh,2026-06-28,4748000,SUCCESS,EV-003
O-00757,C-00534,Vu Van Dung,2026-06-24,2500000,SUCCESS,EV-001
O-00758,C-01311,Pham Van Trung,2026-06-25,1404000,SUCCESS,EV-002
O-00759,C-00653,Nguyen Van Khanh,2026-06-29,1281000,SUCCESS,EV-009
O-00760,C-01014,Vo Van Phuc,2026-06-20,4285000,SUCCESS,EV-009
O-00761,C-00174,Dang Van Hung,2026-07-10,3621000,SUCCESS,EV-001
O-00762,C-01377,Vu Van Phuc,2026-07-14,4958000,SUCCESS,EV-003
O-00763,C-00740,Nguyen Van Trung,2026-06-28,406000,SUCCESS,EV-001
O-00764,C-00284,Vo Van Hung,2026-06-20,1121000,SUCCESS,EV-010
O-00765,C-00822,Nguyen Van Hieu,2026-07-01,1222000,FAILED,EV-008
O-00766,C-00629,Phan Van Khanh,2026-07-08,167000,SUCCESS,EV-005
O-00767,C-01972,Pham Van Dung,2026-06-26,4171000,SUCCESS,EV-003
O-00768,C-00721,Dang Van Thanh,2026-07-16,189000,SUCCESS,EV-006
O-00769,C-01045,Pham Van Hung,2026-07-09,1309000,SUCCESS,EV-010
O-00770,C-00650,Hoang Van Minh,2026-06-19,1860000,SUCCESS,EV-006
O-00771,C-00614,Nguyen Van Khanh,2026-07-15,2745000,SUCCESS,EV-010
O-00772,C-01153,Bui Van Phuc,2026-07-14,3745000,SUCCESS,EV-006
O-00773,C-01249,Le Van Hung,2026-07-05,2303000,SUCCESS,EV-003
O-00774,C-01473,Hoang Van Hung,2026-06-20,1587000,SUCCESS,EV-006
O-00775,C-01299,Hoang Van Nam,2026-06-29,4283000,SUCCESS,EV-008
O-00776,C-01076,Phan Van Nam,2026-07-02,3271000,FAILED,EV-010
O-00777,C-00173,Dang Van Linh,2026-07-13,1853000,SUCCESS,EV-009
O-00778,C-00094,Le Van Quang,2026-06-23,1679000,SUCCESS,EV-008
O-00779,C-01553,Pham Van Thanh,2026-07-12,946000,SUCCESS,EV-003
O-00780,C-00102,Dang Van Hieu,2026-07-13,3624000,SUCCESS,EV-008
O-00781,C-01565,Phan Van Hung,2026-06-20,1843000,SUCCESS,EV-004
O-00782,C-01479,Le Van Binh,2026-06-25,3614000,SUCCESS,EV-005
O-00783,C-00554,Hoang Van Trung,2026-06-28,4661000,SUCCESS,EV-006
O-00784,C-01939,Phan Van Quang,2026-07-01,4884000,SUCCESS,EV-007
O-00785,C-01268,Hoang Van Dung,2026-07-15,2918000,FAILED,EV-007
O-00786,C-00849,Le Van Cuong,2026-07-15,263000,SUCCESS,EV-009
O-00787,C-01773,Le Van Anh,2026-07-12,1069000,FAILED,EV-009
O-00788,C-00109,Hoang Van Dung,2026-06-28,1428000,SUCCESS,EV-003
O-00789,C-00978,Tran Van Hung,2026-07-18,4757000,FAILED,EV-009
O-00790,C-00210,Dang Van Quang,2026-07-17,2815000,SUCCESS,EV-003
O-00791,C-00717,Tran Van Khanh,2026-06-21,564000,SUCCESS,EV-009
O-00792,C-01731,Bui Van Thanh,2026-06-28,1844000,FAILED,EV-001
O-00793,C-00102,Dang Van Hieu,2026-07-01,4734000,SUCCESS,EV-006
O-00794,C-00201,Vu Van Anh,2026-07-09,3803000,SUCCESS,EV-005
O-00795,C-01855,Pham Van Thanh,2026-07-04,3570000,SUCCESS,EV-007
O-00796,C-01380,Vu Van Khanh,2026-06-25,3436000,FAILED,EV-007
O-00797,C-00146,Bui Van Son,2026-06-27,3872000,SUCCESS,EV-007
O-00798,C-01844,Bui Van Anh,2026-07-02,2252000,SUCCESS,EV-007
O-00799,C-01948,Phan Van Cuong,2026-07-09,1066000,SUCCESS,EV-004
O-00800,C-01253,Vo Van Linh,2026-07-05,3493000,SUCCESS,EV-010
O-00801,C-00167,Bui Van Thanh,2026-07-08,1187000,SUCCESS,EV-003
O-00802,C-01206,Tran Van Quang,2026-07-05,813000,SUCCESS,EV-001
O-00803,C-00718,Vu Van Thanh,2026-07-12,4365000,SUCCESS,EV-006
O-00804,C-00445,Bui Van Son,2026-07-12,1208000,SUCCESS,EV-004
O-00805,C-01080,Dang Van Binh,2026-06-22,2307000,SUCCESS,EV-008
O-00806,C-01403,Vo Van Dung,2026-06-22,739000,SUCCESS,EV-002
O-00807,C-00680,Hoang Van Minh,2026-06-23,2083000,SUCCESS,EV-006
O-00808,C-01423,Bui Van Cuong,2026-07-10,1539000,SUCCESS,EV-002
O-00809,C-01406,Vu Van Anh,2026-07-18,175000,SUCCESS,EV-007
O-00810,C-01815,Vo Van Binh,2026-06-30,2504000,SUCCESS,EV-010
O-00811,C-00172,Vo Van Trung,2026-06-30,4913000,SUCCESS,EV-007
O-00812,C-01511,Hoang Van Anh,2026-06-22,1390000,SUCCESS,EV-001
O-00813,C-01199,Hoang Van Thanh,2026-06-20,2725000,SUCCESS,EV-008
O-00814,C-00831,Dang Van Dung,2026-07-06,4457000,SUCCESS,EV-009
O-00815,C-00153,Dang Van Son,2026-07-05,3139000,SUCCESS,EV-007
O-00816,C-00458,Pham Van Quang,2026-07-03,2337000,SUCCESS,EV-004
O-00817,C-01086,Le Van Phuc,2026-06-28,1608000,SUCCESS,EV-008
O-00818,C-01236,Phan Van Khanh,2026-07-16,1830000,SUCCESS,EV-006
O-00819,C-01119,Tran Van Anh,2026-07-15,2701000,SUCCESS,EV-001
O-00820,C-01551,Nguyen Van Nam,2026-07-04,1418000,SUCCESS,EV-009
O-00821,C-01647,Nguyen Van Khanh,2026-07-11,3238000,FAILED,EV-010
O-00822,C-00859,Dang Van Khanh,2026-06-29,4622000,SUCCESS,EV-009
O-00823,C-01744,Hoang Van Khanh,2026-07-11,1626000,SUCCESS,EV-005
O-00824,C-00569,Dang Van Thanh,2026-07-10,1447000,SUCCESS,EV-008
O-00825,C-00484,Vu Van Nam,2026-07-14,3279000,SUCCESS,EV-006
O-00826,C-01241,Nguyen Van Nam,2026-06-26,1843000,SUCCESS,EV-008
O-00827,C-01087,Nguyen Van Khanh,2026-06-22,3963000,SUCCESS,EV-006
O-00828,C-01097,Hoang Van Cuong,2026-07-03,4619000,SUCCESS,EV-001
O-00829,C-01839,Bui Van Khanh,2026-06-30,278000,SUCCESS,EV-009
O-00830,C-01773,Le Van Anh,2026-07-06,4139000,FAILED,EV-010
O-00831,C-00518,Le Van Son,2026-06-29,2415000,SUCCESS,EV-008
O-00832,C-01849,Le Van Thanh,2026-06-19,2064000,SUCCESS,EV-007
O-00833,C-00369,Vo Van Anh,2026-06-22,2033000,SUCCESS,EV-005
O-00834,C-01602,Tran Van Quang,2026-07-17,3396000,SUCCESS,EV-006
O-00835,C-01386,Vo Van Khanh,2026-07-05,410000,FAILED,EV-001
O-00836,C-01877,Phan Van Anh,2026-06-27,2560000,SUCCESS,EV-007
O-00837,C-00794,Hoang Van Trung,2026-06-30,272000,SUCCESS,EV-002
O-00838,C-01432,Bui Van Trung,2026-07-15,3934000,SUCCESS,EV-010
O-00839,C-00859,Dang Van Khanh,2026-07-17,4610000,SUCCESS,EV-006
O-00840,C-00123,Tran Van Dung,2026-07-10,2609000,SUCCESS,EV-007
O-00841,C-00367,Phan Van Cuong,2026-06-25,1570000,SUCCESS,EV-002
O-00842,C-01402,Hoang Van Son,2026-06-28,4941000,SUCCESS,EV-008
O-00843,C-01128,Vu Van Dung,2026-07-08,2340000,SUCCESS,EV-002
O-00844,C-00496,Pham Van Cuong,2026-06-28,2000000,SUCCESS,EV-006
O-00845,C-01457,Le Van Thanh,2026-07-07,4985000,SUCCESS,EV-010
O-00846,C-01021,Nguyen Van Thanh,2026-07-08,4962000,SUCCESS,EV-001
O-00847,C-00004,Hoang Van Son,2026-07-16,3748000,SUCCESS,EV-001
O-00848,C-00926,Le Van Trung,2026-07-14,2337000,FAILED,EV-004
O-00849,C-00278,Vo Van Hieu,2026-07-11,1230000,SUCCESS,EV-006
O-00850,C-01052,Hoang Van Khanh,2026-07-14,1012000,SUCCESS,EV-005
O-00851,C-01183,Tran Van Trung,2026-07-03,716000,SUCCESS,EV-009
O-00852,C-01921,Hoang Van Trung,2026-06-23,2653000,SUCCESS,EV-002
O-00853,C-00417,Phan Van Quang,2026-07-08,1336000,SUCCESS,EV-010
O-00854,C-00742,Tran Van Cuong,2026-07-06,970000,SUCCESS,EV-010
O-00855,C-00477,Nguyen Van Son,2026-06-23,3911000,SUCCESS,EV-005
O-00856,C-00789,Vu Van Thanh,2026-07-11,2397000,SUCCESS,EV-001
O-00857,C-00229,Phan Van Nam,2026-07-04,3948000,FAILED,EV-009
O-00858,C-00200,Le Van Hieu,2026-06-27,2203000,SUCCESS,EV-008
O-00859,C-00913,Tran Van Dung,2026-06-26,1741000,SUCCESS,EV-007
O-00860,C-01444,Phan Van Quang,2026-07-14,2488000,SUCCESS,EV-003
O-00861,C-00765,Vo Van Anh,2026-06-30,160000,FAILED,EV-008
O-00862,C-00283,Bui Van Khanh,2026-07-14,1449000,FAILED,EV-003
O-00863,C-01623,Hoang Van Minh,2026-06-27,2457000,SUCCESS,EV-006
O-00864,C-01910,Nguyen Van Nam,2026-06-27,308000,SUCCESS,EV-004
O-00865,C-00225,Dang Van Hieu,2026-06-30,2087000,SUCCESS,EV-010
O-00866,C-00085,Nguyen Van Minh,2026-06-22,2623000,SUCCESS,EV-004
O-00867,C-01496,Pham Van Cuong,2026-06-22,4283000,SUCCESS,EV-001
O-00868,C-01215,Pham Van Phuc,2026-07-08,180000,SUCCESS,EV-002
O-00869,C-01655,Vu Van Khanh,2026-06-19,751000,SUCCESS,EV-005
O-00870,C-01028,Pham Van Khanh,2026-07-01,1776000,SUCCESS,EV-004
O-00871,C-01368,Dang Van Binh,2026-07-05,2421000,SUCCESS,EV-010
O-00872,C-01653,Pham Van Khanh,2026-06-19,3892000,FAILED,EV-002
O-00873,C-00355,Pham Van Hung,2026-07-15,1744000,SUCCESS,EV-003
O-00874,C-00734,Vu Van Thanh,2026-07-12,4635000,SUCCESS,EV-001
O-00875,C-00998,Bui Van Trung,2026-06-24,959000,SUCCESS,EV-007
O-00876,C-00845,Le Van Hung,2026-07-13,4036000,SUCCESS,EV-003
O-00877,C-01078,Dang Van Dung,2026-06-23,3988000,SUCCESS,EV-010
O-00878,C-00939,Le Van Son,2026-07-01,2318000,SUCCESS,EV-004
O-00879,C-00275,Pham Van Hung,2026-06-28,4184000,SUCCESS,EV-009
O-00880,C-00362,Hoang Van Son,2026-07-16,1064000,SUCCESS,EV-010
O-00881,C-00040,Vo Van Hieu,2026-06-28,2835000,SUCCESS,EV-005
O-00882,C-01956,Bui Van Thanh,2026-06-30,3884000,SUCCESS,EV-003
O-00883,C-01471,Tran Van Quang,2026-07-11,4334000,SUCCESS,EV-002
O-00884,C-00326,Nguyen Van Hieu,2026-06-26,1181000,FAILED,EV-007
O-00885,C-00705,Hoang Van Minh,2026-07-18,2767000,SUCCESS,EV-008
O-00886,C-00733,Nguyen Van Minh,2026-06-20,3539000,SUCCESS,EV-006
O-00887,C-01639,Vu Van Anh,2026-07-02,2928000,SUCCESS,EV-001
O-00888,C-01986,Tran Van Nam,2026-07-05,852000,SUCCESS,EV-010
O-00889,C-01255,Bui Van Thanh,2026-07-13,4796000,SUCCESS,EV-008
O-00890,C-01210,Vo Van Phuc,2026-07-16,3373000,SUCCESS,EV-010
O-00891,C-01422,Phan Van Binh,2026-07-10,744000,SUCCESS,EV-005
O-00892,C-00639,Hoang Van Linh,2026-06-21,4226000,SUCCESS,EV-009
O-00893,C-00095,Dang Van Hung,2026-07-01,1081000,SUCCESS,EV-001
O-00894,C-00691,Tran Van Trung,2026-06-22,2094000,SUCCESS,EV-006
O-00895,C-01643,Le Van Son,2026-07-17,3602000,SUCCESS,EV-005
O-00896,C-00281,Tran Van Anh,2026-07-10,2137000,SUCCESS,EV-004
O-00897,C-00430,Le Van Linh,2026-06-21,920000,SUCCESS,EV-006
O-00898,C-01240,Bui Van Hieu,2026-06-22,715000,SUCCESS,EV-010
O-00899,C-01903,Pham Van Dung,2026-07-12,4960000,SUCCESS,EV-009
O-00900,C-00414,Hoang Van Minh,2026-07-09,4564000,SUCCESS,EV-001
O-00901,C-01959,Le Van Binh,2026-06-28,2807000,SUCCESS,EV-010
O-00902,C-00837,Pham Van Nam,2026-07-10,338000,SUCCESS,EV-002
O-00903,C-01538,Vo Van Phuc,2026-06-21,2236000,FAILED,EV-009
O-00904,C-00772,Hoang Van Linh,2026-07-08,4431000,SUCCESS,EV-010
O-00905,C-01517,Nguyen Van Minh,2026-06-29,2660000,SUCCESS,EV-002
O-00906,C-01547,Dang Van Anh,2026-07-02,1222000,SUCCESS,EV-010
O-00907,C-01345,Phan Van Trung,2026-07-06,1337000,SUCCESS,EV-001
O-00908,C-00318,Vo Van Son,2026-06-21,3039000,FAILED,EV-009
O-00909,C-01051,Le Van Trung,2026-07-13,4544000,SUCCESS,EV-005
O-00910,C-00958,Bui Van Nam,2026-06-21,482000,SUCCESS,EV-006
O-00911,C-00017,Vu Van Anh,2026-07-16,2693000,SUCCESS,EV-002
O-00912,C-01468,Le Van Cuong,2026-07-17,3907000,SUCCESS,EV-007
O-00913,C-01749,Tran Van Khanh,2026-07-07,415000,SUCCESS,EV-006
O-00914,C-00067,Tran Van Binh,2026-06-21,361000,SUCCESS,EV-010
O-00915,C-00663,Vo Van Phuc,2026-07-05,4175000,SUCCESS,EV-003
O-00916,C-00955,Dang Van Khanh,2026-07-11,1760000,SUCCESS,EV-006
O-00917,C-00005,Phan Van Hung,2026-06-29,3312000,SUCCESS,EV-002
O-00918,C-00063,Vu Van Thanh,2026-06-29,4448000,SUCCESS,EV-002
O-00919,C-01126,Vu Van Cuong,2026-06-23,175000,SUCCESS,EV-007
O-00920,C-00841,Tran Van Anh,2026-06-20,1906000,SUCCESS,EV-002
O-00921,C-00003,Pham Van Linh,2026-07-07,1871000,SUCCESS,EV-008
O-00922,C-01869,Pham Van Hung,2026-07-03,3437000,SUCCESS,EV-008
O-00923,C-01331,Hoang Van Thanh,2026-07-04,4876000,SUCCESS,EV-003
O-00924,C-01830,Tran Van Thanh,2026-07-04,520000,SUCCESS,EV-005
O-00925,C-00963,Hoang Van Khanh,2026-07-01,4343000,SUCCESS,EV-007
O-00926,C-00624,Vo Van Khanh,2026-07-15,4513000,SUCCESS,EV-001
O-00927,C-01316,Phan Van Phuc,2026-07-04,3391000,SUCCESS,EV-009
O-00928,C-01536,Dang Van Son,2026-06-23,3617000,SUCCESS,EV-009
O-00929,C-01104,Nguyen Van Quang,2026-07-14,2964000,SUCCESS,EV-007
O-00930,C-01689,Tran Van Hieu,2026-07-14,3430000,SUCCESS,EV-001
O-00931,C-00259,Phan Van Phuc,2026-06-20,3677000,SUCCESS,EV-006
O-00932,C-00412,Vu Van Phuc,2026-07-07,520000,SUCCESS,EV-005
O-00933,C-01417,Le Van Phuc,2026-07-01,2873000,SUCCESS,EV-009
O-00934,C-00170,Vu Van Hung,2026-07-17,872000,SUCCESS,EV-006
O-00935,C-01777,Dang Van Linh,2026-07-05,786000,FAILED,EV-006
O-00936,C-01260,Dang Van Trung,2026-06-20,4003000,SUCCESS,EV-005
O-00937,C-01996,Vu Van Phuc,2026-06-30,4689000,SUCCESS,EV-007
O-00938,C-00612,Nguyen Van Khanh,2026-06-20,4341000,SUCCESS,EV-002
O-00939,C-00333,Nguyen Van Phuc,2026-07-17,2981000,SUCCESS,EV-007
O-00940,C-00121,Pham Van Son,2026-06-23,3587000,SUCCESS,EV-002
O-00941,C-00381,Vu Van Son,2026-06-21,1563000,SUCCESS,EV-005
O-00942,C-01960,Dang Van Hung,2026-07-04,4587000,SUCCESS,EV-006
O-00943,C-00092,Vo Van Nam,2026-07-16,1527000,SUCCESS,EV-008
O-00944,C-00470,Vo Van Linh,2026-07-17,4233000,SUCCESS,EV-009
O-00945,C-00987,Tran Van Dung,2026-06-21,2013000,SUCCESS,EV-010
O-00946,C-00495,Dang Van Trung,2026-06-26,2388000,SUCCESS,EV-004
O-00947,C-01876,Bui Van Nam,2026-07-13,1318000,SUCCESS,EV-004
O-00948,C-01012,Le Van Hieu,2026-07-01,3612000,SUCCESS,EV-006
O-00949,C-01413,Nguyen Van Khanh,2026-06-23,1919000,SUCCESS,EV-010
O-00950,C-01058,Dang Van Linh,2026-07-13,3034000,SUCCESS,EV-008
O-00951,C-00101,Pham Van Linh,2026-07-15,366000,SUCCESS,EV-001
O-00952,C-01484,Vo Van Khanh,2026-06-24,4621000,SUCCESS,EV-009
O-00953,C-01273,Bui Van Nam,2026-07-13,264000,SUCCESS,EV-004
O-00954,C-01886,Tran Van Hung,2026-06-19,3917000,SUCCESS,EV-005
O-00955,C-00076,Bui Van Binh,2026-07-01,2090000,FAILED,EV-009
O-00956,C-00547,Nguyen Van Anh,2026-06-21,3567000,SUCCESS,EV-006
O-00957,C-00473,Pham Van Nam,2026-07-13,541000,SUCCESS,EV-002
O-00958,C-01874,Nguyen Van Thanh,2026-07-14,2193000,SUCCESS,EV-004
O-00959,C-00985,Vo Van Hieu,2026-07-05,3864000,SUCCESS,EV-003
O-00960,C-00215,Le Van Nam,2026-07-12,3465000,SUCCESS,EV-006
O-00961,C-00698,Le Van Minh,2026-07-04,2980000,SUCCESS,EV-003
O-00962,C-01199,Hoang Van Thanh,2026-06-22,4733000,SUCCESS,EV-010
O-00963,C-01863,Vo Van Dung,2026-07-11,4888000,SUCCESS,EV-008
O-00964,C-01752,Hoang Van Nam,2026-06-29,996000,SUCCESS,EV-001
O-00965,C-00927,Vu Van Dung,2026-07-04,4358000,SUCCESS,EV-007
O-00966,C-01049,Le Van Trung,2026-07-14,2689000,SUCCESS,EV-010
O-00967,C-01049,Le Van Trung,2026-07-03,2955000,SUCCESS,EV-005
O-00968,C-01342,Pham Van Dung,2026-07-18,2255000,SUCCESS,EV-009
O-00969,C-01328,Tran Van Quang,2026-07-09,4612000,SUCCESS,EV-004
O-00970,C-00503,Pham Van Thanh,2026-07-14,1649000,SUCCESS,EV-001
O-00971,C-00179,Hoang Van Anh,2026-07-05,4240000,SUCCESS,EV-005
O-00972,C-00381,Vu Van Son,2026-06-19,2393000,SUCCESS,EV-002
O-00973,C-00996,Tran Van Dung,2026-07-07,3557000,SUCCESS,EV-005
O-00974,C-01653,Pham Van Khanh,2026-07-16,4351000,SUCCESS,EV-010
O-00975,C-00668,Nguyen Van Phuc,2026-07-02,398000,SUCCESS,EV-010
O-00976,C-01126,Vu Van Cuong,2026-07-17,3192000,SUCCESS,EV-004
O-00977,C-00235,Dang Van Phuc,2026-07-04,2409000,SUCCESS,EV-006
O-00978,C-01730,Dang Van Hieu,2026-06-20,1307000,SUCCESS,EV-010
O-00979,C-00998,Bui Van Trung,2026-07-17,4880000,SUCCESS,EV-010
O-00980,C-01886,Tran Van Hung,2026-07-13,2273000,SUCCESS,EV-006
O-00981,C-00434,Hoang Van Dung,2026-07-04,4880000,SUCCESS,EV-010
O-00982,C-00332,Hoang Van Binh,2026-06-29,3796000,SUCCESS,EV-004
O-00983,C-01749,Tran Van Khanh,2026-06-25,3023000,SUCCESS,EV-005
O-00984,C-01107,Dang Van Linh,2026-07-14,140000,SUCCESS,EV-008
O-00985,C-00269,Hoang Van Minh,2026-06-25,4927000,SUCCESS,EV-009
O-00986,C-01429,Vo Van Trung,2026-06-29,2822000,SUCCESS,EV-005
O-00987,C-01157,Pham Van Quang,2026-07-15,3796000,SUCCESS,EV-001
O-00988,C-00790,Tran Van Phuc,2026-06-25,3685000,SUCCESS,EV-009
O-00989,C-00242,Pham Van Binh,2026-07-09,153000,SUCCESS,EV-010
O-00990,C-01746,Tran Van Hung,2026-07-03,440000,SUCCESS,EV-009
O-00991,C-01650,Pham Van Cuong,2026-07-07,3704000,FAILED,EV-001
O-00992,C-01589,Tran Van Trung,2026-06-23,2725000,SUCCESS,EV-010
O-00993,C-01747,Tran Van Thanh,2026-06-22,1178000,SUCCESS,EV-005
O-00994,C-00151,Vo Van Phuc,2026-07-03,2710000,SUCCESS,EV-003
O-00995,C-01457,Le Van Thanh,2026-07-01,3000000,SUCCESS,EV-003
O-00996,C-00334,Nguyen Van Linh,2026-06-26,316000,FAILED,EV-002
O-00997,C-01899,Pham Van Hung,2026-07-06,2399000,SUCCESS,EV-001
O-00998,C-01608,Hoang Van Quang,2026-07-08,1628000,SUCCESS,EV-010
O-00999,C-01754,Le Van Hung,2026-06-22,4798000,SUCCESS,EV-009
O-01000,C-00849,Le Van Cuong,2026-06-25,3853000,SUCCESS,EV-002
O-01001,C-00898,Nguyen Van Thanh,2026-07-14,2736000,SUCCESS,EV-008
O-01002,C-00728,Le Van Phuc,2026-07-06,1181000,FAILED,EV-009
O-01003,C-00692,Bui Van Anh,2026-06-28,1858000,SUCCESS,EV-002
O-01004,C-00014,Vo Van Khanh,2026-07-09,2985000,FAILED,EV-002
O-01005,C-01866,Hoang Van Nam,2026-06-25,4250000,SUCCESS,EV-003
O-01006,C-00631,Pham Van Linh,2026-06-28,578000,SUCCESS,EV-004
O-01007,C-01860,Le Van Son,2026-06-27,4660000,SUCCESS,EV-003
O-01008,C-00620,Le Van Anh,2026-07-07,3740000,SUCCESS,EV-004
O-01009,C-00995,Tran Van Cuong,2026-07-10,541000,SUCCESS,EV-008
O-01010,C-01812,Phan Van Thanh,2026-06-24,3650000,SUCCESS,EV-007
O-01011,C-01142,Vu Van Dung,2026-07-11,4915000,FAILED,EV-008
O-01012,C-00375,Bui Van Cuong,2026-07-17,3663000,SUCCESS,EV-010
O-01013,C-00946,Dang Van Binh,2026-07-16,3157000,SUCCESS,EV-009
O-01014,C-00609,Dang Van Khanh,2026-07-13,856000,SUCCESS,EV-002
O-01015,C-00132,Vu Van Binh,2026-07-06,4369000,SUCCESS,EV-005
O-01016,C-00395,Hoang Van Phuc,2026-07-08,3353000,SUCCESS,EV-004
O-01017,C-01961,Dang Van Cuong,2026-07-02,2814000,SUCCESS,EV-003
O-01018,C-01370,Tran Van Khanh,2026-07-17,3162000,SUCCESS,EV-009
O-01019,C-01214,Nguyen Van Quang,2026-07-15,3981000,SUCCESS,EV-005
O-01020,C-01421,Hoang Van Thanh,2026-07-07,4836000,SUCCESS,EV-001
O-01021,C-00508,Phan Van Minh,2026-07-04,4222000,SUCCESS,EV-001
O-01022,C-01573,Bui Van Trung,2026-06-28,1348000,SUCCESS,EV-004
O-01023,C-00330,Bui Van Hieu,2026-07-05,3399000,SUCCESS,EV-009
O-01024,C-00206,Dang Van Phuc,2026-06-21,3705000,SUCCESS,EV-002
O-01025,C-00310,Bui Van Cuong,2026-07-16,3772000,SUCCESS,EV-002
O-01026,C-01149,Tran Van Dung,2026-07-17,1337000,SUCCESS,EV-004
O-01027,C-00417,Phan Van Quang,2026-07-07,537000,SUCCESS,EV-009
O-01028,C-01594,Tran Van Minh,2026-07-18,2100000,SUCCESS,EV-009
O-01029,C-00966,Hoang Van Son,2026-07-05,608000,SUCCESS,EV-002
O-01030,C-01377,Vu Van Phuc,2026-07-18,3539000,SUCCESS,EV-002
O-01031,C-01683,Tran Van Anh,2026-07-16,897000,SUCCESS,EV-008
O-01032,C-00593,Bui Van Cuong,2026-07-08,1282000,SUCCESS,EV-002
O-01033,C-01982,Phan Van Linh,2026-06-21,800000,SUCCESS,EV-007
O-01034,C-01525,Dang Van Quang,2026-07-18,3242000,SUCCESS,EV-010
O-01035,C-01714,Pham Van Khanh,2026-07-09,164000,SUCCESS,EV-006
O-01036,C-00427,Nguyen Van Thanh,2026-07-06,1542000,SUCCESS,EV-007
O-01037,C-00983,Bui Van Anh,2026-06-28,929000,SUCCESS,EV-007
O-01038,C-00979,Le Van Cuong,2026-06-28,3670000,SUCCESS,EV-005
O-01039,C-01063,Vo Van Quang,2026-06-27,1045000,FAILED,EV-002
O-01040,C-00040,Vo Van Hieu,2026-06-20,3711000,FAILED,EV-009
O-01041,C-01033,Tran Van Nam,2026-07-14,3423000,SUCCESS,EV-001
O-01042,C-01620,Vo Van Anh,2026-07-18,408000,SUCCESS,EV-007
O-01043,C-00337,Bui Van Dung,2026-07-14,495000,SUCCESS,EV-010
O-01044,C-00718,Vu Van Thanh,2026-07-01,3995000,SUCCESS,EV-002
O-01045,C-01177,Vu Van Khanh,2026-06-27,1833000,SUCCESS,EV-010
O-01046,C-00022,Vu Van Hung,2026-07-13,3520000,SUCCESS,EV-005
O-01047,C-01231,Bui Van Quang,2026-07-10,1164000,SUCCESS,EV-007
O-01048,C-00062,Bui Van Dung,2026-07-03,4914000,SUCCESS,EV-009
O-01049,C-01913,Vu Van Phuc,2026-07-02,3022000,FAILED,EV-003
O-01050,C-01907,Le Van Dung,2026-06-30,4686000,SUCCESS,EV-004
O-01051,C-00747,Phan Van Khanh,2026-06-23,1965000,SUCCESS,EV-009
O-01052,C-01133,Phan Van Cuong,2026-06-19,2629000,SUCCESS,EV-009
O-01053,C-00440,Phan Van Quang,2026-07-05,2735000,SUCCESS,EV-008
O-01054,C-01843,Hoang Van Hieu,2026-07-03,630000,SUCCESS,EV-004
O-01055,C-01674,Dang Van Khanh,2026-07-01,2757000,SUCCESS,EV-008
O-01056,C-01376,Dang Van Trung,2026-07-16,899000,SUCCESS,EV-010
O-01057,C-01093,Tran Van Thanh,2026-07-09,1092000,SUCCESS,EV-003
O-01058,C-01390,Le Van Dung,2026-07-04,3744000,SUCCESS,EV-001
O-01059,C-01195,Bui Van Hung,2026-07-07,950000,FAILED,EV-002
O-01060,C-01283,Vo Van Hieu,2026-06-27,1505000,SUCCESS,EV-003
O-01061,C-00461,Dang Van Anh,2026-07-11,4060000,SUCCESS,EV-006
O-01062,C-01078,Dang Van Dung,2026-07-06,4696000,SUCCESS,EV-005
O-01063,C-01789,Vu Van Anh,2026-06-27,4729000,FAILED,EV-010
O-01064,C-00219,Dang Van Quang,2026-06-23,933000,SUCCESS,EV-007
O-01065,C-00874,Bui Van Quang,2026-07-10,2844000,SUCCESS,EV-002
O-01066,C-01954,Dang Van Trung,2026-07-16,4464000,SUCCESS,EV-009
O-01067,C-01813,Pham Van Hung,2026-07-02,2704000,FAILED,EV-010
O-01068,C-00279,Le Van Hieu,2026-06-27,585000,SUCCESS,EV-001
O-01069,C-01524,Phan Van Quang,2026-06-19,3420000,SUCCESS,EV-004
O-01070,C-00981,Hoang Van Khanh,2026-07-17,313000,SUCCESS,EV-002
O-01071,C-01527,Le Van Minh,2026-07-08,3765000,SUCCESS,EV-006
O-01072,C-00166,Hoang Van Minh,2026-07-18,1391000,SUCCESS,EV-004
O-01073,C-00220,Bui Van Nam,2026-07-06,3965000,SUCCESS,EV-003
O-01074,C-00204,Nguyen Van Dung,2026-07-13,1462000,SUCCESS,EV-006
O-01075,C-00504,Vu Van Phuc,2026-06-22,3467000,SUCCESS,EV-007
O-01076,C-00388,Pham Van Khanh,2026-07-02,1354000,SUCCESS,EV-003
O-01077,C-01547,Dang Van Anh,2026-06-26,125000,SUCCESS,EV-001
O-01078,C-01743,Vo Van Khanh,2026-06-26,623000,SUCCESS,EV-006
O-01079,C-01147,Phan Van Phuc,2026-07-08,875000,SUCCESS,EV-008
O-01080,C-01242,Nguyen Van Linh,2026-06-24,356000,SUCCESS,EV-010
O-01081,C-01978,Bui Van Binh,2026-07-01,2497000,FAILED,EV-009
O-01082,C-01072,Phan Van Quang,2026-06-19,2022000,SUCCESS,EV-001
O-01083,C-01656,Nguyen Van Binh,2026-07-14,1333000,SUCCESS,EV-006
O-01084,C-01213,Nguyen Van Trung,2026-07-15,3774000,SUCCESS,EV-010
O-01085,C-00785,Vo Van Quang,2026-06-29,1008000,FAILED,EV-002
O-01086,C-00989,Le Van Nam,2026-06-24,515000,SUCCESS,EV-001
O-01087,C-01950,Pham Van Son,2026-06-25,2926000,SUCCESS,EV-006
O-01088,C-00688,Bui Van Minh,2026-07-05,2635000,SUCCESS,EV-004
O-01089,C-01618,Tran Van Quang,2026-06-22,1215000,SUCCESS,EV-001
O-01090,C-00918,Pham Van Dung,2026-06-29,2694000,SUCCESS,EV-006
O-01091,C-01319,Dang Van Thanh,2026-07-05,4054000,SUCCESS,EV-003
O-01092,C-00600,Tran Van Anh,2026-06-19,2735000,SUCCESS,EV-002
O-01093,C-01475,Hoang Van Anh,2026-07-07,4863000,SUCCESS,EV-001
O-01094,C-01881,Bui Van Dung,2026-07-18,2613000,SUCCESS,EV-004
O-01095,C-00381,Vu Van Son,2026-06-24,3136000,SUCCESS,EV-005
O-01096,C-01366,Vu Van Minh,2026-07-03,327000,SUCCESS,EV-005
O-01097,C-01791,Pham Van Binh,2026-07-12,4093000,SUCCESS,EV-008
O-01098,C-00082,Vu Van Binh,2026-06-27,947000,SUCCESS,EV-009
O-01099,C-01267,Hoang Van Thanh,2026-07-05,1839000,FAILED,EV-010
O-01100,C-01032,Vo Van Anh,2026-06-21,1979000,SUCCESS,EV-005
O-01101,C-01482,Le Van Dung,2026-07-06,1182000,SUCCESS,EV-001
O-01102,C-01243,Nguyen Van Linh,2026-07-09,3438000,SUCCESS,EV-001
O-01103,C-01145,Hoang Van Dung,2026-06-29,315000,SUCCESS,EV-010
O-01104,C-00021,Tran Van Thanh,2026-06-22,3080000,SUCCESS,EV-003
O-01105,C-01073,Tran Van Dung,2026-06-28,1904000,SUCCESS,EV-007
O-01106,C-00611,Nguyen Van Phuc,2026-07-18,4577000,SUCCESS,EV-002
O-01107,C-01320,Tran Van Khanh,2026-06-27,1991000,SUCCESS,EV-007
O-01108,C-01454,Hoang Van Minh,2026-07-17,3435000,SUCCESS,EV-006
O-01109,C-00238,Vo Van Thanh,2026-07-17,2163000,FAILED,EV-006
O-01110,C-00712,Bui Van Dung,2026-07-09,372000,SUCCESS,EV-009
O-01111,C-00759,Dang Van Minh,2026-07-06,2969000,SUCCESS,EV-007
O-01112,C-01723,Bui Van Cuong,2026-06-27,2186000,SUCCESS,EV-002
O-01113,C-00629,Phan Van Khanh,2026-06-19,4379000,SUCCESS,EV-003
O-01114,C-00062,Bui Van Dung,2026-06-25,4266000,SUCCESS,EV-004
O-01115,C-00681,Vo Van Cuong,2026-06-23,1864000,SUCCESS,EV-002
O-01116,C-00831,Dang Van Dung,2026-06-23,3050000,SUCCESS,EV-004
O-01117,C-01248,Bui Van Minh,2026-07-01,921000,SUCCESS,EV-004
O-01118,C-01057,Tran Van Hung,2026-06-21,3336000,SUCCESS,EV-008
O-01119,C-01344,Pham Van Linh,2026-07-11,4711000,FAILED,EV-005
O-01120,C-00810,Bui Van Hung,2026-07-15,191000,SUCCESS,EV-001
O-01121,C-00334,Nguyen Van Linh,2026-06-26,2889000,SUCCESS,EV-004
O-01122,C-01142,Vu Van Dung,2026-07-12,3475000,SUCCESS,EV-004
O-01123,C-01791,Pham Van Binh,2026-07-02,1278000,SUCCESS,EV-005
O-01124,C-01174,Dang Van Quang,2026-07-18,4481000,SUCCESS,EV-004
O-01125,C-01540,Hoang Van Son,2026-07-14,563000,SUCCESS,EV-003
O-01126,C-01830,Tran Van Thanh,2026-06-19,1132000,SUCCESS,EV-009
O-01127,C-01176,Vu Van Minh,2026-06-28,2758000,FAILED,EV-001
O-01128,C-01727,Bui Van Khanh,2026-06-20,1558000,SUCCESS,EV-010
O-01129,C-00620,Le Van Anh,2026-06-22,3694000,SUCCESS,EV-009
O-01130,C-01279,Vo Van Nam,2026-07-16,1502000,SUCCESS,EV-005
O-01131,C-01584,Pham Van Linh,2026-06-25,1158000,SUCCESS,EV-001
O-01132,C-00093,Nguyen Van Binh,2026-07-05,3479000,SUCCESS,EV-010
O-01133,C-01895,Bui Van Binh,2026-06-19,2586000,SUCCESS,EV-006
O-01134,C-01318,Phan Van Linh,2026-07-10,3398000,SUCCESS,EV-007
O-01135,C-00320,Pham Van Phuc,2026-06-25,4427000,SUCCESS,EV-001
O-01136,C-01440,Le Van Khanh,2026-06-23,2264000,SUCCESS,EV-001
O-01137,C-01881,Bui Van Dung,2026-07-07,4457000,SUCCESS,EV-007
O-01138,C-01160,Vu Van Quang,2026-06-22,3963000,SUCCESS,EV-002
O-01139,C-01161,Tran Van Nam,2026-07-01,678000,SUCCESS,EV-004
O-01140,C-00068,Bui Van Khanh,2026-07-07,3294000,SUCCESS,EV-004
O-01141,C-00999,Pham Van Thanh,2026-06-29,3714000,FAILED,EV-006
O-01142,C-00797,Hoang Van Nam,2026-07-05,3314000,FAILED,EV-001
O-01143,C-01660,Nguyen Van Dung,2026-07-01,3651000,FAILED,EV-005
O-01144,C-01495,Tran Van Phuc,2026-07-11,2235000,SUCCESS,EV-008
O-01145,C-00831,Dang Van Dung,2026-07-11,3864000,FAILED,EV-003
O-01146,C-01417,Le Van Phuc,2026-07-05,620000,SUCCESS,EV-001
O-01147,C-01680,Pham Van Cuong,2026-07-12,4952000,SUCCESS,EV-003
O-01148,C-00443,Nguyen Van Quang,2026-07-06,2772000,SUCCESS,EV-007
O-01149,C-01260,Dang Van Trung,2026-07-02,594000,SUCCESS,EV-001
O-01150,C-01344,Pham Van Linh,2026-07-02,2151000,SUCCESS,EV-008
O-01151,C-01858,Dang Van Son,2026-07-05,2582000,FAILED,EV-003
O-01152,C-01801,Le Van Hieu,2026-06-21,478000,SUCCESS,EV-002
O-01153,C-01779,Nguyen Van Anh,2026-06-25,3960000,SUCCESS,EV-010
O-01154,C-00458,Pham Van Quang,2026-07-01,2255000,SUCCESS,EV-007
O-01155,C-00752,Nguyen Van Hieu,2026-06-21,763000,SUCCESS,EV-005
O-01156,C-00828,Bui Van Phuc,2026-07-17,955000,SUCCESS,EV-008
O-01157,C-00728,Le Van Phuc,2026-07-03,3870000,SUCCESS,EV-003
O-01158,C-00759,Dang Van Minh,2026-06-22,2627000,SUCCESS,EV-008
O-01159,C-01118,Tran Van Cuong,2026-07-12,1588000,SUCCESS,EV-005
O-01160,C-01740,Hoang Van Cuong,2026-07-04,4889000,SUCCESS,EV-010
O-01161,C-01424,Tran Van Anh,2026-06-22,1715000,SUCCESS,EV-005
O-01162,C-01312,Dang Van Nam,2026-07-03,2228000,SUCCESS,EV-010
O-01163,C-01678,Vu Van Hung,2026-06-21,698000,SUCCESS,EV-001
O-01164,C-00063,Vu Van Thanh,2026-07-16,114000,SUCCESS,EV-004
O-01165,C-00292,Nguyen Van Hieu,2026-06-25,1861000,SUCCESS,EV-007
O-01166,C-00002,Vu Van Dung,2026-06-19,166000,SUCCESS,EV-006
O-01167,C-00829,Phan Van Phuc,2026-07-09,1038000,SUCCESS,EV-007
O-01168,C-01842,Dang Van Son,2026-07-10,3433000,SUCCESS,EV-002
O-01169,C-01545,Le Van Quang,2026-07-10,1807000,SUCCESS,EV-009
O-01170,C-00214,Bui Van Trung,2026-06-27,884000,SUCCESS,EV-002
O-01171,C-00122,Pham Van Phuc,2026-07-11,3696000,SUCCESS,EV-006
O-01172,C-00019,Hoang Van Anh,2026-07-16,2431000,SUCCESS,EV-007
O-01173,C-01505,Tran Van Anh,2026-07-05,4133000,SUCCESS,EV-004
O-01174,C-01762,Bui Van Son,2026-07-15,506000,SUCCESS,EV-005
O-01175,C-00922,Vo Van Dung,2026-07-06,1681000,SUCCESS,EV-003
O-01176,C-01481,Hoang Van Linh,2026-06-25,2050000,SUCCESS,EV-009
O-01177,C-00077,Le Van Binh,2026-07-13,2375000,SUCCESS,EV-002
O-01178,C-00686,Le Van Quang,2026-07-14,657000,SUCCESS,EV-010
O-01179,C-01195,Bui Van Hung,2026-06-21,388000,SUCCESS,EV-001
O-01180,C-00283,Bui Van Khanh,2026-06-20,349000,FAILED,EV-006
O-01181,C-00213,Dang Van Linh,2026-07-11,4674000,SUCCESS,EV-003
O-01182,C-00201,Vu Van Anh,2026-07-14,4287000,SUCCESS,EV-008
O-01183,C-00567,Nguyen Van Son,2026-06-24,3246000,SUCCESS,EV-007
O-01184,C-01780,Vo Van Binh,2026-06-27,929000,SUCCESS,EV-001
O-01185,C-01695,Bui Van Thanh,2026-06-30,804000,SUCCESS,EV-001
O-01186,C-01586,Le Van Minh,2026-07-02,360000,SUCCESS,EV-010
O-01187,C-01692,Le Van Cuong,2026-06-21,2354000,SUCCESS,EV-004
O-01188,C-00177,Dang Van Linh,2026-07-05,3633000,SUCCESS,EV-007
O-01189,C-01367,Tran Van Thanh,2026-07-13,2508000,SUCCESS,EV-001
O-01190,C-00117,Vo Van Nam,2026-07-10,4593000,SUCCESS,EV-002
O-01191,C-01310,Hoang Van Hieu,2026-06-23,2165000,SUCCESS,EV-001
O-01192,C-00202,Dang Van Hieu,2026-07-17,2492000,SUCCESS,EV-009
O-01193,C-01946,Pham Van Anh,2026-07-16,1365000,SUCCESS,EV-008
O-01194,C-00901,Tran Van Trung,2026-06-20,1933000,SUCCESS,EV-005
O-01195,C-00084,Pham Van Dung,2026-06-21,671000,SUCCESS,EV-006
O-01196,C-01472,Vo Van Linh,2026-06-20,414000,SUCCESS,EV-004
O-01197,C-00830,Phan Van Cuong,2026-07-14,1159000,SUCCESS,EV-003
O-01198,C-00285,Vo Van Khanh,2026-07-16,378000,SUCCESS,EV-007
O-01199,C-01650,Pham Van Cuong,2026-07-02,658000,SUCCESS,EV-005
O-01200,C-00703,Phan Van Son,2026-06-25,4905000,SUCCESS,EV-009
O-01201,C-00108,Pham Van Dung,2026-07-13,3094000,SUCCESS,EV-006
O-01202,C-00316,Vo Van Cuong,2026-07-03,1939000,SUCCESS,EV-009
O-01203,C-01505,Tran Van Anh,2026-07-03,746000,SUCCESS,EV-001
O-01204,C-00227,Vu Van Hung,2026-07-04,2867000,FAILED,EV-001
O-01205,C-00561,Dang Van Quang,2026-07-06,328000,FAILED,EV-005
O-01206,C-00244,Hoang Van Thanh,2026-06-25,273000,SUCCESS,EV-001
O-01207,C-01122,Nguyen Van Anh,2026-07-16,438000,SUCCESS,EV-006
O-01208,C-00756,Le Van Son,2026-06-19,613000,SUCCESS,EV-001
O-01209,C-00652,Vu Van Dung,2026-07-01,696000,SUCCESS,EV-005
O-01210,C-00301,Hoang Van Khanh,2026-07-07,2154000,SUCCESS,EV-009
O-01211,C-01770,Phan Van Hieu,2026-06-20,1202000,SUCCESS,EV-010
O-01212,C-01260,Dang Van Trung,2026-06-21,1317000,SUCCESS,EV-006
O-01213,C-01900,Vo Van Dung,2026-07-03,1636000,SUCCESS,EV-004
O-01214,C-01191,Pham Van Binh,2026-07-06,1501000,SUCCESS,EV-008
O-01215,C-00036,Vo Van Cuong,2026-07-15,2561000,SUCCESS,EV-004
O-01216,C-01005,Dang Van Thanh,2026-07-11,551000,SUCCESS,EV-007
O-01217,C-00040,Vo Van Hieu,2026-07-12,842000,SUCCESS,EV-001
O-01218,C-00217,Vu Van Quang,2026-07-18,1838000,SUCCESS,EV-005
O-01219,C-00693,Vo Van Dung,2026-07-18,446000,SUCCESS,EV-006
O-01220,C-00546,Nguyen Van Thanh,2026-07-06,1095000,SUCCESS,EV-008
O-01221,C-00770,Bui Van Hieu,2026-07-09,291000,SUCCESS,EV-001
O-01222,C-01796,Pham Van Linh,2026-07-10,2171000,SUCCESS,EV-004
O-01223,C-00228,Nguyen Van Thanh,2026-07-07,2668000,SUCCESS,EV-006
O-01224,C-01398,Vo Van Minh,2026-07-03,3148000,SUCCESS,EV-003
O-01225,C-00901,Tran Van Trung,2026-06-22,4700000,SUCCESS,EV-002
O-01226,C-00039,Tran Van Trung,2026-07-16,224000,SUCCESS,EV-003
O-01227,C-01936,Hoang Van Cuong,2026-07-11,3136000,FAILED,EV-002
O-01228,C-00167,Bui Van Thanh,2026-07-08,3947000,SUCCESS,EV-009
O-01229,C-01365,Pham Van Phuc,2026-06-28,3863000,SUCCESS,EV-001
O-01230,C-01572,Pham Van Quang,2026-07-09,3162000,SUCCESS,EV-008
O-01231,C-01592,Hoang Van Hung,2026-07-04,1971000,FAILED,EV-002
O-01232,C-00437,Le Van Nam,2026-06-22,4137000,SUCCESS,EV-008
O-01233,C-01196,Bui Van Hieu,2026-06-22,4750000,SUCCESS,EV-006
O-01234,C-01118,Tran Van Cuong,2026-07-15,4036000,SUCCESS,EV-010
O-01235,C-00940,Vu Van Quang,2026-06-20,2267000,FAILED,EV-009
O-01236,C-01755,Phan Van Linh,2026-07-11,2244000,FAILED,EV-005
O-01237,C-00105,Hoang Van Minh,2026-07-15,2174000,SUCCESS,EV-010
O-01238,C-01413,Nguyen Van Khanh,2026-06-27,3634000,SUCCESS,EV-008
O-01239,C-01128,Vu Van Dung,2026-06-19,1655000,SUCCESS,EV-006
O-01240,C-00455,Dang Van Hieu,2026-07-14,4055000,SUCCESS,EV-005
O-01241,C-01221,Vo Van Son,2026-07-14,1558000,SUCCESS,EV-007
O-01242,C-00480,Bui Van Thanh,2026-07-02,1845000,SUCCESS,EV-009
O-01243,C-00582,Pham Van Binh,2026-06-30,3256000,SUCCESS,EV-008
O-01244,C-01961,Dang Van Cuong,2026-07-01,4378000,SUCCESS,EV-009
O-01245,C-01186,Hoang Van Hieu,2026-07-02,3286000,SUCCESS,EV-010
O-01246,C-00310,Bui Van Cuong,2026-06-30,4492000,SUCCESS,EV-005
O-01247,C-01977,Nguyen Van Anh,2026-07-06,4113000,SUCCESS,EV-005
O-01248,C-00246,Nguyen Van Phuc,2026-06-26,3014000,SUCCESS,EV-005
O-01249,C-00916,Nguyen Van Minh,2026-07-18,4705000,SUCCESS,EV-010
O-01250,C-01843,Hoang Van Hieu,2026-06-19,2207000,SUCCESS,EV-005
O-01251,C-01543,Dang Van Trung,2026-06-24,1859000,SUCCESS,EV-004
O-01252,C-00546,Nguyen Van Thanh,2026-07-12,4545000,SUCCESS,EV-006
O-01253,C-01478,Tran Van Dung,2026-06-26,2958000,SUCCESS,EV-001
O-01254,C-00880,Nguyen Van Binh,2026-06-23,3168000,SUCCESS,EV-003
O-01255,C-00366,Bui Van Hung,2026-07-17,1445000,FAILED,EV-005
O-01256,C-01688,Tran Van Linh,2026-07-09,4338000,SUCCESS,EV-009
O-01257,C-00817,Phan Van Thanh,2026-07-18,1844000,SUCCESS,EV-008
O-01258,C-00651,Bui Van Cuong,2026-07-10,262000,SUCCESS,EV-003
O-01259,C-01628,Hoang Van Quang,2026-06-28,4862000,SUCCESS,EV-006
O-01260,C-01739,Tran Van Anh,2026-06-21,3526000,SUCCESS,EV-005
O-01261,C-00083,Bui Van Cuong,2026-07-10,4125000,SUCCESS,EV-008
O-01262,C-01694,Tran Van Hung,2026-06-22,1404000,SUCCESS,EV-010
O-01263,C-01995,Vu Van Linh,2026-07-10,3004000,SUCCESS,EV-010
O-01264,C-01707,Tran Van Thanh,2026-07-07,2663000,SUCCESS,EV-001
O-01265,C-00081,Dang Van Son,2026-07-17,2420000,SUCCESS,EV-007
O-01266,C-01236,Phan Van Khanh,2026-07-05,3488000,SUCCESS,EV-008
O-01267,C-00836,Vo Van Khanh,2026-06-20,2434000,SUCCESS,EV-005
O-01268,C-01180,Nguyen Van Binh,2026-06-19,2723000,SUCCESS,EV-001
O-01269,C-01727,Bui Van Khanh,2026-07-17,1241000,SUCCESS,EV-006
O-01270,C-01233,Hoang Van Hieu,2026-06-19,3173000,SUCCESS,EV-008
O-01271,C-00795,Vu Van Phuc,2026-06-27,927000,SUCCESS,EV-008
O-01272,C-01679,Dang Van Linh,2026-06-24,2555000,SUCCESS,EV-004
O-01273,C-00845,Le Van Hung,2026-07-11,1678000,SUCCESS,EV-006
O-01274,C-00556,Vo Van Anh,2026-07-09,3134000,FAILED,EV-009
O-01275,C-01795,Vu Van Thanh,2026-07-06,2650000,SUCCESS,EV-006
O-01276,C-01078,Dang Van Dung,2026-06-19,378000,SUCCESS,EV-010
O-01277,C-01989,Dang Van Anh,2026-07-02,2439000,SUCCESS,EV-006
O-01278,C-01018,Vu Van Thanh,2026-07-04,1298000,SUCCESS,EV-008
O-01279,C-01221,Vo Van Son,2026-07-02,2921000,SUCCESS,EV-001
O-01280,C-00420,Hoang Van Hung,2026-06-25,1676000,SUCCESS,EV-009
O-01281,C-01919,Hoang Van Anh,2026-07-16,3041000,SUCCESS,EV-009
O-01282,C-01894,Bui Van Hung,2026-07-12,977000,SUCCESS,EV-001
O-01283,C-00535,Bui Van Anh,2026-07-08,2452000,SUCCESS,EV-006
O-01284,C-00559,Pham Van Hung,2026-06-27,2225000,SUCCESS,EV-008
O-01285,C-00842,Vo Van Son,2026-07-09,2489000,FAILED,EV-001
O-01286,C-00653,Nguyen Van Khanh,2026-06-30,1769000,SUCCESS,EV-001
O-01287,C-00600,Tran Van Anh,2026-06-23,2463000,SUCCESS,EV-009
O-01288,C-01238,Phan Van Cuong,2026-06-30,3016000,SUCCESS,EV-008
O-01289,C-00075,Vu Van Dung,2026-06-24,4332000,FAILED,EV-001
O-01290,C-01524,Phan Van Quang,2026-06-25,4869000,SUCCESS,EV-003
O-01291,C-00670,Le Van Nam,2026-07-03,1059000,SUCCESS,EV-007
O-01292,C-00109,Hoang Van Dung,2026-07-06,1328000,SUCCESS,EV-003
O-01293,C-00177,Dang Van Linh,2026-06-30,2892000,SUCCESS,EV-004
O-01294,C-00528,Le Van Hieu,2026-06-20,1890000,SUCCESS,EV-007
O-01295,C-00309,Dang Van Hung,2026-07-17,1354000,SUCCESS,EV-001
O-01296,C-01657,Phan Van Minh,2026-07-08,519000,SUCCESS,EV-008
O-01297,C-00572,Vu Van Trung,2026-07-07,2352000,SUCCESS,EV-006
O-01298,C-00240,Hoang Van Linh,2026-06-20,2268000,SUCCESS,EV-002
O-01299,C-00809,Dang Van Minh,2026-07-06,4424000,SUCCESS,EV-010
O-01300,C-00267,Dang Van Binh,2026-07-01,2820000,SUCCESS,EV-010
O-01301,C-01597,Nguyen Van Hung,2026-06-27,3342000,SUCCESS,EV-008
O-01302,C-00675,Phan Van Minh,2026-07-10,2738000,SUCCESS,EV-006
O-01303,C-00329,Dang Van Cuong,2026-07-15,1666000,SUCCESS,EV-006
O-01304,C-00470,Vo Van Linh,2026-07-17,1728000,SUCCESS,EV-008
O-01305,C-00564,Hoang Van Nam,2026-07-12,1280000,SUCCESS,EV-003
O-01306,C-01774,Hoang Van Khanh,2026-06-27,4788000,SUCCESS,EV-001
O-01307,C-00207,Bui Van Dung,2026-07-01,1874000,FAILED,EV-004
O-01308,C-00922,Vo Van Dung,2026-06-27,3068000,SUCCESS,EV-006
O-01309,C-00899,Tran Van Anh,2026-07-12,4717000,SUCCESS,EV-010
O-01310,C-01267,Hoang Van Thanh,2026-06-19,773000,FAILED,EV-009
O-01311,C-00458,Pham Van Quang,2026-06-26,370000,SUCCESS,EV-010
O-01312,C-00511,Phan Van Hung,2026-07-10,1510000,SUCCESS,EV-005
O-01313,C-01456,Pham Van Nam,2026-07-04,4283000,SUCCESS,EV-009
O-01314,C-00152,Le Van Anh,2026-06-27,2741000,SUCCESS,EV-008
O-01315,C-01962,Hoang Van Phuc,2026-07-09,1726000,SUCCESS,EV-003
O-01316,C-01159,Dang Van Dung,2026-07-13,4550000,SUCCESS,EV-008
O-01317,C-01961,Dang Van Cuong,2026-07-17,1182000,SUCCESS,EV-005
O-01318,C-01255,Bui Van Thanh,2026-06-30,1775000,SUCCESS,EV-006
O-01319,C-01672,Phan Van Binh,2026-06-28,1662000,FAILED,EV-009
O-01320,C-01406,Vu Van Anh,2026-06-21,3194000,SUCCESS,EV-002
O-01321,C-01943,Nguyen Van Cuong,2026-06-22,4195000,FAILED,EV-001
O-01322,C-01541,Nguyen Van Thanh,2026-07-02,3126000,FAILED,EV-003
O-01323,C-00479,Pham Van Minh,2026-07-15,3112000,FAILED,EV-009
O-01324,C-01143,Vo Van Cuong,2026-06-23,1647000,SUCCESS,EV-007
O-01325,C-00873,Vu Van Cuong,2026-07-04,4448000,SUCCESS,EV-009
O-01326,C-00247,Nguyen Van Minh,2026-07-18,3897000,SUCCESS,EV-002
O-01327,C-01420,Dang Van Trung,2026-06-19,3523000,SUCCESS,EV-003
O-01328,C-01239,Le Van Son,2026-07-01,2505000,SUCCESS,EV-007
O-01329,C-01140,Tran Van Hieu,2026-06-19,2053000,SUCCESS,EV-001
O-01330,C-01607,Phan Van Hieu,2026-06-28,4766000,SUCCESS,EV-009
O-01331,C-00112,Hoang Van Anh,2026-07-12,4752000,SUCCESS,EV-005
O-01332,C-01615,Vu Van Hieu,2026-07-09,4786000,SUCCESS,EV-006
O-01333,C-01164,Nguyen Van Son,2026-07-18,1415000,SUCCESS,EV-006
O-01334,C-00884,Vo Van Linh,2026-06-26,3041000,SUCCESS,EV-007
O-01335,C-01958,Bui Van Trung,2026-07-08,3763000,SUCCESS,EV-008
O-01336,C-00122,Pham Van Phuc,2026-06-29,889000,SUCCESS,EV-010
O-01337,C-00117,Vo Van Nam,2026-07-08,199000,SUCCESS,EV-007
O-01338,C-01830,Tran Van Thanh,2026-07-17,2251000,SUCCESS,EV-007
O-01339,C-01895,Bui Van Binh,2026-06-22,2010000,SUCCESS,EV-004
O-01340,C-01382,Nguyen Van Dung,2026-07-16,3411000,SUCCESS,EV-002
O-01341,C-00692,Bui Van Anh,2026-07-07,3422000,SUCCESS,EV-004
O-01342,C-00123,Tran Van Dung,2026-07-08,3942000,FAILED,EV-001
O-01343,C-00955,Dang Van Khanh,2026-07-14,1354000,FAILED,EV-003
O-01344,C-00274,Phan Van Hung,2026-07-13,2710000,FAILED,EV-009
O-01345,C-01613,Nguyen Van Hieu,2026-07-16,602000,SUCCESS,EV-002
O-01346,C-01384,Dang Van Linh,2026-06-19,2961000,SUCCESS,EV-007
O-01347,C-00962,Vu Van Thanh,2026-07-09,473000,FAILED,EV-001
O-01348,C-00371,Pham Van Son,2026-07-09,894000,SUCCESS,EV-002
O-01349,C-01378,Nguyen Van Cuong,2026-06-22,4344000,SUCCESS,EV-005
O-01350,C-01991,Vo Van Cuong,2026-06-21,1325000,SUCCESS,EV-007
O-01351,C-00325,Pham Van Phuc,2026-07-11,2810000,SUCCESS,EV-004
O-01352,C-01003,Dang Van Phuc,2026-07-10,125000,SUCCESS,EV-010
O-01353,C-01386,Vo Van Khanh,2026-07-10,2582000,SUCCESS,EV-002
O-01354,C-00241,Vu Van Trung,2026-07-04,3150000,SUCCESS,EV-010
O-01355,C-00805,Phan Van Cuong,2026-06-23,1724000,FAILED,EV-007
O-01356,C-00877,Tran Van Phuc,2026-06-26,1877000,SUCCESS,EV-007
O-01357,C-01278,Le Van Binh,2026-07-08,1816000,SUCCESS,EV-002
O-01358,C-01506,Vu Van Cuong,2026-07-06,3519000,SUCCESS,EV-003
O-01359,C-00102,Dang Van Hieu,2026-07-12,1812000,SUCCESS,EV-003
O-01360,C-01877,Phan Van Anh,2026-06-29,2367000,SUCCESS,EV-003
O-01361,C-00245,Le Van Khanh,2026-07-09,3410000,SUCCESS,EV-010
O-01362,C-00631,Pham Van Linh,2026-06-29,3268000,FAILED,EV-009
O-01363,C-01910,Nguyen Van Nam,2026-07-16,4439000,SUCCESS,EV-010
O-01364,C-00765,Vo Van Anh,2026-06-19,3844000,SUCCESS,EV-003
O-01365,C-00869,Phan Van Khanh,2026-07-01,3542000,SUCCESS,EV-010
O-01366,C-01741,Bui Van Dung,2026-07-01,2527000,SUCCESS,EV-004
O-01367,C-01189,Bui Van Phuc,2026-06-20,928000,SUCCESS,EV-009
O-01368,C-00768,Vo Van Trung,2026-07-17,1798000,SUCCESS,EV-002
O-01369,C-00210,Dang Van Quang,2026-07-01,2241000,SUCCESS,EV-008
O-01370,C-00548,Le Van Dung,2026-07-12,1906000,SUCCESS,EV-006
O-01371,C-00423,Le Van Cuong,2026-06-19,816000,SUCCESS,EV-002
O-01372,C-01101,Dang Van Dung,2026-06-20,821000,SUCCESS,EV-007
O-01373,C-01541,Nguyen Van Thanh,2026-07-02,2163000,SUCCESS,EV-007
O-01374,C-01636,Dang Van Son,2026-07-13,2156000,SUCCESS,EV-009
O-01375,C-01533,Hoang Van Trung,2026-06-23,2201000,SUCCESS,EV-006
O-01376,C-01051,Le Van Trung,2026-07-05,4428000,SUCCESS,EV-005
O-01377,C-00894,Bui Van Linh,2026-07-14,1545000,SUCCESS,EV-008
O-01378,C-01853,Tran Van Minh,2026-06-19,1901000,FAILED,EV-009
O-01379,C-00505,Bui Van Minh,2026-07-12,4246000,FAILED,EV-001
O-01380,C-00481,Tran Van Hung,2026-07-06,1461000,SUCCESS,EV-001
O-01381,C-01955,Phan Van Hung,2026-06-21,563000,SUCCESS,EV-008
O-01382,C-01018,Vu Van Thanh,2026-07-14,4593000,SUCCESS,EV-009
O-01383,C-01437,Nguyen Van Hieu,2026-07-11,3361000,SUCCESS,EV-009
O-01384,C-00949,Dang Van Son,2026-06-25,2131000,SUCCESS,EV-004
O-01385,C-00564,Hoang Van Nam,2026-06-20,726000,SUCCESS,EV-009
O-01386,C-01911,Nguyen Van Quang,2026-06-23,1366000,SUCCESS,EV-007
O-01387,C-01570,Vo Van Son,2026-07-13,3354000,SUCCESS,EV-003
O-01388,C-00994,Vo Van Thanh,2026-07-03,2981000,SUCCESS,EV-005
O-01389,C-00743,Bui Van Khanh,2026-06-28,2873000,SUCCESS,EV-008
O-01390,C-01222,Tran Van Nam,2026-07-14,2830000,SUCCESS,EV-004
O-01391,C-00565,Vu Van Hung,2026-07-11,4089000,SUCCESS,EV-009
O-01392,C-00419,Bui Van Minh,2026-06-19,4912000,SUCCESS,EV-010
O-01393,C-01550,Bui Van Phuc,2026-07-12,4165000,SUCCESS,EV-004
O-01394,C-01259,Nguyen Van Anh,2026-06-20,4229000,SUCCESS,EV-008
O-01395,C-01935,Dang Van Anh,2026-07-02,1478000,SUCCESS,EV-003
O-01396,C-01035,Phan Van Cuong,2026-07-13,554000,SUCCESS,EV-010
O-01397,C-00115,Bui Van Anh,2026-07-01,4205000,SUCCESS,EV-002
O-01398,C-01745,Bui Van Anh,2026-07-15,1101000,SUCCESS,EV-003
O-01399,C-00255,Vu Van Cuong,2026-06-26,4254000,SUCCESS,EV-002
O-01400,C-01395,Tran Van Khanh,2026-06-19,923000,SUCCESS,EV-001
O-01401,C-00340,Vo Van Nam,2026-06-19,3217000,FAILED,EV-007
O-01402,C-00383,Hoang Van Hung,2026-06-30,1090000,SUCCESS,EV-010
O-01403,C-00651,Bui Van Cuong,2026-06-26,506000,SUCCESS,EV-003
O-01404,C-00887,Bui Van Linh,2026-06-21,395000,SUCCESS,EV-004
O-01405,C-01762,Bui Van Son,2026-07-08,450000,SUCCESS,EV-009
O-01406,C-01169,Nguyen Van Son,2026-06-26,2936000,SUCCESS,EV-006
O-01407,C-00310,Bui Van Cuong,2026-06-20,1290000,SUCCESS,EV-009
O-01408,C-00182,Tran Van Son,2026-06-23,3979000,SUCCESS,EV-001
O-01409,C-01580,Tran Van Anh,2026-06-30,3780000,SUCCESS,EV-009
O-01410,C-01340,Bui Van Thanh,2026-06-20,3750000,SUCCESS,EV-005
O-01411,C-00749,Hoang Van Hieu,2026-06-21,1548000,SUCCESS,EV-002
O-01412,C-01401,Le Van Trung,2026-06-25,424000,SUCCESS,EV-009
O-01413,C-01822,Nguyen Van Minh,2026-06-26,3316000,SUCCESS,EV-009
O-01414,C-01093,Tran Van Thanh,2026-06-22,1822000,SUCCESS,EV-004
O-01415,C-00670,Le Van Nam,2026-06-30,1382000,SUCCESS,EV-001
O-01416,C-00659,Phan Van Cuong,2026-06-28,479000,SUCCESS,EV-001
O-01417,C-00380,Nguyen Van Anh,2026-07-08,187000,SUCCESS,EV-003
O-01418,C-00584,Pham Van Son,2026-07-06,4401000,SUCCESS,EV-008
O-01419,C-01050,Hoang Van Khanh,2026-07-10,985000,SUCCESS,EV-008
O-01420,C-00096,Tran Van Trung,2026-06-20,2935000,SUCCESS,EV-007
O-01421,C-00114,Vu Van Trung,2026-07-15,2640000,SUCCESS,EV-006
O-01422,C-01000,Hoang Van Khanh,2026-06-19,3620000,SUCCESS,EV-001
O-01423,C-01073,Tran Van Dung,2026-06-20,1491000,FAILED,EV-006
O-01424,C-01978,Bui Van Binh,2026-06-24,1322000,SUCCESS,EV-006
O-01425,C-01622,Bui Van Khanh,2026-07-15,2911000,SUCCESS,EV-009
O-01426,C-00547,Nguyen Van Anh,2026-06-24,3316000,SUCCESS,EV-002
O-01427,C-01893,Le Van Cuong,2026-07-16,3672000,SUCCESS,EV-005
O-01428,C-01541,Nguyen Van Thanh,2026-06-21,165000,SUCCESS,EV-003
O-01429,C-01680,Pham Van Cuong,2026-07-09,1260000,SUCCESS,EV-009
O-01430,C-00468,Nguyen Van Cuong,2026-07-03,4584000,SUCCESS,EV-003
O-01431,C-00673,Vu Van Quang,2026-06-22,4394000,FAILED,EV-007
O-01432,C-00680,Hoang Van Minh,2026-06-28,773000,SUCCESS,EV-005
O-01433,C-00764,Pham Van Binh,2026-07-13,3988000,SUCCESS,EV-006
O-01434,C-00899,Tran Van Anh,2026-06-23,637000,SUCCESS,EV-001
O-01435,C-01281,Nguyen Van Nam,2026-07-06,4207000,SUCCESS,EV-005
O-01436,C-00647,Vu Van Dung,2026-07-02,4488000,SUCCESS,EV-004
O-01437,C-00463,Dang Van Linh,2026-06-24,839000,SUCCESS,EV-001
O-01438,C-00488,Hoang Van Dung,2026-07-09,222000,SUCCESS,EV-008
O-01439,C-01302,Vo Van Minh,2026-07-02,3012000,SUCCESS,EV-008
O-01440,C-01318,Phan Van Linh,2026-07-12,3407000,SUCCESS,EV-010
O-01441,C-00416,Le Van Dung,2026-07-14,2606000,SUCCESS,EV-004
O-01442,C-00498,Hoang Van Quang,2026-07-17,840000,SUCCESS,EV-005
O-01443,C-00561,Dang Van Quang,2026-07-11,3662000,SUCCESS,EV-004
O-01444,C-01484,Vo Van Khanh,2026-06-29,691000,SUCCESS,EV-009
O-01445,C-01712,Tran Van Phuc,2026-06-22,4406000,SUCCESS,EV-001
O-01446,C-01623,Hoang Van Minh,2026-07-16,3283000,SUCCESS,EV-009
O-01447,C-00273,Hoang Van Phuc,2026-06-26,4147000,SUCCESS,EV-007
O-01448,C-00343,Phan Van Trung,2026-06-25,4793000,SUCCESS,EV-009
O-01449,C-00103,Hoang Van Hung,2026-06-27,3656000,SUCCESS,EV-003
O-01450,C-01742,Vu Van Thanh,2026-06-23,123000,SUCCESS,EV-001
O-01451,C-01441,Vu Van Dung,2026-07-03,1323000,FAILED,EV-003
O-01452,C-01002,Nguyen Van Minh,2026-07-13,1526000,FAILED,EV-005
O-01453,C-00923,Vu Van Nam,2026-06-28,1965000,SUCCESS,EV-008
O-01454,C-00165,Vo Van Trung,2026-07-18,1700000,SUCCESS,EV-007
O-01455,C-01970,Pham Van Phuc,2026-06-24,216000,SUCCESS,EV-007
O-01456,C-00253,Le Van Thanh,2026-06-28,267000,SUCCESS,EV-002
O-01457,C-01057,Tran Van Hung,2026-07-13,2532000,SUCCESS,EV-001
O-01458,C-01372,Bui Van Dung,2026-07-02,4976000,SUCCESS,EV-003
O-01459,C-00058,Bui Van Anh,2026-06-24,3268000,SUCCESS,EV-002
O-01460,C-00896,Vu Van Phuc,2026-07-14,3114000,SUCCESS,EV-005
O-01461,C-01172,Pham Van Binh,2026-07-04,1041000,SUCCESS,EV-006
O-01462,C-01082,Dang Van Cuong,2026-06-27,959000,SUCCESS,EV-001
O-01463,C-00818,Nguyen Van Minh,2026-07-18,3513000,SUCCESS,EV-008
O-01464,C-00597,Hoang Van Trung,2026-07-13,4881000,SUCCESS,EV-005
O-01465,C-01794,Nguyen Van Linh,2026-07-17,4152000,SUCCESS,EV-002
O-01466,C-00549,Tran Van Khanh,2026-07-07,2193000,SUCCESS,EV-006
O-01467,C-00944,Vu Van Khanh,2026-06-30,731000,SUCCESS,EV-002
O-01468,C-01455,Vu Van Nam,2026-07-01,1772000,SUCCESS,EV-008
O-01469,C-01506,Vu Van Cuong,2026-06-24,3176000,SUCCESS,EV-002
O-01470,C-01339,Nguyen Van Son,2026-07-06,4941000,SUCCESS,EV-003
O-01471,C-00335,Le Van Thanh,2026-06-20,4604000,SUCCESS,EV-008
O-01472,C-00628,Vo Van Trung,2026-07-04,3632000,SUCCESS,EV-004
O-01473,C-00185,Vu Van Son,2026-07-01,2939000,SUCCESS,EV-010
O-01474,C-00039,Tran Van Trung,2026-07-06,1942000,SUCCESS,EV-002
O-01475,C-00869,Phan Van Khanh,2026-07-11,2364000,FAILED,EV-004
O-01476,C-01748,Pham Van Trung,2026-06-19,284000,SUCCESS,EV-005
O-01477,C-00900,Le Van Phuc,2026-07-15,4594000,SUCCESS,EV-001
O-01478,C-01346,Tran Van Hieu,2026-06-21,2410000,SUCCESS,EV-010
O-01479,C-01561,Pham Van Son,2026-07-02,4773000,SUCCESS,EV-002
O-01480,C-01646,Hoang Van Trung,2026-07-03,1836000,SUCCESS,EV-006
O-01481,C-01126,Vu Van Cuong,2026-07-03,1732000,SUCCESS,EV-006
O-01482,C-00191,Hoang Van Hung,2026-07-07,4280000,SUCCESS,EV-006
O-01483,C-00987,Tran Van Dung,2026-07-13,4636000,FAILED,EV-006
O-01484,C-01252,Nguyen Van Cuong,2026-06-26,505000,SUCCESS,EV-002
O-01485,C-01821,Vu Van Quang,2026-06-21,4479000,SUCCESS,EV-009
O-01486,C-01857,Pham Van Cuong,2026-07-12,2248000,SUCCESS,EV-004
O-01487,C-01258,Vo Van Dung,2026-07-10,775000,SUCCESS,EV-003
O-01488,C-00907,Le Van Hieu,2026-06-19,2912000,SUCCESS,EV-009
O-01489,C-01306,Vu Van Linh,2026-06-23,1871000,SUCCESS,EV-004
O-01490,C-01581,Vo Van Cuong,2026-07-02,3140000,SUCCESS,EV-009
O-01491,C-00669,Pham Van Phuc,2026-06-19,496000,SUCCESS,EV-009
O-01492,C-00516,Nguyen Van Phuc,2026-07-06,3821000,SUCCESS,EV-004
O-01493,C-00953,Hoang Van Linh,2026-07-04,3908000,SUCCESS,EV-004
O-01494,C-01282,Dang Van Khanh,2026-06-26,544000,SUCCESS,EV-009
O-01495,C-01647,Nguyen Van Khanh,2026-07-12,2531000,SUCCESS,EV-007
O-01496,C-00825,Dang Van Linh,2026-06-21,1824000,SUCCESS,EV-009
O-01497,C-01400,Vo Van Hieu,2026-07-09,152000,SUCCESS,EV-003
O-01498,C-01697,Vo Van Nam,2026-06-26,4652000,SUCCESS,EV-004
O-01499,C-00106,Vo Van Khanh,2026-07-16,2086000,FAILED,EV-009
O-01500,C-01191,Pham Van Binh,2026-07-17,2988000,SUCCESS,EV-010
O-01501,C-00633,Le Van Khanh,2026-06-29,3492000,SUCCESS,EV-001
O-01502,C-01721,Phan Van Thanh,2026-06-30,4344000,SUCCESS,EV-007
O-01503,C-00748,Bui Van Phuc,2026-07-03,1996000,SUCCESS,EV-001
O-01504,C-00721,Dang Van Thanh,2026-07-18,3500000,SUCCESS,EV-005
O-01505,C-00806,Nguyen Van Binh,2026-06-28,3897000,FAILED,EV-001
O-01506,C-00324,Dang Van Nam,2026-07-13,4927000,FAILED,EV-006
O-01507,C-00058,Bui Van Anh,2026-07-04,4519000,SUCCESS,EV-009
O-01508,C-00549,Tran Van Khanh,2026-07-13,3210000,SUCCESS,EV-004
O-01509,C-01041,Tran Van Minh,2026-06-27,2757000,SUCCESS,EV-009
O-01510,C-00173,Dang Van Linh,2026-06-30,2999000,SUCCESS,EV-001
O-01511,C-01821,Vu Van Quang,2026-07-18,3222000,SUCCESS,EV-002
O-01512,C-01544,Tran Van Dung,2026-06-23,530000,SUCCESS,EV-002
O-01513,C-00099,Dang Van Son,2026-06-22,241000,SUCCESS,EV-005
O-01514,C-01531,Dang Van Nam,2026-06-20,3230000,SUCCESS,EV-007
O-01515,C-00032,Pham Van Hieu,2026-07-07,872000,SUCCESS,EV-005
O-01516,C-00956,Tran Van Khanh,2026-07-03,901000,SUCCESS,EV-003
O-01517,C-00975,Phan Van Linh,2026-07-06,1178000,SUCCESS,EV-007
O-01518,C-01924,Hoang Van Thanh,2026-06-25,3601000,SUCCESS,EV-003
O-01519,C-00416,Le Van Dung,2026-07-17,576000,SUCCESS,EV-006
O-01520,C-01944,Nguyen Van Dung,2026-07-07,4314000,SUCCESS,EV-004
O-01521,C-00732,Vu Van Phuc,2026-06-30,872000,SUCCESS,EV-005
O-01522,C-01306,Vu Van Linh,2026-07-05,3810000,SUCCESS,EV-007
O-01523,C-01550,Bui Van Phuc,2026-06-24,1782000,SUCCESS,EV-009
O-01524,C-01852,Dang Van Hieu,2026-06-29,2436000,SUCCESS,EV-010
O-01525,C-00618,Tran Van Dung,2026-07-04,2994000,SUCCESS,EV-004
O-01526,C-01664,Le Van Hieu,2026-06-21,2714000,SUCCESS,EV-007
O-01527,C-01684,Le Van Cuong,2026-06-19,2606000,SUCCESS,EV-006
O-01528,C-01714,Pham Van Khanh,2026-07-14,969000,SUCCESS,EV-002
O-01529,C-01039,Hoang Van Binh,2026-07-18,3938000,SUCCESS,EV-005
O-01530,C-00268,Dang Van Linh,2026-06-23,4802000,SUCCESS,EV-008
O-01531,C-01722,Vu Van Nam,2026-07-07,4569000,SUCCESS,EV-005
O-01532,C-01659,Dang Van Son,2026-07-13,1861000,SUCCESS,EV-008
O-01533,C-00151,Vo Van Phuc,2026-07-11,185000,SUCCESS,EV-004
O-01534,C-01742,Vu Van Thanh,2026-07-11,3141000,SUCCESS,EV-006
O-01535,C-00517,Nguyen Van Cuong,2026-07-10,237000,SUCCESS,EV-005
O-01536,C-00214,Bui Van Trung,2026-06-24,4362000,SUCCESS,EV-004
O-01537,C-00226,Le Van Minh,2026-06-25,3984000,FAILED,EV-007
O-01538,C-01002,Nguyen Van Minh,2026-06-25,3365000,SUCCESS,EV-009
O-01539,C-01679,Dang Van Linh,2026-07-09,3855000,SUCCESS,EV-005
O-01540,C-00774,Nguyen Van Son,2026-07-07,3884000,SUCCESS,EV-003
O-01541,C-01839,Bui Van Khanh,2026-06-28,4240000,SUCCESS,EV-003
O-01542,C-01749,Tran Van Khanh,2026-06-19,1123000,SUCCESS,EV-001
O-01543,C-01068,Dang Van Minh,2026-06-27,1359000,SUCCESS,EV-004
O-01544,C-00615,Le Van Hung,2026-07-01,886000,SUCCESS,EV-003
O-01545,C-01290,Phan Van Dung,2026-07-13,701000,SUCCESS,EV-006
O-01546,C-01543,Dang Van Trung,2026-07-08,2189000,SUCCESS,EV-001
O-01547,C-01524,Phan Van Quang,2026-06-24,1315000,SUCCESS,EV-006
O-01548,C-00060,Vo Van Anh,2026-07-11,3093000,SUCCESS,EV-010
O-01549,C-00415,Vu Van Dung,2026-07-03,2408000,SUCCESS,EV-002
O-01550,C-00645,Nguyen Van Hung,2026-07-07,1469000,SUCCESS,EV-009
O-01551,C-00230,Bui Van Cuong,2026-07-05,2098000,SUCCESS,EV-006
O-01552,C-01038,Vo Van Linh,2026-06-19,2724000,SUCCESS,EV-009
O-01553,C-00384,Vu Van Khanh,2026-06-21,4332000,SUCCESS,EV-007
O-01554,C-01662,Phan Van Son,2026-06-22,449000,SUCCESS,EV-010
O-01555,C-01451,Dang Van Binh,2026-07-09,1488000,SUCCESS,EV-005
O-01556,C-00051,Tran Van Quang,2026-07-06,3351000,SUCCESS,EV-010
O-01557,C-01599,Vu Van Phuc,2026-07-12,1985000,SUCCESS,EV-001
O-01558,C-01381,Phan Van Son,2026-06-30,776000,SUCCESS,EV-010
O-01559,C-00615,Le Van Hung,2026-07-03,2469000,SUCCESS,EV-007
O-01560,C-00274,Phan Van Hung,2026-06-27,4286000,SUCCESS,EV-008
O-01561,C-00479,Pham Van Minh,2026-07-07,4805000,SUCCESS,EV-002
O-01562,C-01935,Dang Van Anh,2026-06-24,2334000,SUCCESS,EV-007
O-01563,C-00936,Tran Van Minh,2026-07-02,391000,SUCCESS,EV-003
O-01564,C-00839,Bui Van Minh,2026-07-14,3386000,SUCCESS,EV-007
O-01565,C-01888,Pham Van Minh,2026-07-04,4459000,SUCCESS,EV-007
O-01566,C-00709,Pham Van Dung,2026-07-08,3599000,SUCCESS,EV-009
O-01567,C-00592,Nguyen Van Thanh,2026-07-01,220000,SUCCESS,EV-006
O-01568,C-01650,Pham Van Cuong,2026-07-16,319000,SUCCESS,EV-009
O-01569,C-01338,Phan Van Cuong,2026-06-24,1919000,SUCCESS,EV-002
O-01570,C-01815,Vo Van Binh,2026-07-01,363000,SUCCESS,EV-009
O-01571,C-01683,Tran Van Anh,2026-07-05,2056000,SUCCESS,EV-002
O-01572,C-01139,Phan Van Son,2026-07-08,1646000,SUCCESS,EV-008
O-01573,C-00437,Le Van Nam,2026-06-20,3756000,SUCCESS,EV-002
O-01574,C-01627,Vo Van Phuc,2026-07-09,3513000,FAILED,EV-002
O-01575,C-01707,Tran Van Thanh,2026-06-24,1414000,SUCCESS,EV-005
O-01576,C-01297,Bui Van Dung,2026-07-10,1672000,SUCCESS,EV-004
O-01577,C-00476,Vo Van Dung,2026-07-17,447000,FAILED,EV-008
O-01578,C-00952,Dang Van Dung,2026-06-24,4117000,SUCCESS,EV-002
O-01579,C-01951,Dang Van Hung,2026-07-06,3715000,SUCCESS,EV-007
O-01580,C-01489,Le Van Quang,2026-07-10,3677000,SUCCESS,EV-004
O-01581,C-01955,Phan Van Hung,2026-06-29,1425000,SUCCESS,EV-007
O-01582,C-00854,Nguyen Van Dung,2026-07-06,2257000,SUCCESS,EV-006
O-01583,C-01767,Pham Van Khanh,2026-06-21,127000,SUCCESS,EV-003
O-01584,C-01866,Hoang Van Nam,2026-07-07,942000,SUCCESS,EV-009
O-01585,C-00716,Le Van Minh,2026-06-23,3688000,SUCCESS,EV-003
O-01586,C-00094,Le Van Quang,2026-06-30,4156000,SUCCESS,EV-001
O-01587,C-01004,Pham Van Thanh,2026-06-20,2743000,SUCCESS,EV-006
O-01588,C-01101,Dang Van Dung,2026-07-09,3579000,SUCCESS,EV-010
O-01589,C-01925,Dang Van Nam,2026-07-18,3912000,SUCCESS,EV-003
O-01590,C-01962,Hoang Van Phuc,2026-06-19,3545000,SUCCESS,EV-006
O-01591,C-01293,Bui Van Linh,2026-07-18,2166000,SUCCESS,EV-002
O-01592,C-00646,Dang Van Anh,2026-06-21,4736000,FAILED,EV-004
O-01593,C-00807,Le Van Nam,2026-06-29,2976000,SUCCESS,EV-008
O-01594,C-00784,Pham Van Phuc,2026-07-13,4747000,FAILED,EV-007
O-01595,C-00429,Vu Van Thanh,2026-07-18,2325000,FAILED,EV-008
O-01596,C-01756,Hoang Van Dung,2026-07-11,293000,SUCCESS,EV-006
O-01597,C-01369,Nguyen Van Quang,2026-06-21,2300000,SUCCESS,EV-004
O-01598,C-01967,Vu Van Minh,2026-07-16,1773000,SUCCESS,EV-010
O-01599,C-01346,Tran Van Hieu,2026-07-03,1260000,SUCCESS,EV-003
O-01600,C-01948,Phan Van Cuong,2026-07-13,3864000,SUCCESS,EV-009
O-01601,C-01203,Vo Van Quang,2026-06-20,3028000,SUCCESS,EV-003
O-01602,C-00126,Dang Van Dung,2026-07-03,800000,SUCCESS,EV-009
O-01603,C-01824,Nguyen Van Nam,2026-06-27,166000,SUCCESS,EV-010
O-01604,C-01614,Vo Van Anh,2026-07-09,566000,SUCCESS,EV-003
O-01605,C-00036,Vo Van Cuong,2026-06-27,1848000,SUCCESS,EV-009
O-01606,C-00608,Pham Van Khanh,2026-07-03,2049000,SUCCESS,EV-009
O-01607,C-00635,Hoang Van Minh,2026-06-27,4128000,SUCCESS,EV-002
O-01608,C-01883,Dang Van Khanh,2026-07-09,1956000,SUCCESS,EV-001
O-01609,C-01065,Nguyen Van Minh,2026-06-24,2372000,SUCCESS,EV-009
O-01610,C-01574,Pham Van Thanh,2026-07-05,2205000,SUCCESS,EV-010
O-01611,C-01714,Pham Van Khanh,2026-06-20,4913000,SUCCESS,EV-005
O-01612,C-00024,Vu Van Hieu,2026-06-21,4875000,SUCCESS,EV-003
O-01613,C-00703,Phan Van Son,2026-07-07,1033000,FAILED,EV-007
O-01614,C-01799,Le Van Phuc,2026-07-16,3339000,SUCCESS,EV-005
O-01615,C-01781,Phan Van Quang,2026-07-14,4631000,SUCCESS,EV-002
O-01616,C-00407,Pham Van Linh,2026-06-29,2389000,SUCCESS,EV-008
O-01617,C-01998,Nguyen Van Phuc,2026-07-09,1494000,SUCCESS,EV-010
O-01618,C-00183,Vu Van Linh,2026-07-08,1682000,SUCCESS,EV-004
O-01619,C-01885,Vo Van Minh,2026-06-20,3819000,FAILED,EV-009
O-01620,C-00907,Le Van Hieu,2026-06-22,2846000,SUCCESS,EV-006
O-01621,C-01856,Phan Van Linh,2026-07-12,1162000,SUCCESS,EV-010
O-01622,C-00271,Hoang Van Phuc,2026-07-15,3916000,SUCCESS,EV-001
O-01623,C-01460,Vu Van Anh,2026-06-28,540000,SUCCESS,EV-002
O-01624,C-01358,Le Van Khanh,2026-07-16,1920000,SUCCESS,EV-002
O-01625,C-00500,Le Van Linh,2026-06-20,279000,SUCCESS,EV-008
O-01626,C-00681,Vo Van Cuong,2026-06-24,2904000,SUCCESS,EV-008
O-01627,C-00882,Le Van Trung,2026-07-18,4319000,SUCCESS,EV-010
O-01628,C-00364,Hoang Van Phuc,2026-07-17,4606000,SUCCESS,EV-003
O-01629,C-01618,Tran Van Quang,2026-06-23,4056000,SUCCESS,EV-003
O-01630,C-00944,Vu Van Khanh,2026-07-06,2098000,SUCCESS,EV-002
O-01631,C-01259,Nguyen Van Anh,2026-06-21,1299000,SUCCESS,EV-005
O-01632,C-00444,Dang Van Hieu,2026-06-23,1833000,SUCCESS,EV-008
O-01633,C-00960,Bui Van Phuc,2026-07-06,887000,SUCCESS,EV-002
O-01634,C-00749,Hoang Van Hieu,2026-07-03,4532000,SUCCESS,EV-006
O-01635,C-00826,Phan Van Nam,2026-06-21,3644000,SUCCESS,EV-009
O-01636,C-00734,Vu Van Thanh,2026-07-14,4882000,SUCCESS,EV-005
O-01637,C-00284,Vo Van Hung,2026-06-23,3027000,SUCCESS,EV-006
O-01638,C-00282,Vo Van Thanh,2026-07-07,1241000,SUCCESS,EV-007
O-01639,C-00806,Nguyen Van Binh,2026-07-01,1653000,SUCCESS,EV-004
O-01640,C-00862,Bui Van Hieu,2026-06-21,820000,SUCCESS,EV-003
O-01641,C-01138,Vu Van Khanh,2026-06-29,2594000,SUCCESS,EV-001
O-01642,C-00073,Phan Van Nam,2026-07-08,173000,SUCCESS,EV-008
O-01643,C-00597,Hoang Van Trung,2026-06-21,1650000,SUCCESS,EV-007
O-01644,C-00416,Le Van Dung,2026-07-07,3149000,SUCCESS,EV-001
O-01645,C-00125,Nguyen Van Khanh,2026-07-15,4197000,SUCCESS,EV-007
O-01646,C-00862,Bui Van Hieu,2026-07-17,192000,SUCCESS,EV-004
O-01647,C-01870,Pham Van Hieu,2026-07-05,128000,SUCCESS,EV-010
O-01648,C-01026,Vo Van Nam,2026-06-23,1697000,SUCCESS,EV-002
O-01649,C-01259,Nguyen Van Anh,2026-07-16,4918000,FAILED,EV-006
O-01650,C-01541,Nguyen Van Thanh,2026-06-25,4225000,SUCCESS,EV-009
O-01651,C-00511,Phan Van Hung,2026-06-24,2750000,SUCCESS,EV-006
O-01652,C-00034,Vo Van Anh,2026-07-17,2530000,SUCCESS,EV-009
O-01653,C-01475,Hoang Van Anh,2026-07-17,1919000,SUCCESS,EV-008
O-01654,C-01889,Vu Van Thanh,2026-07-09,4376000,SUCCESS,EV-006
O-01655,C-01811,Vo Van Minh,2026-07-02,1800000,SUCCESS,EV-008
O-01656,C-01714,Pham Van Khanh,2026-07-01,4315000,SUCCESS,EV-006
O-01657,C-01005,Dang Van Thanh,2026-06-26,2057000,SUCCESS,EV-006
O-01658,C-00038,Hoang Van Linh,2026-06-26,2240000,SUCCESS,EV-003
O-01659,C-01304,Bui Van Nam,2026-07-17,2908000,SUCCESS,EV-001
O-01660,C-01234,Hoang Van Dung,2026-07-16,4762000,SUCCESS,EV-006
O-01661,C-00835,Hoang Van Khanh,2026-07-05,4745000,SUCCESS,EV-006
O-01662,C-00269,Hoang Van Minh,2026-07-01,1482000,SUCCESS,EV-008
O-01663,C-00670,Le Van Nam,2026-07-01,821000,SUCCESS,EV-007
O-01664,C-01301,Hoang Van Hieu,2026-07-01,3278000,SUCCESS,EV-009
O-01665,C-00517,Nguyen Van Cuong,2026-06-23,207000,SUCCESS,EV-010
O-01666,C-00082,Vu Van Binh,2026-07-01,649000,SUCCESS,EV-003
O-01667,C-01801,Le Van Hieu,2026-06-29,1205000,FAILED,EV-009
O-01668,C-01857,Pham Van Cuong,2026-07-02,3322000,SUCCESS,EV-009
O-01669,C-00891,Bui Van Son,2026-07-10,4504000,SUCCESS,EV-001
O-01670,C-00017,Vu Van Anh,2026-07-10,2485000,SUCCESS,EV-007
O-01671,C-00567,Nguyen Van Son,2026-07-18,656000,SUCCESS,EV-003
O-01672,C-01786,Le Van Son,2026-07-13,3713000,SUCCESS,EV-003
O-01673,C-00301,Hoang Van Khanh,2026-07-17,1836000,SUCCESS,EV-004
O-01674,C-01841,Nguyen Van Trung,2026-07-01,556000,SUCCESS,EV-006
O-01675,C-01140,Tran Van Hieu,2026-06-22,1204000,SUCCESS,EV-008
O-01676,C-00477,Nguyen Van Son,2026-07-07,2717000,SUCCESS,EV-007
O-01677,C-01901,Nguyen Van Trung,2026-06-30,2498000,SUCCESS,EV-009
O-01678,C-00702,Le Van Linh,2026-06-26,276000,FAILED,EV-009
O-01679,C-01687,Bui Van Hung,2026-07-04,1541000,SUCCESS,EV-003
O-01680,C-00068,Bui Van Khanh,2026-06-29,2995000,SUCCESS,EV-007
O-01681,C-01517,Nguyen Van Minh,2026-07-01,962000,SUCCESS,EV-005
O-01682,C-00050,Bui Van Quang,2026-07-15,494000,SUCCESS,EV-001
O-01683,C-01582,Pham Van Hung,2026-06-22,1426000,SUCCESS,EV-003
O-01684,C-01225,Hoang Van Phuc,2026-07-17,4640000,SUCCESS,EV-009
O-01685,C-01029,Dang Van Hieu,2026-07-07,2220000,SUCCESS,EV-004
O-01686,C-01481,Hoang Van Linh,2026-06-23,4644000,FAILED,EV-009
O-01687,C-01720,Vo Van Linh,2026-06-23,921000,SUCCESS,EV-004
O-01688,C-01220,Bui Van Hung,2026-06-19,4992000,SUCCESS,EV-004
O-01689,C-00045,Phan Van Quang,2026-06-30,1658000,SUCCESS,EV-003
O-01690,C-00407,Pham Van Linh,2026-06-28,1794000,SUCCESS,EV-009
O-01691,C-00617,Phan Van Nam,2026-06-27,579000,SUCCESS,EV-006
O-01692,C-01349,Vu Van Linh,2026-07-05,2635000,SUCCESS,EV-005
O-01693,C-00962,Vu Van Thanh,2026-07-01,1001000,SUCCESS,EV-007
O-01694,C-01422,Phan Van Binh,2026-07-11,1062000,SUCCESS,EV-009
O-01695,C-01294,Le Van Son,2026-06-28,4358000,SUCCESS,EV-008
O-01696,C-00507,Pham Van Linh,2026-07-10,3232000,SUCCESS,EV-010
O-01697,C-00707,Bui Van Anh,2026-06-29,3048000,SUCCESS,EV-009
O-01698,C-01022,Pham Van Anh,2026-07-17,1277000,SUCCESS,EV-003
O-01699,C-01715,Bui Van Nam,2026-06-22,2420000,SUCCESS,EV-006
O-01700,C-00677,Pham Van Son,2026-07-15,1648000,SUCCESS,EV-005
O-01701,C-01599,Vu Van Phuc,2026-07-04,1637000,SUCCESS,EV-010
O-01702,C-00377,Vo Van Dung,2026-06-24,3869000,SUCCESS,EV-005
O-01703,C-00291,Nguyen Van Trung,2026-07-12,1858000,SUCCESS,EV-006
O-01704,C-00189,Phan Van Son,2026-07-16,4648000,FAILED,EV-001
O-01705,C-01201,Vu Van Quang,2026-06-25,3589000,SUCCESS,EV-004
O-01706,C-00592,Nguyen Van Thanh,2026-06-22,3851000,SUCCESS,EV-009
O-01707,C-01973,Pham Van Binh,2026-07-11,4264000,SUCCESS,EV-006
O-01708,C-01685,Hoang Van Thanh,2026-06-25,644000,SUCCESS,EV-009
O-01709,C-00796,Pham Van Son,2026-07-01,4422000,SUCCESS,EV-005
O-01710,C-01851,Vo Van Khanh,2026-07-17,3269000,SUCCESS,EV-010
O-01711,C-00462,Nguyen Van Dung,2026-06-24,4744000,SUCCESS,EV-005
O-01712,C-00167,Bui Van Thanh,2026-06-28,3880000,FAILED,EV-010
O-01713,C-01612,Phan Van Cuong,2026-06-20,568000,SUCCESS,EV-008
O-01714,C-01589,Tran Van Trung,2026-06-22,1284000,SUCCESS,EV-010
O-01715,C-01098,Vu Van Son,2026-07-14,1357000,SUCCESS,EV-004
O-01716,C-01308,Vu Van Minh,2026-06-29,4088000,SUCCESS,EV-002
O-01717,C-00140,Le Van Minh,2026-06-21,3861000,SUCCESS,EV-007
O-01718,C-00635,Hoang Van Minh,2026-06-26,3942000,SUCCESS,EV-001
O-01719,C-01658,Phan Van Nam,2026-07-13,2857000,SUCCESS,EV-003
O-01720,C-00219,Dang Van Quang,2026-07-14,2903000,SUCCESS,EV-004
O-01721,C-00187,Tran Van Nam,2026-06-29,2117000,SUCCESS,EV-008
O-01722,C-00652,Vu Van Dung,2026-06-27,3134000,SUCCESS,EV-010
O-01723,C-00066,Bui Van Phuc,2026-07-17,4907000,SUCCESS,EV-008
O-01724,C-01982,Phan Van Linh,2026-06-25,4496000,SUCCESS,EV-003
O-01725,C-00533,Pham Van Hung,2026-07-13,1955000,FAILED,EV-005
O-01726,C-01847,Nguyen Van Linh,2026-07-05,2825000,SUCCESS,EV-005
O-01727,C-00781,Phan Van Hieu,2026-06-20,415000,SUCCESS,EV-002
O-01728,C-00139,Tran Van Linh,2026-07-10,4135000,FAILED,EV-006
O-01729,C-00629,Phan Van Khanh,2026-07-08,3035000,SUCCESS,EV-005
O-01730,C-01598,Hoang Van Son,2026-07-16,3017000,SUCCESS,EV-004
O-01731,C-00452,Phan Van Anh,2026-06-28,3916000,FAILED,EV-004
O-01732,C-00026,Bui Van Phuc,2026-07-12,4245000,FAILED,EV-004
O-01733,C-01293,Bui Van Linh,2026-07-12,4591000,FAILED,EV-005
O-01734,C-01307,Hoang Van Cuong,2026-07-11,3589000,SUCCESS,EV-001
O-01735,C-01486,Bui Van Thanh,2026-07-13,1793000,SUCCESS,EV-010
O-01736,C-01631,Hoang Van Dung,2026-07-12,3122000,SUCCESS,EV-002
O-01737,C-00408,Nguyen Van Binh,2026-07-16,694000,FAILED,EV-009
O-01738,C-01954,Dang Van Trung,2026-06-23,3683000,SUCCESS,EV-003
O-01739,C-00576,Pham Van Hung,2026-06-25,1221000,SUCCESS,EV-003
O-01740,C-00976,Bui Van Hung,2026-07-18,4195000,SUCCESS,EV-002
O-01741,C-00574,Tran Van Cuong,2026-06-25,935000,SUCCESS,EV-007
O-01742,C-00398,Nguyen Van Linh,2026-06-29,3143000,SUCCESS,EV-003
O-01743,C-01658,Phan Van Nam,2026-06-25,2041000,SUCCESS,EV-003
O-01744,C-01064,Phan Van Linh,2026-07-14,3331000,SUCCESS,EV-010
O-01745,C-01749,Tran Van Khanh,2026-07-16,4691000,FAILED,EV-001
O-01746,C-00311,Pham Van Minh,2026-06-29,3502000,SUCCESS,EV-008
O-01747,C-01615,Vu Van Hieu,2026-07-03,1521000,SUCCESS,EV-007
O-01748,C-01962,Hoang Van Phuc,2026-07-05,3385000,SUCCESS,EV-002
O-01749,C-01031,Hoang Van Binh,2026-07-07,1372000,SUCCESS,EV-006
O-01750,C-00261,Le Van Dung,2026-07-15,1246000,SUCCESS,EV-001
O-01751,C-01376,Dang Van Trung,2026-07-04,4030000,FAILED,EV-006
O-01752,C-01542,Tran Van Son,2026-06-23,4920000,SUCCESS,EV-010
O-01753,C-00343,Phan Van Trung,2026-07-06,993000,SUCCESS,EV-005
O-01754,C-01922,Hoang Van Cuong,2026-06-23,344000,SUCCESS,EV-008
O-01755,C-01028,Pham Van Khanh,2026-07-17,715000,SUCCESS,EV-005
O-01756,C-00636,Bui Van Hieu,2026-06-20,1233000,SUCCESS,EV-007
O-01757,C-00158,Vu Van Binh,2026-06-22,179000,FAILED,EV-008
O-01758,C-01673,Nguyen Van Binh,2026-06-23,3693000,SUCCESS,EV-004
O-01759,C-01554,Le Van Hieu,2026-06-30,4115000,SUCCESS,EV-001
O-01760,C-00077,Le Van Binh,2026-06-27,3598000,SUCCESS,EV-005
O-01761,C-01675,Vu Van Son,2026-07-15,1254000,SUCCESS,EV-002
O-01762,C-00011,Tran Van Son,2026-07-14,773000,SUCCESS,EV-006
O-01763,C-01011,Vo Van Nam,2026-07-11,1725000,SUCCESS,EV-004
O-01764,C-00836,Vo Van Khanh,2026-06-23,806000,SUCCESS,EV-008
O-01765,C-00332,Hoang Van Binh,2026-07-06,2853000,SUCCESS,EV-005
O-01766,C-00470,Vo Van Linh,2026-07-16,794000,SUCCESS,EV-002
O-01767,C-01184,Hoang Van Son,2026-07-16,1224000,SUCCESS,EV-010
O-01768,C-01434,Tran Van Trung,2026-07-09,2809000,SUCCESS,EV-002
O-01769,C-01237,Hoang Van Nam,2026-06-29,1476000,SUCCESS,EV-004
O-01770,C-01578,Dang Van Son,2026-07-07,1256000,SUCCESS,EV-003
O-01771,C-00705,Hoang Van Minh,2026-07-05,4905000,SUCCESS,EV-010
O-01772,C-01439,Hoang Van Thanh,2026-07-04,1186000,SUCCESS,EV-010
O-01773,C-00874,Bui Van Quang,2026-07-06,3348000,SUCCESS,EV-003
O-01774,C-01238,Phan Van Cuong,2026-06-29,3289000,SUCCESS,EV-010
O-01775,C-00337,Bui Van Dung,2026-07-05,3416000,SUCCESS,EV-010
O-01776,C-01329,Bui Van Trung,2026-06-25,1548000,SUCCESS,EV-004
O-01777,C-00304,Tran Van Thanh,2026-06-25,3125000,SUCCESS,EV-009
O-01778,C-01532,Pham Van Dung,2026-06-22,2814000,SUCCESS,EV-010
O-01779,C-00214,Bui Van Trung,2026-07-16,4989000,SUCCESS,EV-008
O-01780,C-01562,Pham Van Binh,2026-07-13,4531000,SUCCESS,EV-005
O-01781,C-00741,Vo Van Binh,2026-06-30,2900000,SUCCESS,EV-006
O-01782,C-01138,Vu Van Khanh,2026-07-13,2515000,SUCCESS,EV-002
O-01783,C-00287,Vu Van Khanh,2026-07-10,4961000,SUCCESS,EV-002
O-01784,C-00883,Tran Van Cuong,2026-06-20,742000,SUCCESS,EV-004
O-01785,C-00985,Vo Van Hieu,2026-07-01,4371000,SUCCESS,EV-006
O-01786,C-01476,Dang Van Quang,2026-07-13,195000,SUCCESS,EV-007
O-01787,C-01751,Hoang Van Binh,2026-06-26,4999000,SUCCESS,EV-003
O-01788,C-01950,Pham Van Son,2026-06-27,2335000,SUCCESS,EV-002
O-01789,C-00132,Vu Van Binh,2026-06-20,3928000,SUCCESS,EV-002
O-01790,C-00937,Bui Van Dung,2026-07-09,1187000,SUCCESS,EV-003
O-01791,C-01410,Bui Van Phuc,2026-07-09,4333000,SUCCESS,EV-008
O-01792,C-00019,Hoang Van Anh,2026-07-09,137000,SUCCESS,EV-007
O-01793,C-01182,Hoang Van Hieu,2026-06-24,780000,SUCCESS,EV-005
O-01794,C-00866,Le Van Hieu,2026-07-07,3651000,SUCCESS,EV-008
O-01795,C-00908,Vo Van Thanh,2026-07-08,2037000,SUCCESS,EV-008
O-01796,C-00538,Pham Van Quang,2026-07-02,3949000,SUCCESS,EV-002
O-01797,C-00503,Pham Van Thanh,2026-07-13,4610000,SUCCESS,EV-010
O-01798,C-00468,Nguyen Van Cuong,2026-06-20,3723000,SUCCESS,EV-001
O-01799,C-00367,Phan Van Cuong,2026-06-30,1294000,SUCCESS,EV-008
O-01800,C-00823,Vu Van Khanh,2026-06-22,4847000,SUCCESS,EV-005
O-01801,C-00684,Pham Van Trung,2026-07-08,1469000,SUCCESS,EV-001
O-01802,C-01129,Tran Van Trung,2026-07-05,670000,FAILED,EV-009
O-01803,C-01868,Pham Van Hung,2026-06-28,1355000,SUCCESS,EV-001
O-01804,C-00205,Hoang Van Thanh,2026-06-25,1145000,SUCCESS,EV-003
O-01805,C-00326,Nguyen Van Hieu,2026-07-18,2450000,SUCCESS,EV-003
O-01806,C-01829,Tran Van Hieu,2026-06-27,2354000,SUCCESS,EV-009
O-01807,C-01419,Le Van Minh,2026-07-04,2519000,SUCCESS,EV-006
O-01808,C-00254,Vo Van Cuong,2026-07-07,4696000,SUCCESS,EV-001
O-01809,C-00058,Bui Van Anh,2026-07-02,744000,SUCCESS,EV-003
O-01810,C-00601,Vu Van Anh,2026-07-07,4007000,SUCCESS,EV-006
O-01811,C-01747,Tran Van Thanh,2026-06-21,3294000,SUCCESS,EV-002
O-01812,C-00857,Nguyen Van Thanh,2026-06-25,3990000,SUCCESS,EV-010
O-01813,C-00898,Nguyen Van Thanh,2026-07-01,789000,SUCCESS,EV-007
O-01814,C-01470,Tran Van Minh,2026-07-18,2123000,SUCCESS,EV-008
O-01815,C-01604,Phan Van Hieu,2026-06-25,1179000,SUCCESS,EV-010
O-01816,C-00455,Dang Van Hieu,2026-07-18,3432000,SUCCESS,EV-005
O-01817,C-01394,Bui Van Phuc,2026-07-04,3516000,SUCCESS,EV-005
O-01818,C-01941,Le Van Son,2026-07-09,3747000,SUCCESS,EV-001
O-01819,C-01985,Phan Van Anh,2026-07-11,4557000,SUCCESS,EV-009
O-01820,C-01731,Bui Van Thanh,2026-07-04,4545000,FAILED,EV-001
O-01821,C-01137,Hoang Van Hieu,2026-06-26,479000,SUCCESS,EV-007
O-01822,C-01623,Hoang Van Minh,2026-07-07,4434000,SUCCESS,EV-004
O-01823,C-01958,Bui Van Trung,2026-07-13,2923000,SUCCESS,EV-005
O-01824,C-01079,Phan Van Binh,2026-06-28,251000,SUCCESS,EV-001
O-01825,C-01582,Pham Van Hung,2026-07-06,1343000,SUCCESS,EV-010
O-01826,C-00696,Dang Van Khanh,2026-06-30,3103000,SUCCESS,EV-010
O-01827,C-01712,Tran Van Phuc,2026-07-15,2314000,SUCCESS,EV-007
O-01828,C-00859,Dang Van Khanh,2026-07-07,1155000,SUCCESS,EV-002
O-01829,C-00022,Vu Van Hung,2026-07-14,380000,FAILED,EV-005
O-01830,C-00140,Le Van Minh,2026-07-15,3498000,SUCCESS,EV-008
O-01831,C-00009,Nguyen Van Hieu,2026-07-13,1083000,SUCCESS,EV-008
O-01832,C-01770,Phan Van Hieu,2026-07-12,2051000,SUCCESS,EV-001
O-01833,C-00089,Dang Van Dung,2026-07-08,1964000,SUCCESS,EV-007
O-01834,C-01847,Nguyen Van Linh,2026-06-24,2241000,SUCCESS,EV-001
O-01835,C-00849,Le Van Cuong,2026-07-04,4204000,SUCCESS,EV-002
O-01836,C-00095,Dang Van Hung,2026-06-23,4471000,SUCCESS,EV-005
O-01837,C-01588,Dang Van Cuong,2026-07-17,4448000,SUCCESS,EV-008
O-01838,C-00503,Pham Van Thanh,2026-07-12,2296000,SUCCESS,EV-003
O-01839,C-00855,Phan Van Hieu,2026-07-13,2547000,SUCCESS,EV-009
O-01840,C-01368,Dang Van Binh,2026-07-16,1134000,SUCCESS,EV-003
O-01841,C-00855,Phan Van Hieu,2026-07-17,2613000,SUCCESS,EV-002
O-01842,C-01765,Vo Van Trung,2026-07-09,4763000,SUCCESS,EV-002
O-01843,C-01381,Phan Van Son,2026-06-20,1993000,SUCCESS,EV-002
O-01844,C-01975,Hoang Van Hung,2026-07-01,4504000,SUCCESS,EV-001
O-01845,C-00476,Vo Van Dung,2026-06-29,1075000,SUCCESS,EV-004
O-01846,C-01949,Dang Van Quang,2026-07-14,4863000,SUCCESS,EV-010
O-01847,C-00086,Hoang Van Phuc,2026-06-24,2892000,SUCCESS,EV-010
O-01848,C-01360,Nguyen Van Minh,2026-07-10,1228000,SUCCESS,EV-009
O-01849,C-00677,Pham Van Son,2026-06-28,3732000,SUCCESS,EV-007
O-01850,C-01766,Phan Van Trung,2026-06-20,1227000,SUCCESS,EV-001
O-01851,C-01351,Tran Van Thanh,2026-07-10,2623000,FAILED,EV-008
O-01852,C-00129,Tran Van Quang,2026-07-13,4477000,SUCCESS,EV-006
O-01853,C-01459,Nguyen Van Khanh,2026-07-11,1875000,SUCCESS,EV-008
O-01854,C-01078,Dang Van Dung,2026-06-25,2695000,SUCCESS,EV-003
O-01855,C-00349,Vo Van Binh,2026-07-09,1471000,SUCCESS,EV-003
O-01856,C-01677,Nguyen Van Trung,2026-07-08,3118000,SUCCESS,EV-004
O-01857,C-01090,Bui Van Son,2026-07-11,3681000,SUCCESS,EV-006
O-01858,C-01996,Vu Van Phuc,2026-06-30,2911000,SUCCESS,EV-005
O-01859,C-01891,Tran Van Trung,2026-06-22,3725000,SUCCESS,EV-005
O-01860,C-00499,Hoang Van Hieu,2026-07-06,3285000,SUCCESS,EV-001
O-01861,C-01611,Pham Van Quang,2026-06-21,4603000,SUCCESS,EV-005
O-01862,C-01334,Le Van Quang,2026-07-18,3278000,FAILED,EV-003
O-01863,C-00152,Le Van Anh,2026-06-28,539000,SUCCESS,EV-005
O-01864,C-00730,Bui Van Nam,2026-06-23,879000,SUCCESS,EV-005
O-01865,C-01759,Hoang Van Hung,2026-07-13,4125000,SUCCESS,EV-003
O-01866,C-01781,Phan Van Quang,2026-07-14,1098000,SUCCESS,EV-008
O-01867,C-01660,Nguyen Van Dung,2026-06-20,3395000,SUCCESS,EV-003
O-01868,C-00509,Le Van Minh,2026-06-22,4356000,SUCCESS,EV-005
O-01869,C-01927,Dang Van Binh,2026-06-24,3529000,SUCCESS,EV-004
O-01870,C-00160,Hoang Van Khanh,2026-06-27,3200000,SUCCESS,EV-008
O-01871,C-01027,Vo Van Cuong,2026-07-03,1056000,SUCCESS,EV-007
O-01872,C-01126,Vu Van Cuong,2026-07-01,3676000,SUCCESS,EV-009
O-01873,C-01167,Dang Van Trung,2026-07-03,2291000,SUCCESS,EV-001
O-01874,C-00804,Vu Van Nam,2026-07-14,2035000,SUCCESS,EV-007
O-01875,C-00603,Bui Van Quang,2026-06-24,1417000,SUCCESS,EV-004
O-01876,C-00958,Bui Van Nam,2026-07-10,3333000,SUCCESS,EV-010
O-01877,C-01357,Nguyen Van Thanh,2026-06-23,3240000,SUCCESS,EV-010
O-01878,C-00151,Vo Van Phuc,2026-06-30,3552000,SUCCESS,EV-005
O-01879,C-00196,Phan Van Anh,2026-07-15,3687000,SUCCESS,EV-004
O-01880,C-00760,Phan Van Anh,2026-07-17,846000,SUCCESS,EV-006
O-01881,C-01417,Le Van Phuc,2026-06-26,679000,SUCCESS,EV-001
O-01882,C-01589,Tran Van Trung,2026-07-06,2740000,SUCCESS,EV-006
O-01883,C-00618,Tran Van Dung,2026-07-14,1399000,SUCCESS,EV-007
O-01884,C-01594,Tran Van Minh,2026-07-08,2113000,SUCCESS,EV-009
O-01885,C-01369,Nguyen Van Quang,2026-07-09,2799000,SUCCESS,EV-003
O-01886,C-01152,Dang Van Phuc,2026-07-15,4503000,SUCCESS,EV-006
O-01887,C-01840,Vo Van Khanh,2026-06-26,4651000,SUCCESS,EV-005
O-01888,C-01774,Hoang Van Khanh,2026-06-20,704000,SUCCESS,EV-009
O-01889,C-01562,Pham Van Binh,2026-06-22,1963000,SUCCESS,EV-008
O-01890,C-00622,Bui Van Khanh,2026-07-16,3034000,SUCCESS,EV-010
O-01891,C-00673,Vu Van Quang,2026-06-19,700000,SUCCESS,EV-008
O-01892,C-01021,Nguyen Van Thanh,2026-06-29,4822000,SUCCESS,EV-008
O-01893,C-01047,Pham Van Son,2026-07-16,3819000,SUCCESS,EV-007
O-01894,C-00176,Bui Van Khanh,2026-07-07,974000,FAILED,EV-004
O-01895,C-00674,Phan Van Son,2026-07-07,1916000,SUCCESS,EV-003
O-01896,C-01838,Pham Van Phuc,2026-07-02,4927000,SUCCESS,EV-001
O-01897,C-00043,Vu Van Dung,2026-07-17,625000,SUCCESS,EV-001
O-01898,C-00722,Vo Van Linh,2026-07-08,4002000,SUCCESS,EV-008
O-01899,C-01818,Tran Van Khanh,2026-07-04,138000,SUCCESS,EV-007
O-01900,C-01525,Dang Van Quang,2026-06-30,3764000,SUCCESS,EV-005
O-01901,C-01189,Bui Van Phuc,2026-06-26,1701000,SUCCESS,EV-001
O-01902,C-01417,Le Van Phuc,2026-06-26,2883000,FAILED,EV-004
O-01903,C-00288,Pham Van Son,2026-06-26,1666000,SUCCESS,EV-001
O-01904,C-01784,Le Van Linh,2026-06-27,2248000,SUCCESS,EV-007
O-01905,C-01187,Bui Van Cuong,2026-06-25,3472000,SUCCESS,EV-007
O-01906,C-01676,Dang Van Nam,2026-06-28,3045000,SUCCESS,EV-007
O-01907,C-01464,Vu Van Thanh,2026-06-26,3868000,SUCCESS,EV-002
O-01908,C-01369,Nguyen Van Quang,2026-07-18,3536000,SUCCESS,EV-002
O-01909,C-01849,Le Van Thanh,2026-06-20,4543000,SUCCESS,EV-008
O-01910,C-01541,Nguyen Van Thanh,2026-07-15,4958000,SUCCESS,EV-006
O-01911,C-00645,Nguyen Van Hung,2026-06-26,949000,SUCCESS,EV-002
O-01912,C-00602,Pham Van Quang,2026-06-20,4221000,FAILED,EV-005
O-01913,C-01718,Phan Van Minh,2026-07-02,2994000,SUCCESS,EV-003
O-01914,C-01517,Nguyen Van Minh,2026-06-24,1653000,SUCCESS,EV-009
O-01915,C-01216,Vo Van Binh,2026-06-21,1552000,SUCCESS,EV-008
O-01916,C-01838,Pham Van Phuc,2026-07-08,2339000,SUCCESS,EV-002
O-01917,C-00790,Tran Van Phuc,2026-06-24,4225000,FAILED,EV-009
O-01918,C-00295,Le Van Thanh,2026-07-18,4998000,SUCCESS,EV-004
O-01919,C-00914,Tran Van Khanh,2026-07-07,2161000,SUCCESS,EV-002
O-01920,C-00702,Le Van Linh,2026-06-28,4982000,SUCCESS,EV-008
O-01921,C-00706,Le Van Cuong,2026-06-20,2942000,SUCCESS,EV-010
O-01922,C-00081,Dang Van Son,2026-06-28,3603000,SUCCESS,EV-001
O-01923,C-00666,Vo Van Binh,2026-07-18,1343000,SUCCESS,EV-003
O-01924,C-00158,Vu Van Binh,2026-07-05,3165000,SUCCESS,EV-003
O-01925,C-01214,Nguyen Van Quang,2026-06-20,2878000,SUCCESS,EV-009
O-01926,C-01805,Pham Van Nam,2026-07-06,2911000,SUCCESS,EV-001
O-01927,C-00436,Bui Van Quang,2026-07-11,3519000,SUCCESS,EV-002
O-01928,C-01019,Pham Van Anh,2026-06-19,4892000,SUCCESS,EV-007
O-01929,C-00337,Bui Van Dung,2026-07-01,2137000,SUCCESS,EV-002
O-01930,C-01068,Dang Van Minh,2026-07-13,1505000,SUCCESS,EV-001
O-01931,C-01066,Tran Van Linh,2026-06-27,4788000,SUCCESS,EV-006
O-01932,C-00803,Vu Van Hung,2026-07-02,4485000,SUCCESS,EV-003
O-01933,C-01104,Nguyen Van Quang,2026-06-22,2744000,FAILED,EV-005
O-01934,C-00389,Le Van Anh,2026-06-28,4778000,SUCCESS,EV-001
O-01935,C-01888,Pham Van Minh,2026-06-20,4648000,SUCCESS,EV-006
O-01936,C-01688,Tran Van Linh,2026-07-05,263000,SUCCESS,EV-002
O-01937,C-01463,Bui Van Nam,2026-06-27,4663000,SUCCESS,EV-004
O-01938,C-00888,Hoang Van Hieu,2026-07-12,197000,SUCCESS,EV-007
O-01939,C-01445,Phan Van Minh,2026-06-27,3892000,SUCCESS,EV-001
O-01940,C-01999,Dang Van Trung,2026-07-08,3297000,SUCCESS,EV-001
O-01941,C-01298,Pham Van Hieu,2026-06-22,816000,FAILED,EV-001
O-01942,C-01123,Hoang Van Hung,2026-06-20,2216000,SUCCESS,EV-005
O-01943,C-00832,Phan Van Hieu,2026-07-10,688000,SUCCESS,EV-008
O-01944,C-00487,Phan Van Binh,2026-07-18,1972000,SUCCESS,EV-003
O-01945,C-00832,Phan Van Hieu,2026-07-18,1134000,SUCCESS,EV-002
O-01946,C-01387,Le Van Binh,2026-07-06,467000,SUCCESS,EV-002
O-01947,C-00856,Bui Van Hieu,2026-07-14,662000,SUCCESS,EV-009
O-01948,C-00236,Tran Van Hung,2026-06-27,2048000,SUCCESS,EV-007
O-01949,C-00912,Nguyen Van Dung,2026-07-17,3237000,SUCCESS,EV-009
O-01950,C-01904,Le Van Linh,2026-07-12,513000,SUCCESS,EV-005
O-01951,C-00107,Bui Van Quang,2026-07-11,416000,SUCCESS,EV-004
O-01952,C-01108,Tran Van Son,2026-07-04,1675000,SUCCESS,EV-007
O-01953,C-01040,Nguyen Van Trung,2026-07-18,1410000,SUCCESS,EV-007
O-01954,C-00163,Nguyen Van Trung,2026-07-10,1559000,SUCCESS,EV-007
O-01955,C-01401,Le Van Trung,2026-06-26,2269000,SUCCESS,EV-001
O-01956,C-01435,Nguyen Van Anh,2026-06-30,3239000,SUCCESS,EV-007
O-01957,C-01737,Nguyen Van Thanh,2026-07-06,1496000,SUCCESS,EV-006
O-01958,C-00879,Pham Van Thanh,2026-06-29,3003000,FAILED,EV-008
O-01959,C-01910,Nguyen Van Nam,2026-07-11,861000,SUCCESS,EV-010
O-01960,C-00601,Vu Van Anh,2026-07-08,4815000,FAILED,EV-004
O-01961,C-01524,Phan Van Quang,2026-07-18,3186000,FAILED,EV-009
O-01962,C-01113,Phan Van Anh,2026-07-16,4439000,FAILED,EV-005
O-01963,C-00870,Tran Van Quang,2026-06-28,1477000,SUCCESS,EV-003
O-01964,C-00894,Bui Van Linh,2026-07-06,2404000,SUCCESS,EV-002
O-01965,C-01199,Hoang Van Thanh,2026-07-08,1736000,FAILED,EV-003
O-01966,C-00475,Dang Van Quang,2026-07-15,4808000,SUCCESS,EV-009
O-01967,C-01840,Vo Van Khanh,2026-07-08,3040000,SUCCESS,EV-002
O-01968,C-01993,Tran Van Hung,2026-06-29,2923000,SUCCESS,EV-009
O-01969,C-01929,Le Van Hung,2026-06-26,3425000,SUCCESS,EV-003
O-01970,C-01980,Vu Van Minh,2026-07-15,1934000,SUCCESS,EV-006
O-01971,C-00510,Hoang Van Nam,2026-06-27,3659000,SUCCESS,EV-001
O-01972,C-01090,Bui Van Son,2026-07-04,3231000,SUCCESS,EV-005
O-01973,C-01901,Nguyen Van Trung,2026-07-05,3904000,SUCCESS,EV-006
O-01974,C-00291,Nguyen Van Trung,2026-06-30,2527000,SUCCESS,EV-001
O-01975,C-01289,Phan Van Cuong,2026-06-19,1297000,SUCCESS,EV-010
O-01976,C-01929,Le Van Hung,2026-06-19,4024000,SUCCESS,EV-009
O-01977,C-00620,Le Van Anh,2026-06-23,717000,FAILED,EV-003
O-01978,C-01597,Nguyen Van Hung,2026-07-17,346000,SUCCESS,EV-010
O-01979,C-00751,Dang Van Cuong,2026-07-12,4626000,SUCCESS,EV-007
O-01980,C-01343,Vo Van Hieu,2026-07-09,4056000,SUCCESS,EV-008
O-01981,C-01704,Phan Van Trung,2026-07-08,1428000,SUCCESS,EV-003
O-01982,C-00139,Tran Van Linh,2026-06-25,2522000,SUCCESS,EV-008
O-01983,C-01388,Bui Van Hung,2026-07-15,1887000,FAILED,EV-001
O-01984,C-00684,Pham Van Trung,2026-07-15,4607000,SUCCESS,EV-007
O-01985,C-00534,Vu Van Dung,2026-07-05,1847000,SUCCESS,EV-001
O-01986,C-00053,Nguyen Van Thanh,2026-07-06,364000,SUCCESS,EV-007
O-01987,C-01664,Le Van Hieu,2026-06-19,1656000,SUCCESS,EV-009
O-01988,C-00998,Bui Van Trung,2026-07-13,4173000,SUCCESS,EV-009
O-01989,C-00822,Nguyen Van Hieu,2026-07-04,3207000,SUCCESS,EV-005
O-01990,C-00896,Vu Van Phuc,2026-07-13,625000,SUCCESS,EV-008
O-01991,C-00983,Bui Van Anh,2026-07-16,2788000,SUCCESS,EV-009
O-01992,C-00876,Pham Van Khanh,2026-07-09,1952000,SUCCESS,EV-009
O-01993,C-00609,Dang Van Khanh,2026-06-20,1310000,FAILED,EV-003
O-01994,C-01713,Nguyen Van Dung,2026-07-17,1484000,SUCCESS,EV-003
O-01995,C-00099,Dang Van Son,2026-06-25,4690000,SUCCESS,EV-009
O-01996,C-01544,Tran Van Dung,2026-07-02,2214000,FAILED,EV-007
O-01997,C-00420,Hoang Van Hung,2026-07-05,4719000,SUCCESS,EV-002
O-01998,C-01972,Pham Van Dung,2026-07-14,2333000,FAILED,EV-006
O-01999,C-01832,Vu Van Anh,2026-06-30,1233000,SUCCESS,EV-007
O-02000,C-00652,Vu Van Dung,2026-06-25,442000,SUCCESS,EV-006
O-02001,C-00961,Bui Van Minh,2026-07-04,1757000,SUCCESS,EV-003
O-02002,C-00517,Nguyen Van Cuong,2026-06-22,846000,SUCCESS,EV-006
O-02003,C-00607,Dang Van Minh,2026-07-14,4036000,SUCCESS,EV-005
O-02004,C-01471,Tran Van Quang,2026-07-04,1344000,SUCCESS,EV-002
O-02005,C-00895,Hoang Van Cuong,2026-07-11,3949000,SUCCESS,EV-006
O-02006,C-01749,Tran Van Khanh,2026-07-01,1979000,SUCCESS,EV-009
O-02007,C-00959,Vu Van Phuc,2026-07-16,4367000,SUCCESS,EV-009
O-02008,C-00401,Le Van Anh,2026-06-22,2094000,SUCCESS,EV-001
O-02009,C-00460,Nguyen Van Quang,2026-06-29,962000,SUCCESS,EV-004
O-02010,C-00019,Hoang Van Anh,2026-06-23,3752000,SUCCESS,EV-005
O-02011,C-00397,Dang Van Trung,2026-07-13,3525000,SUCCESS,EV-006
O-02012,C-01339,Nguyen Van Son,2026-06-26,1709000,SUCCESS,EV-010
O-02013,C-01281,Nguyen Van Nam,2026-07-05,774000,FAILED,EV-007
O-02014,C-00293,Dang Van Hieu,2026-07-05,1651000,SUCCESS,EV-001
O-02015,C-01296,Phan Van Dung,2026-07-02,3562000,SUCCESS,EV-007
O-02016,C-01394,Bui Van Phuc,2026-07-14,3368000,SUCCESS,EV-001
O-02017,C-01908,Hoang Van Trung,2026-07-08,4095000,SUCCESS,EV-009
O-02018,C-00681,Vo Van Cuong,2026-07-14,582000,SUCCESS,EV-002
O-02019,C-01225,Hoang Van Phuc,2026-06-20,4289000,SUCCESS,EV-007
O-02020,C-00907,Le Van Hieu,2026-06-22,1660000,SUCCESS,EV-007
O-02021,C-01757,Hoang Van Linh,2026-06-21,1747000,FAILED,EV-008
O-02022,C-01582,Pham Van Hung,2026-06-21,1696000,SUCCESS,EV-009
O-02023,C-01662,Phan Van Son,2026-06-24,1190000,FAILED,EV-009
O-02024,C-01660,Nguyen Van Dung,2026-06-20,2758000,SUCCESS,EV-003
O-02025,C-00695,Bui Van Minh,2026-06-19,295000,SUCCESS,EV-002
O-02026,C-00315,Vo Van Cuong,2026-06-24,1995000,SUCCESS,EV-005
O-02027,C-00751,Dang Van Cuong,2026-06-24,3862000,SUCCESS,EV-001
O-02028,C-00823,Vu Van Khanh,2026-07-13,1332000,SUCCESS,EV-006
O-02029,C-00951,Hoang Van Son,2026-07-10,244000,FAILED,EV-005
O-02030,C-00796,Pham Van Son,2026-06-27,362000,SUCCESS,EV-006
O-02031,C-00533,Pham Van Hung,2026-07-13,4195000,FAILED,EV-002
O-02032,C-00610,Le Van Hieu,2026-06-26,4471000,FAILED,EV-008
O-02033,C-01336,Dang Van Thanh,2026-07-18,3725000,SUCCESS,EV-010
O-02034,C-00507,Pham Van Linh,2026-06-30,4570000,SUCCESS,EV-001
O-02035,C-00474,Vo Van Hung,2026-07-11,1668000,FAILED,EV-008
O-02036,C-01115,Tran Van Nam,2026-07-05,1130000,SUCCESS,EV-005
O-02037,C-01011,Vo Van Nam,2026-07-05,1136000,SUCCESS,EV-002
O-02038,C-01134,Nguyen Van Trung,2026-07-08,4791000,SUCCESS,EV-001
O-02039,C-00220,Bui Van Nam,2026-07-01,1780000,SUCCESS,EV-009
O-02040,C-00729,Vo Van Binh,2026-07-11,2455000,SUCCESS,EV-010
O-02041,C-01142,Vu Van Dung,2026-07-18,4346000,SUCCESS,EV-002
O-02042,C-00129,Tran Van Quang,2026-07-06,3010000,SUCCESS,EV-004
O-02043,C-01172,Pham Van Binh,2026-07-17,2215000,SUCCESS,EV-001
O-02044,C-00287,Vu Van Khanh,2026-06-28,1797000,SUCCESS,EV-006
O-02045,C-01886,Tran Van Hung,2026-06-23,4649000,SUCCESS,EV-008
O-02046,C-00264,Vu Van Trung,2026-07-11,3049000,SUCCESS,EV-003
O-02047,C-01910,Nguyen Van Nam,2026-06-26,2743000,SUCCESS,EV-009
O-02048,C-00180,Bui Van Phuc,2026-06-20,3102000,SUCCESS,EV-007
O-02049,C-00399,Hoang Van Hung,2026-06-26,2834000,SUCCESS,EV-008
O-02050,C-00695,Bui Van Minh,2026-07-08,3334000,SUCCESS,EV-002
O-02051,C-00705,Hoang Van Minh,2026-06-27,4720000,FAILED,EV-005
O-02052,C-01788,Hoang Van Hung,2026-07-08,1801000,FAILED,EV-002
O-02053,C-01563,Bui Van Trung,2026-06-22,1326000,SUCCESS,EV-010
O-02054,C-00749,Hoang Van Hieu,2026-06-30,2946000,SUCCESS,EV-004
O-02055,C-01462,Vo Van Nam,2026-07-15,1955000,SUCCESS,EV-002
O-02056,C-00558,Vo Van Minh,2026-07-13,1564000,SUCCESS,EV-004
O-02057,C-00600,Tran Van Anh,2026-07-18,3879000,SUCCESS,EV-009
O-02058,C-01455,Vu Van Nam,2026-06-22,4758000,SUCCESS,EV-007
O-02059,C-01043,Phan Van Phuc,2026-07-13,4267000,SUCCESS,EV-002
O-02060,C-01051,Le Van Trung,2026-07-16,1593000,SUCCESS,EV-009
O-02061,C-00553,Hoang Van Son,2026-06-28,1843000,SUCCESS,EV-008
O-02062,C-00294,Nguyen Van Minh,2026-07-09,1993000,SUCCESS,EV-010
O-02063,C-01544,Tran Van Dung,2026-06-23,2012000,SUCCESS,EV-003
O-02064,C-01566,Hoang Van Hung,2026-07-04,2134000,SUCCESS,EV-007
O-02065,C-01648,Dang Van Trung,2026-07-03,2941000,SUCCESS,EV-006
O-02066,C-00468,Nguyen Van Cuong,2026-07-16,1653000,SUCCESS,EV-007
O-02067,C-00319,Pham Van Hung,2026-06-27,1336000,SUCCESS,EV-005
O-02068,C-01939,Phan Van Quang,2026-07-03,3616000,SUCCESS,EV-005
O-02069,C-01027,Vo Van Cuong,2026-06-23,3764000,SUCCESS,EV-009
O-02070,C-00271,Hoang Van Phuc,2026-06-20,3071000,FAILED,EV-004
O-02071,C-01219,Vu Van Linh,2026-07-14,3738000,SUCCESS,EV-006
O-02072,C-00783,Phan Van Hieu,2026-07-01,1364000,SUCCESS,EV-001
O-02073,C-00580,Pham Van Linh,2026-07-07,984000,SUCCESS,EV-003
O-02074,C-01700,Bui Van Son,2026-07-15,4043000,SUCCESS,EV-008
O-02075,C-01220,Bui Van Hung,2026-07-03,4231000,SUCCESS,EV-007
O-02076,C-01946,Pham Van Anh,2026-07-13,2652000,SUCCESS,EV-009
O-02077,C-00821,Bui Van Khanh,2026-07-14,1632000,SUCCESS,EV-008
O-02078,C-00055,Dang Van Hung,2026-06-26,396000,SUCCESS,EV-002
O-02079,C-00562,Dang Van Binh,2026-06-20,2782000,SUCCESS,EV-007
O-02080,C-00317,Vo Van Khanh,2026-07-17,1732000,SUCCESS,EV-001
O-02081,C-00277,Nguyen Van Hieu,2026-07-08,2606000,SUCCESS,EV-006
O-02082,C-00551,Pham Van Trung,2026-07-07,4722000,SUCCESS,EV-010
O-02083,C-01219,Vu Van Linh,2026-07-17,2028000,SUCCESS,EV-008
O-02084,C-00276,Le Van Hung,2026-07-03,4318000,SUCCESS,EV-005
O-02085,C-00128,Nguyen Van Hung,2026-07-13,3233000,SUCCESS,EV-001
O-02086,C-01616,Vu Van Phuc,2026-06-23,4593000,SUCCESS,EV-006
O-02087,C-01448,Dang Van Phuc,2026-07-17,4040000,SUCCESS,EV-005
O-02088,C-01573,Bui Van Trung,2026-07-15,2592000,SUCCESS,EV-006
O-02089,C-00304,Tran Van Thanh,2026-07-07,1620000,SUCCESS,EV-007
O-02090,C-00923,Vu Van Nam,2026-06-28,2168000,SUCCESS,EV-003
O-02091,C-01900,Vo Van Dung,2026-07-13,2933000,SUCCESS,EV-008
O-02092,C-01216,Vo Van Binh,2026-06-19,1185000,FAILED,EV-010
O-02093,C-00963,Hoang Van Khanh,2026-07-08,1429000,SUCCESS,EV-007
O-02094,C-01348,Bui Van Binh,2026-07-07,2213000,SUCCESS,EV-009
O-02095,C-00487,Phan Van Binh,2026-07-18,2571000,SUCCESS,EV-010
O-02096,C-00184,Phan Van Linh,2026-07-14,2792000,SUCCESS,EV-005
O-02097,C-00923,Vu Van Nam,2026-07-02,824000,SUCCESS,EV-004
O-02098,C-01985,Phan Van Anh,2026-07-18,2169000,SUCCESS,EV-009
O-02099,C-00592,Nguyen Van Thanh,2026-07-04,1685000,SUCCESS,EV-002
O-02100,C-01502,Pham Van Hung,2026-07-16,248000,SUCCESS,EV-003
O-02101,C-01101,Dang Van Dung,2026-06-24,4030000,SUCCESS,EV-008
O-02102,C-00308,Vo Van Quang,2026-07-09,3002000,FAILED,EV-006
O-02103,C-00181,Pham Van Quang,2026-07-01,4429000,SUCCESS,EV-008
O-02104,C-00883,Tran Van Cuong,2026-06-19,3177000,SUCCESS,EV-005
O-02105,C-00088,Phan Van Dung,2026-07-05,1397000,SUCCESS,EV-009
O-02106,C-01478,Tran Van Dung,2026-07-14,1577000,SUCCESS,EV-003
O-02107,C-01659,Dang Van Son,2026-07-17,110000,SUCCESS,EV-009
O-02108,C-01105,Vo Van Hieu,2026-06-21,4361000,SUCCESS,EV-003
O-02109,C-00486,Vo Van Minh,2026-07-13,4231000,SUCCESS,EV-005
O-02110,C-00758,Bui Van Nam,2026-07-06,4557000,SUCCESS,EV-009
O-02111,C-00494,Hoang Van Thanh,2026-07-06,4693000,SUCCESS,EV-005
O-02112,C-00207,Bui Van Dung,2026-07-04,3068000,SUCCESS,EV-008
O-02113,C-00002,Vu Van Dung,2026-06-21,3470000,SUCCESS,EV-010
O-02114,C-01689,Tran Van Hieu,2026-07-07,101000,SUCCESS,EV-006
O-02115,C-01195,Bui Van Hung,2026-07-15,1512000,SUCCESS,EV-004
O-02116,C-01598,Hoang Van Son,2026-07-13,2214000,SUCCESS,EV-004
O-02117,C-00156,Dang Van Thanh,2026-07-12,2847000,SUCCESS,EV-002
O-02118,C-01037,Tran Van Dung,2026-07-16,1889000,SUCCESS,EV-003
O-02119,C-00029,Pham Van Phuc,2026-06-27,2073000,SUCCESS,EV-003
O-02120,C-01460,Vu Van Anh,2026-07-18,4021000,SUCCESS,EV-005
O-02121,C-00780,Hoang Van Thanh,2026-06-22,3023000,SUCCESS,EV-010
O-02122,C-01436,Bui Van Cuong,2026-07-17,1455000,SUCCESS,EV-002
O-02123,C-00113,Bui Van Anh,2026-06-28,2545000,SUCCESS,EV-005
O-02124,C-01563,Bui Van Trung,2026-06-21,4828000,FAILED,EV-002
O-02125,C-00841,Tran Van Anh,2026-06-28,1464000,SUCCESS,EV-007
O-02126,C-00243,Bui Van Phuc,2026-07-05,335000,SUCCESS,EV-009
O-02127,C-00464,Phan Van Nam,2026-06-30,4719000,SUCCESS,EV-003
O-02128,C-00010,Pham Van Thanh,2026-07-15,3802000,SUCCESS,EV-010
O-02129,C-01957,Tran Van Cuong,2026-07-07,2387000,SUCCESS,EV-002
O-02130,C-00228,Nguyen Van Thanh,2026-06-30,1169000,SUCCESS,EV-001
O-02131,C-00015,Le Van Son,2026-07-12,427000,SUCCESS,EV-010
O-02132,C-00084,Pham Van Dung,2026-06-19,2254000,SUCCESS,EV-006
O-02133,C-00696,Dang Van Khanh,2026-06-29,1485000,SUCCESS,EV-004
O-02134,C-01150,Bui Van Khanh,2026-06-24,2340000,SUCCESS,EV-001
O-02135,C-00359,Hoang Van Anh,2026-07-18,1468000,SUCCESS,EV-007
O-02136,C-01260,Dang Van Trung,2026-07-08,4046000,SUCCESS,EV-004
O-02137,C-01181,Nguyen Van Khanh,2026-06-27,373000,SUCCESS,EV-007
O-02138,C-01083,Pham Van Nam,2026-07-17,4973000,SUCCESS,EV-007
O-02139,C-00337,Bui Van Dung,2026-06-23,220000,SUCCESS,EV-008
O-02140,C-01201,Vu Van Quang,2026-07-04,910000,SUCCESS,EV-009
O-02141,C-00705,Hoang Van Minh,2026-06-20,3784000,SUCCESS,EV-008
O-02142,C-01982,Phan Van Linh,2026-07-16,1884000,SUCCESS,EV-001
O-02143,C-00083,Bui Van Cuong,2026-07-02,1222000,SUCCESS,EV-002
O-02144,C-00621,Vu Van Khanh,2026-07-09,4172000,FAILED,EV-005
O-02145,C-01321,Phan Van Trung,2026-06-19,3207000,FAILED,EV-003
O-02146,C-00964,Tran Van Thanh,2026-06-30,263000,SUCCESS,EV-007
O-02147,C-01736,Phan Van Cuong,2026-06-23,294000,SUCCESS,EV-004
O-02148,C-00223,Le Van Cuong,2026-07-06,733000,SUCCESS,EV-007
O-02149,C-00221,Nguyen Van Cuong,2026-06-20,4064000,SUCCESS,EV-006
O-02150,C-01805,Pham Van Nam,2026-06-26,650000,SUCCESS,EV-009
O-02151,C-00311,Pham Van Minh,2026-07-11,4653000,FAILED,EV-004
O-02152,C-00129,Tran Van Quang,2026-07-05,2656000,SUCCESS,EV-010
O-02153,C-01292,Bui Van Trung,2026-06-25,3253000,SUCCESS,EV-004
O-02154,C-01604,Phan Van Hieu,2026-07-14,1736000,SUCCESS,EV-008
O-02155,C-00117,Vo Van Nam,2026-06-20,4448000,SUCCESS,EV-001
O-02156,C-00842,Vo Van Son,2026-06-30,4636000,SUCCESS,EV-002
O-02157,C-01363,Vu Van Hung,2026-06-26,4726000,SUCCESS,EV-003
O-02158,C-01639,Vu Van Anh,2026-06-20,3288000,SUCCESS,EV-010
O-02159,C-00099,Dang Van Son,2026-07-15,3710000,SUCCESS,EV-008
O-02160,C-00144,Hoang Van Dung,2026-07-16,1376000,SUCCESS,EV-003
O-02161,C-00076,Bui Van Binh,2026-06-29,371000,SUCCESS,EV-006
O-02162,C-01766,Phan Van Trung,2026-06-22,224000,SUCCESS,EV-010
O-02163,C-00179,Hoang Van Anh,2026-06-22,4838000,SUCCESS,EV-009
O-02164,C-01992,Le Van Cuong,2026-07-16,4089000,SUCCESS,EV-003
O-02165,C-00634,Bui Van Linh,2026-07-16,4971000,FAILED,EV-006
O-02166,C-01158,Tran Van Quang,2026-06-20,650000,SUCCESS,EV-001
O-02167,C-00994,Vo Van Thanh,2026-07-06,1243000,SUCCESS,EV-004
O-02168,C-00238,Vo Van Thanh,2026-07-07,1293000,SUCCESS,EV-010
O-02169,C-00367,Phan Van Cuong,2026-07-18,4090000,SUCCESS,EV-005
O-02170,C-00835,Hoang Van Khanh,2026-06-29,3907000,FAILED,EV-005
O-02171,C-00234,Vu Van Phuc,2026-07-11,626000,SUCCESS,EV-010
O-02172,C-00988,Bui Van Phuc,2026-07-03,2762000,SUCCESS,EV-008
O-02173,C-00818,Nguyen Van Minh,2026-06-27,755000,SUCCESS,EV-002
O-02174,C-00539,Phan Van Hung,2026-06-24,846000,SUCCESS,EV-010
O-02175,C-01362,Bui Van Phuc,2026-07-03,289000,SUCCESS,EV-001
O-02176,C-00213,Dang Van Linh,2026-07-13,4000000,SUCCESS,EV-007
O-02177,C-01200,Vo Van Thanh,2026-07-04,3427000,SUCCESS,EV-005
O-02178,C-00099,Dang Van Son,2026-07-11,4021000,SUCCESS,EV-008
O-02179,C-01239,Le Van Son,2026-06-22,2358000,FAILED,EV-005
O-02180,C-01495,Tran Van Phuc,2026-07-16,3245000,SUCCESS,EV-007
O-02181,C-01023,Dang Van Hieu,2026-07-04,1914000,SUCCESS,EV-004
O-02182,C-00849,Le Van Cuong,2026-06-20,3027000,SUCCESS,EV-006
O-02183,C-01107,Dang Van Linh,2026-07-01,3328000,SUCCESS,EV-003
O-02184,C-01570,Vo Van Son,2026-07-06,1916000,SUCCESS,EV-007
O-02185,C-01577,Pham Van Phuc,2026-07-07,2460000,SUCCESS,EV-010
O-02186,C-01019,Pham Van Anh,2026-06-30,3617000,SUCCESS,EV-008
O-02187,C-01600,Vu Van Trung,2026-06-25,3283000,SUCCESS,EV-007
O-02188,C-01370,Tran Van Khanh,2026-06-25,3125000,SUCCESS,EV-007
O-02189,C-00906,Nguyen Van Hieu,2026-07-02,1762000,FAILED,EV-009
O-02190,C-00461,Dang Van Anh,2026-06-26,511000,SUCCESS,EV-003
O-02191,C-00837,Pham Van Nam,2026-06-27,304000,SUCCESS,EV-010
O-02192,C-01558,Pham Van Hieu,2026-07-02,4474000,SUCCESS,EV-002
O-02193,C-01432,Bui Van Trung,2026-07-13,3872000,SUCCESS,EV-006
O-02194,C-00981,Hoang Van Khanh,2026-07-13,343000,SUCCESS,EV-001
O-02195,C-00600,Tran Van Anh,2026-07-08,3746000,SUCCESS,EV-001
O-02196,C-01589,Tran Van Trung,2026-07-17,4802000,SUCCESS,EV-005
O-02197,C-00893,Le Van Hieu,2026-06-30,4823000,SUCCESS,EV-005
O-02198,C-01573,Bui Van Trung,2026-06-25,4395000,SUCCESS,EV-008
O-02199,C-01183,Tran Van Trung,2026-07-01,2429000,SUCCESS,EV-005
O-02200,C-00296,Dang Van Cuong,2026-06-30,2349000,SUCCESS,EV-003
O-02201,C-01243,Nguyen Van Linh,2026-06-24,3053000,SUCCESS,EV-003
O-02202,C-00624,Vo Van Khanh,2026-06-26,3957000,SUCCESS,EV-005
O-02203,C-01993,Tran Van Hung,2026-06-21,1017000,SUCCESS,EV-005
O-02204,C-01828,Bui Van Phuc,2026-06-29,1140000,SUCCESS,EV-004
O-02205,C-01239,Le Van Son,2026-07-17,2686000,SUCCESS,EV-008
O-02206,C-01550,Bui Van Phuc,2026-07-13,3937000,SUCCESS,EV-004
O-02207,C-00726,Vu Van Son,2026-06-29,2122000,SUCCESS,EV-007
O-02208,C-00381,Vu Van Son,2026-06-30,4391000,SUCCESS,EV-004
O-02209,C-01045,Pham Van Hung,2026-07-10,1058000,SUCCESS,EV-005
O-02210,C-00272,Hoang Van Dung,2026-07-01,1662000,SUCCESS,EV-005
O-02211,C-01384,Dang Van Linh,2026-07-16,2642000,SUCCESS,EV-009
O-02212,C-01944,Nguyen Van Dung,2026-07-12,2974000,SUCCESS,EV-003
O-02213,C-01933,Bui Van Linh,2026-07-01,823000,SUCCESS,EV-010
O-02214,C-01448,Dang Van Phuc,2026-07-06,460000,FAILED,EV-001
O-02215,C-01006,Bui Van Hieu,2026-07-13,4921000,SUCCESS,EV-009
O-02216,C-00822,Nguyen Van Hieu,2026-07-04,3028000,SUCCESS,EV-008
O-02217,C-00923,Vu Van Nam,2026-07-14,2001000,SUCCESS,EV-009
O-02218,C-01133,Phan Van Cuong,2026-07-04,4245000,SUCCESS,EV-002
O-02219,C-00580,Pham Van Linh,2026-07-18,3363000,SUCCESS,EV-005
O-02220,C-00338,Tran Van Linh,2026-07-11,4605000,SUCCESS,EV-001
O-02221,C-00787,Vo Van Nam,2026-06-24,1711000,SUCCESS,EV-003
O-02222,C-00202,Dang Van Hieu,2026-06-19,2138000,SUCCESS,EV-003
O-02223,C-01105,Vo Van Hieu,2026-06-21,918000,SUCCESS,EV-002
O-02224,C-01771,Pham Van Nam,2026-07-18,243000,FAILED,EV-008
O-02225,C-00096,Tran Van Trung,2026-07-16,146000,SUCCESS,EV-009
O-02226,C-00225,Dang Van Hieu,2026-06-30,2248000,SUCCESS,EV-005
O-02227,C-01239,Le Van Son,2026-06-26,3893000,SUCCESS,EV-005
O-02228,C-00593,Bui Van Cuong,2026-06-24,3637000,SUCCESS,EV-006
O-02229,C-01515,Tran Van Nam,2026-06-24,445000,SUCCESS,EV-008
O-02230,C-01995,Vu Van Linh,2026-07-17,4038000,SUCCESS,EV-008
O-02231,C-01113,Phan Van Anh,2026-07-16,3850000,SUCCESS,EV-006
O-02232,C-01124,Hoang Van Thanh,2026-06-20,1158000,SUCCESS,EV-008
O-02233,C-01358,Le Van Khanh,2026-07-18,3343000,SUCCESS,EV-009
O-02234,C-01701,Dang Van Hieu,2026-07-08,1676000,SUCCESS,EV-008
O-02235,C-00278,Vo Van Hieu,2026-07-16,1861000,SUCCESS,EV-003
O-02236,C-00470,Vo Van Linh,2026-07-14,1971000,SUCCESS,EV-005
O-02237,C-00118,Tran Van Thanh,2026-06-25,116000,SUCCESS,EV-010
O-02238,C-01067,Bui Van Son,2026-07-07,656000,FAILED,EV-006
O-02239,C-01491,Dang Van Quang,2026-07-17,847000,SUCCESS,EV-006
O-02240,C-01698,Bui Van Phuc,2026-06-30,2984000,SUCCESS,EV-006
O-02241,C-00257,Le Van Binh,2026-07-02,2126000,SUCCESS,EV-006
O-02242,C-01273,Bui Van Nam,2026-07-02,2816000,FAILED,EV-004
O-02243,C-01869,Pham Van Hung,2026-07-18,175000,SUCCESS,EV-004
O-02244,C-01223,Vo Van Trung,2026-06-24,2402000,FAILED,EV-004
O-02245,C-00456,Hoang Van Dung,2026-06-23,3616000,SUCCESS,EV-008
O-02246,C-00534,Vu Van Dung,2026-07-18,4745000,SUCCESS,EV-009
O-02247,C-01459,Nguyen Van Khanh,2026-07-07,1581000,SUCCESS,EV-004
O-02248,C-00095,Dang Van Hung,2026-06-25,313000,SUCCESS,EV-008
O-02249,C-00298,Dang Van Hung,2026-07-08,3164000,SUCCESS,EV-004
O-02250,C-01649,Le Van Linh,2026-06-26,3057000,SUCCESS,EV-004
O-02251,C-01883,Dang Van Khanh,2026-06-29,2851000,SUCCESS,EV-010
O-02252,C-01155,Vu Van Son,2026-07-13,4208000,SUCCESS,EV-009
O-02253,C-00938,Tran Van Cuong,2026-07-12,384000,FAILED,EV-003
O-02254,C-01101,Dang Van Dung,2026-06-19,900000,SUCCESS,EV-006
O-02255,C-00703,Phan Van Son,2026-07-11,299000,SUCCESS,EV-003
O-02256,C-00190,Vu Van Trung,2026-07-01,1511000,SUCCESS,EV-009
O-02257,C-00474,Vo Van Hung,2026-06-22,1145000,FAILED,EV-007
O-02258,C-01303,Bui Van Quang,2026-06-28,1387000,SUCCESS,EV-002
O-02259,C-01191,Pham Van Binh,2026-07-06,4406000,SUCCESS,EV-003
O-02260,C-01522,Vu Van Dung,2026-07-01,1536000,SUCCESS,EV-006
O-02261,C-01535,Vu Van Binh,2026-07-12,3345000,SUCCESS,EV-003
O-02262,C-01805,Pham Van Nam,2026-06-28,337000,SUCCESS,EV-009
O-02263,C-01481,Hoang Van Linh,2026-07-07,536000,SUCCESS,EV-003
O-02264,C-00786,Tran Van Khanh,2026-07-01,3277000,SUCCESS,EV-008
O-02265,C-00934,Vo Van Hieu,2026-06-21,1810000,SUCCESS,EV-007
O-02266,C-01247,Hoang Van Trung,2026-07-05,4161000,SUCCESS,EV-008
O-02267,C-01998,Nguyen Van Phuc,2026-07-10,3644000,SUCCESS,EV-001
O-02268,C-00183,Vu Van Linh,2026-07-04,1529000,FAILED,EV-004
O-02269,C-00148,Phan Van Minh,2026-06-23,2154000,SUCCESS,EV-008
O-02270,C-01094,Vo Van Thanh,2026-07-08,4032000,SUCCESS,EV-006
O-02271,C-01380,Vu Van Khanh,2026-07-02,1906000,SUCCESS,EV-004
O-02272,C-01156,Tran Van Binh,2026-07-09,363000,SUCCESS,EV-005
O-02273,C-00683,Bui Van Linh,2026-07-11,3452000,SUCCESS,EV-006
O-02274,C-00510,Hoang Van Nam,2026-07-12,4181000,SUCCESS,EV-002
O-02275,C-00462,Nguyen Van Dung,2026-07-09,1946000,SUCCESS,EV-001
O-02276,C-01560,Nguyen Van Linh,2026-06-24,3706000,SUCCESS,EV-010
O-02277,C-01238,Phan Van Cuong,2026-07-05,2222000,FAILED,EV-007
O-02278,C-00380,Nguyen Van Anh,2026-06-21,4553000,SUCCESS,EV-010
O-02279,C-01335,Nguyen Van Minh,2026-07-10,204000,SUCCESS,EV-005
O-02280,C-00291,Nguyen Van Trung,2026-06-20,793000,SUCCESS,EV-007
O-02281,C-01486,Bui Van Thanh,2026-07-04,3009000,SUCCESS,EV-005
O-02282,C-01232,Tran Van Cuong,2026-07-14,3240000,SUCCESS,EV-010
O-02283,C-00570,Vo Van Cuong,2026-06-29,2992000,SUCCESS,EV-010
O-02284,C-00492,Hoang Van Linh,2026-06-24,3270000,SUCCESS,EV-009
O-02285,C-01893,Le Van Cuong,2026-06-23,1963000,SUCCESS,EV-001
O-02286,C-00739,Le Van Trung,2026-06-19,3090000,SUCCESS,EV-002
O-02287,C-00385,Hoang Van Khanh,2026-07-15,1505000,SUCCESS,EV-008
O-02288,C-00529,Pham Van Khanh,2026-07-02,4529000,SUCCESS,EV-008
O-02289,C-01751,Hoang Van Binh,2026-06-19,349000,SUCCESS,EV-005
O-02290,C-01156,Tran Van Binh,2026-07-06,4314000,FAILED,EV-002
O-02291,C-00881,Pham Van Anh,2026-07-18,961000,SUCCESS,EV-010
O-02292,C-01034,Vu Van Anh,2026-06-27,2944000,SUCCESS,EV-006
O-02293,C-00650,Hoang Van Minh,2026-06-30,3108000,SUCCESS,EV-004
O-02294,C-01079,Phan Van Binh,2026-06-21,4838000,SUCCESS,EV-002
O-02295,C-00526,Vo Van Anh,2026-06-19,2543000,SUCCESS,EV-002
O-02296,C-00582,Pham Van Binh,2026-07-08,4993000,SUCCESS,EV-001
O-02297,C-01080,Dang Van Binh,2026-06-26,3125000,SUCCESS,EV-002
O-02298,C-01389,Nguyen Van Son,2026-06-24,4146000,SUCCESS,EV-003
O-02299,C-01620,Vo Van Anh,2026-06-19,3765000,SUCCESS,EV-001
O-02300,C-01359,Vo Van Binh,2026-06-22,3064000,SUCCESS,EV-003
O-02301,C-01136,Dang Van Son,2026-06-30,4808000,SUCCESS,EV-002
O-02302,C-00489,Tran Van Trung,2026-06-24,2221000,FAILED,EV-003
O-02303,C-00378,Pham Van Dung,2026-07-18,4176000,SUCCESS,EV-007
O-02304,C-01165,Nguyen Van Hung,2026-06-22,2797000,SUCCESS,EV-007
O-02305,C-01419,Le Van Minh,2026-07-07,4144000,SUCCESS,EV-004
O-02306,C-01380,Vu Van Khanh,2026-06-20,2818000,SUCCESS,EV-007
O-02307,C-00203,Tran Van Thanh,2026-06-26,567000,SUCCESS,EV-002
O-02308,C-00600,Tran Van Anh,2026-07-09,3362000,SUCCESS,EV-004
O-02309,C-01036,Hoang Van Minh,2026-06-23,1616000,SUCCESS,EV-001
O-02310,C-00340,Vo Van Nam,2026-06-22,4894000,SUCCESS,EV-008
O-02311,C-01780,Vo Van Binh,2026-06-22,3894000,SUCCESS,EV-007
O-02312,C-01102,Vu Van Linh,2026-07-04,257000,SUCCESS,EV-006
O-02313,C-01252,Nguyen Van Cuong,2026-07-13,1272000,SUCCESS,EV-009
O-02314,C-00078,Vu Van Cuong,2026-07-04,2390000,SUCCESS,EV-005
O-02315,C-00799,Vu Van Hung,2026-07-05,3120000,SUCCESS,EV-005
O-02316,C-00363,Tran Van Nam,2026-06-23,3794000,FAILED,EV-002
O-02317,C-01250,Vo Van Khanh,2026-07-05,359000,SUCCESS,EV-009
O-02318,C-00945,Vu Van Phuc,2026-06-23,1827000,SUCCESS,EV-008
O-02319,C-01953,Dang Van Cuong,2026-07-12,243000,FAILED,EV-009
O-02320,C-01258,Vo Van Dung,2026-06-30,1170000,FAILED,EV-009
O-02321,C-01194,Vu Van Binh,2026-07-06,282000,SUCCESS,EV-009
O-02322,C-01172,Pham Van Binh,2026-06-21,3022000,FAILED,EV-001
O-02323,C-00617,Phan Van Nam,2026-06-27,4275000,SUCCESS,EV-004
O-02324,C-01211,Phan Van Trung,2026-07-18,2279000,SUCCESS,EV-006
O-02325,C-01917,Pham Van Khanh,2026-06-19,778000,SUCCESS,EV-002
O-02326,C-00034,Vo Van Anh,2026-07-14,452000,SUCCESS,EV-009
O-02327,C-01211,Phan Van Trung,2026-07-16,2205000,SUCCESS,EV-007
O-02328,C-01628,Hoang Van Quang,2026-06-22,3416000,SUCCESS,EV-005
O-02329,C-00858,Le Van Phuc,2026-06-25,1992000,SUCCESS,EV-007
O-02330,C-00006,Hoang Van Khanh,2026-07-04,2236000,SUCCESS,EV-005
O-02331,C-01191,Pham Van Binh,2026-07-14,4979000,SUCCESS,EV-007
O-02332,C-01045,Pham Van Hung,2026-07-06,4886000,SUCCESS,EV-004
O-02333,C-01639,Vu Van Anh,2026-06-21,2907000,SUCCESS,EV-002
O-02334,C-01904,Le Van Linh,2026-07-01,2899000,SUCCESS,EV-010
O-02335,C-01714,Pham Van Khanh,2026-07-03,1774000,SUCCESS,EV-004
O-02336,C-01218,Tran Van Trung,2026-06-24,2283000,SUCCESS,EV-006
O-02337,C-00846,Pham Van Binh,2026-07-07,858000,SUCCESS,EV-009
O-02338,C-01940,Nguyen Van Thanh,2026-07-02,204000,SUCCESS,EV-004
O-02339,C-01453,Hoang Van Anh,2026-06-20,4966000,SUCCESS,EV-007
O-02340,C-00293,Dang Van Hieu,2026-06-29,3116000,FAILED,EV-005
O-02341,C-01460,Vu Van Anh,2026-06-21,1616000,SUCCESS,EV-006
O-02342,C-00187,Tran Van Nam,2026-07-10,2266000,SUCCESS,EV-001
O-02343,C-00073,Phan Van Nam,2026-07-01,4667000,SUCCESS,EV-010
O-02344,C-01360,Nguyen Van Minh,2026-07-01,3802000,SUCCESS,EV-004
O-02345,C-01651,Dang Van Minh,2026-07-03,1455000,FAILED,EV-004
O-02346,C-01887,Vu Van Trung,2026-07-07,2654000,SUCCESS,EV-006
O-02347,C-01481,Hoang Van Linh,2026-06-21,183000,SUCCESS,EV-005
O-02348,C-00899,Tran Van Anh,2026-06-28,2669000,SUCCESS,EV-006
O-02349,C-01141,Vo Van Trung,2026-07-12,1152000,SUCCESS,EV-007
O-02350,C-00157,Vu Van Quang,2026-07-07,646000,FAILED,EV-007
O-02351,C-00198,Phan Van Hung,2026-07-14,4833000,SUCCESS,EV-001
O-02352,C-00925,Vo Van Phuc,2026-07-09,3885000,SUCCESS,EV-003
O-02353,C-01305,Nguyen Van Hieu,2026-06-28,2726000,SUCCESS,EV-002
O-02354,C-01012,Le Van Hieu,2026-07-12,670000,SUCCESS,EV-009
O-02355,C-00110,Phan Van Anh,2026-07-13,1099000,SUCCESS,EV-007
O-02356,C-00139,Tran Van Linh,2026-07-05,4133000,SUCCESS,EV-004
O-02357,C-00010,Pham Van Thanh,2026-06-22,4854000,SUCCESS,EV-007
O-02358,C-01474,Nguyen Van Anh,2026-06-25,444000,SUCCESS,EV-002
O-02359,C-00610,Le Van Hieu,2026-07-17,3271000,SUCCESS,EV-004
O-02360,C-01350,Phan Van Quang,2026-06-29,4868000,SUCCESS,EV-005
O-02361,C-00166,Hoang Van Minh,2026-07-10,3836000,SUCCESS,EV-010
O-02362,C-01023,Dang Van Hieu,2026-06-29,4237000,SUCCESS,EV-004
O-02363,C-00469,Bui Van Cuong,2026-06-25,4544000,SUCCESS,EV-009
O-02364,C-01927,Dang Van Binh,2026-07-03,665000,SUCCESS,EV-003
O-02365,C-01104,Nguyen Van Quang,2026-07-09,2515000,SUCCESS,EV-008
O-02366,C-01495,Tran Van Phuc,2026-07-14,3982000,SUCCESS,EV-003
O-02367,C-00445,Bui Van Son,2026-06-27,4695000,SUCCESS,EV-001
O-02368,C-00996,Tran Van Dung,2026-06-26,1618000,SUCCESS,EV-004
O-02369,C-00346,Nguyen Van Binh,2026-07-11,2090000,SUCCESS,EV-006
O-02370,C-01542,Tran Van Son,2026-07-03,484000,FAILED,EV-008
O-02371,C-00283,Bui Van Khanh,2026-07-08,4529000,FAILED,EV-002
O-02372,C-00965,Pham Van Linh,2026-06-28,4752000,SUCCESS,EV-005
O-02373,C-00881,Pham Van Anh,2026-07-07,3079000,SUCCESS,EV-002
O-02374,C-00258,Pham Van Cuong,2026-07-04,1343000,SUCCESS,EV-007
O-02375,C-01915,Le Van Trung,2026-07-11,1414000,SUCCESS,EV-005
O-02376,C-00107,Bui Van Quang,2026-07-16,3622000,SUCCESS,EV-008
O-02377,C-00902,Dang Van Hieu,2026-07-11,3579000,SUCCESS,EV-008
O-02378,C-00123,Tran Van Dung,2026-07-03,4886000,SUCCESS,EV-009
O-02379,C-00794,Hoang Van Trung,2026-07-06,3903000,SUCCESS,EV-006
O-02380,C-00026,Bui Van Phuc,2026-07-17,509000,SUCCESS,EV-009
O-02381,C-01394,Bui Van Phuc,2026-07-15,2180000,SUCCESS,EV-010
O-02382,C-01674,Dang Van Khanh,2026-07-05,1983000,SUCCESS,EV-002
O-02383,C-01894,Bui Van Hung,2026-07-15,2951000,SUCCESS,EV-003
O-02384,C-00234,Vu Van Phuc,2026-06-25,3461000,SUCCESS,EV-004
O-02385,C-00166,Hoang Van Minh,2026-06-22,2850000,SUCCESS,EV-010
O-02386,C-01678,Vu Van Hung,2026-06-25,2410000,SUCCESS,EV-007
O-02387,C-00074,Phan Van Binh,2026-07-07,268000,SUCCESS,EV-006
O-02388,C-01944,Nguyen Van Dung,2026-07-12,3692000,SUCCESS,EV-008
O-02389,C-00808,Phan Van Hieu,2026-07-04,1484000,SUCCESS,EV-009
O-02390,C-01761,Nguyen Van Thanh,2026-07-17,2968000,SUCCESS,EV-003
O-02391,C-00466,Vu Van Minh,2026-06-30,558000,SUCCESS,EV-004
O-02392,C-01774,Hoang Van Khanh,2026-07-05,2474000,SUCCESS,EV-005
O-02393,C-00270,Bui Van Anh,2026-06-19,3787000,SUCCESS,EV-005
O-02394,C-00592,Nguyen Van Thanh,2026-07-12,3100000,SUCCESS,EV-009
O-02395,C-01689,Tran Van Hieu,2026-07-09,3421000,SUCCESS,EV-009
O-02396,C-01341,Vo Van Minh,2026-07-15,1956000,SUCCESS,EV-002
O-02397,C-01197,Bui Van Minh,2026-06-29,1872000,SUCCESS,EV-008
O-02398,C-01792,Vu Van Phuc,2026-07-10,1326000,SUCCESS,EV-003
O-02399,C-00454,Vo Van Hung,2026-07-03,4068000,SUCCESS,EV-004
O-02400,C-01322,Le Van Dung,2026-07-14,2151000,SUCCESS,EV-004
O-02401,C-00331,Pham Van Thanh,2026-07-05,2768000,SUCCESS,EV-007
O-02402,C-01829,Tran Van Hieu,2026-07-12,4593000,SUCCESS,EV-002
O-02403,C-00317,Vo Van Khanh,2026-06-29,1240000,SUCCESS,EV-003
O-02404,C-00951,Hoang Van Son,2026-07-09,2359000,FAILED,EV-005
O-02405,C-00863,Vu Van Cuong,2026-07-06,4657000,SUCCESS,EV-004
O-02406,C-00443,Nguyen Van Quang,2026-07-15,419000,SUCCESS,EV-005
O-02407,C-01378,Nguyen Van Cuong,2026-06-26,4784000,FAILED,EV-009
O-02408,C-01221,Vo Van Son,2026-06-23,4394000,SUCCESS,EV-008
O-02409,C-01511,Hoang Van Anh,2026-07-08,493000,SUCCESS,EV-009
O-02410,C-00916,Nguyen Van Minh,2026-07-05,922000,SUCCESS,EV-009
O-02411,C-00180,Bui Van Phuc,2026-07-02,810000,SUCCESS,EV-001
O-02412,C-00510,Hoang Van Nam,2026-07-17,3496000,SUCCESS,EV-006
O-02413,C-01355,Bui Van Trung,2026-07-15,1204000,SUCCESS,EV-006
O-02414,C-01877,Phan Van Anh,2026-07-07,2256000,SUCCESS,EV-003
O-02415,C-01582,Pham Van Hung,2026-07-06,2147000,SUCCESS,EV-007
O-02416,C-01510,Dang Van Khanh,2026-07-16,2655000,SUCCESS,EV-007
O-02417,C-01898,Phan Van Khanh,2026-06-23,2959000,SUCCESS,EV-002
O-02418,C-00481,Tran Van Hung,2026-06-25,1217000,SUCCESS,EV-010
O-02419,C-01734,Tran Van Thanh,2026-07-02,572000,SUCCESS,EV-010
O-02420,C-00466,Vu Van Minh,2026-07-05,2016000,SUCCESS,EV-005
O-02421,C-00483,Hoang Van Trung,2026-07-16,4972000,SUCCESS,EV-009
O-02422,C-00539,Phan Van Hung,2026-06-25,858000,SUCCESS,EV-003
O-02423,C-01245,Tran Van Binh,2026-06-20,4320000,SUCCESS,EV-004
O-02424,C-00329,Dang Van Cuong,2026-06-23,2782000,SUCCESS,EV-005
O-02425,C-00916,Nguyen Van Minh,2026-07-08,576000,SUCCESS,EV-009
O-02426,C-01893,Le Van Cuong,2026-06-27,2383000,SUCCESS,EV-002
O-02427,C-00998,Bui Van Trung,2026-06-25,1645000,SUCCESS,EV-010
O-02428,C-00652,Vu Van Dung,2026-07-18,3076000,SUCCESS,EV-001
O-02429,C-00175,Vu Van Dung,2026-07-12,998000,SUCCESS,EV-002
O-02430,C-00855,Phan Van Hieu,2026-06-22,1774000,SUCCESS,EV-002
O-02431,C-01634,Bui Van Minh,2026-07-15,239000,FAILED,EV-004
O-02432,C-00210,Dang Van Quang,2026-06-29,4218000,SUCCESS,EV-007
O-02433,C-00350,Bui Van Dung,2026-07-13,2531000,SUCCESS,EV-005
O-02434,C-00361,Nguyen Van Binh,2026-07-02,3694000,SUCCESS,EV-003
O-02435,C-00883,Tran Van Cuong,2026-06-28,2791000,SUCCESS,EV-003
O-02436,C-01808,Hoang Van Cuong,2026-06-26,4377000,SUCCESS,EV-005
O-02437,C-00781,Phan Van Hieu,2026-06-22,1618000,SUCCESS,EV-001
O-02438,C-00855,Phan Van Hieu,2026-07-18,298000,SUCCESS,EV-008
O-02439,C-00037,Vo Van Nam,2026-06-23,2920000,SUCCESS,EV-001
O-02440,C-01640,Vo Van Linh,2026-06-22,4323000,SUCCESS,EV-008
O-02441,C-01313,Hoang Van Nam,2026-07-12,2577000,SUCCESS,EV-009
O-02442,C-01696,Dang Van Son,2026-06-23,3457000,SUCCESS,EV-009
O-02443,C-01332,Pham Van Quang,2026-07-01,4507000,SUCCESS,EV-005
O-02444,C-01521,Dang Van Anh,2026-07-12,2317000,SUCCESS,EV-004
O-02445,C-01958,Bui Van Trung,2026-07-04,587000,SUCCESS,EV-009
O-02446,C-00779,Tran Van Hieu,2026-07-10,1414000,SUCCESS,EV-005
O-02447,C-00829,Phan Van Phuc,2026-07-11,3246000,SUCCESS,EV-002
O-02448,C-00317,Vo Van Khanh,2026-07-07,3108000,SUCCESS,EV-008
O-02449,C-00874,Bui Van Quang,2026-07-16,3586000,SUCCESS,EV-010
O-02450,C-00444,Dang Van Hieu,2026-06-25,4680000,SUCCESS,EV-005
O-02451,C-00339,Bui Van Khanh,2026-07-17,1949000,SUCCESS,EV-005
O-02452,C-01381,Phan Van Son,2026-07-17,4070000,FAILED,EV-005
O-02453,C-01106,Nguyen Van Khanh,2026-07-18,1735000,SUCCESS,EV-008
O-02454,C-01110,Hoang Van Thanh,2026-07-04,916000,SUCCESS,EV-008
O-02455,C-00183,Vu Van Linh,2026-06-20,552000,SUCCESS,EV-008
O-02456,C-01071,Phan Van Quang,2026-06-27,4204000,SUCCESS,EV-008
O-02457,C-00824,Hoang Van Son,2026-07-11,1020000,SUCCESS,EV-005
O-02458,C-00846,Pham Van Binh,2026-06-21,1170000,SUCCESS,EV-003
O-02459,C-00685,Dang Van Hung,2026-07-07,1847000,SUCCESS,EV-002
O-02460,C-01066,Tran Van Linh,2026-06-20,2741000,SUCCESS,EV-001
O-02461,C-00546,Nguyen Van Thanh,2026-07-09,1120000,SUCCESS,EV-001
O-02462,C-00985,Vo Van Hieu,2026-06-22,1000000,SUCCESS,EV-006
O-02463,C-00642,Tran Van Hung,2026-07-02,4277000,SUCCESS,EV-010
O-02464,C-00280,Le Van Dung,2026-06-22,3718000,FAILED,EV-005
O-02465,C-00175,Vu Van Dung,2026-06-28,1011000,SUCCESS,EV-006
O-02466,C-01209,Pham Van Thanh,2026-07-09,1326000,SUCCESS,EV-006
O-02467,C-01106,Nguyen Van Khanh,2026-07-08,2007000,SUCCESS,EV-002
O-02468,C-01303,Bui Van Quang,2026-06-26,980000,SUCCESS,EV-002
O-02469,C-01401,Le Van Trung,2026-06-23,709000,SUCCESS,EV-007
O-02470,C-01674,Dang Van Khanh,2026-06-30,4291000,SUCCESS,EV-001
O-02471,C-00980,Vo Van Son,2026-07-04,2721000,SUCCESS,EV-006
O-02472,C-01611,Pham Van Quang,2026-06-26,490000,SUCCESS,EV-001
O-02473,C-00455,Dang Van Hieu,2026-06-25,2137000,SUCCESS,EV-004
O-02474,C-01158,Tran Van Quang,2026-07-01,105000,SUCCESS,EV-005
O-02475,C-01547,Dang Van Anh,2026-07-01,3386000,SUCCESS,EV-008
O-02476,C-00154,Tran Van Trung,2026-07-18,1523000,SUCCESS,EV-007
O-02477,C-01014,Vo Van Phuc,2026-06-25,172000,SUCCESS,EV-009
O-02478,C-00856,Bui Van Hieu,2026-07-04,4914000,SUCCESS,EV-009
O-02479,C-01030,Vo Van Hung,2026-06-27,4893000,SUCCESS,EV-009
O-02480,C-01475,Hoang Van Anh,2026-07-15,1076000,SUCCESS,EV-005
O-02481,C-01997,Hoang Van Dung,2026-07-11,4140000,FAILED,EV-001
O-02482,C-01266,Vu Van Binh,2026-06-27,4902000,SUCCESS,EV-007
O-02483,C-00637,Tran Van Thanh,2026-07-08,3827000,SUCCESS,EV-006
O-02484,C-01665,Pham Van Dung,2026-06-30,2802000,SUCCESS,EV-002
O-02485,C-00285,Vo Van Khanh,2026-07-11,942000,SUCCESS,EV-007
O-02486,C-00402,Phan Van Dung,2026-06-21,3274000,FAILED,EV-005
O-02487,C-01276,Bui Van Binh,2026-07-08,4485000,SUCCESS,EV-008
O-02488,C-01894,Bui Van Hung,2026-07-12,1635000,SUCCESS,EV-008
O-02489,C-01130,Bui Van Linh,2026-07-13,852000,SUCCESS,EV-006
O-02490,C-00033,Vo Van Anh,2026-07-03,3182000,SUCCESS,EV-001
O-02491,C-01142,Vu Van Dung,2026-07-06,3100000,SUCCESS,EV-008
O-02492,C-01690,Phan Van Khanh,2026-07-09,1775000,SUCCESS,EV-003
O-02493,C-00511,Phan Van Hung,2026-07-06,1770000,SUCCESS,EV-006
O-02494,C-01420,Dang Van Trung,2026-07-10,2045000,SUCCESS,EV-004
O-02495,C-01253,Vo Van Linh,2026-07-11,2970000,SUCCESS,EV-003
O-02496,C-00805,Phan Van Cuong,2026-07-18,3493000,SUCCESS,EV-007
O-02497,C-01477,Pham Van Anh,2026-06-22,2709000,SUCCESS,EV-008
O-02498,C-01918,Nguyen Van Trung,2026-07-01,3175000,SUCCESS,EV-008
O-02499,C-01066,Tran Van Linh,2026-07-13,4647000,SUCCESS,EV-010
O-02500,C-00576,Pham Van Hung,2026-06-23,1336000,SUCCESS,EV-006
