productId,name,brand,category,price,stock,description,version
P-00001,Razer Tai Nghe Classic,Razer,Tai Nghe,1677000,102,San pham chat luong cao,0
P-00002,Sony Giay Lite,Sony,Giay,4302000,281,San pham chat luong cao,0
P-00003,Anker Op Lung Pro Max,Anker,Op Lung,3495000,493,San pham chat luong cao,0
P-00004,JBL Monitor Lite,JBL,Monitor,4704000,450,San pham chat luong cao,0
P-00005,JBL Tai Nghe Classic,JBL,Tai Nghe,450000,481,San pham chat luong cao,0
P-00006,Razer Op Lung V2,Razer,Op Lung,3803000,131,San pham chat luong cao,0
P-00007,Anker Tablet Mini,Anker,Tablet,4355000,103,San pham chat luong cao,0
P-00008,Asus Tai Nghe Classic,Asus,Tai Nghe,780000,165,San pham chat luong cao,0
P-00009,Sony Op Lung XL,Sony,Op Lung,1138000,291,San pham chat luong cao,0
P-00010,Logitech Loa Sport,Logitech,Loa,2752000,383,San pham chat luong cao,0
P-00011,Razer Tablet Classic,Razer,Tablet,831000,486,San pham chat luong cao,0
P-00012,Anker Ao Thun V2,Anker,Ao Thun,4689000,226,San pham chat luong cao,0
P-00013,Asus Ao Thun Lite,Asus,Ao Thun,4653000,445,San pham chat luong cao,0
P-00014,Asus Quat Mini Sport,Asus,Quat Mini,3577000,264,San pham chat luong cao,0
P-00015,Asus Tai Nghe V2,Asus,Tai Nghe,1719000,79,San pham chat luong cao,0
P-00016,HP Laptop Premium,HP,Laptop,1839000,403,San pham chat luong cao,0
P-00017,Samsung Sac Du Phong Mini,Samsung,Sac Du Phong,1330000,320,San pham chat luong cao,0
P-00018,Asus Ao Thun Ultra,Asus,Ao Thun,1472000,212,San pham chat luong cao,0
P-00019,JBL Giay V2,JBL,Giay,4554000,148,San pham chat luong cao,0
P-00020,Apple Kinh Mat Ultra,Apple,Kinh Mat,402000,316,San pham chat luong cao,0
P-00021,Logitech Chuot Gaming XL,Logitech,Chuot Gaming,1021000,216,San pham chat luong cao,0
P-00022,Xiaomi Laptop Sport,Xiaomi,Laptop,2657000,215,San pham chat luong cao,0
P-00023,Anker Loa Ultra,Anker,Loa,3131000,385,San pham chat luong cao,0
P-00024,Anker USB Hub Pro Max,Anker,USB Hub,4196000,72,San pham chat luong cao,0
P-00025,Logitech Tablet Lite,Logitech,Tablet,1382000,192,San pham chat luong cao,0
P-00026,Apple Chuot Gaming Sport,Apple,Chuot Gaming,2691000,197,San pham chat luong cao,0
P-00027,Anker Tablet Lite,Anker,Tablet,3726000,220,San pham chat luong cao,0
P-00028,Samsung Ban Phim XL,Samsung,Ban Phim,3470000,155,San pham chat luong cao,0
P-00029,Anker Monitor XL,Anker,Monitor,245000,319,San pham chat luong cao,0
P-00030,HP Giay Ultra,HP,Giay,1616000,445,San pham chat luong cao,0
P-00031,Razer Tablet Premium,Razer,Tablet,2842000,68,San pham chat luong cao,0
P-00032,Anker Sac Du Phong Ultra,Anker,Sac Du Phong,4945000,201,San pham chat luong cao,0
P-00033,Asus Ban Phim XL,Asus,Ban Phim,4165000,30,San pham chat luong cao,0
P-00034,Apple Op Lung Ultra,Apple,Op Lung,1044000,93,San pham chat luong cao,0
P-00035,Sony Balo V2,Sony,Balo,2685000,195,San pham chat luong cao,0
P-00036,Anker Balo Classic,Anker,Balo,417000,497,San pham chat luong cao,0
P-00037,Asus Tai Nghe V2,Asus,Tai Nghe,3790000,92,San pham chat luong cao,0
P-00038,JBL USB Hub Ultra,JBL,USB Hub,3617000,476,San pham chat luong cao,0
P-00039,HP Loa Ultra,HP,Loa,3759000,395,San pham chat luong cao,0
P-00040,Anker USB Hub Plus,Anker,USB Hub,3517000,441,San pham chat luong cao,0
P-00041,JBL Monitor Pro Max,JBL,Monitor,4424000,274,San pham chat luong cao,0
P-00042,Sony Balo Premium,Sony,Balo,2003000,204,San pham chat luong cao,0
P-00043,Anker Ao Thun Classic,Anker,Ao Thun,2833000,375,San pham chat luong cao,0
P-00044,Anker Loa Ultra,Anker,Loa,1112000,490,San pham chat luong cao,0
P-00045,Samsung May Anh Premium,Samsung,May Anh,4772000,17,San pham chat luong cao,0
P-00046,Asus Op Lung Ultra,Asus,Op Lung,1814000,375,San pham chat luong cao,0
P-00047,Asus Sac Du Phong Plus,Asus,Sac Du Phong,4068000,148,San pham chat luong cao,0
P-00048,Samsung Giay Premium,Samsung,Giay,1343000,155,San pham chat luong cao,0
P-00049,Razer Laptop V2,Razer,Laptop,180000,492,San pham chat luong cao,0
P-00050,Apple Dong Ho Sport,Apple,Dong Ho,3955000,71,San pham chat luong cao,0
P-00051,Razer Quat Mini Classic,Razer,Quat Mini,2875000,120,San pham chat luong cao,0
P-00052,HP Quat Mini Classic,HP,Quat Mini,143000,372,San pham chat luong cao,0
P-00053,HP Balo V2,HP,Balo,2847000,290,San pham chat luong cao,0
P-00054,JBL Cap Sac Pro Max,JBL,Cap Sac,3743000,385,San pham chat luong cao,0
P-00055,Samsung Webcam Sport,Samsung,Webcam,2284000,222,San pham chat luong cao,0
P-00056,Anker Chuot Gaming V2,Anker,Chuot Gaming,865000,301,San pham chat luong cao,0
P-00057,Apple Chuot Gaming Lite,Apple,Chuot Gaming,4396000,259,San pham chat luong cao,0
P-00058,JBL Ong Nhom Classic,JBL,Ong Nhom,4138000,374,San pham chat luong cao,0
P-00059,Xiaomi Loa Pro Max,Xiaomi,Loa,1757000,274,San pham chat luong cao,0
P-00060,Razer Kinh Mat Classic,Razer,Kinh Mat,3968000,221,San pham chat luong cao,0
P-00061,Razer Dong Ho Classic,Razer,Dong Ho,419000,308,San pham chat luong cao,0
P-00062,Razer Op Lung XL,Razer,Op Lung,2596000,339,San pham chat luong cao,0
P-00063,HP Laptop Mini,HP,Laptop,3007000,90,San pham chat luong cao,0
P-00064,Xiaomi Sac Du Phong Ultra,Xiaomi,Sac Du Phong,3589000,346,San pham chat luong cao,0
P-00065,Xiaomi Balo Pro Max,Xiaomi,Balo,644000,166,San pham chat luong cao,0
P-00066,Logitech Cap Sac XL,Logitech,Cap Sac,3011000,276,San pham chat luong cao,0
P-00067,Apple Ao Thun XL,Apple,Ao Thun,2098000,68,San pham chat luong cao,0
P-00068,Samsung Ban Phim Classic,Samsung,Ban Phim,4600000,461,San pham chat luong cao,0
P-00069,Apple Balo XL,Apple,Balo,1821000,403,San pham chat luong cao,0
P-00070,JBL Tai Nghe Mini,JBL,Tai Nghe,2925000,226,San pham chat luong cao,0
P-00071,Apple Quat Mini Ultra,Apple,Quat Mini,4803000,93,San pham chat luong cao,0
P-00072,Razer Webcam Classic,Razer,Webcam,4938000,73,San pham chat luong cao,0
P-00073,Razer Chuot Gaming Plus,Razer,Chuot Gaming,2919000,429,San pham chat luong cao,0
P-00074,JBL Balo XL,JBL,Balo,4956000,255,San pham chat luong cao,0
P-00075,Xiaomi USB Hub Classic,Xiaomi,USB Hub,2486000,392,San pham chat luong cao,0
P-00076,Samsung Ong Nhom Mini,Samsung,Ong Nhom,1272000,112,San pham chat luong cao,0
P-00077,JBL Kinh Mat Classic,JBL,Kinh Mat,605000,142,San pham chat luong cao,0
P-00078,Asus Ao Thun XL,Asus,Ao Thun,2124000,236,San pham chat luong cao,0
P-00079,Logitech Kinh Mat Sport,Logitech,Kinh Mat,708000,302,San pham chat luong cao,0
P-00080,HP Giay Premium,HP,Giay,1149000,321,San pham chat luong cao,0
P-00081,Anker Ban Phim Mini,Anker,Ban Phim,137000,97,San pham chat luong cao,0
P-00082,Anker Quat Mini Pro Max,Anker,Quat Mini,4739000,35,San pham chat luong cao,0
P-00083,Logitech Cap Sac XL,Logitech,Cap Sac,3459000,331,San pham chat luong cao,0
P-00084,Samsung Loa Lite,Samsung,Loa,624000,408,San pham chat luong cao,0
P-00085,Logitech Quat Mini Premium,Logitech,Quat Mini,2692000,164,San pham chat luong cao,0
P-00086,Apple Monitor Classic,Apple,Monitor,670000,397,San pham chat luong cao,0
P-00087,Xiaomi Laptop Plus,Xiaomi,Laptop,1104000,490,San pham chat luong cao,0
P-00088,Apple Loa Plus,Apple,Loa,3487000,45,San pham chat luong cao,0
P-00089,Sony Sac Du Phong Ultra,Sony,Sac Du Phong,139000,121,San pham chat luong cao,0
P-00090,HP Ao Thun Plus,HP,Ao Thun,1827000,469,San pham chat luong cao,0
P-00091,Razer Tablet Ultra,Razer,Tablet,4214000,172,San pham chat luong cao,0
P-00092,Logitech Laptop V2,Logitech,Laptop,4960000,154,San pham chat luong cao,0
P-00093,Logitech May Anh Classic,Logitech,May Anh,2238000,294,San pham chat luong cao,0
P-00094,Xiaomi Laptop V2,Xiaomi,Laptop,900000,434,San pham chat luong cao,0
P-00095,Razer Sac Du Phong Mini,Razer,Sac Du Phong,202000,298,San pham chat luong cao,0
P-00096,Apple Tablet XL,Apple,Tablet,1280000,432,San pham chat luong cao,0
P-00097,Samsung Kinh Mat Plus,Samsung,Kinh Mat,337000,500,San pham chat luong cao,0
P-00098,HP May Anh Classic,HP,May Anh,660000,362,San pham chat luong cao,0
P-00099,Apple Giay Lite,Apple,Giay,760000,225,San pham chat luong cao,0
P-00100,JBL Monitor XL,JBL,Monitor,2770000,126,San pham chat luong cao,0
P-00101,Anker Tai Nghe Pro Max,Anker,Tai Nghe,3824000,375,San pham chat luong cao,0
P-00102,Apple Tai Nghe Sport,Apple,Tai Nghe,2753000,211,San pham chat luong cao,0
P-00103,Sony Loa Ultra,Sony,Loa,606000,442,San pham chat luong cao,0
P-00104,Razer Sac Du Phong Premium,Razer,Sac Du Phong,1927000,225,San pham chat luong cao,0
P-00105,Xiaomi May Anh Classic,Xiaomi,May Anh,388000,252,San pham chat luong cao,0
P-00106,Apple Giay Mini,Apple,Giay,4477000,442,San pham chat luong cao,0
P-00107,Sony Ao Thun Sport,Sony,Ao Thun,4552000,161,San pham chat luong cao,0
P-00108,Xiaomi Sac Du Phong V2,Xiaomi,Sac Du Phong,4495000,441,San pham chat luong cao,0
P-00109,Samsung Op Lung Lite,Samsung,Op Lung,2175000,127,San pham chat luong cao,0
P-00110,JBL Dong Ho Mini,JBL,Dong Ho,2804000,94,San pham chat luong cao,0
P-00111,Anker May Anh V2,Anker,May Anh,1908000,103,San pham chat luong cao,0
P-00112,Razer USB Hub Plus,Razer,USB Hub,2002000,117,San pham chat luong cao,0
P-00113,JBL Tablet Lite,JBL,Tablet,4100000,62,San pham chat luong cao,0
P-00114,Anker Loa XL,Anker,Loa,95000,156,San pham chat luong cao,0
P-00115,Asus Dong Ho Mini,Asus,Dong Ho,1841000,365,San pham chat luong cao,0
P-00116,Anker USB Hub XL,Anker,USB Hub,1332000,34,San pham chat luong cao,0
P-00117,Xiaomi May Anh Mini,Xiaomi,May Anh,3676000,29,San pham chat luong cao,0
P-00118,HP Ban Phim XL,HP,Ban Phim,709000,136,San pham chat luong cao,0
P-00119,HP Laptop Pro Max,HP,Laptop,2209000,232,San pham chat luong cao,0
P-00120,Samsung Quat Mini Classic,Samsung,Quat Mini,909000,366,San pham chat luong cao,0
P-00121,Anker Cap Sac Lite,Anker,Cap Sac,2918000,72,San pham chat luong cao,0
P-00122,Asus Ban Phim Mini,Asus,Ban Phim,2295000,411,San pham chat luong cao,0
P-00123,Asus May Anh Mini,Asus,May Anh,4814000,185,San pham chat luong cao,0
P-00124,JBL Giay Plus,JBL,Giay,207000,139,San pham chat luong cao,0
P-00125,HP USB Hub Pro Max,HP,USB Hub,2790000,61,San pham chat luong cao,0
P-00126,Samsung May Anh Mini,Samsung,May Anh,887000,184,San pham chat luong cao,0
P-00127,Razer Chuot Gaming Plus,Razer,Chuot Gaming,892000,94,San pham chat luong cao,0
P-00128,JBL Kinh Mat Pro Max,JBL,Kinh Mat,1466000,500,San pham chat luong cao,0
P-00129,Xiaomi Tablet XL,Xiaomi,Tablet,3031000,311,San pham chat luong cao,0
P-00130,Xiaomi Ong Nhom Ultra,Xiaomi,Ong Nhom,2904000,221,San pham chat luong cao,0
P-00131,Xiaomi Ao Thun XL,Xiaomi,Ao Thun,3986000,81,San pham chat luong cao,0
P-00132,Razer Giay XL,Razer,Giay,4938000,453,San pham chat luong cao,0
P-00133,Samsung USB Hub Ultra,Samsung,USB Hub,3895000,82,San pham chat luong cao,0
P-00134,Logitech Tai Nghe Plus,Logitech,Tai Nghe,1814000,481,San pham chat luong cao,0
P-00135,Logitech Tai Nghe V2,Logitech,Tai Nghe,4494000,363,San pham chat luong cao,0
P-00136,Anker Tablet Plus,Anker,Tablet,103000,81,San pham chat luong cao,0
P-00137,Samsung Quat Mini V2,Samsung,Quat Mini,2711000,115,San pham chat luong cao,0
P-00138,Xiaomi Tablet Plus,Xiaomi,Tablet,680000,444,San pham chat luong cao,0
P-00139,Samsung Op Lung XL,Samsung,Op Lung,2268000,160,San pham chat luong cao,0
P-00140,Razer Tablet V2,Razer,Tablet,1572000,335,San pham chat luong cao,0
P-00141,Asus Chuot Gaming Pro Max,Asus,Chuot Gaming,2580000,285,San pham chat luong cao,0
P-00142,Apple Webcam Plus,Apple,Webcam,1176000,74,San pham chat luong cao,0
P-00143,HP Quat Mini XL,HP,Quat Mini,418000,62,San pham chat luong cao,0
P-00144,Xiaomi USB Hub Lite,Xiaomi,USB Hub,3626000,210,San pham chat luong cao,0
P-00145,Razer Monitor Premium,Razer,Monitor,4828000,259,San pham chat luong cao,0
P-00146,Anker Dong Ho Pro Max,Anker,Dong Ho,3222000,151,San pham chat luong cao,0
P-00147,Logitech Tablet Mini,Logitech,Tablet,4398000,28,San pham chat luong cao,0
P-00148,JBL Ong Nhom Premium,JBL,Ong Nhom,3562000,36,San pham chat luong cao,0
P-00149,Xiaomi Loa Classic,Xiaomi,Loa,2416000,25,San pham chat luong cao,0
P-00150,Razer Op Lung Mini,Razer,Op Lung,1114000,107,San pham chat luong cao,0
P-00151,Sony Ban Phim Plus,Sony,Ban Phim,871000,375,San pham chat luong cao,0
P-00152,HP May Anh Premium,HP,May Anh,3517000,236,San pham chat luong cao,0
P-00153,Razer Dong Ho Ultra,Razer,Dong Ho,2621000,153,San pham chat luong cao,0
P-00154,Samsung Giay V2,Samsung,Giay,4797000,243,San pham chat luong cao,0
P-00155,Xiaomi Dong Ho Premium,Xiaomi,Dong Ho,1692000,109,San pham chat luong cao,0
P-00156,Samsung Cap Sac Sport,Samsung,Cap Sac,1505000,329,San pham chat luong cao,0
P-00157,JBL Chuot Gaming Lite,JBL,Chuot Gaming,4359000,372,San pham chat luong cao,0
P-00158,Sony Tablet Plus,Sony,Tablet,4915000,309,San pham chat luong cao,0
P-00159,HP Webcam Ultra,HP,Webcam,1159000,330,San pham chat luong cao,0
P-00160,Sony Dong Ho V2,Sony,Dong Ho,343000,399,San pham chat luong cao,0
P-00161,Razer Sac Du Phong Classic,Razer,Sac Du Phong,2144000,82,San pham chat luong cao,0
P-00162,Samsung Dong Ho Classic,Samsung,Dong Ho,4354000,93,San pham chat luong cao,0
P-00163,Anker Loa Pro Max,Anker,Loa,4280000,355,San pham chat luong cao,0
P-00164,HP May Anh Sport,HP,May Anh,2243000,44,San pham chat luong cao,0
P-00165,Logitech Chuot Gaming Premium,Logitech,Chuot Gaming,2047000,55,San pham chat luong cao,0
P-00166,Anker Dong Ho Premium,Anker,Dong Ho,895000,68,San pham chat luong cao,0
P-00167,Samsung Tablet Plus,Samsung,Tablet,2206000,319,San pham chat luong cao,0
P-00168,Anker Laptop Pro Max,Anker,Laptop,4057000,296,San pham chat luong cao,0
P-00169,Sony Ban Phim XL,Sony,Ban Phim,3233000,28,San pham chat luong cao,0
P-00170,Razer Ong Nhom Mini,Razer,Ong Nhom,96000,73,San pham chat luong cao,0
P-00171,Apple Chuot Gaming Pro Max,Apple,Chuot Gaming,3883000,280,San pham chat luong cao,0
P-00172,Apple Ao Thun V2,Apple,Ao Thun,899000,303,San pham chat luong cao,0
P-00173,HP Sac Du Phong XL,HP,Sac Du Phong,842000,481,San pham chat luong cao,0
P-00174,Asus Ao Thun Plus,Asus,Ao Thun,2109000,36,San pham chat luong cao,0
P-00175,Apple Dong Ho V2,Apple,Dong Ho,3155000,162,San pham chat luong cao,0
P-00176,JBL Balo XL,JBL,Balo,2086000,343,San pham chat luong cao,0
P-00177,Logitech Balo Lite,Logitech,Balo,2115000,151,San pham chat luong cao,0
P-00178,Samsung Dong Ho Lite,Samsung,Dong Ho,4093000,376,San pham chat luong cao,0
P-00179,Samsung Monitor Plus,Samsung,Monitor,1313000,236,San pham chat luong cao,0
P-00180,HP Tablet Sport,HP,Tablet,3713000,51,San pham chat luong cao,0
P-00181,Asus Kinh Mat Pro Max,Asus,Kinh Mat,4091000,299,San pham chat luong cao,0
P-00182,Logitech Sac Du Phong Sport,Logitech,Sac Du Phong,1192000,197,San pham chat luong cao,0
P-00183,Xiaomi Ban Phim Mini,Xiaomi,Ban Phim,4488000,47,San pham chat luong cao,0
P-00184,Asus Ong Nhom Lite,Asus,Ong Nhom,1453000,336,San pham chat luong cao,0
P-00185,Apple Cap Sac Sport,Apple,Cap Sac,503000,342,San pham chat luong cao,0
P-00186,Logitech Loa Pro Max,Logitech,Loa,691000,27,San pham chat luong cao,0
P-00187,HP Giay Sport,HP,Giay,3202000,330,San pham chat luong cao,0
P-00188,HP May Anh Mini,HP,May Anh,2312000,437,San pham chat luong cao,0
P-00189,Apple Sac Du Phong Premium,Apple,Sac Du Phong,4925000,180,San pham chat luong cao,0
P-00190,Razer Monitor Mini,Razer,Monitor,4310000,311,San pham chat luong cao,0
P-00191,Samsung Ao Thun Sport,Samsung,Ao Thun,4547000,350,San pham chat luong cao,0
P-00192,Samsung Ban Phim XL,Samsung,Ban Phim,4921000,429,San pham chat luong cao,0
P-00193,JBL Monitor Mini,JBL,Monitor,3642000,326,San pham chat luong cao,0
P-00194,Anker Chuot Gaming Classic,Anker,Chuot Gaming,4594000,450,San pham chat luong cao,0
P-00195,Logitech Chuot Gaming V2,Logitech,Chuot Gaming,2980000,355,San pham chat luong cao,0
P-00196,Logitech Chuot Gaming XL,Logitech,Chuot Gaming,311000,64,San pham chat luong cao,0
P-00197,JBL Monitor Pro Max,JBL,Monitor,1954000,381,San pham chat luong cao,0
P-00198,Razer Cap Sac Premium,Razer,Cap Sac,1910000,46,San pham chat luong cao,0
P-00199,Sony Quat Mini Pro Max,Sony,Quat Mini,1351000,14,San pham chat luong cao,0
P-00200,HP Dong Ho Lite,HP,Dong Ho,2619000,276,San pham chat luong cao,0
P-00201,Logitech Tablet Sport,Logitech,Tablet,657000,70,San pham chat luong cao,0
P-00202,Anker Sac Du Phong Plus,Anker,Sac Du Phong,4151000,437,San pham chat luong cao,0
P-00203,Logitech Dong Ho Lite,Logitech,Dong Ho,4817000,237,San pham chat luong cao,0
P-00204,Asus Tablet Classic,Asus,Tablet,1989000,54,San pham chat luong cao,0
P-00205,Logitech Monitor Lite,Logitech,Monitor,3700000,99,San pham chat luong cao,0
P-00206,Samsung Balo Sport,Samsung,Balo,1905000,14,San pham chat luong cao,0
P-00207,HP Op Lung Ultra,HP,Op Lung,2961000,63,San pham chat luong cao,0
P-00208,Logitech Tablet Ultra,Logitech,Tablet,2809000,263,San pham chat luong cao,0
P-00209,Anker Loa XL,Anker,Loa,2988000,42,San pham chat luong cao,0
P-00210,Samsung Op Lung Plus,Samsung,Op Lung,1258000,75,San pham chat luong cao,0
P-00211,Anker Quat Mini XL,Anker,Quat Mini,4774000,491,San pham chat luong cao,0
P-00212,Apple Ban Phim Mini,Apple,Ban Phim,4528000,369,San pham chat luong cao,0
P-00213,Sony Kinh Mat Mini,Sony,Kinh Mat,4717000,475,San pham chat luong cao,0
P-00214,Xiaomi Laptop Pro Max,Xiaomi,Laptop,379000,293,San pham chat luong cao,0
P-00215,Sony Ban Phim Lite,Sony,Ban Phim,4632000,310,San pham chat luong cao,0
P-00216,Xiaomi Giay Pro Max,Xiaomi,Giay,4007000,258,San pham chat luong cao,0
P-00217,Samsung Sac Du Phong Plus,Samsung,Sac Du Phong,4724000,45,San pham chat luong cao,0
P-00218,Sony Monitor Ultra,Sony,Monitor,1801000,66,San pham chat luong cao,0
P-00219,Sony Loa Sport,Sony,Loa,1258000,37,San pham chat luong cao,0
P-00220,Asus Tablet Pro Max,Asus,Tablet,3742000,95,San pham chat luong cao,0
P-00221,Logitech Tablet V2,Logitech,Tablet,2804000,232,San pham chat luong cao,0
P-00222,JBL USB Hub Sport,JBL,USB Hub,2338000,114,San pham chat luong cao,0
P-00223,Anker Giay XL,Anker,Giay,216000,105,San pham chat luong cao,0
P-00224,JBL Webcam Pro Max,JBL,Webcam,4603000,221,San pham chat luong cao,0
P-00225,JBL Dong Ho Premium,JBL,Dong Ho,1607000,38,San pham chat luong cao,0
P-00226,Samsung Ban Phim Lite,Samsung,Ban Phim,3928000,101,San pham chat luong cao,0
P-00227,Razer Webcam Plus,Razer,Webcam,2581000,344,San pham chat luong cao,0
P-00228,Asus Op Lung V2,Asus,Op Lung,4243000,72,San pham chat luong cao,0
P-00229,JBL Ao Thun Premium,JBL,Ao Thun,3603000,145,San pham chat luong cao,0
P-00230,Logitech Laptop Pro Max,Logitech,Laptop,4882000,282,San pham chat luong cao,0
P-00231,Apple Giay XL,Apple,Giay,3398000,57,San pham chat luong cao,0
P-00232,HP Kinh Mat XL,HP,Kinh Mat,2857000,492,San pham chat luong cao,0
P-00233,Anker Balo Ultra,Anker,Balo,1122000,224,San pham chat luong cao,0
P-00234,Razer Kinh Mat Premium,Razer,Kinh Mat,511000,482,San pham chat luong cao,0
P-00235,Asus Monitor V2,Asus,Monitor,2573000,436,San pham chat luong cao,0
P-00236,Asus Tai Nghe Pro Max,Asus,Tai Nghe,1918000,190,San pham chat luong cao,0
P-00237,Sony Webcam Plus,Sony,Webcam,4437000,321,San pham chat luong cao,0
P-00238,Logitech Cap Sac Plus,Logitech,Cap Sac,2299000,65,San pham chat luong cao,0
P-00239,Anker Op Lung Premium,Anker,Op Lung,1328000,159,San pham chat luong cao,0
P-00240,Sony Loa Mini,Sony,Loa,4774000,484,San pham chat luong cao,0
P-00241,Anker Tai Nghe Pro Max,Anker,Tai Nghe,2836000,44,San pham chat luong cao,0
P-00242,Xiaomi Ong Nhom Lite,Xiaomi,Ong Nhom,3473000,470,San pham chat luong cao,0
P-00243,HP Webcam Lite,HP,Webcam,3150000,25,San pham chat luong cao,0
P-00244,Asus Sac Du Phong Ultra,Asus,Sac Du Phong,4757000,467,San pham chat luong cao,0
P-00245,Samsung Ao Thun Ultra,Samsung,Ao Thun,3577000,324,San pham chat luong cao,0
P-00246,Xiaomi Tai Nghe Classic,Xiaomi,Tai Nghe,4442000,357,San pham chat luong cao,0
P-00247,HP USB Hub Pro Max,HP,USB Hub,2231000,241,San pham chat luong cao,0
P-00248,Xiaomi Loa Mini,Xiaomi,Loa,3570000,163,San pham chat luong cao,0
P-00249,Apple Dong Ho Premium,Apple,Dong Ho,4414000,352,San pham chat luong cao,0
P-00250,Anker Cap Sac V2,Anker,Cap Sac,4535000,435,San pham chat luong cao,0
P-00251,Samsung Tablet Sport,Samsung,Tablet,4954000,99,San pham chat luong cao,0
P-00252,Logitech Ban Phim Mini,Logitech,Ban Phim,3102000,300,San pham chat luong cao,0
P-00253,Razer Loa Classic,Razer,Loa,4894000,146,San pham chat luong cao,0
P-00254,Samsung May Anh Pro Max,Samsung,May Anh,2044000,288,San pham chat luong cao,0
P-00255,HP Tai Nghe Premium,HP,Tai Nghe,1719000,302,San pham chat luong cao,0
P-00256,Sony Dong Ho Lite,Sony,Dong Ho,474000,349,San pham chat luong cao,0
P-00257,Sony Quat Mini Pro Max,Sony,Quat Mini,710000,112,San pham chat luong cao,0
P-00258,Anker Dong Ho Premium,Anker,Dong Ho,1513000,379,San pham chat luong cao,0
P-00259,Asus USB Hub V2,Asus,USB Hub,1729000,269,San pham chat luong cao,0
P-00260,Logitech Balo Premium,Logitech,Balo,4320000,44,San pham chat luong cao,0
P-00261,Anker Laptop Classic,Anker,Laptop,1662000,321,San pham chat luong cao,0
P-00262,Sony Ao Thun Sport,Sony,Ao Thun,4863000,302,San pham chat luong cao,0
P-00263,Asus Tai Nghe Mini,Asus,Tai Nghe,2749000,207,San pham chat luong cao,0
P-00264,Logitech Cap Sac V2,Logitech,Cap Sac,350000,330,San pham chat luong cao,0
P-00265,Anker Tablet Lite,Anker,Tablet,3339000,46,San pham chat luong cao,0
P-00266,Asus Monitor Lite,Asus,Monitor,2449000,161,San pham chat luong cao,0
P-00267,Logitech Quat Mini Sport,Logitech,Quat Mini,3932000,346,San pham chat luong cao,0
P-00268,Xiaomi Ban Phim Sport,Xiaomi,Ban Phim,3611000,110,San pham chat luong cao,0
P-00269,Apple Loa Plus,Apple,Loa,1560000,321,San pham chat luong cao,0
P-00270,Asus Loa Ultra,Asus,Loa,415000,419,San pham chat luong cao,0
P-00271,Sony May Anh Lite,Sony,May Anh,644000,179,San pham chat luong cao,0
P-00272,JBL May Anh Premium,JBL,May Anh,3960000,410,San pham chat luong cao,0
P-00273,HP Quat Mini Pro Max,HP,Quat Mini,845000,455,San pham chat luong cao,0
P-00274,Anker Laptop V2,Anker,Laptop,149000,15,San pham chat luong cao,0
P-00275,Razer May Anh Mini,Razer,May Anh,758000,493,San pham chat luong cao,0
P-00276,Anker Op Lung Premium,Anker,Op Lung,2757000,499,San pham chat luong cao,0
P-00277,Anker Webcam Sport,Anker,Webcam,1529000,374,San pham chat luong cao,0
P-00278,Sony Laptop Mini,Sony,Laptop,2986000,328,San pham chat luong cao,0
P-00279,JBL Balo Pro Max,JBL,Balo,325000,486,San pham chat luong cao,0
P-00280,Asus Loa XL,Asus,Loa,62000,337,San pham chat luong cao,0
P-00281,Anker Loa Plus,Anker,Loa,2822000,217,San pham chat luong cao,0
P-00282,Asus Chuot Gaming Plus,Asus,Chuot Gaming,854000,211,San pham chat luong cao,0
P-00283,HP Sac Du Phong Ultra,HP,Sac Du Phong,4003000,416,San pham chat luong cao,0
P-00284,Sony Monitor Premium,Sony,Monitor,4018000,143,San pham chat luong cao,0
P-00285,Samsung Op Lung Mini,Samsung,Op Lung,524000,494,San pham chat luong cao,0
P-00286,Anker Quat Mini Premium,Anker,Quat Mini,1037000,242,San pham chat luong cao,0
P-00287,Sony Ong Nhom Premium,Sony,Ong Nhom,1120000,107,San pham chat luong cao,0
P-00288,Sony Monitor V2,Sony,Monitor,262000,255,San pham chat luong cao,0
P-00289,Logitech USB Hub Plus,Logitech,USB Hub,3336000,471,San pham chat luong cao,0
P-00290,Asus Giay V2,Asus,Giay,140000,190,San pham chat luong cao,0
P-00291,Samsung USB Hub Lite,Samsung,USB Hub,1040000,432,San pham chat luong cao,0
P-00292,Razer Cap Sac Classic,Razer,Cap Sac,438000,296,San pham chat luong cao,0
P-00293,Sony May Anh XL,Sony,May Anh,2876000,349,San pham chat luong cao,0
P-00294,JBL Balo Premium,JBL,Balo,1718000,456,San pham chat luong cao,0
P-00295,Logitech Laptop Lite,Logitech,Laptop,2128000,277,San pham chat luong cao,0
P-00296,Anker May Anh Mini,Anker,May Anh,2784000,206,San pham chat luong cao,0
P-00297,JBL Balo Pro Max,JBL,Balo,1533000,280,San pham chat luong cao,0
P-00298,Samsung Quat Mini Plus,Samsung,Quat Mini,215000,316,San pham chat luong cao,0
P-00299,Sony Ao Thun Pro Max,Sony,Ao Thun,2460000,451,San pham chat luong cao,0
P-00300,HP Kinh Mat Pro Max,HP,Kinh Mat,4788000,492,San pham chat luong cao,0
P-00301,Xiaomi Ban Phim Pro Max,Xiaomi,Ban Phim,4412000,477,San pham chat luong cao,0
P-00302,Xiaomi May Anh Pro Max,Xiaomi,May Anh,4498000,11,San pham chat luong cao,0
P-00303,Apple USB Hub Premium,Apple,USB Hub,2283000,279,San pham chat luong cao,0
P-00304,HP Laptop Ultra,HP,Laptop,2696000,57,San pham chat luong cao,0
P-00305,JBL Kinh Mat Plus,JBL,Kinh Mat,1056000,448,San pham chat luong cao,0
P-00306,Samsung Sac Du Phong XL,Samsung,Sac Du Phong,594000,313,San pham chat luong cao,0
P-00307,HP Tablet Pro Max,HP,Tablet,4562000,409,San pham chat luong cao,0
P-00308,Samsung Loa Lite,Samsung,Loa,1120000,462,San pham chat luong cao,0
P-00309,JBL Laptop Lite,JBL,Laptop,2931000,490,San pham chat luong cao,0
P-00310,HP Loa V2,HP,Loa,819000,165,San pham chat luong cao,0
P-00311,JBL Loa Sport,JBL,Loa,524000,383,San pham chat luong cao,0
P-00312,Samsung Cap Sac XL,Samsung,Cap Sac,2427000,232,San pham chat luong cao,0
P-00313,Anker Ong Nhom Mini,Anker,Ong Nhom,1821000,214,San pham chat luong cao,0
P-00314,Anker Monitor Plus,Anker,Monitor,3899000,339,San pham chat luong cao,0
P-00315,Apple Quat Mini Premium,Apple,Quat Mini,1765000,385,San pham chat luong cao,0
P-00316,Logitech May Anh Classic,Logitech,May Anh,2691000,66,San pham chat luong cao,0
P-00317,Asus Cap Sac XL,Asus,Cap Sac,2059000,273,San pham chat luong cao,0
P-00318,Samsung Tai Nghe V2,Samsung,Tai Nghe,2715000,496,San pham chat luong cao,0
P-00319,Razer Chuot Gaming Pro Max,Razer,Chuot Gaming,3031000,124,San pham chat luong cao,0
P-00320,Anker Ban Phim XL,Anker,Ban Phim,450000,209,San pham chat luong cao,0
P-00321,Logitech USB Hub Lite,Logitech,USB Hub,3677000,135,San pham chat luong cao,0
P-00322,Apple Tai Nghe Mini,Apple,Tai Nghe,709000,425,San pham chat luong cao,0
P-00323,Logitech Ao Thun Ultra,Logitech,Ao Thun,1357000,275,San pham chat luong cao,0
P-00324,HP Ong Nhom Premium,HP,Ong Nhom,2027000,190,San pham chat luong cao,0
P-00325,Asus Webcam Mini,Asus,Webcam,2672000,457,San pham chat luong cao,0
P-00326,Xiaomi Cap Sac XL,Xiaomi,Cap Sac,2449000,175,San pham chat luong cao,0
P-00327,HP May Anh Lite,HP,May Anh,315000,220,San pham chat luong cao,0
P-00328,Logitech Balo Plus,Logitech,Balo,1649000,346,San pham chat luong cao,0
P-00329,Logitech Tai Nghe Premium,Logitech,Tai Nghe,1436000,296,San pham chat luong cao,0
P-00330,Samsung Kinh Mat Lite,Samsung,Kinh Mat,2657000,436,San pham chat luong cao,0
P-00331,Logitech Tablet Lite,Logitech,Tablet,2278000,51,San pham chat luong cao,0
P-00332,Logitech Tablet Ultra,Logitech,Tablet,3730000,21,San pham chat luong cao,0
P-00333,Sony Quat Mini XL,Sony,Quat Mini,155000,353,San pham chat luong cao,0
P-00334,Razer USB Hub Ultra,Razer,USB Hub,1158000,232,San pham chat luong cao,0
P-00335,Apple Ban Phim Plus,Apple,Ban Phim,3956000,189,San pham chat luong cao,0
P-00336,HP USB Hub Premium,HP,USB Hub,2030000,180,San pham chat luong cao,0
P-00337,HP Sac Du Phong Ultra,HP,Sac Du Phong,4249000,354,San pham chat luong cao,0
P-00338,Logitech Ong Nhom XL,Logitech,Ong Nhom,2502000,136,San pham chat luong cao,0
P-00339,Razer Webcam Pro Max,Razer,Webcam,2494000,383,San pham chat luong cao,0
P-00340,Sony Ban Phim Premium,Sony,Ban Phim,1520000,486,San pham chat luong cao,0
P-00341,HP Webcam Sport,HP,Webcam,2072000,337,San pham chat luong cao,0
P-00342,HP May Anh Lite,HP,May Anh,4478000,408,San pham chat luong cao,0
P-00343,Sony USB Hub Sport,Sony,USB Hub,1024000,342,San pham chat luong cao,0
P-00344,JBL Tablet Sport,JBL,Tablet,3726000,475,San pham chat luong cao,0
P-00345,Logitech May Anh Sport,Logitech,May Anh,4058000,65,San pham chat luong cao,0
P-00346,Samsung Ban Phim XL,Samsung,Ban Phim,1456000,110,San pham chat luong cao,0
P-00347,Sony Balo Premium,Sony,Balo,3618000,485,San pham chat luong cao,0
P-00348,Xiaomi Dong Ho XL,Xiaomi,Dong Ho,374000,405,San pham chat luong cao,0
P-00349,JBL Ban Phim Pro Max,JBL,Ban Phim,1600000,123,San pham chat luong cao,0
P-00350,Sony Giay XL,Sony,Giay,503000,18,San pham chat luong cao,0
P-00351,HP Chuot Gaming Pro Max,HP,Chuot Gaming,3195000,219,San pham chat luong cao,0
P-00352,Apple Quat Mini XL,Apple,Quat Mini,3628000,93,San pham chat luong cao,0
P-00353,Xiaomi May Anh Classic,Xiaomi,May Anh,1508000,243,San pham chat luong cao,0
P-00354,Razer Balo Lite,Razer,Balo,2924000,499,San pham chat luong cao,0
P-00355,JBL Loa Ultra,JBL,Loa,4079000,430,San pham chat luong cao,0
P-00356,Anker Monitor Mini,Anker,Monitor,3509000,472,San pham chat luong cao,0
P-00357,JBL Sac Du Phong V2,JBL,Sac Du Phong,4717000,260,San pham chat luong cao,0
P-00358,Apple Tai Nghe Plus,Apple,Tai Nghe,3704000,196,San pham chat luong cao,0
P-00359,Samsung Loa XL,Samsung,Loa,643000,100,San pham chat luong cao,0
P-00360,Anker Sac Du Phong Pro Max,Anker,Sac Du Phong,4618000,82,San pham chat luong cao,0
P-00361,JBL Webcam Pro Max,JBL,Webcam,2946000,441,San pham chat luong cao,0
P-00362,Sony USB Hub Mini,Sony,USB Hub,3303000,441,San pham chat luong cao,0
P-00363,Samsung Op Lung V2,Samsung,Op Lung,1542000,31,San pham chat luong cao,0
P-00364,Anker Monitor XL,Anker,Monitor,1616000,309,San pham chat luong cao,0
P-00365,Logitech Laptop Mini,Logitech,Laptop,2855000,433,San pham chat luong cao,0
P-00366,Razer Ao Thun Pro Max,Razer,Ao Thun,141000,128,San pham chat luong cao,0
P-00367,Sony Balo Classic,Sony,Balo,1240000,453,San pham chat luong cao,0
P-00368,Sony Sac Du Phong Plus,Sony,Sac Du Phong,3577000,78,San pham chat luong cao,0
P-00369,Xiaomi Sac Du Phong Classic,Xiaomi,Sac Du Phong,3852000,229,San pham chat luong cao,0
P-00370,HP Webcam V2,HP,Webcam,2085000,17,San pham chat luong cao,0
P-00371,Apple Giay Mini,Apple,Giay,2546000,284,San pham chat luong cao,0
P-00372,Xiaomi Tai Nghe Lite,Xiaomi,Tai Nghe,801000,144,San pham chat luong cao,0
P-00373,HP Kinh Mat Pro Max,HP,Kinh Mat,3462000,37,San pham chat luong cao,0
P-00374,JBL Chuot Gaming Ultra,JBL,Chuot Gaming,4556000,211,San pham chat luong cao,0
P-00375,Sony USB Hub Lite,Sony,USB Hub,1517000,423,San pham chat luong cao,0
P-00376,Logitech Tablet Classic,Logitech,Tablet,1213000,41,San pham chat luong cao,0
P-00377,Xiaomi Giay V2,Xiaomi,Giay,2263000,280,San pham chat luong cao,0
P-00378,Apple Kinh Mat Sport,Apple,Kinh Mat,4804000,75,San pham chat luong cao,0
P-00379,Apple Ao Thun Sport,Apple,Ao Thun,3271000,420,San pham chat luong cao,0
P-00380,Logitech Ong Nhom Sport,Logitech,Ong Nhom,3017000,274,San pham chat luong cao,0
P-00381,Xiaomi Tai Nghe Pro Max,Xiaomi,Tai Nghe,1707000,263,San pham chat luong cao,0
P-00382,Razer Ban Phim Pro Max,Razer,Ban Phim,4235000,121,San pham chat luong cao,0
P-00383,HP Chuot Gaming Premium,HP,Chuot Gaming,3458000,120,San pham chat luong cao,0
P-00384,Anker Kinh Mat Mini,Anker,Kinh Mat,411000,230,San pham chat luong cao,0
P-00385,Apple Webcam Premium,Apple,Webcam,3741000,453,San pham chat luong cao,0
P-00386,Anker Tai Nghe Lite,Anker,Tai Nghe,1654000,178,San pham chat luong cao,0
P-00387,Logitech Cap Sac Lite,Logitech,Cap Sac,2684000,248,San pham chat luong cao,0
P-00388,HP Balo Sport,HP,Balo,2453000,307,San pham chat luong cao,0
P-00389,Logitech Quat Mini V2,Logitech,Quat Mini,4586000,340,San pham chat luong cao,0
P-00390,Xiaomi Giay Classic,Xiaomi,Giay,4555000,206,San pham chat luong cao,0
P-00391,Logitech Ban Phim Mini,Logitech,Ban Phim,1285000,365,San pham chat luong cao,0
P-00392,Anker May Anh Sport,Anker,May Anh,3902000,287,San pham chat luong cao,0
P-00393,Asus Ong Nhom Plus,Asus,Ong Nhom,317000,118,San pham chat luong cao,0
P-00394,Asus Quat Mini Lite,Asus,Quat Mini,2966000,242,San pham chat luong cao,0
P-00395,Anker May Anh Sport,Anker,May Anh,240000,154,San pham chat luong cao,0
P-00396,JBL Dong Ho Pro Max,JBL,Dong Ho,926000,94,San pham chat luong cao,0
P-00397,Xiaomi Balo XL,Xiaomi,Balo,2976000,204,San pham chat luong cao,0
P-00398,Logitech Kinh Mat XL,Logitech,Kinh Mat,3041000,129,San pham chat luong cao,0
P-00399,Razer Webcam V2,Razer,Webcam,3038000,265,San pham chat luong cao,0
P-00400,Sony Giay Ultra,Sony,Giay,2644000,94,San pham chat luong cao,0
P-00401,Xiaomi Quat Mini Sport,Xiaomi,Quat Mini,101000,479,San pham chat luong cao,0
P-00402,Apple Op Lung Premium,Apple,Op Lung,1404000,388,San pham chat luong cao,0
P-00403,Razer Ban Phim Plus,Razer,Ban Phim,3164000,139,San pham chat luong cao,0
P-00404,JBL Loa Mini,JBL,Loa,3232000,367,San pham chat luong cao,0
P-00405,Anker Balo Lite,Anker,Balo,2346000,387,San pham chat luong cao,0
P-00406,Samsung Loa Ultra,Samsung,Loa,1003000,256,San pham chat luong cao,0
P-00407,Logitech Ong Nhom Pro Max,Logitech,Ong Nhom,1677000,392,San pham chat luong cao,0
P-00408,Xiaomi Chuot Gaming Sport,Xiaomi,Chuot Gaming,1400000,237,San pham chat luong cao,0
P-00409,Asus Quat Mini Classic,Asus,Quat Mini,2026000,472,San pham chat luong cao,0
P-00410,Sony Kinh Mat Sport,Sony,Kinh Mat,3731000,347,San pham chat luong cao,0
P-00411,Logitech May Anh XL,Logitech,May Anh,4689000,115,San pham chat luong cao,0
P-00412,JBL Balo Lite,JBL,Balo,1415000,141,San pham chat luong cao,0
P-00413,Asus Ong Nhom XL,Asus,Ong Nhom,3395000,267,San pham chat luong cao,0
P-00414,Asus Ao Thun Premium,Asus,Ao Thun,1625000,156,San pham chat luong cao,0
P-00415,JBL Monitor Pro Max,JBL,Monitor,1787000,162,San pham chat luong cao,0
P-00416,Anker Webcam V2,Anker,Webcam,149000,276,San pham chat luong cao,0
P-00417,JBL Tablet Mini,JBL,Tablet,782000,311,San pham chat luong cao,0
P-00418,Apple Kinh Mat V2,Apple,Kinh Mat,1379000,387,San pham chat luong cao,0
P-00419,JBL Tai Nghe V2,JBL,Tai Nghe,303000,195,San pham chat luong cao,0
P-00420,Razer May Anh Ultra,Razer,May Anh,3212000,43,San pham chat luong cao,0
P-00421,Anker Webcam Lite,Anker,Webcam,3420000,32,San pham chat luong cao,0
P-00422,Asus Ban Phim Classic,Asus,Ban Phim,814000,330,San pham chat luong cao,0
P-00423,Sony Ban Phim Pro Max,Sony,Ban Phim,3789000,231,San pham chat luong cao,0
P-00424,Anker Laptop Sport,Anker,Laptop,1845000,111,San pham chat luong cao,0
P-00425,Anker Dong Ho Plus,Anker,Dong Ho,2123000,443,San pham chat luong cao,0
P-00426,Samsung Ao Thun Sport,Samsung,Ao Thun,2704000,240,San pham chat luong cao,0
P-00427,Asus Dong Ho Pro Max,Asus,Dong Ho,2517000,357,San pham chat luong cao,0
P-00428,HP Sac Du Phong Classic,HP,Sac Du Phong,3768000,142,San pham chat luong cao,0
P-00429,Razer May Anh Ultra,Razer,May Anh,3211000,185,San pham chat luong cao,0
P-00430,Samsung Cap Sac Plus,Samsung,Cap Sac,2294000,483,San pham chat luong cao,0
P-00431,Sony Tablet Ultra,Sony,Tablet,708000,63,San pham chat luong cao,0
P-00432,Logitech Dong Ho Pro Max,Logitech,Dong Ho,4483000,424,San pham chat luong cao,0
P-00433,Xiaomi Cap Sac Pro Max,Xiaomi,Cap Sac,3804000,246,San pham chat luong cao,0
P-00434,Sony Chuot Gaming Sport,Sony,Chuot Gaming,2781000,473,San pham chat luong cao,0
P-00435,Razer Chuot Gaming Premium,Razer,Chuot Gaming,3601000,140,San pham chat luong cao,0
P-00436,Apple Balo V2,Apple,Balo,3857000,202,San pham chat luong cao,0
P-00437,Sony Kinh Mat Ultra,Sony,Kinh Mat,4359000,85,San pham chat luong cao,0
P-00438,Sony Chuot Gaming Lite,Sony,Chuot Gaming,4555000,116,San pham chat luong cao,0
P-00439,HP Ao Thun Premium,HP,Ao Thun,2785000,389,San pham chat luong cao,0
P-00440,JBL Loa Classic,JBL,Loa,1401000,276,San pham chat luong cao,0
P-00441,Logitech Ao Thun Ultra,Logitech,Ao Thun,968000,295,San pham chat luong cao,0
P-00442,HP Ong Nhom Premium,HP,Ong Nhom,2132000,68,San pham chat luong cao,0
P-00443,Samsung Loa Classic,Samsung,Loa,2047000,227,San pham chat luong cao,0
P-00444,Apple Ao Thun Sport,Apple,Ao Thun,579000,352,San pham chat luong cao,0
P-00445,JBL May Anh Lite,JBL,May Anh,3341000,325,San pham chat luong cao,0
P-00446,Apple Laptop Mini,Apple,Laptop,3859000,475,San pham chat luong cao,0
P-00447,Xiaomi Chuot Gaming XL,Xiaomi,Chuot Gaming,3378000,175,San pham chat luong cao,0
P-00448,Logitech Cap Sac Sport,Logitech,Cap Sac,2464000,121,San pham chat luong cao,0
P-00449,Asus Loa Lite,Asus,Loa,2330000,471,San pham chat luong cao,0
P-00450,HP Monitor Premium,HP,Monitor,2139000,238,San pham chat luong cao,0
P-00451,Logitech Ao Thun XL,Logitech,Ao Thun,2506000,366,San pham chat luong cao,0
P-00452,Asus Tablet XL,Asus,Tablet,2570000,383,San pham chat luong cao,0
P-00453,Apple Tablet V2,Apple,Tablet,3811000,158,San pham chat luong cao,0
P-00454,Razer Ao Thun V2,Razer,Ao Thun,3763000,205,San pham chat luong cao,0
P-00455,JBL Kinh Mat V2,JBL,Kinh Mat,2036000,497,San pham chat luong cao,0
P-00456,Logitech Monitor V2,Logitech,Monitor,1684000,404,San pham chat luong cao,0
P-00457,Sony May Anh Plus,Sony,May Anh,1869000,438,San pham chat luong cao,0
P-00458,Asus Tai Nghe V2,Asus,Tai Nghe,1842000,292,San pham chat luong cao,0
P-00459,JBL Monitor XL,JBL,Monitor,3654000,109,San pham chat luong cao,0
P-00460,Samsung Chuot Gaming Lite,Samsung,Chuot Gaming,645000,256,San pham chat luong cao,0
P-00461,Asus Kinh Mat Classic,Asus,Kinh Mat,2308000,474,San pham chat luong cao,0
P-00462,Sony Dong Ho Lite,Sony,Dong Ho,3931000,28,San pham chat luong cao,0
P-00463,Samsung May Anh Plus,Samsung,May Anh,544000,120,San pham chat luong cao,0
P-00464,Asus USB Hub Premium,Asus,USB Hub,3227000,379,San pham chat luong cao,0
P-00465,HP Giay Plus,HP,Giay,1801000,187,San pham chat luong cao,0
P-00466,Razer Op Lung Pro Max,Razer,Op Lung,1024000,308,San pham chat luong cao,0
P-00467,Samsung Cap Sac Premium,Samsung,Cap Sac,2659000,317,San pham chat luong cao,0
P-00468,Anker Cap Sac V2,Anker,Cap Sac,1469000,460,San pham chat luong cao,0
P-00469,Sony Cap Sac Sport,Sony,Cap Sac,636000,81,San pham chat luong cao,0
P-00470,Logitech Tablet Mini,Logitech,Tablet,2788000,151,San pham chat luong cao,0
P-00471,Asus USB Hub Ultra,Asus,USB Hub,2380000,244,San pham chat luong cao,0
P-00472,JBL Laptop Pro Max,JBL,Laptop,4090000,492,San pham chat luong cao,0
P-00473,Asus Cap Sac Ultra,Asus,Cap Sac,4882000,176,San pham chat luong cao,0
P-00474,Logitech Ong Nhom Classic,Logitech,Ong Nhom,2687000,20,San pham chat luong cao,0
P-00475,Logitech Sac Du Phong V2,Logitech,Sac Du Phong,1455000,270,San pham chat luong cao,0
P-00476,Logitech Chuot Gaming XL,Logitech,Chuot Gaming,2419000,401,San pham chat luong cao,0
P-00477,Anker USB Hub V2,Anker,USB Hub,3649000,246,San pham chat luong cao,0
P-00478,Apple Balo Classic,Apple,Balo,1889000,399,San pham chat luong cao,0
P-00479,JBL Tai Nghe Ultra,JBL,Tai Nghe,4842000,442,San pham chat luong cao,0
P-00480,Anker Kinh Mat Plus,Anker,Kinh Mat,1633000,324,San pham chat luong cao,0
P-00481,Apple Giay V2,Apple,Giay,3167000,330,San pham chat luong cao,0
P-00482,Apple Giay Plus,Apple,Giay,4425000,354,San pham chat luong cao,0
P-00483,HP Tablet Sport,HP,Tablet,793000,345,San pham chat luong cao,0
P-00484,Asus Monitor XL,Asus,Monitor,2891000,52,San pham chat luong cao,0
P-00485,JBL Tai Nghe XL,JBL,Tai Nghe,4817000,163,San pham chat luong cao,0
P-00486,Logitech Op Lung Lite,Logitech,Op Lung,3433000,433,San pham chat luong cao,0
P-00487,Apple Chuot Gaming Classic,Apple,Chuot Gaming,2734000,17,San pham chat luong cao,0
P-00488,Xiaomi Cap Sac V2,Xiaomi,Cap Sac,1725000,441,San pham chat luong cao,0
P-00489,Logitech Sac Du Phong V2,Logitech,Sac Du Phong,1822000,340,San pham chat luong cao,0
P-00490,Sony Webcam V2,Sony,Webcam,1242000,292,San pham chat luong cao,0
P-00491,Sony Dong Ho XL,Sony,Dong Ho,1627000,460,San pham chat luong cao,0
P-00492,Logitech Tai Nghe Plus,Logitech,Tai Nghe,1122000,55,San pham chat luong cao,0
P-00493,Sony USB Hub Mini,Sony,USB Hub,279000,322,San pham chat luong cao,0
P-00494,Sony Tablet Premium,Sony,Tablet,583000,120,San pham chat luong cao,0
P-00495,Anker Balo Sport,Anker,Balo,1211000,324,San pham chat luong cao,0
P-00496,Razer Sac Du Phong Premium,Razer,Sac Du Phong,2609000,191,San pham chat luong cao,0
P-00497,HP Chuot Gaming Premium,HP,Chuot Gaming,2524000,373,San pham chat luong cao,0
P-00498,Asus Loa Plus,Asus,Loa,4642000,129,San pham chat luong cao,0
P-00499,Asus Cap Sac Premium,Asus,Cap Sac,2913000,81,San pham chat luong cao,0
P-00500,Samsung Cap Sac Plus,Samsung,Cap Sac,1883000,204,San pham chat luong cao,0
P-00501,Xiaomi Webcam Sport,Xiaomi,Webcam,252000,453,San pham chat luong cao,0
P-00502,Anker Ao Thun Lite,Anker,Ao Thun,1878000,473,San pham chat luong cao,0
P-00503,Razer Tablet Sport,Razer,Tablet,3239000,219,San pham chat luong cao,0
P-00504,JBL Chuot Gaming Lite,JBL,Chuot Gaming,2945000,65,San pham chat luong cao,0
P-00505,Asus Ao Thun Classic,Asus,Ao Thun,2870000,95,San pham chat luong cao,0
P-00506,JBL Ao Thun Premium,JBL,Ao Thun,3184000,372,San pham chat luong cao,0
P-00507,Asus Giay Lite,Asus,Giay,4724000,140,San pham chat luong cao,0
P-00508,Anker USB Hub Premium,Anker,USB Hub,404000,324,San pham chat luong cao,0
P-00509,Razer Tai Nghe Lite,Razer,Tai Nghe,4099000,49,San pham chat luong cao,0
P-00510,JBL Cap Sac Sport,JBL,Cap Sac,2684000,54,San pham chat luong cao,0
P-00511,Samsung Ao Thun Classic,Samsung,Ao Thun,85000,390,San pham chat luong cao,0
P-00512,Asus Kinh Mat Pro Max,Asus,Kinh Mat,1224000,305,San pham chat luong cao,0
P-00513,Logitech Cap Sac Premium,Logitech,Cap Sac,3038000,111,San pham chat luong cao,0
P-00514,Apple Chuot Gaming Classic,Apple,Chuot Gaming,2914000,112,San pham chat luong cao,0
P-00515,Xiaomi Cap Sac Premium,Xiaomi,Cap Sac,3725000,134,San pham chat luong cao,0
P-00516,Xiaomi Op Lung Mini,Xiaomi,Op Lung,4670000,333,San pham chat luong cao,0
P-00517,Logitech Ban Phim Sport,Logitech,Ban Phim,4955000,163,San pham chat luong cao,0
P-00518,Sony Loa V2,Sony,Loa,894000,401,San pham chat luong cao,0
P-00519,Xiaomi Ong Nhom Pro Max,Xiaomi,Ong Nhom,1599000,248,San pham chat luong cao,0
P-00520,Asus Kinh Mat Classic,Asus,Kinh Mat,4133000,196,San pham chat luong cao,0
P-00521,Anker Ban Phim Premium,Anker,Ban Phim,1246000,125,San pham chat luong cao,0
P-00522,Asus USB Hub Sport,Asus,USB Hub,1370000,339,San pham chat luong cao,0
P-00523,Samsung Ong Nhom Premium,Samsung,Ong Nhom,1446000,321,San pham chat luong cao,0
P-00524,Xiaomi Tai Nghe Mini,Xiaomi,Tai Nghe,3405000,356,San pham chat luong cao,0
P-00525,Sony Tai Nghe V2,Sony,Tai Nghe,2688000,282,San pham chat luong cao,0
P-00526,Xiaomi Op Lung Ultra,Xiaomi,Op Lung,3645000,486,San pham chat luong cao,0
P-00527,Xiaomi Cap Sac Ultra,Xiaomi,Cap Sac,1066000,186,San pham chat luong cao,0
P-00528,Razer Ban Phim XL,Razer,Ban Phim,2240000,56,San pham chat luong cao,0
P-00529,Asus Laptop Classic,Asus,Laptop,500000,107,San pham chat luong cao,0
P-00530,Samsung Chuot Gaming Plus,Samsung,Chuot Gaming,879000,201,San pham chat luong cao,0
P-00531,Samsung Quat Mini V2,Samsung,Quat Mini,3241000,371,San pham chat luong cao,0
P-00532,Razer Loa Ultra,Razer,Loa,184000,298,San pham chat luong cao,0
P-00533,HP Sac Du Phong Ultra,HP,Sac Du Phong,1436000,470,San pham chat luong cao,0
P-00534,HP Dong Ho XL,HP,Dong Ho,4519000,311,San pham chat luong cao,0
P-00535,Anker May Anh Plus,Anker,May Anh,3574000,288,San pham chat luong cao,0
P-00536,Asus Sac Du Phong Mini,Asus,Sac Du Phong,2773000,321,San pham chat luong cao,0
P-00537,Xiaomi Loa Mini,Xiaomi,Loa,2700000,460,San pham chat luong cao,0
P-00538,Samsung Cap Sac Mini,Samsung,Cap Sac,3060000,310,San pham chat luong cao,0
P-00539,Anker Ong Nhom Classic,Anker,Ong Nhom,876000,134,San pham chat luong cao,0
P-00540,HP May Anh Plus,HP,May Anh,284000,60,San pham chat luong cao,0
P-00541,HP Quat Mini V2,HP,Quat Mini,1101000,210,San pham chat luong cao,0
P-00542,HP Loa Plus,HP,Loa,3892000,77,San pham chat luong cao,0
P-00543,Razer Cap Sac Lite,Razer,Cap Sac,2777000,305,San pham chat luong cao,0
P-00544,Razer Chuot Gaming XL,Razer,Chuot Gaming,2409000,146,San pham chat luong cao,0
P-00545,HP Cap Sac Classic,HP,Cap Sac,2492000,210,San pham chat luong cao,0
P-00546,HP Quat Mini XL,HP,Quat Mini,2923000,391,San pham chat luong cao,0
P-00547,HP Op Lung Ultra,HP,Op Lung,122000,422,San pham chat luong cao,0
P-00548,Xiaomi Monitor V2,Xiaomi,Monitor,1379000,474,San pham chat luong cao,0
P-00549,Logitech May Anh Mini,Logitech,May Anh,663000,339,San pham chat luong cao,0
P-00550,Logitech Tai Nghe V2,Logitech,Tai Nghe,806000,187,San pham chat luong cao,0
P-00551,Razer Sac Du Phong Classic,Razer,Sac Du Phong,4882000,333,San pham chat luong cao,0
P-00552,Logitech Ban Phim Ultra,Logitech,Ban Phim,2066000,105,San pham chat luong cao,0
P-00553,Asus Giay Lite,Asus,Giay,651000,43,San pham chat luong cao,0
P-00554,Logitech Sac Du Phong Classic,Logitech,Sac Du Phong,4575000,469,San pham chat luong cao,0
P-00555,Xiaomi Webcam Classic,Xiaomi,Webcam,4672000,401,San pham chat luong cao,0
P-00556,Xiaomi Op Lung Lite,Xiaomi,Op Lung,2166000,59,San pham chat luong cao,0
P-00557,Anker Monitor XL,Anker,Monitor,1915000,80,San pham chat luong cao,0
P-00558,Anker Chuot Gaming Sport,Anker,Chuot Gaming,3647000,376,San pham chat luong cao,0
P-00559,Apple Sac Du Phong Lite,Apple,Sac Du Phong,345000,228,San pham chat luong cao,0
P-00560,Razer Dong Ho XL,Razer,Dong Ho,3253000,39,San pham chat luong cao,0
P-00561,Anker Webcam Pro Max,Anker,Webcam,3443000,322,San pham chat luong cao,0
P-00562,Sony Webcam Ultra,Sony,Webcam,2048000,306,San pham chat luong cao,0
P-00563,Sony Giay V2,Sony,Giay,3792000,445,San pham chat luong cao,0
P-00564,Logitech USB Hub Pro Max,Logitech,USB Hub,809000,455,San pham chat luong cao,0
P-00565,Apple Loa Lite,Apple,Loa,2404000,71,San pham chat luong cao,0
P-00566,Razer Sac Du Phong Sport,Razer,Sac Du Phong,3357000,56,San pham chat luong cao,0
P-00567,Apple Cap Sac Mini,Apple,Cap Sac,4560000,363,San pham chat luong cao,0
P-00568,HP Op Lung Plus,HP,Op Lung,3513000,379,San pham chat luong cao,0
P-00569,Apple Laptop Lite,Apple,Laptop,2637000,148,San pham chat luong cao,0
P-00570,Asus Op Lung XL,Asus,Op Lung,1714000,135,San pham chat luong cao,0
P-00571,HP Tai Nghe Sport,HP,Tai Nghe,3387000,301,San pham chat luong cao,0
P-00572,Razer Loa XL,Razer,Loa,2558000,277,San pham chat luong cao,0
P-00573,Asus May Anh XL,Asus,May Anh,437000,470,San pham chat luong cao,0
P-00574,Apple Tablet XL,Apple,Tablet,3967000,409,San pham chat luong cao,0
P-00575,Samsung Ban Phim Pro Max,Samsung,Ban Phim,1056000,481,San pham chat luong cao,0
P-00576,Anker Cap Sac Sport,Anker,Cap Sac,3494000,26,San pham chat luong cao,0
P-00577,HP Tai Nghe Ultra,HP,Tai Nghe,2860000,88,San pham chat luong cao,0
P-00578,HP Loa Pro Max,HP,Loa,1861000,290,San pham chat luong cao,0
P-00579,Logitech Giay Ultra,Logitech,Giay,4535000,51,San pham chat luong cao,0
P-00580,Xiaomi Ong Nhom Sport,Xiaomi,Ong Nhom,1677000,86,San pham chat luong cao,0
P-00581,HP Webcam XL,HP,Webcam,4790000,491,San pham chat luong cao,0
P-00582,Logitech USB Hub Sport,Logitech,USB Hub,885000,18,San pham chat luong cao,0
P-00583,Asus Quat Mini Premium,Asus,Quat Mini,4285000,27,San pham chat luong cao,0
P-00584,Sony Balo Pro Max,Sony,Balo,2660000,432,San pham chat luong cao,0
P-00585,Razer Ong Nhom Premium,Razer,Ong Nhom,3197000,92,San pham chat luong cao,0
P-00586,Samsung Tai Nghe Sport,Samsung,Tai Nghe,4468000,419,San pham chat luong cao,0
P-00587,Xiaomi Balo Premium,Xiaomi,Balo,2247000,206,San pham chat luong cao,0
P-00588,Sony May Anh Mini,Sony,May Anh,1312000,309,San pham chat luong cao,0
P-00589,Apple May Anh XL,Apple,May Anh,2289000,444,San pham chat luong cao,0
P-00590,Razer Op Lung XL,Razer,Op Lung,3341000,344,San pham chat luong cao,0
P-00591,Razer Chuot Gaming Mini,Razer,Chuot Gaming,4300000,62,San pham chat luong cao,0
P-00592,Logitech Ban Phim Premium,Logitech,Ban Phim,3211000,158,San pham chat luong cao,0
P-00593,HP Ong Nhom XL,HP,Ong Nhom,4551000,28,San pham chat luong cao,0
P-00594,Logitech Op Lung XL,Logitech,Op Lung,676000,46,San pham chat luong cao,0
P-00595,JBL Chuot Gaming XL,JBL,Chuot Gaming,930000,289,San pham chat luong cao,0
P-00596,Sony Balo XL,Sony,Balo,1899000,440,San pham chat luong cao,0
P-00597,JBL Chuot Gaming Lite,JBL,Chuot Gaming,1880000,261,San pham chat luong cao,0
P-00598,HP Dong Ho V2,HP,Dong Ho,966000,394,San pham chat luong cao,0
P-00599,Xiaomi Balo Ultra,Xiaomi,Balo,2654000,455,San pham chat luong cao,0
P-00600,Apple Kinh Mat Mini,Apple,Kinh Mat,2718000,50,San pham chat luong cao,0
P-00601,JBL Giay Plus,JBL,Giay,82000,276,San pham chat luong cao,0
P-00602,HP Quat Mini V2,HP,Quat Mini,2413000,246,San pham chat luong cao,0
P-00603,Anker Tablet Classic,Anker,Tablet,3987000,105,San pham chat luong cao,0
P-00604,Anker Tai Nghe Plus,Anker,Tai Nghe,908000,338,San pham chat luong cao,0
P-00605,Samsung Balo V2,Samsung,Balo,862000,22,San pham chat luong cao,0
P-00606,Apple Ban Phim Mini,Apple,Ban Phim,1625000,230,San pham chat luong cao,0
P-00607,Logitech Giay XL,Logitech,Giay,4666000,44,San pham chat luong cao,0
P-00608,HP Dong Ho Classic,HP,Dong Ho,584000,231,San pham chat luong cao,0
P-00609,JBL Laptop V2,JBL,Laptop,1669000,305,San pham chat luong cao,0
P-00610,Apple Kinh Mat Pro Max,Apple,Kinh Mat,1548000,417,San pham chat luong cao,0
P-00611,Anker Cap Sac Classic,Anker,Cap Sac,910000,407,San pham chat luong cao,0
P-00612,Apple Tablet Sport,Apple,Tablet,718000,227,San pham chat luong cao,0
P-00613,Logitech Sac Du Phong Plus,Logitech,Sac Du Phong,1104000,130,San pham chat luong cao,0
P-00614,Xiaomi Giay Pro Max,Xiaomi,Giay,4470000,350,San pham chat luong cao,0
P-00615,Xiaomi Webcam Sport,Xiaomi,Webcam,3566000,156,San pham chat luong cao,0
P-00616,Anker Loa Premium,Anker,Loa,1781000,432,San pham chat luong cao,0
P-00617,Sony Tablet Premium,Sony,Tablet,2505000,483,San pham chat luong cao,0
P-00618,Asus Quat Mini Plus,Asus,Quat Mini,2660000,116,San pham chat luong cao,0
P-00619,HP Sac Du Phong Plus,HP,Sac Du Phong,1961000,162,San pham chat luong cao,0
P-00620,Samsung Tablet Plus,Samsung,Tablet,4018000,21,San pham chat luong cao,0
P-00621,Anker Sac Du Phong V2,Anker,Sac Du Phong,412000,14,San pham chat luong cao,0
P-00622,Asus Loa Lite,Asus,Loa,3851000,331,San pham chat luong cao,0
P-00623,Logitech Tablet Sport,Logitech,Tablet,1154000,479,San pham chat luong cao,0
P-00624,Sony Kinh Mat Ultra,Sony,Kinh Mat,2255000,68,San pham chat luong cao,0
P-00625,Razer Sac Du Phong V2,Razer,Sac Du Phong,4554000,498,San pham chat luong cao,0
P-00626,Samsung Giay Classic,Samsung,Giay,1137000,21,San pham chat luong cao,0
P-00627,Samsung Monitor Plus,Samsung,Monitor,4027000,448,San pham chat luong cao,0
P-00628,Razer Ong Nhom Ultra,Razer,Ong Nhom,3441000,42,San pham chat luong cao,0
P-00629,Samsung Webcam Classic,Samsung,Webcam,4544000,188,San pham chat luong cao,0
P-00630,Asus Chuot Gaming Classic,Asus,Chuot Gaming,2104000,142,San pham chat luong cao,0
P-00631,Logitech Ao Thun Pro Max,Logitech,Ao Thun,948000,140,San pham chat luong cao,0
P-00632,HP May Anh V2,HP,May Anh,1690000,309,San pham chat luong cao,0
P-00633,HP Cap Sac Premium,HP,Cap Sac,2696000,174,San pham chat luong cao,0
P-00634,Anker Cap Sac Mini,Anker,Cap Sac,3420000,181,San pham chat luong cao,0
P-00635,Asus Quat Mini Premium,Asus,Quat Mini,1237000,259,San pham chat luong cao,0
P-00636,Xiaomi Sac Du Phong Plus,Xiaomi,Sac Du Phong,1063000,115,San pham chat luong cao,0
P-00637,Razer Ong Nhom V2,Razer,Ong Nhom,4523000,13,San pham chat luong cao,0
P-00638,Asus Chuot Gaming XL,Asus,Chuot Gaming,3448000,189,San pham chat luong cao,0
P-00639,JBL Cap Sac Plus,JBL,Cap Sac,3994000,107,San pham chat luong cao,0
P-00640,Xiaomi Ong Nhom Ultra,Xiaomi,Ong Nhom,3107000,130,San pham chat luong cao,0
P-00641,Sony Laptop XL,Sony,Laptop,4579000,27,San pham chat luong cao,0
P-00642,Apple Chuot Gaming Pro Max,Apple,Chuot Gaming,2748000,144,San pham chat luong cao,0
P-00643,Asus Giay Plus,Asus,Giay,3713000,81,San pham chat luong cao,0
P-00644,Apple Giay V2,Apple,Giay,2689000,92,San pham chat luong cao,0
P-00645,JBL Tai Nghe Ultra,JBL,Tai Nghe,4012000,156,San pham chat luong cao,0
P-00646,Apple USB Hub Classic,Apple,USB Hub,4758000,447,San pham chat luong cao,0
P-00647,HP Balo Premium,HP,Balo,1494000,203,San pham chat luong cao,0
P-00648,Anker Dong Ho Pro Max,Anker,Dong Ho,2762000,168,San pham chat luong cao,0
P-00649,HP Chuot Gaming Mini,HP,Chuot Gaming,2390000,119,San pham chat luong cao,0
P-00650,Apple Balo V2,Apple,Balo,4246000,381,San pham chat luong cao,0
P-00651,HP Ban Phim Classic,HP,Ban Phim,1906000,163,San pham chat luong cao,0
P-00652,Razer Quat Mini Classic,Razer,Quat Mini,2401000,193,San pham chat luong cao,0
P-00653,Logitech USB Hub XL,Logitech,USB Hub,1488000,480,San pham chat luong cao,0
P-00654,Apple Chuot Gaming Lite,Apple,Chuot Gaming,3574000,68,San pham chat luong cao,0
P-00655,Xiaomi Giay Pro Max,Xiaomi,Giay,3118000,39,San pham chat luong cao,0
P-00656,Logitech Balo Ultra,Logitech,Balo,576000,307,San pham chat luong cao,0
P-00657,HP Chuot Gaming Mini,HP,Chuot Gaming,547000,390,San pham chat luong cao,0
P-00658,Anker Balo Pro Max,Anker,Balo,4122000,275,San pham chat luong cao,0
P-00659,Anker Monitor Plus,Anker,Monitor,805000,441,San pham chat luong cao,0
P-00660,Xiaomi Ong Nhom Ultra,Xiaomi,Ong Nhom,2027000,63,San pham chat luong cao,0
P-00661,Logitech Quat Mini Classic,Logitech,Quat Mini,2890000,239,San pham chat luong cao,0
P-00662,Anker Loa Lite,Anker,Loa,1048000,138,San pham chat luong cao,0
P-00663,Apple Ong Nhom XL,Apple,Ong Nhom,2069000,260,San pham chat luong cao,0
P-00664,Asus Tablet Lite,Asus,Tablet,4888000,255,San pham chat luong cao,0
P-00665,Apple Monitor Lite,Apple,Monitor,4489000,491,San pham chat luong cao,0
P-00666,Asus Balo Mini,Asus,Balo,4278000,453,San pham chat luong cao,0
P-00667,Sony Loa Premium,Sony,Loa,4356000,498,San pham chat luong cao,0
P-00668,Xiaomi Quat Mini Sport,Xiaomi,Quat Mini,4561000,257,San pham chat luong cao,0
P-00669,Xiaomi Ao Thun Pro Max,Xiaomi,Ao Thun,4637000,319,San pham chat luong cao,0
P-00670,Asus Loa XL,Asus,Loa,1164000,200,San pham chat luong cao,0
P-00671,Asus Op Lung Sport,Asus,Op Lung,3374000,178,San pham chat luong cao,0
P-00672,Samsung May Anh Mini,Samsung,May Anh,4549000,160,San pham chat luong cao,0
P-00673,Razer Kinh Mat Lite,Razer,Kinh Mat,739000,318,San pham chat luong cao,0
P-00674,Apple Loa Ultra,Apple,Loa,230000,183,San pham chat luong cao,0
P-00675,Apple Balo Premium,Apple,Balo,4985000,430,San pham chat luong cao,0
P-00676,Samsung Ao Thun V2,Samsung,Ao Thun,326000,93,San pham chat luong cao,0
P-00677,Razer Ban Phim V2,Razer,Ban Phim,528000,37,San pham chat luong cao,0
P-00678,Xiaomi Webcam Pro Max,Xiaomi,Webcam,828000,186,San pham chat luong cao,0
P-00679,Logitech Tablet Mini,Logitech,Tablet,2314000,467,San pham chat luong cao,0
P-00680,JBL Op Lung Lite,JBL,Op Lung,4228000,390,San pham chat luong cao,0
P-00681,Sony Ban Phim XL,Sony,Ban Phim,742000,112,San pham chat luong cao,0
P-00682,Samsung Ao Thun V2,Samsung,Ao Thun,3340000,488,San pham chat luong cao,0
P-00683,Apple May Anh Sport,Apple,May Anh,2116000,271,San pham chat luong cao,0
P-00684,Samsung USB Hub Classic,Samsung,USB Hub,3906000,489,San pham chat luong cao,0
P-00685,JBL Sac Du Phong Ultra,JBL,Sac Du Phong,2557000,151,San pham chat luong cao,0
P-00686,JBL Sac Du Phong V2,JBL,Sac Du Phong,2578000,455,San pham chat luong cao,0
P-00687,Apple Op Lung V2,Apple,Op Lung,3848000,312,San pham chat luong cao,0
P-00688,HP May Anh XL,HP,May Anh,2568000,306,San pham chat luong cao,0
P-00689,Asus Laptop V2,Asus,Laptop,1116000,67,San pham chat luong cao,0
P-00690,Logitech Quat Mini XL,Logitech,Quat Mini,1803000,260,San pham chat luong cao,0
P-00691,Anker Laptop Sport,Anker,Laptop,2539000,433,San pham chat luong cao,0
P-00692,Logitech Ao Thun Classic,Logitech,Ao Thun,4979000,14,San pham chat luong cao,0
P-00693,JBL Op Lung Classic,JBL,Op Lung,393000,489,San pham chat luong cao,0
P-00694,Sony Loa XL,Sony,Loa,1991000,483,San pham chat luong cao,0
P-00695,HP Ban Phim Sport,HP,Ban Phim,3606000,185,San pham chat luong cao,0
P-00696,Sony Giay Mini,Sony,Giay,1892000,282,San pham chat luong cao,0
P-00697,JBL Monitor Ultra,JBL,Monitor,502000,374,San pham chat luong cao,0
P-00698,Xiaomi Kinh Mat XL,Xiaomi,Kinh Mat,4221000,222,San pham chat luong cao,0
P-00699,Samsung May Anh V2,Samsung,May Anh,1391000,262,San pham chat luong cao,0
P-00700,HP Balo XL,HP,Balo,2463000,290,San pham chat luong cao,0
P-00701,Apple Webcam Ultra,Apple,Webcam,4849000,293,San pham chat luong cao,0
P-00702,Razer Kinh Mat Classic,Razer,Kinh Mat,3779000,422,San pham chat luong cao,0
P-00703,Asus May Anh Premium,Asus,May Anh,4550000,106,San pham chat luong cao,0
P-00704,Asus Chuot Gaming Lite,Asus,Chuot Gaming,4371000,206,San pham chat luong cao,0
P-00705,Asus Ban Phim Premium,Asus,Ban Phim,2358000,392,San pham chat luong cao,0
P-00706,HP Kinh Mat Pro Max,HP,Kinh Mat,756000,498,San pham chat luong cao,0
P-00707,Samsung Op Lung V2,Samsung,Op Lung,4822000,15,San pham chat luong cao,0
P-00708,Asus Loa Lite,Asus,Loa,868000,341,San pham chat luong cao,0
P-00709,Asus Webcam V2,Asus,Webcam,4439000,53,San pham chat luong cao,0
P-00710,Apple Sac Du Phong Lite,Apple,Sac Du Phong,1158000,495,San pham chat luong cao,0
P-00711,Apple Kinh Mat Premium,Apple,Kinh Mat,4938000,185,San pham chat luong cao,0
P-00712,Apple Quat Mini Mini,Apple,Quat Mini,2173000,55,San pham chat luong cao,0
P-00713,Asus Tai Nghe V2,Asus,Tai Nghe,4121000,230,San pham chat luong cao,0
P-00714,Sony Laptop Pro Max,Sony,Laptop,192000,382,San pham chat luong cao,0
P-00715,Apple Sac Du Phong Pro Max,Apple,Sac Du Phong,4529000,438,San pham chat luong cao,0
P-00716,Samsung USB Hub Plus,Samsung,USB Hub,4265000,74,San pham chat luong cao,0
P-00717,Xiaomi Monitor XL,Xiaomi,Monitor,3919000,227,San pham chat luong cao,0
P-00718,HP Tablet Premium,HP,Tablet,4693000,10,San pham chat luong cao,0
P-00719,JBL Giay Premium,JBL,Giay,4572000,261,San pham chat luong cao,0
P-00720,Asus Tai Nghe Mini,Asus,Tai Nghe,3658000,129,San pham chat luong cao,0
P-00721,Samsung Sac Du Phong Pro Max,Samsung,Sac Du Phong,1445000,99,San pham chat luong cao,0
P-00722,Razer Ong Nhom XL,Razer,Ong Nhom,4134000,278,San pham chat luong cao,0
P-00723,Samsung Sac Du Phong XL,Samsung,Sac Du Phong,764000,492,San pham chat luong cao,0
P-00724,JBL Webcam Mini,JBL,Webcam,1703000,288,San pham chat luong cao,0
P-00725,Razer Loa Plus,Razer,Loa,1935000,492,San pham chat luong cao,0
P-00726,Samsung Ban Phim Mini,Samsung,Ban Phim,2293000,246,San pham chat luong cao,0
P-00727,Xiaomi Webcam Sport,Xiaomi,Webcam,139000,467,San pham chat luong cao,0
P-00728,Apple Giay Lite,Apple,Giay,4067000,285,San pham chat luong cao,0
P-00729,Anker May Anh Pro Max,Anker,May Anh,2182000,123,San pham chat luong cao,0
P-00730,JBL Laptop Premium,JBL,Laptop,2335000,224,San pham chat luong cao,0
P-00731,Samsung Chuot Gaming Lite,Samsung,Chuot Gaming,1288000,409,San pham chat luong cao,0
P-00732,JBL Monitor Premium,JBL,Monitor,2237000,490,San pham chat luong cao,0
P-00733,HP Ong Nhom Pro Max,HP,Ong Nhom,4641000,24,San pham chat luong cao,0
P-00734,Apple Ao Thun Ultra,Apple,Ao Thun,938000,483,San pham chat luong cao,0
P-00735,Xiaomi Ao Thun Premium,Xiaomi,Ao Thun,2548000,222,San pham chat luong cao,0
P-00736,Logitech Laptop Ultra,Logitech,Laptop,541000,266,San pham chat luong cao,0
P-00737,HP Cap Sac Plus,HP,Cap Sac,1362000,490,San pham chat luong cao,0
P-00738,Logitech Balo Pro Max,Logitech,Balo,1802000,434,San pham chat luong cao,0
P-00739,JBL Ong Nhom Ultra,JBL,Ong Nhom,3989000,416,San pham chat luong cao,0
P-00740,Sony Monitor Premium,Sony,Monitor,1073000,495,San pham chat luong cao,0
P-00741,Asus Loa Premium,Asus,Loa,3633000,265,San pham chat luong cao,0
P-00742,Apple Op Lung Ultra,Apple,Op Lung,2572000,384,San pham chat luong cao,0
P-00743,Xiaomi Ong Nhom Mini,Xiaomi,Ong Nhom,2939000,282,San pham chat luong cao,0
P-00744,Sony Sac Du Phong V2,Sony,Sac Du Phong,525000,433,San pham chat luong cao,0
P-00745,Logitech Monitor Ultra,Logitech,Monitor,788000,355,San pham chat luong cao,0
P-00746,Xiaomi Tai Nghe Sport,Xiaomi,Tai Nghe,2391000,22,San pham chat luong cao,0
P-00747,JBL Laptop Lite,JBL,Laptop,4826000,128,San pham chat luong cao,0
P-00748,Apple Ao Thun V2,Apple,Ao Thun,758000,268,San pham chat luong cao,0
P-00749,JBL Chuot Gaming XL,JBL,Chuot Gaming,2752000,409,San pham chat luong cao,0
P-00750,Sony Monitor XL,Sony,Monitor,1939000,361,San pham chat luong cao,0
P-00751,Razer Tai Nghe Lite,Razer,Tai Nghe,1637000,290,San pham chat luong cao,0
P-00752,Sony Balo Pro Max,Sony,Balo,4968000,362,San pham chat luong cao,0
P-00753,Apple Op Lung Plus,Apple,Op Lung,2609000,163,San pham chat luong cao,0
P-00754,Apple Tablet Classic,Apple,Tablet,892000,150,San pham chat luong cao,0
P-00755,Anker Tablet Plus,Anker,Tablet,3500000,386,San pham chat luong cao,0
P-00756,HP Tai Nghe Ultra,HP,Tai Nghe,1598000,50,San pham chat luong cao,0
P-00757,Anker Ban Phim Plus,Anker,Ban Phim,71000,398,San pham chat luong cao,0
P-00758,HP Sac Du Phong Premium,HP,Sac Du Phong,4279000,464,San pham chat luong cao,0
P-00759,Razer May Anh Plus,Razer,May Anh,3098000,103,San pham chat luong cao,0
P-00760,Anker Sac Du Phong Lite,Anker,Sac Du Phong,4640000,479,San pham chat luong cao,0
P-00761,Apple Quat Mini Pro Max,Apple,Quat Mini,4533000,372,San pham chat luong cao,0
P-00762,Sony Op Lung Pro Max,Sony,Op Lung,1826000,303,San pham chat luong cao,0
P-00763,Logitech Giay Plus,Logitech,Giay,66000,371,San pham chat luong cao,0
P-00764,JBL Kinh Mat Premium,JBL,Kinh Mat,1895000,336,San pham chat luong cao,0
P-00765,Apple Dong Ho Classic,Apple,Dong Ho,3590000,190,San pham chat luong cao,0
P-00766,Razer USB Hub Plus,Razer,USB Hub,1829000,104,San pham chat luong cao,0
P-00767,Xiaomi Cap Sac Plus,Xiaomi,Cap Sac,137000,27,San pham chat luong cao,0
P-00768,Apple Webcam XL,Apple,Webcam,168000,194,San pham chat luong cao,0
P-00769,Asus USB Hub Ultra,Asus,USB Hub,327000,329,San pham chat luong cao,0
P-00770,Xiaomi USB Hub XL,Xiaomi,USB Hub,4463000,232,San pham chat luong cao,0
P-00771,Anker Tai Nghe Premium,Anker,Tai Nghe,1512000,99,San pham chat luong cao,0
P-00772,Asus Balo Sport,Asus,Balo,3961000,385,San pham chat luong cao,0
P-00773,JBL Ong Nhom V2,JBL,Ong Nhom,1513000,302,San pham chat luong cao,0
P-00774,Asus Ong Nhom Ultra,Asus,Ong Nhom,3371000,158,San pham chat luong cao,0
P-00775,Razer Ao Thun Lite,Razer,Ao Thun,2220000,20,San pham chat luong cao,0
P-00776,Anker Webcam XL,Anker,Webcam,3993000,419,San pham chat luong cao,0
P-00777,Anker Cap Sac Lite,Anker,Cap Sac,616000,190,San pham chat luong cao,0
P-00778,Logitech Ong Nhom Plus,Logitech,Ong Nhom,2910000,243,San pham chat luong cao,0
P-00779,JBL Ong Nhom Premium,JBL,Ong Nhom,2220000,96,San pham chat luong cao,0
P-00780,Asus Kinh Mat XL,Asus,Kinh Mat,4922000,280,San pham chat luong cao,0
P-00781,HP Quat Mini Premium,HP,Quat Mini,3514000,151,San pham chat luong cao,0
P-00782,JBL Op Lung Mini,JBL,Op Lung,3544000,416,San pham chat luong cao,0
P-00783,Asus Kinh Mat Mini,Asus,Kinh Mat,62000,467,San pham chat luong cao,0
P-00784,Logitech Webcam Ultra,Logitech,Webcam,3309000,485,San pham chat luong cao,0
P-00785,Logitech Webcam Premium,Logitech,Webcam,2974000,192,San pham chat luong cao,0
P-00786,Apple May Anh Lite,Apple,May Anh,1539000,30,San pham chat luong cao,0
P-00787,Asus Ban Phim Premium,Asus,Ban Phim,4850000,163,San pham chat luong cao,0
P-00788,Xiaomi May Anh Lite,Xiaomi,May Anh,545000,211,San pham chat luong cao,0
P-00789,Asus Ban Phim V2,Asus,Ban Phim,2485000,248,San pham chat luong cao,0
P-00790,Anker Kinh Mat Lite,Anker,Kinh Mat,895000,114,San pham chat luong cao,0
P-00791,Logitech Dong Ho Classic,Logitech,Dong Ho,1340000,247,San pham chat luong cao,0
P-00792,Logitech Monitor Plus,Logitech,Monitor,1034000,238,San pham chat luong cao,0
P-00793,JBL Giay Lite,JBL,Giay,2683000,165,San pham chat luong cao,0
P-00794,JBL Giay Plus,JBL,Giay,1215000,363,San pham chat luong cao,0
P-00795,Xiaomi Tai Nghe XL,Xiaomi,Tai Nghe,3424000,273,San pham chat luong cao,0
P-00796,Razer Ong Nhom Sport,Razer,Ong Nhom,240000,209,San pham chat luong cao,0
P-00797,Asus Laptop Pro Max,Asus,Laptop,1510000,453,San pham chat luong cao,0
P-00798,Samsung USB Hub Sport,Samsung,USB Hub,2933000,215,San pham chat luong cao,0
P-00799,Anker Ban Phim Sport,Anker,Ban Phim,4641000,179,San pham chat luong cao,0
P-00800,HP Quat Mini Sport,HP,Quat Mini,2490000,113,San pham chat luong cao,0
P-00801,Asus May Anh Plus,Asus,May Anh,3690000,369,San pham chat luong cao,0
P-00802,HP USB Hub Plus,HP,USB Hub,4634000,419,San pham chat luong cao,0
P-00803,Razer Ban Phim Mini,Razer,Ban Phim,4618000,256,San pham chat luong cao,0
P-00804,Samsung Quat Mini Ultra,Samsung,Quat Mini,3430000,394,San pham chat luong cao,0
P-00805,JBL Ban Phim Sport,JBL,Ban Phim,1243000,327,San pham chat luong cao,0
P-00806,Samsung Tai Nghe XL,Samsung,Tai Nghe,4034000,172,San pham chat luong cao,0
P-00807,Asus Cap Sac Sport,Asus,Cap Sac,3106000,489,San pham chat luong cao,0
P-00808,Xiaomi Ao Thun Plus,Xiaomi,Ao Thun,3073000,117,San pham chat luong cao,0
P-00809,JBL Kinh Mat Mini,JBL,Kinh Mat,3437000,446,San pham chat luong cao,0
P-00810,Sony Tablet Ultra,Sony,Tablet,3241000,355,San pham chat luong cao,0
P-00811,JBL Webcam Classic,JBL,Webcam,4887000,267,San pham chat luong cao,0
P-00812,Anker USB Hub Ultra,Anker,USB Hub,422000,61,San pham chat luong cao,0
P-00813,Anker Laptop Classic,Anker,Laptop,4189000,321,San pham chat luong cao,0
P-00814,Asus Sac Du Phong Ultra,Asus,Sac Du Phong,1838000,198,San pham chat luong cao,0
P-00815,Apple Op Lung V2,Apple,Op Lung,2116000,464,San pham chat luong cao,0
P-00816,Apple Laptop Plus,Apple,Laptop,184000,496,San pham chat luong cao,0
P-00817,Sony Ban Phim V2,Sony,Ban Phim,2580000,105,San pham chat luong cao,0
P-00818,Xiaomi Dong Ho V2,Xiaomi,Dong Ho,4932000,350,San pham chat luong cao,0
P-00819,Sony USB Hub Plus,Sony,USB Hub,1052000,114,San pham chat luong cao,0
P-00820,Asus Balo Lite,Asus,Balo,56000,41,San pham chat luong cao,0
P-00821,Anker Loa Plus,Anker,Loa,2067000,201,San pham chat luong cao,0
P-00822,Asus Ong Nhom Premium,Asus,Ong Nhom,4655000,471,San pham chat luong cao,0
P-00823,Samsung Op Lung Premium,Samsung,Op Lung,3443000,119,San pham chat luong cao,0
P-00824,Logitech Ao Thun Mini,Logitech,Ao Thun,4533000,410,San pham chat luong cao,0
P-00825,Samsung Laptop Pro Max,Samsung,Laptop,1027000,352,San pham chat luong cao,0
P-00826,Asus Ong Nhom Plus,Asus,Ong Nhom,3694000,190,San pham chat luong cao,0
P-00827,HP Tai Nghe Mini,HP,Tai Nghe,2321000,278,San pham chat luong cao,0
P-00828,JBL Chuot Gaming XL,JBL,Chuot Gaming,3119000,327,San pham chat luong cao,0
P-00829,Razer Laptop V2,Razer,Laptop,2108000,416,San pham chat luong cao,0
P-00830,Apple Giay Mini,Apple,Giay,2181000,497,San pham chat luong cao,0
P-00831,Asus Ao Thun Ultra,Asus,Ao Thun,4538000,21,San pham chat luong cao,0
P-00832,Razer Tai Nghe V2,Razer,Tai Nghe,2685000,234,San pham chat luong cao,0
P-00833,Logitech Giay Plus,Logitech,Giay,760000,485,San pham chat luong cao,0
P-00834,Apple Sac Du Phong V2,Apple,Sac Du Phong,4851000,11,San pham chat luong cao,0
P-00835,Anker Chuot Gaming Sport,Anker,Chuot Gaming,1445000,60,San pham chat luong cao,0
P-00836,Samsung Balo Lite,Samsung,Balo,3255000,300,San pham chat luong cao,0
P-00837,HP Tai Nghe Sport,HP,Tai Nghe,3149000,348,San pham chat luong cao,0
P-00838,Sony Balo Ultra,Sony,Balo,3743000,487,San pham chat luong cao,0
P-00839,Logitech Quat Mini Mini,Logitech,Quat Mini,3096000,433,San pham chat luong cao,0
P-00840,JBL Ban Phim Mini,JBL,Ban Phim,1834000,424,San pham chat luong cao,0
P-00841,Asus Webcam Ultra,Asus,Webcam,2037000,101,San pham chat luong cao,0
P-00842,Asus Tai Nghe Plus,Asus,Tai Nghe,2908000,494,San pham chat luong cao,0
P-00843,Razer Tai Nghe Premium,Razer,Tai Nghe,1654000,11,San pham chat luong cao,0
P-00844,Samsung May Anh Pro Max,Samsung,May Anh,484000,480,San pham chat luong cao,0
P-00845,Razer Tablet XL,Razer,Tablet,4995000,374,San pham chat luong cao,0
P-00846,Sony Webcam Sport,Sony,Webcam,1951000,259,San pham chat luong cao,0
P-00847,Samsung Ban Phim Premium,Samsung,Ban Phim,2553000,270,San pham chat luong cao,0
P-00848,Xiaomi Tai Nghe Ultra,Xiaomi,Tai Nghe,212000,407,San pham chat luong cao,0
P-00849,Samsung Loa XL,Samsung,Loa,2379000,429,San pham chat luong cao,0
P-00850,Asus Chuot Gaming Ultra,Asus,Chuot Gaming,3683000,155,San pham chat luong cao,0
P-00851,JBL Laptop Sport,JBL,Laptop,3970000,391,San pham chat luong cao,0
P-00852,HP Ao Thun Ultra,HP,Ao Thun,2150000,499,San pham chat luong cao,0
P-00853,Razer Tablet Premium,Razer,Tablet,1644000,21,San pham chat luong cao,0
P-00854,Samsung Chuot Gaming V2,Samsung,Chuot Gaming,2427000,257,San pham chat luong cao,0
P-00855,Razer Laptop Sport,Razer,Laptop,1937000,56,San pham chat luong cao,0
P-00856,JBL Chuot Gaming Ultra,JBL,Chuot Gaming,99000,377,San pham chat luong cao,0
P-00857,HP Sac Du Phong Sport,HP,Sac Du Phong,3365000,94,San pham chat luong cao,0
P-00858,Sony Dong Ho XL,Sony,Dong Ho,1186000,144,San pham chat luong cao,0
P-00859,Logitech Ban Phim Mini,Logitech,Ban Phim,4570000,490,San pham chat luong cao,0
P-00860,Apple Ban Phim XL,Apple,Ban Phim,2894000,128,San pham chat luong cao,0
P-00861,Razer Tai Nghe Pro Max,Razer,Tai Nghe,115000,225,San pham chat luong cao,0
P-00862,Samsung Laptop Pro Max,Samsung,Laptop,3330000,102,San pham chat luong cao,0
P-00863,JBL Quat Mini Mini,JBL,Quat Mini,3184000,74,San pham chat luong cao,0
P-00864,Anker May Anh Pro Max,Anker,May Anh,92000,153,San pham chat luong cao,0
P-00865,Samsung USB Hub Sport,Samsung,USB Hub,2761000,319,San pham chat luong cao,0
P-00866,Xiaomi Laptop Premium,Xiaomi,Laptop,422000,253,San pham chat luong cao,0
P-00867,HP Ong Nhom Lite,HP,Ong Nhom,1589000,171,San pham chat luong cao,0
P-00868,Logitech Monitor Ultra,Logitech,Monitor,2614000,34,San pham chat luong cao,0
P-00869,Razer Ong Nhom Mini,Razer,Ong Nhom,2780000,446,San pham chat luong cao,0
P-00870,HP Balo Premium,HP,Balo,652000,486,San pham chat luong cao,0
P-00871,Logitech Laptop Ultra,Logitech,Laptop,4398000,399,San pham chat luong cao,0
P-00872,JBL Cap Sac Plus,JBL,Cap Sac,3784000,83,San pham chat luong cao,0
P-00873,Sony Balo Premium,Sony,Balo,3854000,470,San pham chat luong cao,0
P-00874,JBL Giay Pro Max,JBL,Giay,2183000,163,San pham chat luong cao,0
P-00875,Asus Ao Thun Pro Max,Asus,Ao Thun,2517000,148,San pham chat luong cao,0
P-00876,Logitech Cap Sac Sport,Logitech,Cap Sac,3078000,232,San pham chat luong cao,0
P-00877,Logitech Loa Lite,Logitech,Loa,4744000,78,San pham chat luong cao,0
P-00878,Xiaomi Loa Sport,Xiaomi,Loa,1552000,119,San pham chat luong cao,0
P-00879,Xiaomi Ong Nhom Sport,Xiaomi,Ong Nhom,2276000,10,San pham chat luong cao,0
P-00880,Xiaomi Monitor Premium,Xiaomi,Monitor,435000,45,San pham chat luong cao,0
P-00881,Sony Tai Nghe Pro Max,Sony,Tai Nghe,1414000,455,San pham chat luong cao,0
P-00882,Samsung Tai Nghe Premium,Samsung,Tai Nghe,3046000,179,San pham chat luong cao,0
P-00883,Xiaomi May Anh Ultra,Xiaomi,May Anh,1801000,77,San pham chat luong cao,0
P-00884,Samsung Sac Du Phong Plus,Samsung,Sac Du Phong,2048000,438,San pham chat luong cao,0
P-00885,Asus Laptop XL,Asus,Laptop,1688000,301,San pham chat luong cao,0
P-00886,JBL Balo Pro Max,JBL,Balo,3503000,442,San pham chat luong cao,0
P-00887,Logitech Dong Ho Plus,Logitech,Dong Ho,1230000,108,San pham chat luong cao,0
P-00888,Logitech Balo Classic,Logitech,Balo,627000,319,San pham chat luong cao,0
P-00889,Xiaomi USB Hub Sport,Xiaomi,USB Hub,4337000,131,San pham chat luong cao,0
P-00890,JBL Ao Thun Lite,JBL,Ao Thun,3627000,256,San pham chat luong cao,0
P-00891,JBL USB Hub Ultra,JBL,USB Hub,123000,205,San pham chat luong cao,0
P-00892,Xiaomi Sac Du Phong Sport,Xiaomi,Sac Du Phong,1891000,402,San pham chat luong cao,0
P-00893,Samsung Laptop Mini,Samsung,Laptop,3331000,134,San pham chat luong cao,0
P-00894,Xiaomi Dong Ho Mini,Xiaomi,Dong Ho,1188000,64,San pham chat luong cao,0
P-00895,Samsung Cap Sac XL,Samsung,Cap Sac,1534000,206,San pham chat luong cao,0
P-00896,Razer Ao Thun Plus,Razer,Ao Thun,1404000,60,San pham chat luong cao,0
P-00897,Samsung Kinh Mat V2,Samsung,Kinh Mat,4002000,31,San pham chat luong cao,0
P-00898,JBL USB Hub Premium,JBL,USB Hub,4535000,402,San pham chat luong cao,0
P-00899,Anker Sac Du Phong Lite,Anker,Sac Du Phong,2318000,180,San pham chat luong cao,0
P-00900,Logitech Op Lung Classic,Logitech,Op Lung,2886000,433,San pham chat luong cao,0
P-00901,HP Monitor Classic,HP,Monitor,1307000,352,San pham chat luong cao,0
P-00902,Apple Chuot Gaming V2,Apple,Chuot Gaming,1069000,22,San pham chat luong cao,0
P-00903,Razer Ao Thun Classic,Razer,Ao Thun,4175000,406,San pham chat luong cao,0
P-00904,Razer Giay Plus,Razer,Giay,3838000,108,San pham chat luong cao,0
P-00905,Samsung Loa Premium,Samsung,Loa,4658000,114,San pham chat luong cao,0
P-00906,Sony Dong Ho XL,Sony,Dong Ho,357000,437,San pham chat luong cao,0
P-00907,JBL Op Lung Pro Max,JBL,Op Lung,3322000,471,San pham chat luong cao,0
P-00908,Apple Ong Nhom Pro Max,Apple,Ong Nhom,3868000,94,San pham chat luong cao,0
P-00909,Logitech Cap Sac V2,Logitech,Cap Sac,4722000,218,San pham chat luong cao,0
P-00910,Xiaomi Sac Du Phong Sport,Xiaomi,Sac Du Phong,4138000,500,San pham chat luong cao,0
P-00911,JBL Sac Du Phong Plus,JBL,Sac Du Phong,2629000,480,San pham chat luong cao,0
P-00912,Logitech Ong Nhom Pro Max,Logitech,Ong Nhom,1259000,425,San pham chat luong cao,0
P-00913,HP May Anh Sport,HP,May Anh,412000,464,San pham chat luong cao,0
P-00914,Anker Cap Sac XL,Anker,Cap Sac,4083000,456,San pham chat luong cao,0
P-00915,Anker Sac Du Phong Sport,Anker,Sac Du Phong,1510000,374,San pham chat luong cao,0
P-00916,Asus Balo XL,Asus,Balo,2663000,456,San pham chat luong cao,0
P-00917,Logitech Quat Mini Pro Max,Logitech,Quat Mini,98000,443,San pham chat luong cao,0
P-00918,Logitech Loa Pro Max,Logitech,Loa,4737000,497,San pham chat luong cao,0
P-00919,JBL Monitor Premium,JBL,Monitor,4623000,263,San pham chat luong cao,0
P-00920,HP Kinh Mat Mini,HP,Kinh Mat,3058000,216,San pham chat luong cao,0
P-00921,Razer May Anh Premium,Razer,May Anh,1584000,236,San pham chat luong cao,0
P-00922,Asus Dong Ho Premium,Asus,Dong Ho,4988000,87,San pham chat luong cao,0
P-00923,JBL Ban Phim Ultra,JBL,Ban Phim,3025000,258,San pham chat luong cao,0
P-00924,JBL Ban Phim Mini,JBL,Ban Phim,3947000,101,San pham chat luong cao,0
P-00925,Razer Op Lung Pro Max,Razer,Op Lung,2314000,109,San pham chat luong cao,0
P-00926,Xiaomi Tai Nghe Lite,Xiaomi,Tai Nghe,964000,66,San pham chat luong cao,0
P-00927,Samsung Dong Ho Premium,Samsung,Dong Ho,1998000,462,San pham chat luong cao,0
P-00928,Razer Webcam Classic,Razer,Webcam,2781000,491,San pham chat luong cao,0
P-00929,Asus Sac Du Phong XL,Asus,Sac Du Phong,156000,119,San pham chat luong cao,0
P-00930,JBL Tai Nghe V2,JBL,Tai Nghe,4525000,213,San pham chat luong cao,0
P-00931,Sony Quat Mini XL,Sony,Quat Mini,1324000,277,San pham chat luong cao,0
P-00932,Asus Quat Mini Classic,Asus,Quat Mini,2058000,209,San pham chat luong cao,0
P-00933,JBL Ban Phim V2,JBL,Ban Phim,2046000,335,San pham chat luong cao,0
P-00934,Asus Quat Mini Ultra,Asus,Quat Mini,1479000,496,San pham chat luong cao,0
P-00935,Asus Sac Du Phong XL,Asus,Sac Du Phong,4505000,360,San pham chat luong cao,0
P-00936,Razer Monitor V2,Razer,Monitor,849000,97,San pham chat luong cao,0
P-00937,HP May Anh Classic,HP,May Anh,2693000,35,San pham chat luong cao,0
P-00938,Asus Sac Du Phong XL,Asus,Sac Du Phong,2251000,287,San pham chat luong cao,0
P-00939,Sony Tai Nghe Pro Max,Sony,Tai Nghe,4414000,45,San pham chat luong cao,0
P-00940,Logitech Op Lung Pro Max,Logitech,Op Lung,4882000,267,San pham chat luong cao,0
P-00941,Samsung Kinh Mat Premium,Samsung,Kinh Mat,974000,25,San pham chat luong cao,0
P-00942,Samsung Kinh Mat Ultra,Samsung,Kinh Mat,2160000,54,San pham chat luong cao,0
P-00943,JBL Kinh Mat Sport,JBL,Kinh Mat,188000,415,San pham chat luong cao,0
P-00944,Asus Loa Mini,Asus,Loa,1288000,465,San pham chat luong cao,0
P-00945,Razer Ban Phim Sport,Razer,Ban Phim,3057000,104,San pham chat luong cao,0
P-00946,Asus Monitor Mini,Asus,Monitor,829000,233,San pham chat luong cao,0
P-00947,JBL Giay Classic,JBL,Giay,3545000,412,San pham chat luong cao,0
P-00948,JBL Cap Sac V2,JBL,Cap Sac,2236000,452,San pham chat luong cao,0
P-00949,Samsung USB Hub Lite,Samsung,USB Hub,951000,233,San pham chat luong cao,0
P-00950,Samsung Webcam Plus,Samsung,Webcam,4495000,212,San pham chat luong cao,0
P-00951,Sony Quat Mini V2,Sony,Quat Mini,4245000,442,San pham chat luong cao,0
P-00952,Xiaomi Quat Mini Plus,Xiaomi,Quat Mini,4238000,229,San pham chat luong cao,0
P-00953,JBL Kinh Mat Mini,JBL,Kinh Mat,1718000,259,San pham chat luong cao,0
P-00954,Xiaomi Laptop XL,Xiaomi,Laptop,4581000,75,San pham chat luong cao,0
P-00955,Apple Dong Ho Lite,Apple,Dong Ho,2963000,75,San pham chat luong cao,0
P-00956,HP Cap Sac Sport,HP,Cap Sac,3705000,234,San pham chat luong cao,0
P-00957,Apple Ban Phim Lite,Apple,Ban Phim,3114000,211,San pham chat luong cao,0
P-00958,Xiaomi Ban Phim V2,Xiaomi,Ban Phim,468000,19,San pham chat luong cao,0
P-00959,Apple Balo Mini,Apple,Balo,1543000,325,San pham chat luong cao,0
P-00960,Apple Cap Sac XL,Apple,Cap Sac,1897000,266,San pham chat luong cao,0
P-00961,Samsung Ong Nhom Sport,Samsung,Ong Nhom,3177000,315,San pham chat luong cao,0
P-00962,Xiaomi Loa Mini,Xiaomi,Loa,2997000,482,San pham chat luong cao,0
P-00963,Apple Webcam Classic,Apple,Webcam,4272000,473,San pham chat luong cao,0
P-00964,Xiaomi Webcam Lite,Xiaomi,Webcam,3466000,494,San pham chat luong cao,0
P-00965,HP Chuot Gaming Mini,HP,Chuot Gaming,1419000,63,San pham chat luong cao,0
P-00966,HP Monitor V2,HP,Monitor,3293000,445,San pham chat luong cao,0
P-00967,Logitech Balo V2,Logitech,Balo,1824000,226,San pham chat luong cao,0
P-00968,Xiaomi Giay XL,Xiaomi,Giay,243000,88,San pham chat luong cao,0
P-00969,Xiaomi May Anh Premium,Xiaomi,May Anh,3294000,244,San pham chat luong cao,0
P-00970,Apple Dong Ho XL,Apple,Dong Ho,2176000,255,San pham chat luong cao,0
P-00971,Xiaomi Chuot Gaming Mini,Xiaomi,Chuot Gaming,3580000,475,San pham chat luong cao,0
P-00972,Razer Ban Phim Mini,Razer,Ban Phim,234000,420,San pham chat luong cao,0
P-00973,Sony Giay Pro Max,Sony,Giay,1202000,80,San pham chat luong cao,0
P-00974,Xiaomi Loa Mini,Xiaomi,Loa,262000,377,San pham chat luong cao,0
P-00975,Razer Chuot Gaming Plus,Razer,Chuot Gaming,4730000,212,San pham chat luong cao,0
P-00976,Razer Chuot Gaming Pro Max,Razer,Chuot Gaming,3099000,230,San pham chat luong cao,0
P-00977,Razer Balo Premium,Razer,Balo,4915000,340,San pham chat luong cao,0
P-00978,Logitech Tablet Premium,Logitech,Tablet,433000,500,San pham chat luong cao,0
P-00979,Logitech Chuot Gaming Sport,Logitech,Chuot Gaming,3712000,454,San pham chat luong cao,0
P-00980,Asus Kinh Mat Premium,Asus,Kinh Mat,2277000,26,San pham chat luong cao,0
P-00981,Logitech Chuot Gaming Lite,Logitech,Chuot Gaming,3394000,116,San pham chat luong cao,0
P-00982,JBL Ao Thun Classic,JBL,Ao Thun,4531000,113,San pham chat luong cao,0
P-00983,Apple Chuot Gaming Premium,Apple,Chuot Gaming,3748000,350,San pham chat luong cao,0
P-00984,HP Webcam Classic,HP,Webcam,985000,323,San pham chat luong cao,0
P-00985,Asus Kinh Mat Pro Max,Asus,Kinh Mat,3686000,164,San pham chat luong cao,0
P-00986,Samsung Dong Ho Lite,Samsung,Dong Ho,4311000,430,San pham chat luong cao,0
P-00987,Xiaomi Kinh Mat Plus,Xiaomi,Kinh Mat,3156000,223,San pham chat luong cao,0
P-00988,Xiaomi Loa Ultra,Xiaomi,Loa,2473000,94,San pham chat luong cao,0
P-00989,Asus Giay Lite,Asus,Giay,329000,375,San pham chat luong cao,0
P-00990,Anker Quat Mini Plus,Anker,Quat Mini,4741000,310,San pham chat luong cao,0
P-00991,Xiaomi USB Hub V2,Xiaomi,USB Hub,2225000,392,San pham chat luong cao,0
P-00992,Apple Dong Ho Classic,Apple,Dong Ho,3414000,255,San pham chat luong cao,0
P-00993,Logitech Ao Thun Mini,Logitech,Ao Thun,4676000,493,San pham chat luong cao,0
P-00994,Logitech Laptop V2,Logitech,Laptop,286000,492,San pham chat luong cao,0
P-00995,Sony Ong Nhom V2,Sony,Ong Nhom,2038000,228,San pham chat luong cao,0
P-00996,Samsung Tablet XL,Samsung,Tablet,181000,467,San pham chat luong cao,0
P-00997,Logitech Op Lung Mini,Logitech,Op Lung,479000,183,San pham chat luong cao,0
P-00998,HP Kinh Mat Premium,HP,Kinh Mat,3369000,385,San pham chat luong cao,0
P-00999,Xiaomi Giay Plus,Xiaomi,Giay,1222000,349,San pham chat luong cao,0
P-01000,Xiaomi Quat Mini Pro Max,Xiaomi,Quat Mini,4671000,214,San pham chat luong cao,0
P-01001,Razer Balo Classic,Razer,Balo,4742000,296,San pham chat luong cao,0
P-01002,Samsung Op Lung Ultra,Samsung,Op Lung,1096000,408,San pham chat luong cao,0
P-01003,Sony Laptop XL,Sony,Laptop,1337000,332,San pham chat luong cao,0
P-01004,Samsung Balo Pro Max,Samsung,Balo,1248000,374,San pham chat luong cao,0
P-01005,Apple May Anh Ultra,Apple,May Anh,2594000,374,San pham chat luong cao,0
P-01006,Razer Dong Ho Ultra,Razer,Dong Ho,1082000,147,San pham chat luong cao,0
P-01007,Asus Monitor Mini,Asus,Monitor,2064000,220,San pham chat luong cao,0
P-01008,Razer Quat Mini Ultra,Razer,Quat Mini,3208000,182,San pham chat luong cao,0
P-01009,Anker Monitor V2,Anker,Monitor,3785000,379,San pham chat luong cao,0
P-01010,Sony Ao Thun Plus,Sony,Ao Thun,4164000,78,San pham chat luong cao,0
P-01011,Razer May Anh Sport,Razer,May Anh,3690000,396,San pham chat luong cao,0
P-01012,Samsung Ao Thun Plus,Samsung,Ao Thun,383000,415,San pham chat luong cao,0
P-01013,Anker Webcam Premium,Anker,Webcam,612000,384,San pham chat luong cao,0
P-01014,HP Webcam Sport,HP,Webcam,3858000,348,San pham chat luong cao,0
P-01015,Samsung Webcam Lite,Samsung,Webcam,1278000,74,San pham chat luong cao,0
P-01016,Logitech Webcam Mini,Logitech,Webcam,2702000,74,San pham chat luong cao,0
P-01017,Samsung Tai Nghe Premium,Samsung,Tai Nghe,3843000,422,San pham chat luong cao,0
P-01018,Xiaomi Kinh Mat Mini,Xiaomi,Kinh Mat,1408000,102,San pham chat luong cao,0
P-01019,Anker Ban Phim XL,Anker,Ban Phim,166000,356,San pham chat luong cao,0
P-01020,Asus Chuot Gaming V2,Asus,Chuot Gaming,3299000,302,San pham chat luong cao,0
P-01021,Asus Monitor Classic,Asus,Monitor,2612000,100,San pham chat luong cao,0
P-01022,Logitech Monitor Sport,Logitech,Monitor,4680000,334,San pham chat luong cao,0
P-01023,Xiaomi Tablet Ultra,Xiaomi,Tablet,2130000,282,San pham chat luong cao,0
P-01024,Apple Ong Nhom Classic,Apple,Ong Nhom,3339000,338,San pham chat luong cao,0
P-01025,Sony Monitor Pro Max,Sony,Monitor,2360000,102,San pham chat luong cao,0
P-01026,Xiaomi USB Hub XL,Xiaomi,USB Hub,2559000,96,San pham chat luong cao,0
P-01027,JBL Cap Sac Pro Max,JBL,Cap Sac,3490000,351,San pham chat luong cao,0
P-01028,Samsung USB Hub Lite,Samsung,USB Hub,4554000,461,San pham chat luong cao,0
P-01029,Samsung Tai Nghe XL,Samsung,Tai Nghe,2086000,275,San pham chat luong cao,0
P-01030,Samsung Ban Phim Pro Max,Samsung,Ban Phim,575000,395,San pham chat luong cao,0
P-01031,Apple Sac Du Phong Sport,Apple,Sac Du Phong,2580000,279,San pham chat luong cao,0
P-01032,JBL Ao Thun XL,JBL,Ao Thun,3549000,284,San pham chat luong cao,0
P-01033,JBL Ban Phim Sport,JBL,Ban Phim,129000,147,San pham chat luong cao,0
P-01034,Anker Tai Nghe V2,Anker,Tai Nghe,4609000,279,San pham chat luong cao,0
P-01035,Anker Balo XL,Anker,Balo,607000,325,San pham chat luong cao,0
P-01036,Apple Giay Classic,Apple,Giay,2279000,257,San pham chat luong cao,0
P-01037,HP Ban Phim Mini,HP,Ban Phim,646000,194,San pham chat luong cao,0
P-01038,JBL Tai Nghe V2,JBL,Tai Nghe,129000,211,San pham chat luong cao,0
P-01039,Sony Webcam Ultra,Sony,Webcam,1945000,231,San pham chat luong cao,0
P-01040,Xiaomi Tablet Sport,Xiaomi,Tablet,3996000,265,San pham chat luong cao,0
P-01041,JBL Dong Ho Premium,JBL,Dong Ho,666000,238,San pham chat luong cao,0
P-01042,Logitech Sac Du Phong V2,Logitech,Sac Du Phong,4902000,343,San pham chat luong cao,0
P-01043,Anker Balo Ultra,Anker,Balo,89000,203,San pham chat luong cao,0
P-01044,Anker Dong Ho Premium,Anker,Dong Ho,782000,389,San pham chat luong cao,0
P-01045,Razer Op Lung Ultra,Razer,Op Lung,408000,490,San pham chat luong cao,0
P-01046,Samsung Ao Thun Mini,Samsung,Ao Thun,3380000,329,San pham chat luong cao,0
P-01047,Asus Monitor Classic,Asus,Monitor,3782000,31,San pham chat luong cao,0
P-01048,Anker Monitor XL,Anker,Monitor,2134000,265,San pham chat luong cao,0
P-01049,Anker Balo Pro Max,Anker,Balo,4310000,330,San pham chat luong cao,0
P-01050,Sony Webcam Lite,Sony,Webcam,253000,369,San pham chat luong cao,0
P-01051,Logitech Tablet Mini,Logitech,Tablet,2449000,436,San pham chat luong cao,0
P-01052,Razer Monitor Sport,Razer,Monitor,2794000,288,San pham chat luong cao,0
P-01053,HP Op Lung Mini,HP,Op Lung,951000,223,San pham chat luong cao,0
P-01054,Xiaomi Op Lung Plus,Xiaomi,Op Lung,3193000,316,San pham chat luong cao,0
P-01055,Samsung Kinh Mat Premium,Samsung,Kinh Mat,4901000,86,San pham chat luong cao,0
P-01056,Xiaomi Cap Sac Premium,Xiaomi,Cap Sac,3861000,355,San pham chat luong cao,0
P-01057,JBL Laptop Classic,JBL,Laptop,290000,408,San pham chat luong cao,0
P-01058,Logitech Tablet Mini,Logitech,Tablet,2380000,124,San pham chat luong cao,0
P-01059,Anker Tai Nghe XL,Anker,Tai Nghe,1504000,67,San pham chat luong cao,0
P-01060,Razer Op Lung XL,Razer,Op Lung,2061000,220,San pham chat luong cao,0
P-01061,Apple Op Lung Premium,Apple,Op Lung,603000,72,San pham chat luong cao,0
P-01062,Apple Loa Classic,Apple,Loa,4205000,431,San pham chat luong cao,0
P-01063,Xiaomi Tablet Ultra,Xiaomi,Tablet,2667000,194,San pham chat luong cao,0
P-01064,JBL Ong Nhom Sport,JBL,Ong Nhom,510000,323,San pham chat luong cao,0
P-01065,Sony Kinh Mat Lite,Sony,Kinh Mat,1617000,160,San pham chat luong cao,0
P-01066,Xiaomi Ban Phim V2,Xiaomi,Ban Phim,2691000,447,San pham chat luong cao,0
P-01067,Razer USB Hub Plus,Razer,USB Hub,2390000,174,San pham chat luong cao,0
P-01068,Sony Dong Ho Plus,Sony,Dong Ho,684000,98,San pham chat luong cao,0
P-01069,Razer May Anh V2,Razer,May Anh,2735000,296,San pham chat luong cao,0
P-01070,Sony Ban Phim Lite,Sony,Ban Phim,1737000,189,San pham chat luong cao,0
P-01071,Razer Op Lung Sport,Razer,Op Lung,2160000,109,San pham chat luong cao,0
P-01072,Asus Quat Mini Lite,Asus,Quat Mini,2767000,230,San pham chat luong cao,0
P-01073,Anker Quat Mini XL,Anker,Quat Mini,1774000,309,San pham chat luong cao,0
P-01074,Anker Kinh Mat Classic,Anker,Kinh Mat,1637000,340,San pham chat luong cao,0
P-01075,Samsung Monitor Pro Max,Samsung,Monitor,4954000,139,San pham chat luong cao,0
P-01076,Logitech Loa Premium,Logitech,Loa,1201000,56,San pham chat luong cao,0
P-01077,Apple Chuot Gaming Sport,Apple,Chuot Gaming,642000,145,San pham chat luong cao,0
P-01078,Logitech Kinh Mat Pro Max,Logitech,Kinh Mat,154000,21,San pham chat luong cao,0
P-01079,Asus Tai Nghe Pro Max,Asus,Tai Nghe,3481000,167,San pham chat luong cao,0
P-01080,Xiaomi Ong Nhom Lite,Xiaomi,Ong Nhom,3023000,27,San pham chat luong cao,0
P-01081,Samsung Cap Sac Sport,Samsung,Cap Sac,483000,148,San pham chat luong cao,0
P-01082,Anker Loa Pro Max,Anker,Loa,2229000,108,San pham chat luong cao,0
P-01083,Asus Balo Plus,Asus,Balo,3457000,366,San pham chat luong cao,0
P-01084,Razer Kinh Mat V2,Razer,Kinh Mat,681000,428,San pham chat luong cao,0
P-01085,Razer Giay V2,Razer,Giay,4951000,188,San pham chat luong cao,0
P-01086,Sony Monitor Plus,Sony,Monitor,2828000,411,San pham chat luong cao,0
P-01087,Razer Tai Nghe Plus,Razer,Tai Nghe,293000,440,San pham chat luong cao,0
P-01088,Logitech Chuot Gaming Ultra,Logitech,Chuot Gaming,833000,97,San pham chat luong cao,0
P-01089,Razer Cap Sac Sport,Razer,Cap Sac,4450000,154,San pham chat luong cao,0
P-01090,Asus Dong Ho Sport,Asus,Dong Ho,3980000,405,San pham chat luong cao,0
P-01091,Asus Giay Premium,Asus,Giay,2655000,63,San pham chat luong cao,0
P-01092,Samsung Loa Premium,Samsung,Loa,908000,120,San pham chat luong cao,0
P-01093,Asus USB Hub Plus,Asus,USB Hub,4013000,84,San pham chat luong cao,0
P-01094,Anker Ong Nhom XL,Anker,Ong Nhom,1573000,11,San pham chat luong cao,0
P-01095,HP Monitor Classic,HP,Monitor,4284000,31,San pham chat luong cao,0
P-01096,Razer Dong Ho Classic,Razer,Dong Ho,958000,100,San pham chat luong cao,0
P-01097,Samsung Op Lung XL,Samsung,Op Lung,4085000,403,San pham chat luong cao,0
P-01098,Anker Loa Plus,Anker,Loa,4493000,298,San pham chat luong cao,0
P-01099,Anker Cap Sac Lite,Anker,Cap Sac,3591000,57,San pham chat luong cao,0
P-01100,Samsung Balo Classic,Samsung,Balo,1022000,247,San pham chat luong cao,0
P-01101,Logitech Ao Thun Premium,Logitech,Ao Thun,4896000,499,San pham chat luong cao,0
P-01102,Apple Tablet Premium,Apple,Tablet,2891000,48,San pham chat luong cao,0
P-01103,Logitech USB Hub Plus,Logitech,USB Hub,4044000,470,San pham chat luong cao,0
P-01104,Sony Giay Ultra,Sony,Giay,2900000,187,San pham chat luong cao,0
P-01105,Samsung Monitor Classic,Samsung,Monitor,1095000,119,San pham chat luong cao,0
P-01106,Anker Cap Sac Plus,Anker,Cap Sac,1233000,226,San pham chat luong cao,0
P-01107,HP Monitor Lite,HP,Monitor,4400000,364,San pham chat luong cao,0
P-01108,Razer Tai Nghe Plus,Razer,Tai Nghe,1125000,298,San pham chat luong cao,0
P-01109,Apple Laptop Lite,Apple,Laptop,4122000,106,San pham chat luong cao,0
P-01110,Anker Cap Sac Plus,Anker,Cap Sac,2491000,203,San pham chat luong cao,0
P-01111,Sony Ao Thun Mini,Sony,Ao Thun,558000,387,San pham chat luong cao,0
P-01112,Sony Dong Ho Sport,Sony,Dong Ho,653000,77,San pham chat luong cao,0
P-01113,HP Laptop Pro Max,HP,Laptop,3280000,468,San pham chat luong cao,0
P-01114,JBL USB Hub Classic,JBL,USB Hub,4123000,454,San pham chat luong cao,0
P-01115,Sony Ao Thun Lite,Sony,Ao Thun,388000,306,San pham chat luong cao,0
P-01116,Razer Laptop V2,Razer,Laptop,2413000,209,San pham chat luong cao,0
P-01117,JBL Quat Mini Plus,JBL,Quat Mini,3568000,67,San pham chat luong cao,0
P-01118,Asus May Anh Ultra,Asus,May Anh,437000,361,San pham chat luong cao,0
P-01119,Apple Tablet XL,Apple,Tablet,4713000,31,San pham chat luong cao,0
P-01120,Anker Ao Thun Pro Max,Anker,Ao Thun,3427000,451,San pham chat luong cao,0
P-01121,Xiaomi Chuot Gaming Premium,Xiaomi,Chuot Gaming,1576000,152,San pham chat luong cao,0
P-01122,Apple Tablet Lite,Apple,Tablet,3224000,315,San pham chat luong cao,0
P-01123,HP Ban Phim Mini,HP,Ban Phim,2213000,237,San pham chat luong cao,0
P-01124,HP Ban Phim XL,HP,Ban Phim,3780000,393,San pham chat luong cao,0
P-01125,Razer Webcam Sport,Razer,Webcam,4837000,111,San pham chat luong cao,0
P-01126,HP Tablet Premium,HP,Tablet,1204000,142,San pham chat luong cao,0
P-01127,Asus May Anh Sport,Asus,May Anh,3641000,293,San pham chat luong cao,0
P-01128,Sony Tai Nghe Sport,Sony,Tai Nghe,296000,48,San pham chat luong cao,0
P-01129,Asus Kinh Mat V2,Asus,Kinh Mat,1594000,411,San pham chat luong cao,0
P-01130,Samsung Cap Sac Ultra,Samsung,Cap Sac,974000,233,San pham chat luong cao,0
P-01131,JBL Laptop V2,JBL,Laptop,1845000,350,San pham chat luong cao,0
P-01132,Sony Ban Phim Classic,Sony,Ban Phim,1763000,161,San pham chat luong cao,0
P-01133,Apple Balo Premium,Apple,Balo,2000000,167,San pham chat luong cao,0
P-01134,Anker Dong Ho XL,Anker,Dong Ho,226000,307,San pham chat luong cao,0
P-01135,Logitech Quat Mini Premium,Logitech,Quat Mini,4253000,365,San pham chat luong cao,0
P-01136,Razer USB Hub V2,Razer,USB Hub,981000,74,San pham chat luong cao,0
P-01137,Sony Webcam Premium,Sony,Webcam,2507000,175,San pham chat luong cao,0
P-01138,JBL Tablet Sport,JBL,Tablet,4285000,275,San pham chat luong cao,0
P-01139,Anker Webcam Premium,Anker,Webcam,3882000,390,San pham chat luong cao,0
P-01140,Apple Tai Nghe Sport,Apple,Tai Nghe,3167000,297,San pham chat luong cao,0
P-01141,Razer Quat Mini Classic,Razer,Quat Mini,3682000,319,San pham chat luong cao,0
P-01142,Anker Tai Nghe Classic,Anker,Tai Nghe,1585000,364,San pham chat luong cao,0
P-01143,JBL May Anh XL,JBL,May Anh,2744000,163,San pham chat luong cao,0
P-01144,Apple Ban Phim Sport,Apple,Ban Phim,1631000,176,San pham chat luong cao,0
P-01145,HP Monitor Classic,HP,Monitor,587000,256,San pham chat luong cao,0
P-01146,Sony Kinh Mat Premium,Sony,Kinh Mat,4698000,252,San pham chat luong cao,0
P-01147,Razer Giay V2,Razer,Giay,858000,499,San pham chat luong cao,0
P-01148,Razer Laptop XL,Razer,Laptop,1497000,213,San pham chat luong cao,0
P-01149,Asus Kinh Mat Pro Max,Asus,Kinh Mat,3191000,486,San pham chat luong cao,0
P-01150,HP Sac Du Phong Sport,HP,Sac Du Phong,3346000,261,San pham chat luong cao,0
P-01151,Logitech May Anh XL,Logitech,May Anh,2130000,256,San pham chat luong cao,0
P-01152,Razer Chuot Gaming Mini,Razer,Chuot Gaming,3803000,421,San pham chat luong cao,0
P-01153,Anker Ong Nhom XL,Anker,Ong Nhom,2588000,455,San pham chat luong cao,0
P-01154,Asus Ong Nhom Pro Max,Asus,Ong Nhom,1914000,214,San pham chat luong cao,0
P-01155,Logitech May Anh V2,Logitech,May Anh,4961000,20,San pham chat luong cao,0
P-01156,Apple Ao Thun Premium,Apple,Ao Thun,2506000,374,San pham chat luong cao,0
P-01157,Anker Laptop Classic,Anker,Laptop,1883000,165,San pham chat luong cao,0
P-01158,Anker Laptop Pro Max,Anker,Laptop,3484000,331,San pham chat luong cao,0
P-01159,JBL USB Hub XL,JBL,USB Hub,3419000,231,San pham chat luong cao,0
P-01160,Samsung Webcam Premium,Samsung,Webcam,419000,318,San pham chat luong cao,0
P-01161,Sony Monitor Pro Max,Sony,Monitor,3655000,75,San pham chat luong cao,0
P-01162,Logitech Ong Nhom Premium,Logitech,Ong Nhom,544000,298,San pham chat luong cao,0
P-01163,Anker Ban Phim Pro Max,Anker,Ban Phim,4277000,233,San pham chat luong cao,0
P-01164,Logitech Ong Nhom Mini,Logitech,Ong Nhom,3154000,327,San pham chat luong cao,0
P-01165,Sony Laptop Plus,Sony,Laptop,157000,319,San pham chat luong cao,0
P-01166,Anker Balo XL,Anker,Balo,3151000,357,San pham chat luong cao,0
P-01167,JBL Laptop Classic,JBL,Laptop,2401000,128,San pham chat luong cao,0
P-01168,Apple Ong Nhom V2,Apple,Ong Nhom,1489000,449,San pham chat luong cao,0
P-01169,Apple USB Hub Sport,Apple,USB Hub,2111000,297,San pham chat luong cao,0
P-01170,Razer Ong Nhom V2,Razer,Ong Nhom,4118000,273,San pham chat luong cao,0
P-01171,Samsung Cap Sac XL,Samsung,Cap Sac,2187000,319,San pham chat luong cao,0
P-01172,Logitech Chuot Gaming Sport,Logitech,Chuot Gaming,4303000,16,San pham chat luong cao,0
P-01173,Apple Monitor Premium,Apple,Monitor,3473000,179,San pham chat luong cao,0
P-01174,Samsung Monitor Lite,Samsung,Monitor,3304000,385,San pham chat luong cao,0
P-01175,HP Giay XL,HP,Giay,3644000,496,San pham chat luong cao,0
P-01176,Asus Tai Nghe Ultra,Asus,Tai Nghe,4844000,55,San pham chat luong cao,0
P-01177,Anker Quat Mini Ultra,Anker,Quat Mini,2578000,127,San pham chat luong cao,0
P-01178,JBL Cap Sac Premium,JBL,Cap Sac,2733000,469,San pham chat luong cao,0
P-01179,Logitech Quat Mini Sport,Logitech,Quat Mini,851000,140,San pham chat luong cao,0
P-01180,Apple Sac Du Phong Ultra,Apple,Sac Du Phong,2283000,297,San pham chat luong cao,0
P-01181,Razer Tablet XL,Razer,Tablet,4558000,90,San pham chat luong cao,0
P-01182,HP Quat Mini XL,HP,Quat Mini,2253000,117,San pham chat luong cao,0
P-01183,Xiaomi May Anh Lite,Xiaomi,May Anh,2463000,185,San pham chat luong cao,0
P-01184,Sony Dong Ho Sport,Sony,Dong Ho,1524000,193,San pham chat luong cao,0
P-01185,Sony Giay XL,Sony,Giay,3814000,184,San pham chat luong cao,0
P-01186,Razer Tai Nghe Classic,Razer,Tai Nghe,2188000,129,San pham chat luong cao,0
P-01187,Samsung Ao Thun Ultra,Samsung,Ao Thun,1859000,299,San pham chat luong cao,0
P-01188,Anker Chuot Gaming Sport,Anker,Chuot Gaming,1896000,46,San pham chat luong cao,0
P-01189,Anker Ban Phim Plus,Anker,Ban Phim,2576000,170,San pham chat luong cao,0
P-01190,Razer Loa Sport,Razer,Loa,4856000,81,San pham chat luong cao,0
P-01191,Samsung Tai Nghe Sport,Samsung,Tai Nghe,2461000,341,San pham chat luong cao,0
P-01192,Sony Giay V2,Sony,Giay,4324000,76,San pham chat luong cao,0
P-01193,Asus Balo Plus,Asus,Balo,4555000,372,San pham chat luong cao,0
P-01194,Xiaomi Quat Mini Classic,Xiaomi,Quat Mini,3975000,367,San pham chat luong cao,0
P-01195,Xiaomi USB Hub Lite,Xiaomi,USB Hub,4243000,250,San pham chat luong cao,0
P-01196,JBL Loa XL,JBL,Loa,3978000,137,San pham chat luong cao,0
P-01197,Logitech Giay Plus,Logitech,Giay,2217000,228,San pham chat luong cao,0
P-01198,Apple Ban Phim Pro Max,Apple,Ban Phim,4276000,196,San pham chat luong cao,0
P-01199,JBL May Anh Mini,JBL,May Anh,2000000,292,San pham chat luong cao,0
P-01200,JBL Chuot Gaming Ultra,JBL,Chuot Gaming,949000,486,San pham chat luong cao,0
P-01201,Apple Tai Nghe Pro Max,Apple,Tai Nghe,1829000,317,San pham chat luong cao,0
P-01202,Xiaomi Giay Premium,Xiaomi,Giay,1438000,34,San pham chat luong cao,0
P-01203,Asus Sac Du Phong Premium,Asus,Sac Du Phong,197000,237,San pham chat luong cao,0
P-01204,Xiaomi Webcam Lite,Xiaomi,Webcam,1502000,284,San pham chat luong cao,0
P-01205,Xiaomi Chuot Gaming V2,Xiaomi,Chuot Gaming,2916000,184,San pham chat luong cao,0
P-01206,JBL Kinh Mat Classic,JBL,Kinh Mat,2802000,213,San pham chat luong cao,0
P-01207,Xiaomi Op Lung Plus,Xiaomi,Op Lung,2850000,156,San pham chat luong cao,0
P-01208,Apple Webcam Mini,Apple,Webcam,2608000,252,San pham chat luong cao,0
P-01209,Logitech USB Hub Mini,Logitech,USB Hub,1343000,121,San pham chat luong cao,0
P-01210,Samsung Sac Du Phong Ultra,Samsung,Sac Du Phong,2638000,142,San pham chat luong cao,0
P-01211,Sony Ong Nhom Classic,Sony,Ong Nhom,2176000,311,San pham chat luong cao,0
P-01212,Xiaomi USB Hub Classic,Xiaomi,USB Hub,4068000,285,San pham chat luong cao,0
P-01213,HP Dong Ho Classic,HP,Dong Ho,2310000,26,San pham chat luong cao,0
P-01214,HP Cap Sac Pro Max,HP,Cap Sac,1334000,68,San pham chat luong cao,0
P-01215,Xiaomi Webcam Plus,Xiaomi,Webcam,504000,400,San pham chat luong cao,0
P-01216,Razer Op Lung Sport,Razer,Op Lung,978000,46,San pham chat luong cao,0
P-01217,Asus Giay Lite,Asus,Giay,4881000,140,San pham chat luong cao,0
P-01218,Logitech Sac Du Phong Plus,Logitech,Sac Du Phong,2313000,400,San pham chat luong cao,0
P-01219,Samsung Quat Mini Pro Max,Samsung,Quat Mini,3623000,384,San pham chat luong cao,0
P-01220,Samsung Loa Lite,Samsung,Loa,3077000,263,San pham chat luong cao,0
P-01221,Razer Dong Ho XL,Razer,Dong Ho,2676000,15,San pham chat luong cao,0
P-01222,JBL Balo Classic,JBL,Balo,331000,197,San pham chat luong cao,0
P-01223,Razer Chuot Gaming V2,Razer,Chuot Gaming,1868000,247,San pham chat luong cao,0
P-01224,Sony May Anh Plus,Sony,May Anh,3119000,405,San pham chat luong cao,0
P-01225,Apple Dong Ho Plus,Apple,Dong Ho,2103000,104,San pham chat luong cao,0
P-01226,Anker Tai Nghe Lite,Anker,Tai Nghe,997000,335,San pham chat luong cao,0
P-01227,Apple Balo XL,Apple,Balo,2960000,237,San pham chat luong cao,0
P-01228,Anker Tai Nghe V2,Anker,Tai Nghe,2621000,291,San pham chat luong cao,0
P-01229,Anker Giay V2,Anker,Giay,2700000,379,San pham chat luong cao,0
P-01230,Asus Tablet Pro Max,Asus,Tablet,3609000,25,San pham chat luong cao,0
P-01231,Logitech Balo Premium,Logitech,Balo,200000,292,San pham chat luong cao,0
P-01232,Logitech Cap Sac Lite,Logitech,Cap Sac,3571000,106,San pham chat luong cao,0
P-01233,Asus Ao Thun Pro Max,Asus,Ao Thun,2084000,373,San pham chat luong cao,0
P-01234,Sony Dong Ho Plus,Sony,Dong Ho,971000,282,San pham chat luong cao,0
P-01235,Xiaomi Dong Ho XL,Xiaomi,Dong Ho,2920000,109,San pham chat luong cao,0
P-01236,HP Webcam Plus,HP,Webcam,3722000,105,San pham chat luong cao,0
P-01237,HP Tablet Sport,HP,Tablet,4034000,14,San pham chat luong cao,0
P-01238,Samsung Quat Mini Ultra,Samsung,Quat Mini,380000,252,San pham chat luong cao,0
P-01239,HP Ong Nhom Mini,HP,Ong Nhom,3135000,259,San pham chat luong cao,0
P-01240,Anker May Anh Classic,Anker,May Anh,3964000,257,San pham chat luong cao,0
P-01241,Asus Op Lung Pro Max,Asus,Op Lung,3669000,30,San pham chat luong cao,0
P-01242,JBL Chuot Gaming V2,JBL,Chuot Gaming,888000,169,San pham chat luong cao,0
P-01243,Xiaomi May Anh Premium,Xiaomi,May Anh,966000,424,San pham chat luong cao,0
P-01244,Asus May Anh Ultra,Asus,May Anh,847000,188,San pham chat luong cao,0
P-01245,Logitech USB Hub Pro Max,Logitech,USB Hub,3107000,313,San pham chat luong cao,0
P-01246,Sony Kinh Mat Premium,Sony,Kinh Mat,1522000,272,San pham chat luong cao,0
P-01247,Sony Ao Thun Lite,Sony,Ao Thun,4357000,331,San pham chat luong cao,0
P-01248,Sony Balo XL,Sony,Balo,2907000,314,San pham chat luong cao,0
P-01249,Samsung Ong Nhom Sport,Samsung,Ong Nhom,3395000,272,San pham chat luong cao,0
P-01250,Asus Laptop Lite,Asus,Laptop,3613000,492,San pham chat luong cao,0
P-01251,Anker Tai Nghe Pro Max,Anker,Tai Nghe,841000,380,San pham chat luong cao,0
P-01252,JBL May Anh Classic,JBL,May Anh,4705000,204,San pham chat luong cao,0
P-01253,Asus Quat Mini XL,Asus,Quat Mini,4269000,445,San pham chat luong cao,0
P-01254,JBL USB Hub V2,JBL,USB Hub,4385000,433,San pham chat luong cao,0
P-01255,Sony Quat Mini XL,Sony,Quat Mini,4675000,14,San pham chat luong cao,0
P-01256,Xiaomi Kinh Mat Mini,Xiaomi,Kinh Mat,4388000,163,San pham chat luong cao,0
P-01257,Sony Cap Sac Classic,Sony,Cap Sac,711000,375,San pham chat luong cao,0
P-01258,Razer Tablet Ultra,Razer,Tablet,3799000,339,San pham chat luong cao,0
P-01259,Samsung Chuot Gaming Mini,Samsung,Chuot Gaming,1386000,195,San pham chat luong cao,0
P-01260,Samsung Monitor Sport,Samsung,Monitor,384000,95,San pham chat luong cao,0
P-01261,Razer Tai Nghe Lite,Razer,Tai Nghe,2237000,307,San pham chat luong cao,0
P-01262,Razer Laptop Sport,Razer,Laptop,4593000,46,San pham chat luong cao,0
P-01263,JBL Ong Nhom Pro Max,JBL,Ong Nhom,4606000,394,San pham chat luong cao,0
P-01264,Sony Ao Thun Premium,Sony,Ao Thun,3771000,344,San pham chat luong cao,0
P-01265,Sony Ong Nhom Plus,Sony,Ong Nhom,1790000,150,San pham chat luong cao,0
P-01266,Apple Tablet Lite,Apple,Tablet,2851000,149,San pham chat luong cao,0
P-01267,Samsung Balo Ultra,Samsung,Balo,1184000,170,San pham chat luong cao,0
P-01268,Xiaomi Tablet Lite,Xiaomi,Tablet,661000,294,San pham chat luong cao,0
P-01269,Asus Ao Thun Premium,Asus,Ao Thun,3561000,305,San pham chat luong cao,0
P-01270,HP Ao Thun Plus,HP,Ao Thun,789000,65,San pham chat luong cao,0
P-01271,Samsung Sac Du Phong Sport,Samsung,Sac Du Phong,976000,22,San pham chat luong cao,0
P-01272,Apple May Anh XL,Apple,May Anh,3750000,87,San pham chat luong cao,0
P-01273,Asus Laptop Ultra,Asus,Laptop,302000,443,San pham chat luong cao,0
P-01274,Xiaomi Balo V2,Xiaomi,Balo,4529000,443,San pham chat luong cao,0
P-01275,Apple Monitor Premium,Apple,Monitor,2507000,449,San pham chat luong cao,0
P-01276,Samsung Ao Thun Pro Max,Samsung,Ao Thun,2179000,132,San pham chat luong cao,0
P-01277,HP Webcam V2,HP,Webcam,1905000,466,San pham chat luong cao,0
P-01278,Sony Sac Du Phong Ultra,Sony,Sac Du Phong,277000,413,San pham chat luong cao,0
P-01279,Xiaomi Tai Nghe Ultra,Xiaomi,Tai Nghe,3836000,68,San pham chat luong cao,0
P-01280,Sony Webcam XL,Sony,Webcam,2455000,81,San pham chat luong cao,0
P-01281,Logitech Sac Du Phong XL,Logitech,Sac Du Phong,2083000,166,San pham chat luong cao,0
P-01282,Samsung Ong Nhom Classic,Samsung,Ong Nhom,4915000,234,San pham chat luong cao,0
P-01283,Samsung Op Lung Ultra,Samsung,Op Lung,1031000,366,San pham chat luong cao,0
P-01284,JBL Chuot Gaming Ultra,JBL,Chuot Gaming,3346000,54,San pham chat luong cao,0
P-01285,Apple Ong Nhom V2,Apple,Ong Nhom,842000,395,San pham chat luong cao,0
P-01286,Anker Ao Thun Pro Max,Anker,Ao Thun,1792000,65,San pham chat luong cao,0
P-01287,Xiaomi May Anh Premium,Xiaomi,May Anh,643000,380,San pham chat luong cao,0
P-01288,Samsung Sac Du Phong Sport,Samsung,Sac Du Phong,1259000,218,San pham chat luong cao,0
P-01289,HP Laptop Ultra,HP,Laptop,1953000,337,San pham chat luong cao,0
P-01290,Logitech Quat Mini XL,Logitech,Quat Mini,2239000,289,San pham chat luong cao,0
P-01291,HP Tablet Plus,HP,Tablet,1812000,75,San pham chat luong cao,0
P-01292,Apple Dong Ho Lite,Apple,Dong Ho,4261000,240,San pham chat luong cao,0
P-01293,Logitech Dong Ho Ultra,Logitech,Dong Ho,3298000,22,San pham chat luong cao,0
P-01294,Anker Balo XL,Anker,Balo,4962000,138,San pham chat luong cao,0
P-01295,Samsung May Anh Plus,Samsung,May Anh,3245000,131,San pham chat luong cao,0
P-01296,JBL May Anh Ultra,JBL,May Anh,4975000,108,San pham chat luong cao,0
P-01297,HP Giay Plus,HP,Giay,2137000,159,San pham chat luong cao,0
P-01298,JBL Chuot Gaming Pro Max,JBL,Chuot Gaming,3394000,65,San pham chat luong cao,0
P-01299,Logitech Chuot Gaming Ultra,Logitech,Chuot Gaming,1285000,54,San pham chat luong cao,0
P-01300,Sony Tai Nghe Pro Max,Sony,Tai Nghe,4061000,302,San pham chat luong cao,0
P-01301,Xiaomi May Anh Lite,Xiaomi,May Anh,1579000,60,San pham chat luong cao,0
P-01302,Razer Balo Lite,Razer,Balo,848000,466,San pham chat luong cao,0
P-01303,Asus Cap Sac V2,Asus,Cap Sac,886000,261,San pham chat luong cao,0
P-01304,Xiaomi Cap Sac Classic,Xiaomi,Cap Sac,1181000,178,San pham chat luong cao,0
P-01305,Anker Quat Mini Mini,Anker,Quat Mini,3232000,357,San pham chat luong cao,0
P-01306,JBL Ao Thun Lite,JBL,Ao Thun,2494000,342,San pham chat luong cao,0
P-01307,Logitech Webcam Pro Max,Logitech,Webcam,999000,92,San pham chat luong cao,0
P-01308,Razer Ong Nhom XL,Razer,Ong Nhom,4651000,355,San pham chat luong cao,0
P-01309,Asus Tai Nghe Mini,Asus,Tai Nghe,1717000,37,San pham chat luong cao,0
P-01310,Apple Monitor Premium,Apple,Monitor,4373000,299,San pham chat luong cao,0
P-01311,Samsung Tablet Mini,Samsung,Tablet,1546000,40,San pham chat luong cao,0
P-01312,Razer Sac Du Phong Mini,Razer,Sac Du Phong,1084000,355,San pham chat luong cao,0
P-01313,Razer Loa XL,Razer,Loa,2501000,338,San pham chat luong cao,0
P-01314,JBL Monitor Mini,JBL,Monitor,3985000,25,San pham chat luong cao,0
P-01315,Xiaomi Loa Lite,Xiaomi,Loa,2787000,139,San pham chat luong cao,0
P-01316,Samsung Ao Thun Lite,Samsung,Ao Thun,4297000,401,San pham chat luong cao,0
P-01317,Logitech Dong Ho Lite,Logitech,Dong Ho,2826000,372,San pham chat luong cao,0
P-01318,Razer Sac Du Phong Premium,Razer,Sac Du Phong,1379000,343,San pham chat luong cao,0
P-01319,Apple Quat Mini V2,Apple,Quat Mini,4733000,163,San pham chat luong cao,0
P-01320,Anker Cap Sac Classic,Anker,Cap Sac,2602000,242,San pham chat luong cao,0
P-01321,JBL Giay Premium,JBL,Giay,3121000,295,San pham chat luong cao,0
P-01322,Logitech Ao Thun XL,Logitech,Ao Thun,2342000,57,San pham chat luong cao,0
P-01323,Anker Balo Pro Max,Anker,Balo,1033000,332,San pham chat luong cao,0
P-01324,Sony Sac Du Phong Lite,Sony,Sac Du Phong,790000,124,San pham chat luong cao,0
P-01325,Xiaomi Monitor Ultra,Xiaomi,Monitor,1358000,348,San pham chat luong cao,0
P-01326,JBL Balo Plus,JBL,Balo,4559000,321,San pham chat luong cao,0
P-01327,Asus Quat Mini Lite,Asus,Quat Mini,4784000,283,San pham chat luong cao,0
P-01328,Sony Kinh Mat Mini,Sony,Kinh Mat,1864000,107,San pham chat luong cao,0
P-01329,HP USB Hub V2,HP,USB Hub,4378000,402,San pham chat luong cao,0
P-01330,Sony Monitor Pro Max,Sony,Monitor,3117000,458,San pham chat luong cao,0
P-01331,Apple Tai Nghe Sport,Apple,Tai Nghe,4806000,408,San pham chat luong cao,0
P-01332,Logitech USB Hub V2,Logitech,USB Hub,1636000,400,San pham chat luong cao,0
P-01333,Asus May Anh Plus,Asus,May Anh,2691000,356,San pham chat luong cao,0
P-01334,Anker Balo V2,Anker,Balo,3226000,249,San pham chat luong cao,0
P-01335,JBL Sac Du Phong XL,JBL,Sac Du Phong,442000,168,San pham chat luong cao,0
P-01336,Xiaomi Ong Nhom Mini,Xiaomi,Ong Nhom,4307000,306,San pham chat luong cao,0
P-01337,Anker Laptop Plus,Anker,Laptop,3928000,283,San pham chat luong cao,0
P-01338,Xiaomi Kinh Mat Mini,Xiaomi,Kinh Mat,1355000,257,San pham chat luong cao,0
P-01339,Razer Dong Ho Ultra,Razer,Dong Ho,98000,463,San pham chat luong cao,0
P-01340,Samsung Ban Phim Ultra,Samsung,Ban Phim,2498000,41,San pham chat luong cao,0
P-01341,Xiaomi Kinh Mat Ultra,Xiaomi,Kinh Mat,429000,441,San pham chat luong cao,0
P-01342,Samsung Quat Mini Mini,Samsung,Quat Mini,1107000,369,San pham chat luong cao,0
P-01343,Xiaomi Op Lung Mini,Xiaomi,Op Lung,2383000,262,San pham chat luong cao,0
P-01344,Sony Sac Du Phong Classic,Sony,Sac Du Phong,3471000,363,San pham chat luong cao,0
P-01345,Sony Ban Phim Lite,Sony,Ban Phim,3105000,366,San pham chat luong cao,0
P-01346,Sony Laptop XL,Sony,Laptop,4509000,383,San pham chat luong cao,0
P-01347,Asus Ao Thun Plus,Asus,Ao Thun,4619000,393,San pham chat luong cao,0
P-01348,Anker Sac Du Phong Pro Max,Anker,Sac Du Phong,1676000,86,San pham chat luong cao,0
P-01349,Asus Chuot Gaming Classic,Asus,Chuot Gaming,628000,440,San pham chat luong cao,0
P-01350,Apple Kinh Mat XL,Apple,Kinh Mat,3429000,493,San pham chat luong cao,0
P-01351,Anker Tai Nghe Premium,Anker,Tai Nghe,3288000,73,San pham chat luong cao,0
P-01352,Sony Ao Thun Classic,Sony,Ao Thun,937000,67,San pham chat luong cao,0
P-01353,Sony Laptop Premium,Sony,Laptop,1542000,168,San pham chat luong cao,0
P-01354,Razer USB Hub Ultra,Razer,USB Hub,1221000,189,San pham chat luong cao,0
P-01355,Logitech Ong Nhom Pro Max,Logitech,Ong Nhom,4223000,346,San pham chat luong cao,0
P-01356,Asus USB Hub XL,Asus,USB Hub,1786000,133,San pham chat luong cao,0
P-01357,Apple Chuot Gaming Ultra,Apple,Chuot Gaming,4041000,484,San pham chat luong cao,0
P-01358,Logitech Kinh Mat Mini,Logitech,Kinh Mat,3807000,284,San pham chat luong cao,0
P-01359,Samsung Chuot Gaming XL,Samsung,Chuot Gaming,4564000,393,San pham chat luong cao,0
P-01360,Samsung Laptop Classic,Samsung,Laptop,3693000,98,San pham chat luong cao,0
P-01361,Logitech Laptop Premium,Logitech,Laptop,255000,446,San pham chat luong cao,0
P-01362,Apple Laptop Ultra,Apple,Laptop,2393000,442,San pham chat luong cao,0
P-01363,Sony Giay Lite,Sony,Giay,3314000,222,San pham chat luong cao,0
P-01364,Xiaomi Ban Phim Mini,Xiaomi,Ban Phim,636000,21,San pham chat luong cao,0
P-01365,Anker Ao Thun Plus,Anker,Ao Thun,3581000,299,San pham chat luong cao,0
P-01366,Apple Cap Sac Ultra,Apple,Cap Sac,1430000,307,San pham chat luong cao,0
P-01367,JBL Chuot Gaming Pro Max,JBL,Chuot Gaming,2551000,264,San pham chat luong cao,0
P-01368,Xiaomi Chuot Gaming Plus,Xiaomi,Chuot Gaming,2570000,294,San pham chat luong cao,0
P-01369,Asus Laptop V2,Asus,Laptop,3734000,35,San pham chat luong cao,0
P-01370,Xiaomi Quat Mini Mini,Xiaomi,Quat Mini,640000,384,San pham chat luong cao,0
P-01371,Logitech Chuot Gaming Pro Max,Logitech,Chuot Gaming,2674000,95,San pham chat luong cao,0
P-01372,HP Kinh Mat XL,HP,Kinh Mat,3101000,464,San pham chat luong cao,0
P-01373,Apple Ong Nhom Mini,Apple,Ong Nhom,2984000,247,San pham chat luong cao,0
P-01374,Samsung Tai Nghe Sport,Samsung,Tai Nghe,2008000,292,San pham chat luong cao,0
P-01375,Anker Ong Nhom Mini,Anker,Ong Nhom,3029000,86,San pham chat luong cao,0
P-01376,Samsung Quat Mini Ultra,Samsung,Quat Mini,655000,213,San pham chat luong cao,0
P-01377,Razer Laptop V2,Razer,Laptop,801000,144,San pham chat luong cao,0
P-01378,Xiaomi Ban Phim Plus,Xiaomi,Ban Phim,4692000,72,San pham chat luong cao,0
P-01379,HP Tablet Sport,HP,Tablet,1235000,389,San pham chat luong cao,0
P-01380,Asus Kinh Mat Lite,Asus,Kinh Mat,2384000,329,San pham chat luong cao,0
P-01381,Anker Laptop XL,Anker,Laptop,3001000,125,San pham chat luong cao,0
P-01382,Logitech Kinh Mat Sport,Logitech,Kinh Mat,850000,442,San pham chat luong cao,0
P-01383,Xiaomi Kinh Mat Sport,Xiaomi,Kinh Mat,421000,239,San pham chat luong cao,0
P-01384,Asus Op Lung Mini,Asus,Op Lung,3746000,249,San pham chat luong cao,0
P-01385,Asus Tai Nghe Ultra,Asus,Tai Nghe,3358000,29,San pham chat luong cao,0
P-01386,Asus Laptop Ultra,Asus,Laptop,1080000,165,San pham chat luong cao,0
P-01387,HP Balo Plus,HP,Balo,4394000,125,San pham chat luong cao,0
P-01388,Apple Webcam V2,Apple,Webcam,851000,158,San pham chat luong cao,0
P-01389,HP Cap Sac Lite,HP,Cap Sac,1673000,180,San pham chat luong cao,0
P-01390,Samsung Tablet Sport,Samsung,Tablet,1839000,293,San pham chat luong cao,0
P-01391,Xiaomi Tablet Lite,Xiaomi,Tablet,199000,222,San pham chat luong cao,0
P-01392,Samsung Laptop Mini,Samsung,Laptop,3114000,442,San pham chat luong cao,0
P-01393,Apple Ong Nhom Pro Max,Apple,Ong Nhom,932000,166,San pham chat luong cao,0
P-01394,JBL Tablet Classic,JBL,Tablet,4729000,145,San pham chat luong cao,0
P-01395,Xiaomi Laptop Premium,Xiaomi,Laptop,1677000,34,San pham chat luong cao,0
P-01396,Anker Loa Classic,Anker,Loa,859000,22,San pham chat luong cao,0
P-01397,Logitech USB Hub Classic,Logitech,USB Hub,3702000,490,San pham chat luong cao,0
P-01398,Apple Cap Sac Pro Max,Apple,Cap Sac,1483000,130,San pham chat luong cao,0
P-01399,JBL Giay V2,JBL,Giay,1591000,265,San pham chat luong cao,0
P-01400,Logitech Dong Ho Sport,Logitech,Dong Ho,4710000,61,San pham chat luong cao,0
P-01401,Sony Quat Mini Premium,Sony,Quat Mini,1372000,380,San pham chat luong cao,0
P-01402,Razer Dong Ho Ultra,Razer,Dong Ho,1019000,269,San pham chat luong cao,0
P-01403,Samsung Giay Pro Max,Samsung,Giay,2481000,76,San pham chat luong cao,0
P-01404,JBL Ong Nhom Pro Max,JBL,Ong Nhom,4797000,206,San pham chat luong cao,0
P-01405,JBL May Anh Ultra,JBL,May Anh,462000,473,San pham chat luong cao,0
P-01406,Samsung Op Lung Lite,Samsung,Op Lung,2821000,143,San pham chat luong cao,0
P-01407,HP Sac Du Phong Pro Max,HP,Sac Du Phong,818000,434,San pham chat luong cao,0
P-01408,Apple Laptop Plus,Apple,Laptop,3186000,323,San pham chat luong cao,0
P-01409,Samsung Op Lung Lite,Samsung,Op Lung,1756000,249,San pham chat luong cao,0
P-01410,JBL Kinh Mat Premium,JBL,Kinh Mat,790000,303,San pham chat luong cao,0
P-01411,JBL Chuot Gaming V2,JBL,Chuot Gaming,2561000,244,San pham chat luong cao,0
P-01412,Anker Loa XL,Anker,Loa,4019000,246,San pham chat luong cao,0
P-01413,Asus Sac Du Phong Lite,Asus,Sac Du Phong,1918000,443,San pham chat luong cao,0
P-01414,JBL Monitor Pro Max,JBL,Monitor,2072000,246,San pham chat luong cao,0
P-01415,Razer Webcam Classic,Razer,Webcam,4170000,277,San pham chat luong cao,0
P-01416,Xiaomi Webcam Sport,Xiaomi,Webcam,4509000,53,San pham chat luong cao,0
P-01417,Logitech Webcam Pro Max,Logitech,Webcam,2724000,107,San pham chat luong cao,0
P-01418,Xiaomi Loa Classic,Xiaomi,Loa,3026000,386,San pham chat luong cao,0
P-01419,JBL Ong Nhom Lite,JBL,Ong Nhom,4877000,378,San pham chat luong cao,0
P-01420,HP Ao Thun V2,HP,Ao Thun,4370000,182,San pham chat luong cao,0
P-01421,Samsung Giay Lite,Samsung,Giay,3806000,58,San pham chat luong cao,0
P-01422,JBL Tai Nghe Lite,JBL,Tai Nghe,3826000,339,San pham chat luong cao,0
P-01423,HP Giay Sport,HP,Giay,992000,322,San pham chat luong cao,0
P-01424,Logitech Giay Ultra,Logitech,Giay,186000,50,San pham chat luong cao,0
P-01425,Samsung Ong Nhom Plus,Samsung,Ong Nhom,2992000,280,San pham chat luong cao,0
P-01426,JBL Ban Phim Pro Max,JBL,Ban Phim,4924000,250,San pham chat luong cao,0
P-01427,Sony Quat Mini Classic,Sony,Quat Mini,3709000,132,San pham chat luong cao,0
P-01428,Apple Loa Pro Max,Apple,Loa,911000,95,San pham chat luong cao,0
P-01429,Apple Monitor Mini,Apple,Monitor,3677000,91,San pham chat luong cao,0
P-01430,HP Kinh Mat V2,HP,Kinh Mat,3497000,62,San pham chat luong cao,0
P-01431,Logitech Balo Pro Max,Logitech,Balo,2704000,179,San pham chat luong cao,0
P-01432,Razer Tablet Lite,Razer,Tablet,1746000,480,San pham chat luong cao,0
P-01433,Asus Tai Nghe Sport,Asus,Tai Nghe,3918000,88,San pham chat luong cao,0
P-01434,HP Ong Nhom Mini,HP,Ong Nhom,1400000,126,San pham chat luong cao,0
P-01435,JBL Ao Thun XL,JBL,Ao Thun,3000000,491,San pham chat luong cao,0
P-01436,Razer Tai Nghe Classic,Razer,Tai Nghe,499000,42,San pham chat luong cao,0
P-01437,Anker Ao Thun Lite,Anker,Ao Thun,345000,235,San pham chat luong cao,0
P-01438,Sony Giay V2,Sony,Giay,4213000,215,San pham chat luong cao,0
P-01439,Razer Cap Sac Lite,Razer,Cap Sac,1870000,273,San pham chat luong cao,0
P-01440,HP Cap Sac Mini,HP,Cap Sac,2986000,70,San pham chat luong cao,0
P-01441,HP Quat Mini Mini,HP,Quat Mini,529000,108,San pham chat luong cao,0
P-01442,Apple Quat Mini Premium,Apple,Quat Mini,1403000,210,San pham chat luong cao,0
P-01443,Xiaomi Chuot Gaming Classic,Xiaomi,Chuot Gaming,3718000,78,San pham chat luong cao,0
P-01444,JBL Balo Lite,JBL,Balo,1859000,467,San pham chat luong cao,0
P-01445,Sony Kinh Mat Lite,Sony,Kinh Mat,271000,492,San pham chat luong cao,0
P-01446,Samsung Balo Classic,Samsung,Balo,4349000,349,San pham chat luong cao,0
P-01447,Apple Kinh Mat Ultra,Apple,Kinh Mat,2495000,266,San pham chat luong cao,0
P-01448,Razer Tai Nghe V2,Razer,Tai Nghe,2089000,81,San pham chat luong cao,0
P-01449,Xiaomi USB Hub Pro Max,Xiaomi,USB Hub,1271000,63,San pham chat luong cao,0
P-01450,Anker Monitor Ultra,Anker,Monitor,75000,437,San pham chat luong cao,0
P-01451,Xiaomi Webcam Classic,Xiaomi,Webcam,183000,163,San pham chat luong cao,0
P-01452,Asus Monitor V2,Asus,Monitor,3795000,377,San pham chat luong cao,0
P-01453,Razer Ban Phim V2,Razer,Ban Phim,2412000,482,San pham chat luong cao,0
P-01454,Asus Ban Phim Lite,Asus,Ban Phim,383000,392,San pham chat luong cao,0
P-01455,Apple Giay Plus,Apple,Giay,293000,449,San pham chat luong cao,0
P-01456,HP Laptop Classic,HP,Laptop,2753000,201,San pham chat luong cao,0
P-01457,HP Giay Sport,HP,Giay,2577000,21,San pham chat luong cao,0
P-01458,JBL Laptop V2,JBL,Laptop,4834000,380,San pham chat luong cao,0
P-01459,Apple Chuot Gaming Pro Max,Apple,Chuot Gaming,2662000,308,San pham chat luong cao,0
P-01460,Razer Ong Nhom XL,Razer,Ong Nhom,829000,123,San pham chat luong cao,0
P-01461,Apple Tablet Classic,Apple,Tablet,3309000,155,San pham chat luong cao,0
P-01462,Logitech Quat Mini XL,Logitech,Quat Mini,893000,475,San pham chat luong cao,0
P-01463,Asus Tablet Ultra,Asus,Tablet,4645000,367,San pham chat luong cao,0
P-01464,Samsung Dong Ho Plus,Samsung,Dong Ho,2022000,232,San pham chat luong cao,0
P-01465,Apple May Anh Pro Max,Apple,May Anh,1411000,17,San pham chat luong cao,0
P-01466,Anker Tablet Lite,Anker,Tablet,1394000,367,San pham chat luong cao,0
P-01467,Logitech Kinh Mat Classic,Logitech,Kinh Mat,3540000,33,San pham chat luong cao,0
P-01468,Asus Monitor Pro Max,Asus,Monitor,2887000,478,San pham chat luong cao,0
P-01469,Anker Ong Nhom Lite,Anker,Ong Nhom,2087000,189,San pham chat luong cao,0
P-01470,Apple Cap Sac Premium,Apple,Cap Sac,4402000,37,San pham chat luong cao,0
P-01471,Asus Quat Mini XL,Asus,Quat Mini,681000,218,San pham chat luong cao,0
P-01472,Asus Ao Thun Lite,Asus,Ao Thun,930000,300,San pham chat luong cao,0
P-01473,Apple Balo Mini,Apple,Balo,2698000,434,San pham chat luong cao,0
P-01474,Logitech Ao Thun Sport,Logitech,Ao Thun,2216000,378,San pham chat luong cao,0
P-01475,Apple Loa Pro Max,Apple,Loa,3579000,249,San pham chat luong cao,0
P-01476,Logitech Balo Sport,Logitech,Balo,273000,21,San pham chat luong cao,0
P-01477,Anker Cap Sac Plus,Anker,Cap Sac,1254000,100,San pham chat luong cao,0
P-01478,Razer Sac Du Phong V2,Razer,Sac Du Phong,3109000,120,San pham chat luong cao,0
P-01479,JBL Giay Lite,JBL,Giay,3309000,103,San pham chat luong cao,0
P-01480,Asus Balo XL,Asus,Balo,1016000,112,San pham chat luong cao,0
P-01481,Samsung Dong Ho Classic,Samsung,Dong Ho,219000,263,San pham chat luong cao,0
P-01482,JBL Balo Sport,JBL,Balo,4531000,387,San pham chat luong cao,0
P-01483,Anker USB Hub Plus,Anker,USB Hub,4942000,86,San pham chat luong cao,0
P-01484,Apple USB Hub Plus,Apple,USB Hub,3129000,419,San pham chat luong cao,0
P-01485,HP May Anh Classic,HP,May Anh,2832000,128,San pham chat luong cao,0
P-01486,Xiaomi Cap Sac Classic,Xiaomi,Cap Sac,3391000,434,San pham chat luong cao,0
P-01487,Sony Op Lung Mini,Sony,Op Lung,3955000,484,San pham chat luong cao,0
P-01488,Samsung Laptop Mini,Samsung,Laptop,2828000,342,San pham chat luong cao,0
P-01489,HP Sac Du Phong Pro Max,HP,Sac Du Phong,1347000,236,San pham chat luong cao,0
P-01490,Samsung Op Lung Classic,Samsung,Op Lung,581000,297,San pham chat luong cao,0
P-01491,Apple Ao Thun Ultra,Apple,Ao Thun,3342000,487,San pham chat luong cao,0
P-01492,Xiaomi Laptop Ultra,Xiaomi,Laptop,1486000,76,San pham chat luong cao,0
P-01493,HP Giay Pro Max,HP,Giay,2402000,455,San pham chat luong cao,0
P-01494,Logitech Op Lung Pro Max,Logitech,Op Lung,3166000,189,San pham chat luong cao,0
P-01495,Asus Chuot Gaming Mini,Asus,Chuot Gaming,3078000,394,San pham chat luong cao,0
P-01496,Xiaomi Ao Thun Lite,Xiaomi,Ao Thun,553000,67,San pham chat luong cao,0
P-01497,Samsung USB Hub Mini,Samsung,USB Hub,1288000,238,San pham chat luong cao,0
P-01498,Logitech Balo Plus,Logitech,Balo,3719000,249,San pham chat luong cao,0
P-01499,JBL Giay Ultra,JBL,Giay,3395000,273,San pham chat luong cao,0
P-01500,Apple May Anh Ultra,Apple,May Anh,169000,195,San pham chat luong cao,0
P-01501,Xiaomi Op Lung Ultra,Xiaomi,Op Lung,1360000,144,San pham chat luong cao,0
P-01502,Samsung Ao Thun Plus,Samsung,Ao Thun,2462000,242,San pham chat luong cao,0
P-01503,Sony Loa Sport,Sony,Loa,1440000,314,San pham chat luong cao,0
P-01504,Apple Ong Nhom V2,Apple,Ong Nhom,457000,230,San pham chat luong cao,0
P-01505,HP Loa Premium,HP,Loa,1510000,244,San pham chat luong cao,0
P-01506,Anker Laptop XL,Anker,Laptop,430000,314,San pham chat luong cao,0
P-01507,Apple Dong Ho Premium,Apple,Dong Ho,3820000,469,San pham chat luong cao,0
P-01508,Samsung Loa Premium,Samsung,Loa,4080000,338,San pham chat luong cao,0
P-01509,Apple May Anh Plus,Apple,May Anh,3563000,331,San pham chat luong cao,0
P-01510,Asus Op Lung Plus,Asus,Op Lung,3724000,93,San pham chat luong cao,0
P-01511,Xiaomi Kinh Mat Ultra,Xiaomi,Kinh Mat,3896000,364,San pham chat luong cao,0
P-01512,Samsung Sac Du Phong Plus,Samsung,Sac Du Phong,2879000,355,San pham chat luong cao,0
P-01513,Asus Loa Pro Max,Asus,Loa,3853000,261,San pham chat luong cao,0
P-01514,Xiaomi Sac Du Phong Classic,Xiaomi,Sac Du Phong,2165000,459,San pham chat luong cao,0
P-01515,Sony Giay Sport,Sony,Giay,1257000,116,San pham chat luong cao,0
P-01516,JBL Kinh Mat Sport,JBL,Kinh Mat,2116000,438,San pham chat luong cao,0
P-01517,Xiaomi Kinh Mat Mini,Xiaomi,Kinh Mat,4200000,457,San pham chat luong cao,0
P-01518,Razer Laptop XL,Razer,Laptop,689000,56,San pham chat luong cao,0
P-01519,Logitech Dong Ho Premium,Logitech,Dong Ho,1246000,266,San pham chat luong cao,0
P-01520,Razer Dong Ho Plus,Razer,Dong Ho,4058000,142,San pham chat luong cao,0
P-01521,JBL Monitor Pro Max,JBL,Monitor,4466000,217,San pham chat luong cao,0
P-01522,Asus USB Hub Mini,Asus,USB Hub,4814000,113,San pham chat luong cao,0
P-01523,Samsung Balo XL,Samsung,Balo,4012000,378,San pham chat luong cao,0
P-01524,Apple Balo Ultra,Apple,Balo,2088000,10,San pham chat luong cao,0
P-01525,Sony Cap Sac Premium,Sony,Cap Sac,3165000,412,San pham chat luong cao,0
P-01526,Logitech Ao Thun Classic,Logitech,Ao Thun,4837000,275,San pham chat luong cao,0
P-01527,Sony Op Lung Pro Max,Sony,Op Lung,3004000,300,San pham chat luong cao,0
P-01528,Apple Laptop XL,Apple,Laptop,2886000,85,San pham chat luong cao,0
P-01529,Apple Ao Thun Pro Max,Apple,Ao Thun,4985000,357,San pham chat luong cao,0
P-01530,Sony Balo Sport,Sony,Balo,3553000,13,San pham chat luong cao,0
P-01531,Xiaomi Monitor Plus,Xiaomi,Monitor,3357000,22,San pham chat luong cao,0
P-01532,Asus Monitor Sport,Asus,Monitor,1438000,347,San pham chat luong cao,0
P-01533,Samsung Cap Sac V2,Samsung,Cap Sac,2295000,65,San pham chat luong cao,0
P-01534,Razer USB Hub Plus,Razer,USB Hub,3293000,81,San pham chat luong cao,0
P-01535,JBL Quat Mini Mini,JBL,Quat Mini,3927000,41,San pham chat luong cao,0
P-01536,Apple Ban Phim V2,Apple,Ban Phim,160000,49,San pham chat luong cao,0
P-01537,Samsung Chuot Gaming XL,Samsung,Chuot Gaming,3678000,426,San pham chat luong cao,0
P-01538,Razer Ong Nhom Lite,Razer,Ong Nhom,4729000,121,San pham chat luong cao,0
P-01539,Anker Quat Mini Sport,Anker,Quat Mini,128000,98,San pham chat luong cao,0
P-01540,JBL May Anh V2,JBL,May Anh,4820000,380,San pham chat luong cao,0
P-01541,Razer Webcam Premium,Razer,Webcam,3768000,194,San pham chat luong cao,0
P-01542,Anker Ban Phim XL,Anker,Ban Phim,4756000,77,San pham chat luong cao,0
P-01543,Xiaomi Cap Sac Classic,Xiaomi,Cap Sac,4039000,284,San pham chat luong cao,0
P-01544,Sony Balo Ultra,Sony,Balo,1875000,83,San pham chat luong cao,0
P-01545,Xiaomi Quat Mini V2,Xiaomi,Quat Mini,385000,325,San pham chat luong cao,0
P-01546,Samsung Ban Phim Pro Max,Samsung,Ban Phim,3137000,188,San pham chat luong cao,0
P-01547,Asus Ong Nhom Lite,Asus,Ong Nhom,1785000,345,San pham chat luong cao,0
P-01548,Xiaomi Webcam Mini,Xiaomi,Webcam,3733000,304,San pham chat luong cao,0
P-01549,Xiaomi Loa V2,Xiaomi,Loa,704000,83,San pham chat luong cao,0
P-01550,Xiaomi USB Hub XL,Xiaomi,USB Hub,1655000,264,San pham chat luong cao,0
P-01551,Logitech Balo Pro Max,Logitech,Balo,537000,483,San pham chat luong cao,0
P-01552,Sony Balo XL,Sony,Balo,164000,72,San pham chat luong cao,0
P-01553,Apple Loa Pro Max,Apple,Loa,1996000,208,San pham chat luong cao,0
P-01554,Sony Quat Mini Classic,Sony,Quat Mini,4337000,302,San pham chat luong cao,0
P-01555,Logitech Webcam XL,Logitech,Webcam,4138000,277,San pham chat luong cao,0
P-01556,Anker Ao Thun Plus,Anker,Ao Thun,4470000,133,San pham chat luong cao,0
P-01557,Sony Tablet Plus,Sony,Tablet,4056000,348,San pham chat luong cao,0
P-01558,Apple Monitor V2,Apple,Monitor,2504000,384,San pham chat luong cao,0
P-01559,Xiaomi Tai Nghe Ultra,Xiaomi,Tai Nghe,2800000,254,San pham chat luong cao,0
P-01560,Sony Ao Thun Plus,Sony,Ao Thun,1464000,259,San pham chat luong cao,0
P-01561,Asus Giay Lite,Asus,Giay,3244000,46,San pham chat luong cao,0
P-01562,Anker Loa Mini,Anker,Loa,4143000,500,San pham chat luong cao,0
P-01563,Anker Ao Thun Sport,Anker,Ao Thun,783000,197,San pham chat luong cao,0
P-01564,Apple Op Lung Lite,Apple,Op Lung,4663000,154,San pham chat luong cao,0
P-01565,Samsung May Anh V2,Samsung,May Anh,1085000,223,San pham chat luong cao,0
P-01566,Sony May Anh Pro Max,Sony,May Anh,1661000,103,San pham chat luong cao,0
P-01567,Anker Ong Nhom Lite,Anker,Ong Nhom,4892000,472,San pham chat luong cao,0
P-01568,Anker Ban Phim XL,Anker,Ban Phim,1679000,132,San pham chat luong cao,0
P-01569,Logitech Quat Mini Premium,Logitech,Quat Mini,1702000,404,San pham chat luong cao,0
P-01570,Asus Kinh Mat Ultra,Asus,Kinh Mat,4485000,33,San pham chat luong cao,0
P-01571,Sony Webcam V2,Sony,Webcam,65000,41,San pham chat luong cao,0
P-01572,JBL Balo Pro Max,JBL,Balo,568000,298,San pham chat luong cao,0
P-01573,JBL Chuot Gaming Lite,JBL,Chuot Gaming,570000,424,San pham chat luong cao,0
P-01574,Sony Monitor XL,Sony,Monitor,1645000,322,San pham chat luong cao,0
P-01575,HP Kinh Mat XL,HP,Kinh Mat,1813000,232,San pham chat luong cao,0
P-01576,Asus Webcam XL,Asus,Webcam,4990000,484,San pham chat luong cao,0
P-01577,Apple Op Lung Sport,Apple,Op Lung,3281000,404,San pham chat luong cao,0
P-01578,Apple Giay Premium,Apple,Giay,2913000,104,San pham chat luong cao,0
P-01579,Logitech Ban Phim XL,Logitech,Ban Phim,3702000,126,San pham chat luong cao,0
P-01580,Logitech Ong Nhom Sport,Logitech,Ong Nhom,3832000,99,San pham chat luong cao,0
P-01581,Razer Balo Classic,Razer,Balo,1908000,207,San pham chat luong cao,0
P-01582,Sony Loa Lite,Sony,Loa,4211000,283,San pham chat luong cao,0
P-01583,Apple Op Lung V2,Apple,Op Lung,2873000,155,San pham chat luong cao,0
P-01584,Razer Chuot Gaming Plus,Razer,Chuot Gaming,3594000,265,San pham chat luong cao,0
P-01585,Apple Giay Mini,Apple,Giay,749000,454,San pham chat luong cao,0
P-01586,Samsung Monitor Ultra,Samsung,Monitor,876000,460,San pham chat luong cao,0
P-01587,Samsung Cap Sac Lite,Samsung,Cap Sac,3043000,464,San pham chat luong cao,0
P-01588,Apple Dong Ho Plus,Apple,Dong Ho,560000,214,San pham chat luong cao,0
P-01589,Samsung Dong Ho Premium,Samsung,Dong Ho,4348000,313,San pham chat luong cao,0
P-01590,HP Kinh Mat Plus,HP,Kinh Mat,4554000,380,San pham chat luong cao,0
P-01591,Razer Loa Pro Max,Razer,Loa,4162000,283,San pham chat luong cao,0
P-01592,Apple Kinh Mat Mini,Apple,Kinh Mat,1901000,379,San pham chat luong cao,0
P-01593,Anker Op Lung Classic,Anker,Op Lung,2923000,288,San pham chat luong cao,0
P-01594,JBL Sac Du Phong Mini,JBL,Sac Du Phong,4367000,207,San pham chat luong cao,0
P-01595,Samsung Ban Phim Ultra,Samsung,Ban Phim,4178000,54,San pham chat luong cao,0
P-01596,JBL Giay XL,JBL,Giay,3967000,182,San pham chat luong cao,0
P-01597,Razer Giay Mini,Razer,Giay,466000,304,San pham chat luong cao,0
P-01598,Logitech Cap Sac Ultra,Logitech,Cap Sac,280000,136,San pham chat luong cao,0
P-01599,Asus Dong Ho Lite,Asus,Dong Ho,3137000,216,San pham chat luong cao,0
P-01600,Logitech USB Hub Plus,Logitech,USB Hub,1631000,281,San pham chat luong cao,0
P-01601,Razer Giay XL,Razer,Giay,1458000,319,San pham chat luong cao,0
P-01602,HP Loa V2,HP,Loa,696000,19,San pham chat luong cao,0
P-01603,HP Cap Sac V2,HP,Cap Sac,2504000,399,San pham chat luong cao,0
P-01604,Samsung Tai Nghe Ultra,Samsung,Tai Nghe,2716000,212,San pham chat luong cao,0
P-01605,Asus Giay XL,Asus,Giay,3229000,390,San pham chat luong cao,0
P-01606,Sony Ao Thun V2,Sony,Ao Thun,4779000,369,San pham chat luong cao,0
P-01607,Sony Sac Du Phong Pro Max,Sony,Sac Du Phong,3166000,384,San pham chat luong cao,0
P-01608,Apple USB Hub XL,Apple,USB Hub,1894000,83,San pham chat luong cao,0
P-01609,HP USB Hub Plus,HP,USB Hub,4025000,244,San pham chat luong cao,0
P-01610,Logitech Monitor Lite,Logitech,Monitor,4180000,58,San pham chat luong cao,0
P-01611,HP Tablet XL,HP,Tablet,141000,121,San pham chat luong cao,0
P-01612,Xiaomi Tablet V2,Xiaomi,Tablet,1619000,169,San pham chat luong cao,0
P-01613,Samsung Cap Sac XL,Samsung,Cap Sac,2784000,434,San pham chat luong cao,0
P-01614,Xiaomi Quat Mini V2,Xiaomi,Quat Mini,3379000,389,San pham chat luong cao,0
P-01615,Razer Monitor Plus,Razer,Monitor,2443000,127,San pham chat luong cao,0
P-01616,Sony Monitor Ultra,Sony,Monitor,3046000,112,San pham chat luong cao,0
P-01617,Samsung Ong Nhom Ultra,Samsung,Ong Nhom,4918000,396,San pham chat luong cao,0
P-01618,HP Tablet V2,HP,Tablet,226000,363,San pham chat luong cao,0
P-01619,Xiaomi Tai Nghe Ultra,Xiaomi,Tai Nghe,692000,256,San pham chat luong cao,0
P-01620,Xiaomi Dong Ho XL,Xiaomi,Dong Ho,1864000,439,San pham chat luong cao,0
P-01621,Xiaomi Op Lung V2,Xiaomi,Op Lung,274000,480,San pham chat luong cao,0
P-01622,Anker Cap Sac Classic,Anker,Cap Sac,4196000,144,San pham chat luong cao,0
P-01623,HP Cap Sac V2,HP,Cap Sac,2816000,92,San pham chat luong cao,0
P-01624,Sony Giay Plus,Sony,Giay,2490000,208,San pham chat luong cao,0
P-01625,Sony Monitor Sport,Sony,Monitor,3022000,163,San pham chat luong cao,0
P-01626,Apple Loa Ultra,Apple,Loa,704000,439,San pham chat luong cao,0
P-01627,Asus Cap Sac Premium,Asus,Cap Sac,1954000,201,San pham chat luong cao,0
P-01628,Sony Chuot Gaming Sport,Sony,Chuot Gaming,261000,206,San pham chat luong cao,0
P-01629,Sony Balo V2,Sony,Balo,4139000,260,San pham chat luong cao,0
P-01630,HP Laptop V2,HP,Laptop,1038000,150,San pham chat luong cao,0
P-01631,Apple Ao Thun V2,Apple,Ao Thun,3493000,495,San pham chat luong cao,0
P-01632,JBL Cap Sac Lite,JBL,Cap Sac,644000,376,San pham chat luong cao,0
P-01633,Apple Tai Nghe Lite,Apple,Tai Nghe,3900000,480,San pham chat luong cao,0
P-01634,Anker Ong Nhom Plus,Anker,Ong Nhom,660000,107,San pham chat luong cao,0
P-01635,Anker Sac Du Phong XL,Anker,Sac Du Phong,4874000,207,San pham chat luong cao,0
P-01636,Xiaomi Balo Sport,Xiaomi,Balo,798000,131,San pham chat luong cao,0
P-01637,Anker Monitor Classic,Anker,Monitor,633000,254,San pham chat luong cao,0
P-01638,Razer Sac Du Phong Premium,Razer,Sac Du Phong,4621000,115,San pham chat luong cao,0
P-01639,Anker Giay Ultra,Anker,Giay,1832000,342,San pham chat luong cao,0
P-01640,HP USB Hub Plus,HP,USB Hub,3662000,461,San pham chat luong cao,0
P-01641,Razer Webcam XL,Razer,Webcam,2724000,101,San pham chat luong cao,0
P-01642,Asus Giay Premium,Asus,Giay,3325000,353,San pham chat luong cao,0
P-01643,Razer Kinh Mat Mini,Razer,Kinh Mat,852000,66,San pham chat luong cao,0
P-01644,Samsung Tablet Premium,Samsung,Tablet,326000,325,San pham chat luong cao,0
P-01645,Logitech Tablet Plus,Logitech,Tablet,4092000,360,San pham chat luong cao,0
P-01646,Sony USB Hub V2,Sony,USB Hub,622000,226,San pham chat luong cao,0
P-01647,Xiaomi Balo Sport,Xiaomi,Balo,1391000,169,San pham chat luong cao,0
P-01648,Samsung Ban Phim XL,Samsung,Ban Phim,3685000,295,San pham chat luong cao,0
P-01649,Razer Ong Nhom Ultra,Razer,Ong Nhom,3693000,187,San pham chat luong cao,0
P-01650,HP Kinh Mat Classic,HP,Kinh Mat,4130000,190,San pham chat luong cao,0
P-01651,Razer USB Hub Classic,Razer,USB Hub,148000,357,San pham chat luong cao,0
P-01652,Razer Sac Du Phong Ultra,Razer,Sac Du Phong,4022000,160,San pham chat luong cao,0
P-01653,Sony Op Lung Ultra,Sony,Op Lung,3599000,139,San pham chat luong cao,0
P-01654,HP Monitor Mini,HP,Monitor,4136000,193,San pham chat luong cao,0
P-01655,Sony Quat Mini Lite,Sony,Quat Mini,1699000,300,San pham chat luong cao,0
P-01656,Xiaomi USB Hub Ultra,Xiaomi,USB Hub,1944000,352,San pham chat luong cao,0
P-01657,Sony Dong Ho V2,Sony,Dong Ho,4276000,122,San pham chat luong cao,0
P-01658,Logitech Ban Phim Premium,Logitech,Ban Phim,3644000,92,San pham chat luong cao,0
P-01659,Anker Kinh Mat XL,Anker,Kinh Mat,914000,430,San pham chat luong cao,0
P-01660,Logitech Sac Du Phong Plus,Logitech,Sac Du Phong,916000,171,San pham chat luong cao,0
P-01661,Sony Tai Nghe Pro Max,Sony,Tai Nghe,1573000,133,San pham chat luong cao,0
P-01662,Razer Ao Thun Ultra,Razer,Ao Thun,3644000,380,San pham chat luong cao,0
P-01663,Samsung Dong Ho V2,Samsung,Dong Ho,4451000,161,San pham chat luong cao,0
P-01664,Razer Quat Mini Sport,Razer,Quat Mini,75000,444,San pham chat luong cao,0
P-01665,Apple Kinh Mat V2,Apple,Kinh Mat,1520000,407,San pham chat luong cao,0
P-01666,HP Ao Thun Mini,HP,Ao Thun,4827000,281,San pham chat luong cao,0
P-01667,Anker Sac Du Phong Premium,Anker,Sac Du Phong,3000000,193,San pham chat luong cao,0
P-01668,Samsung Webcam Plus,Samsung,Webcam,1077000,476,San pham chat luong cao,0
P-01669,Asus Ong Nhom Sport,Asus,Ong Nhom,3098000,102,San pham chat luong cao,0
P-01670,Sony Kinh Mat Lite,Sony,Kinh Mat,4493000,260,San pham chat luong cao,0
P-01671,Anker Loa Ultra,Anker,Loa,1616000,338,San pham chat luong cao,0
P-01672,Asus Tablet Pro Max,Asus,Tablet,2130000,144,San pham chat luong cao,0
P-01673,Samsung Laptop Lite,Samsung,Laptop,1118000,54,San pham chat luong cao,0
P-01674,Anker Chuot Gaming Lite,Anker,Chuot Gaming,2674000,430,San pham chat luong cao,0
P-01675,Xiaomi Webcam Mini,Xiaomi,Webcam,4569000,220,San pham chat luong cao,0
P-01676,JBL Ong Nhom Lite,JBL,Ong Nhom,2626000,468,San pham chat luong cao,0
P-01677,HP Ban Phim V2,HP,Ban Phim,278000,175,San pham chat luong cao,0
P-01678,Logitech May Anh Sport,Logitech,May Anh,3749000,344,San pham chat luong cao,0
P-01679,JBL Webcam V2,JBL,Webcam,769000,397,San pham chat luong cao,0
P-01680,Samsung Quat Mini Ultra,Samsung,Quat Mini,4171000,391,San pham chat luong cao,0
P-01681,JBL Giay Plus,JBL,Giay,1610000,454,San pham chat luong cao,0
P-01682,Xiaomi Ban Phim Ultra,Xiaomi,Ban Phim,2681000,241,San pham chat luong cao,0
P-01683,Samsung Laptop V2,Samsung,Laptop,3939000,245,San pham chat luong cao,0
P-01684,Logitech Quat Mini Ultra,Logitech,Quat Mini,2527000,359,San pham chat luong cao,0
P-01685,Xiaomi Op Lung Premium,Xiaomi,Op Lung,2313000,74,San pham chat luong cao,0
P-01686,Asus Webcam Sport,Asus,Webcam,893000,478,San pham chat luong cao,0
P-01687,Asus May Anh Sport,Asus,May Anh,905000,204,San pham chat luong cao,0
P-01688,Anker Tablet Pro Max,Anker,Tablet,1085000,168,San pham chat luong cao,0
P-01689,Samsung May Anh Classic,Samsung,May Anh,4140000,410,San pham chat luong cao,0
P-01690,JBL Dong Ho Lite,JBL,Dong Ho,255000,497,San pham chat luong cao,0
P-01691,Logitech Loa Lite,Logitech,Loa,2266000,121,San pham chat luong cao,0
P-01692,Razer Ao Thun V2,Razer,Ao Thun,4634000,335,San pham chat luong cao,0
P-01693,JBL Ong Nhom Premium,JBL,Ong Nhom,1498000,33,San pham chat luong cao,0
P-01694,JBL Ban Phim Classic,JBL,Ban Phim,3760000,59,San pham chat luong cao,0
P-01695,Asus Tai Nghe Premium,Asus,Tai Nghe,2692000,347,San pham chat luong cao,0
P-01696,Samsung Balo Classic,Samsung,Balo,4490000,172,San pham chat luong cao,0
P-01697,Asus Tablet Plus,Asus,Tablet,1485000,395,San pham chat luong cao,0
P-01698,Razer Laptop Lite,Razer,Laptop,678000,330,San pham chat luong cao,0
P-01699,Anker Monitor Ultra,Anker,Monitor,4840000,245,San pham chat luong cao,0
P-01700,JBL Laptop Mini,JBL,Laptop,1395000,286,San pham chat luong cao,0
P-01701,Samsung USB Hub Ultra,Samsung,USB Hub,3242000,354,San pham chat luong cao,0
P-01702,Asus Tablet V2,Asus,Tablet,2481000,57,San pham chat luong cao,0
P-01703,HP Cap Sac Lite,HP,Cap Sac,588000,396,San pham chat luong cao,0
P-01704,Apple Laptop Mini,Apple,Laptop,1502000,279,San pham chat luong cao,0
P-01705,Samsung Cap Sac Lite,Samsung,Cap Sac,2988000,166,San pham chat luong cao,0
P-01706,Razer Kinh Mat Premium,Razer,Kinh Mat,3866000,363,San pham chat luong cao,0
P-01707,Apple Ong Nhom V2,Apple,Ong Nhom,2780000,109,San pham chat luong cao,0
P-01708,Sony Ban Phim Sport,Sony,Ban Phim,1685000,423,San pham chat luong cao,0
P-01709,Samsung Giay Ultra,Samsung,Giay,1247000,59,San pham chat luong cao,0
P-01710,Samsung Loa V2,Samsung,Loa,3823000,431,San pham chat luong cao,0
P-01711,Razer Ban Phim Sport,Razer,Ban Phim,4590000,242,San pham chat luong cao,0
P-01712,Asus Ban Phim V2,Asus,Ban Phim,3347000,359,San pham chat luong cao,0
P-01713,JBL Cap Sac V2,JBL,Cap Sac,3714000,472,San pham chat luong cao,0
P-01714,Samsung Monitor Lite,Samsung,Monitor,4911000,46,San pham chat luong cao,0
P-01715,Logitech Monitor Mini,Logitech,Monitor,2113000,339,San pham chat luong cao,0
P-01716,Apple Kinh Mat V2,Apple,Kinh Mat,3944000,159,San pham chat luong cao,0
P-01717,Logitech Dong Ho Pro Max,Logitech,Dong Ho,1988000,407,San pham chat luong cao,0
P-01718,JBL Monitor Lite,JBL,Monitor,65000,241,San pham chat luong cao,0
P-01719,Anker Tablet Ultra,Anker,Tablet,4288000,99,San pham chat luong cao,0
P-01720,Apple Quat Mini Lite,Apple,Quat Mini,1479000,457,San pham chat luong cao,0
P-01721,Samsung Monitor Premium,Samsung,Monitor,4036000,386,San pham chat luong cao,0
P-01722,Samsung Cap Sac Premium,Samsung,Cap Sac,4840000,86,San pham chat luong cao,0
P-01723,Asus Giay XL,Asus,Giay,3146000,41,San pham chat luong cao,0
P-01724,Razer May Anh Mini,Razer,May Anh,3237000,437,San pham chat luong cao,0
P-01725,Razer Dong Ho Sport,Razer,Dong Ho,3628000,436,San pham chat luong cao,0
P-01726,HP Tablet XL,HP,Tablet,1873000,139,San pham chat luong cao,0
P-01727,Apple Tai Nghe XL,Apple,Tai Nghe,2458000,317,San pham chat luong cao,0
P-01728,Anker Ao Thun Classic,Anker,Ao Thun,3890000,109,San pham chat luong cao,0
P-01729,HP Giay Classic,HP,Giay,4134000,359,San pham chat luong cao,0
P-01730,Asus Tai Nghe Sport,Asus,Tai Nghe,3069000,287,San pham chat luong cao,0
P-01731,Razer Ban Phim Lite,Razer,Ban Phim,985000,89,San pham chat luong cao,0
P-01732,Samsung Op Lung Mini,Samsung,Op Lung,899000,46,San pham chat luong cao,0
P-01733,Samsung Quat Mini Premium,Samsung,Quat Mini,1803000,87,San pham chat luong cao,0
P-01734,Razer Tablet V2,Razer,Tablet,4636000,10,San pham chat luong cao,0
P-01735,HP Balo Lite,HP,Balo,1825000,260,San pham chat luong cao,0
P-01736,JBL May Anh XL,JBL,May Anh,2038000,236,San pham chat luong cao,0
P-01737,Anker Chuot Gaming Ultra,Anker,Chuot Gaming,1838000,50,San pham chat luong cao,0
P-01738,Samsung May Anh Sport,Samsung,May Anh,2273000,464,San pham chat luong cao,0
P-01739,Sony Ao Thun Pro Max,Sony,Ao Thun,4660000,281,San pham chat luong cao,0
P-01740,Sony Ban Phim Sport,Sony,Ban Phim,3978000,207,San pham chat luong cao,0
P-01741,Razer Ong Nhom Premium,Razer,Ong Nhom,4756000,273,San pham chat luong cao,0
P-01742,Razer May Anh Sport,Razer,May Anh,4017000,291,San pham chat luong cao,0
P-01743,HP Laptop Sport,HP,Laptop,993000,250,San pham chat luong cao,0
P-01744,Sony Ao Thun Premium,Sony,Ao Thun,2007000,60,San pham chat luong cao,0
P-01745,Logitech Giay Sport,Logitech,Giay,3765000,302,San pham chat luong cao,0
P-01746,Asus May Anh XL,Asus,May Anh,4074000,47,San pham chat luong cao,0
P-01747,Razer Tai Nghe Classic,Razer,Tai Nghe,4556000,488,San pham chat luong cao,0
P-01748,Apple Tai Nghe Sport,Apple,Tai Nghe,2328000,182,San pham chat luong cao,0
P-01749,Anker Sac Du Phong Premium,Anker,Sac Du Phong,3880000,58,San pham chat luong cao,0
P-01750,Sony Balo XL,Sony,Balo,2513000,432,San pham chat luong cao,0
P-01751,Xiaomi Tai Nghe XL,Xiaomi,Tai Nghe,2042000,216,San pham chat luong cao,0
P-01752,Xiaomi Kinh Mat Lite,Xiaomi,Kinh Mat,3456000,367,San pham chat luong cao,0
P-01753,Sony Ban Phim Plus,Sony,Ban Phim,2561000,27,San pham chat luong cao,0
P-01754,JBL Cap Sac Pro Max,JBL,Cap Sac,247000,391,San pham chat luong cao,0
P-01755,Xiaomi Loa Ultra,Xiaomi,Loa,667000,446,San pham chat luong cao,0
P-01756,Samsung Loa Ultra,Samsung,Loa,1124000,491,San pham chat luong cao,0
P-01757,Logitech Laptop Sport,Logitech,Laptop,3627000,143,San pham chat luong cao,0
P-01758,Logitech Op Lung Plus,Logitech,Op Lung,3713000,376,San pham chat luong cao,0
P-01759,JBL Balo Ultra,JBL,Balo,923000,212,San pham chat luong cao,0
P-01760,Anker Ban Phim XL,Anker,Ban Phim,2437000,432,San pham chat luong cao,0
P-01761,HP May Anh Mini,HP,May Anh,4784000,344,San pham chat luong cao,0
P-01762,Logitech Quat Mini Sport,Logitech,Quat Mini,3986000,202,San pham chat luong cao,0
P-01763,Sony Chuot Gaming Classic,Sony,Chuot Gaming,3408000,216,San pham chat luong cao,0
P-01764,Logitech Loa Ultra,Logitech,Loa,4713000,226,San pham chat luong cao,0
P-01765,Samsung Cap Sac Pro Max,Samsung,Cap Sac,1319000,435,San pham chat luong cao,0
P-01766,Xiaomi Dong Ho Mini,Xiaomi,Dong Ho,462000,477,San pham chat luong cao,0
P-01767,HP USB Hub Pro Max,HP,USB Hub,3231000,112,San pham chat luong cao,0
P-01768,Xiaomi May Anh Classic,Xiaomi,May Anh,3637000,397,San pham chat luong cao,0
P-01769,Xiaomi Loa Plus,Xiaomi,Loa,1928000,392,San pham chat luong cao,0
P-01770,Asus Quat Mini XL,Asus,Quat Mini,3265000,214,San pham chat luong cao,0
P-01771,Sony Giay Pro Max,Sony,Giay,4931000,369,San pham chat luong cao,0
P-01772,HP Tai Nghe Pro Max,HP,Tai Nghe,1174000,180,San pham chat luong cao,0
P-01773,Asus Cap Sac Classic,Asus,Cap Sac,2367000,448,San pham chat luong cao,0
P-01774,Sony Quat Mini Lite,Sony,Quat Mini,3231000,462,San pham chat luong cao,0
P-01775,Apple Chuot Gaming Pro Max,Apple,Chuot Gaming,2022000,335,San pham chat luong cao,0
P-01776,Asus May Anh Mini,Asus,May Anh,631000,139,San pham chat luong cao,0
P-01777,Xiaomi Ban Phim Mini,Xiaomi,Ban Phim,3380000,92,San pham chat luong cao,0
P-01778,Sony Ao Thun Premium,Sony,Ao Thun,4680000,196,San pham chat luong cao,0
P-01779,Anker Sac Du Phong Mini,Anker,Sac Du Phong,1694000,352,San pham chat luong cao,0
P-01780,Razer Laptop Premium,Razer,Laptop,334000,335,San pham chat luong cao,0
P-01781,Samsung Chuot Gaming Sport,Samsung,Chuot Gaming,3665000,387,San pham chat luong cao,0
P-01782,Xiaomi Giay XL,Xiaomi,Giay,4571000,65,San pham chat luong cao,0
P-01783,Apple USB Hub Pro Max,Apple,USB Hub,564000,97,San pham chat luong cao,0
P-01784,Sony Dong Ho Plus,Sony,Dong Ho,2953000,15,San pham chat luong cao,0
P-01785,Xiaomi Quat Mini V2,Xiaomi,Quat Mini,3109000,83,San pham chat luong cao,0
P-01786,Apple Ao Thun Sport,Apple,Ao Thun,941000,276,San pham chat luong cao,0
P-01787,Anker May Anh Premium,Anker,May Anh,3031000,147,San pham chat luong cao,0
P-01788,HP Kinh Mat Classic,HP,Kinh Mat,4614000,45,San pham chat luong cao,0
P-01789,Asus Sac Du Phong Classic,Asus,Sac Du Phong,4677000,137,San pham chat luong cao,0
P-01790,Razer Ban Phim Premium,Razer,Ban Phim,3773000,415,San pham chat luong cao,0
P-01791,JBL Op Lung Sport,JBL,Op Lung,3088000,225,San pham chat luong cao,0
P-01792,HP May Anh Mini,HP,May Anh,3870000,408,San pham chat luong cao,0
P-01793,Anker Cap Sac Classic,Anker,Cap Sac,4714000,169,San pham chat luong cao,0
P-01794,Xiaomi Tai Nghe Lite,Xiaomi,Tai Nghe,2930000,301,San pham chat luong cao,0
P-01795,Apple Loa XL,Apple,Loa,2566000,46,San pham chat luong cao,0
P-01796,JBL Laptop Plus,JBL,Laptop,2773000,65,San pham chat luong cao,0
P-01797,Samsung Laptop Classic,Samsung,Laptop,2534000,306,San pham chat luong cao,0
P-01798,Sony Laptop Ultra,Sony,Laptop,4514000,492,San pham chat luong cao,0
P-01799,HP Quat Mini XL,HP,Quat Mini,3260000,69,San pham chat luong cao,0
P-01800,Razer Quat Mini Pro Max,Razer,Quat Mini,1536000,295,San pham chat luong cao,0
P-01801,HP Op Lung Mini,HP,Op Lung,2582000,417,San pham chat luong cao,0
P-01802,Asus Tablet Lite,Asus,Tablet,577000,194,San pham chat luong cao,0
P-01803,Samsung Giay Premium,Samsung,Giay,540000,184,San pham chat luong cao,0
P-01804,Asus Monitor Plus,Asus,Monitor,2040000,251,San pham chat luong cao,0
P-01805,Apple Giay V2,Apple,Giay,1796000,151,San pham chat luong cao,0
P-01806,Samsung Quat Mini Premium,Samsung,Quat Mini,1568000,496,San pham chat luong cao,0
P-01807,JBL Ban Phim Plus,JBL,Ban Phim,1778000,59,San pham chat luong cao,0
P-01808,Razer Balo Sport,Razer,Balo,4006000,394,San pham chat luong cao,0
P-01809,Anker Monitor Plus,Anker,Monitor,4018000,429,San pham chat luong cao,0
P-01810,Samsung Tai Nghe Classic,Samsung,Tai Nghe,4581000,62,San pham chat luong cao,0
P-01811,Samsung Ong Nhom Ultra,Samsung,Ong Nhom,4998000,247,San pham chat luong cao,0
P-01812,Logitech Giay Pro Max,Logitech,Giay,4798000,305,San pham chat luong cao,0
P-01813,Xiaomi Ong Nhom Premium,Xiaomi,Ong Nhom,4946000,200,San pham chat luong cao,0
P-01814,Anker Dong Ho Sport,Anker,Dong Ho,3455000,304,San pham chat luong cao,0
P-01815,HP USB Hub Lite,HP,USB Hub,651000,133,San pham chat luong cao,0
P-01816,Logitech Ong Nhom Ultra,Logitech,Ong Nhom,2438000,215,San pham chat luong cao,0
P-01817,HP Chuot Gaming Lite,HP,Chuot Gaming,3017000,169,San pham chat luong cao,0
P-01818,Sony Dong Ho Classic,Sony,Dong Ho,3072000,59,San pham chat luong cao,0
P-01819,JBL May Anh Sport,JBL,May Anh,2465000,225,San pham chat luong cao,0
P-01820,Xiaomi Dong Ho Sport,Xiaomi,Dong Ho,4449000,25,San pham chat luong cao,0
P-01821,JBL Ban Phim Ultra,JBL,Ban Phim,627000,435,San pham chat luong cao,0
P-01822,Apple Loa Pro Max,Apple,Loa,1774000,455,San pham chat luong cao,0
P-01823,Razer Ong Nhom Pro Max,Razer,Ong Nhom,4482000,408,San pham chat luong cao,0
P-01824,Anker Ban Phim Pro Max,Anker,Ban Phim,2552000,78,San pham chat luong cao,0
P-01825,Xiaomi Dong Ho V2,Xiaomi,Dong Ho,949000,224,San pham chat luong cao,0
P-01826,Apple Monitor XL,Apple,Monitor,4906000,306,San pham chat luong cao,0
P-01827,Logitech Cap Sac Ultra,Logitech,Cap Sac,396000,313,San pham chat luong cao,0
P-01828,Razer Cap Sac Ultra,Razer,Cap Sac,4561000,217,San pham chat luong cao,0
P-01829,HP Webcam Classic,HP,Webcam,4202000,465,San pham chat luong cao,0
P-01830,Xiaomi Kinh Mat Ultra,Xiaomi,Kinh Mat,2483000,282,San pham chat luong cao,0
P-01831,Razer May Anh V2,Razer,May Anh,4687000,272,San pham chat luong cao,0
P-01832,Logitech Ao Thun Plus,Logitech,Ao Thun,4433000,371,San pham chat luong cao,0
P-01833,Sony Sac Du Phong Mini,Sony,Sac Du Phong,4870000,108,San pham chat luong cao,0
P-01834,Anker Dong Ho Classic,Anker,Dong Ho,331000,293,San pham chat luong cao,0
P-01835,Sony Op Lung Classic,Sony,Op Lung,243000,45,San pham chat luong cao,0
P-01836,Logitech Tablet Sport,Logitech,Tablet,623000,164,San pham chat luong cao,0
P-01837,Asus Laptop Premium,Asus,Laptop,2578000,151,San pham chat luong cao,0
P-01838,JBL Tai Nghe Lite,JBL,Tai Nghe,4678000,177,San pham chat luong cao,0
P-01839,Razer May Anh XL,Razer,May Anh,4249000,333,San pham chat luong cao,0
P-01840,Asus Webcam Pro Max,Asus,Webcam,3678000,361,San pham chat luong cao,0
P-01841,Logitech Ong Nhom Mini,Logitech,Ong Nhom,3435000,30,San pham chat luong cao,0
P-01842,Anker Ao Thun Classic,Anker,Ao Thun,489000,491,San pham chat luong cao,0
P-01843,Anker Ban Phim V2,Anker,Ban Phim,1438000,130,San pham chat luong cao,0
P-01844,Apple Monitor Mini,Apple,Monitor,2449000,141,San pham chat luong cao,0
P-01845,Samsung Balo V2,Samsung,Balo,3907000,253,San pham chat luong cao,0
P-01846,JBL Kinh Mat Classic,JBL,Kinh Mat,3635000,372,San pham chat luong cao,0
P-01847,HP Monitor Pro Max,HP,Monitor,2071000,435,San pham chat luong cao,0
P-01848,Apple Op Lung Premium,Apple,Op Lung,3882000,67,San pham chat luong cao,0
P-01849,Asus Sac Du Phong Plus,Asus,Sac Du Phong,2637000,247,San pham chat luong cao,0
P-01850,Xiaomi Ao Thun Plus,Xiaomi,Ao Thun,3522000,489,San pham chat luong cao,0
P-01851,Razer Balo V2,Razer,Balo,2228000,132,San pham chat luong cao,0
P-01852,HP Laptop Mini,HP,Laptop,1605000,273,San pham chat luong cao,0
P-01853,Asus Sac Du Phong Mini,Asus,Sac Du Phong,2380000,155,San pham chat luong cao,0
P-01854,Logitech Dong Ho V2,Logitech,Dong Ho,145000,210,San pham chat luong cao,0
P-01855,JBL Laptop XL,JBL,Laptop,4413000,149,San pham chat luong cao,0
P-01856,Sony Ao Thun XL,Sony,Ao Thun,675000,106,San pham chat luong cao,0
P-01857,Sony Monitor Plus,Sony,Monitor,3608000,23,San pham chat luong cao,0
P-01858,HP Quat Mini Plus,HP,Quat Mini,3237000,299,San pham chat luong cao,0
P-01859,Anker Tablet XL,Anker,Tablet,4646000,283,San pham chat luong cao,0
P-01860,Sony Tai Nghe Lite,Sony,Tai Nghe,2190000,65,San pham chat luong cao,0
P-01861,Samsung Ong Nhom Lite,Samsung,Ong Nhom,2468000,307,San pham chat luong cao,0
P-01862,Sony Loa Lite,Sony,Loa,4528000,403,San pham chat luong cao,0
P-01863,Sony Quat Mini Pro Max,Sony,Quat Mini,4177000,442,San pham chat luong cao,0
P-01864,Razer Webcam Plus,Razer,Webcam,1100000,140,San pham chat luong cao,0
P-01865,Sony Giay V2,Sony,Giay,1538000,226,San pham chat luong cao,0
P-01866,Anker USB Hub XL,Anker,USB Hub,2394000,60,San pham chat luong cao,0
P-01867,Apple Ong Nhom Sport,Apple,Ong Nhom,3824000,160,San pham chat luong cao,0
P-01868,Samsung Giay V2,Samsung,Giay,80000,219,San pham chat luong cao,0
P-01869,Apple Giay Lite,Apple,Giay,1528000,365,San pham chat luong cao,0
P-01870,Xiaomi Sac Du Phong Mini,Xiaomi,Sac Du Phong,2519000,340,San pham chat luong cao,0
P-01871,Sony Cap Sac Classic,Sony,Cap Sac,4094000,419,San pham chat luong cao,0
P-01872,Apple Kinh Mat Ultra,Apple,Kinh Mat,4302000,126,San pham chat luong cao,0
P-01873,Logitech Loa Classic,Logitech,Loa,4520000,473,San pham chat luong cao,0
P-01874,Asus Cap Sac XL,Asus,Cap Sac,3880000,486,San pham chat luong cao,0
P-01875,Xiaomi Tai Nghe XL,Xiaomi,Tai Nghe,1709000,16,San pham chat luong cao,0
P-01876,Xiaomi Tablet Ultra,Xiaomi,Tablet,468000,375,San pham chat luong cao,0
P-01877,Samsung Kinh Mat Mini,Samsung,Kinh Mat,2286000,221,San pham chat luong cao,0
P-01878,Razer Ong Nhom V2,Razer,Ong Nhom,3611000,94,San pham chat luong cao,0
P-01879,Logitech Ao Thun Sport,Logitech,Ao Thun,4174000,377,San pham chat luong cao,0
P-01880,Samsung Monitor Sport,Samsung,Monitor,3076000,258,San pham chat luong cao,0
P-01881,JBL Sac Du Phong Plus,JBL,Sac Du Phong,3860000,178,San pham chat luong cao,0
P-01882,Apple Loa Lite,Apple,Loa,2610000,296,San pham chat luong cao,0
P-01883,Apple Chuot Gaming Sport,Apple,Chuot Gaming,3053000,110,San pham chat luong cao,0
P-01884,HP Quat Mini Mini,HP,Quat Mini,1797000,57,San pham chat luong cao,0
P-01885,Samsung Ong Nhom Classic,Samsung,Ong Nhom,4454000,49,San pham chat luong cao,0
P-01886,Anker Webcam Ultra,Anker,Webcam,940000,91,San pham chat luong cao,0
P-01887,Apple Ao Thun V2,Apple,Ao Thun,4879000,439,San pham chat luong cao,0
P-01888,Logitech Ong Nhom XL,Logitech,Ong Nhom,1128000,121,San pham chat luong cao,0
P-01889,Asus Webcam Lite,Asus,Webcam,3775000,409,San pham chat luong cao,0
P-01890,Razer May Anh Plus,Razer,May Anh,1086000,84,San pham chat luong cao,0
P-01891,HP Dong Ho Premium,HP,Dong Ho,1245000,166,San pham chat luong cao,0
P-01892,Apple Kinh Mat XL,Apple,Kinh Mat,2247000,59,San pham chat luong cao,0
P-01893,Asus Loa Pro Max,Asus,Loa,4939000,176,San pham chat luong cao,0
P-01894,HP Quat Mini Ultra,HP,Quat Mini,1666000,141,San pham chat luong cao,0
P-01895,Anker Ao Thun Pro Max,Anker,Ao Thun,3667000,103,San pham chat luong cao,0
P-01896,JBL Chuot Gaming Premium,JBL,Chuot Gaming,4295000,65,San pham chat luong cao,0
P-01897,Xiaomi Balo Pro Max,Xiaomi,Balo,2665000,376,San pham chat luong cao,0
P-01898,Razer Loa Classic,Razer,Loa,2155000,257,San pham chat luong cao,0
P-01899,Razer Op Lung V2,Razer,Op Lung,3474000,16,San pham chat luong cao,0
P-01900,Anker Monitor XL,Anker,Monitor,1974000,161,San pham chat luong cao,0
P-01901,Xiaomi Op Lung V2,Xiaomi,Op Lung,4241000,159,San pham chat luong cao,0
P-01902,Logitech Ao Thun Premium,Logitech,Ao Thun,4096000,192,San pham chat luong cao,0
P-01903,Samsung Op Lung Lite,Samsung,Op Lung,2882000,186,San pham chat luong cao,0
P-01904,Asus Loa Mini,Asus,Loa,109000,261,San pham chat luong cao,0
P-01905,Xiaomi Monitor Plus,Xiaomi,Monitor,4235000,184,San pham chat luong cao,0
P-01906,Apple Tablet Mini,Apple,Tablet,4304000,290,San pham chat luong cao,0
P-01907,Razer Dong Ho Plus,Razer,Dong Ho,3356000,331,San pham chat luong cao,0
P-01908,Samsung Ao Thun Classic,Samsung,Ao Thun,1799000,376,San pham chat luong cao,0
P-01909,Apple May Anh Pro Max,Apple,May Anh,1257000,390,San pham chat luong cao,0
P-01910,Sony May Anh Ultra,Sony,May Anh,1630000,102,San pham chat luong cao,0
P-01911,Xiaomi Webcam Sport,Xiaomi,Webcam,2918000,195,San pham chat luong cao,0
P-01912,JBL USB Hub Classic,JBL,USB Hub,323000,100,San pham chat luong cao,0
P-01913,Asus May Anh V2,Asus,May Anh,1337000,438,San pham chat luong cao,0
P-01914,Xiaomi Quat Mini Premium,Xiaomi,Quat Mini,636000,157,San pham chat luong cao,0
P-01915,Sony Quat Mini Classic,Sony,Quat Mini,4055000,390,San pham chat luong cao,0
P-01916,Anker Ong Nhom Lite,Anker,Ong Nhom,1664000,393,San pham chat luong cao,0
P-01917,Samsung Kinh Mat Pro Max,Samsung,Kinh Mat,1952000,459,San pham chat luong cao,0
P-01918,Logitech Loa V2,Logitech,Loa,4838000,475,San pham chat luong cao,0
P-01919,Xiaomi Ao Thun Plus,Xiaomi,Ao Thun,4973000,393,San pham chat luong cao,0
P-01920,Logitech Dong Ho Premium,Logitech,Dong Ho,1436000,391,San pham chat luong cao,0
P-01921,Asus Ao Thun XL,Asus,Ao Thun,2164000,347,San pham chat luong cao,0
P-01922,HP Laptop V2,HP,Laptop,2659000,167,San pham chat luong cao,0
P-01923,HP Op Lung Ultra,HP,Op Lung,4049000,46,San pham chat luong cao,0
P-01924,Asus USB Hub Premium,Asus,USB Hub,2726000,237,San pham chat luong cao,0
P-01925,Apple Loa Plus,Apple,Loa,1084000,399,San pham chat luong cao,0
P-01926,Anker Balo Pro Max,Anker,Balo,4377000,108,San pham chat luong cao,0
P-01927,Razer Webcam V2,Razer,Webcam,1460000,236,San pham chat luong cao,0
P-01928,Xiaomi Balo Pro Max,Xiaomi,Balo,2200000,280,San pham chat luong cao,0
P-01929,Razer Loa Plus,Razer,Loa,3176000,496,San pham chat luong cao,0
P-01930,Sony Loa Pro Max,Sony,Loa,1776000,338,San pham chat luong cao,0
P-01931,JBL Loa Pro Max,JBL,Loa,3580000,439,San pham chat luong cao,0
P-01932,Anker Balo Sport,Anker,Balo,1686000,299,San pham chat luong cao,0
P-01933,Logitech Ao Thun Classic,Logitech,Ao Thun,4711000,366,San pham chat luong cao,0
P-01934,Razer Cap Sac Ultra,Razer,Cap Sac,85000,383,San pham chat luong cao,0
P-01935,Logitech USB Hub Premium,Logitech,USB Hub,883000,470,San pham chat luong cao,0
P-01936,JBL Monitor XL,JBL,Monitor,3625000,272,San pham chat luong cao,0
P-01937,Logitech Loa Sport,Logitech,Loa,1555000,238,San pham chat luong cao,0
P-01938,Apple USB Hub Classic,Apple,USB Hub,1648000,256,San pham chat luong cao,0
P-01939,Razer Laptop Premium,Razer,Laptop,375000,181,San pham chat luong cao,0
P-01940,Razer Dong Ho XL,Razer,Dong Ho,2692000,372,San pham chat luong cao,0
P-01941,HP Dong Ho Sport,HP,Dong Ho,4405000,298,San pham chat luong cao,0
P-01942,HP Tablet Premium,HP,Tablet,4212000,200,San pham chat luong cao,0
P-01943,Logitech Tablet Ultra,Logitech,Tablet,294000,359,San pham chat luong cao,0
P-01944,JBL Kinh Mat Lite,JBL,Kinh Mat,1178000,333,San pham chat luong cao,0
P-01945,Razer Dong Ho Classic,Razer,Dong Ho,1284000,265,San pham chat luong cao,0
P-01946,Anker Op Lung Ultra,Anker,Op Lung,1905000,188,San pham chat luong cao,0
P-01947,HP Tablet Plus,HP,Tablet,2058000,245,San pham chat luong cao,0
P-01948,Sony Loa XL,Sony,Loa,2257000,123,San pham chat luong cao,0
P-01949,Anker May Anh Ultra,Anker,May Anh,4563000,421,San pham chat luong cao,0
P-01950,Logitech Sac Du Phong Pro Max,Logitech,Sac Du Phong,2695000,185,San pham chat luong cao,0
P-01951,JBL USB Hub Lite,JBL,USB Hub,1770000,15,San pham chat luong cao,0
P-01952,Razer Tablet V2,Razer,Tablet,4708000,254,San pham chat luong cao,0
P-01953,Xiaomi Quat Mini Plus,Xiaomi,Quat Mini,2678000,93,San pham chat luong cao,0
P-01954,Anker Giay V2,Anker,Giay,4145000,399,San pham chat luong cao,0
P-01955,Samsung Dong Ho Ultra,Samsung,Dong Ho,921000,256,San pham chat luong cao,0
P-01956,JBL Monitor Premium,JBL,Monitor,2919000,484,San pham chat luong cao,0
P-01957,Apple Loa Plus,Apple,Loa,903000,337,San pham chat luong cao,0
P-01958,JBL Webcam Sport,JBL,Webcam,2796000,122,San pham chat luong cao,0
P-01959,Samsung Ao Thun Lite,Samsung,Ao Thun,1152000,226,San pham chat luong cao,0
P-01960,JBL May Anh Premium,JBL,May Anh,4026000,310,San pham chat luong cao,0
P-01961,Razer Giay Plus,Razer,Giay,3961000,496,San pham chat luong cao,0
P-01962,Samsung May Anh Pro Max,Samsung,May Anh,2002000,116,San pham chat luong cao,0
P-01963,Anker USB Hub Classic,Anker,USB Hub,2265000,374,San pham chat luong cao,0
P-01964,HP Quat Mini XL,HP,Quat Mini,2993000,314,San pham chat luong cao,0
P-01965,HP Quat Mini Ultra,HP,Quat Mini,2632000,277,San pham chat luong cao,0
P-01966,JBL Balo Mini,JBL,Balo,4900000,470,San pham chat luong cao,0
P-01967,Razer Tai Nghe Pro Max,Razer,Tai Nghe,2939000,140,San pham chat luong cao,0
P-01968,JBL Laptop Classic,JBL,Laptop,4742000,83,San pham chat luong cao,0
P-01969,JBL Webcam Ultra,JBL,Webcam,4060000,340,San pham chat luong cao,0
P-01970,JBL Ong Nhom Lite,JBL,Ong Nhom,2093000,318,San pham chat luong cao,0
P-01971,Samsung Monitor V2,Samsung,Monitor,3736000,394,San pham chat luong cao,0
P-01972,Sony May Anh Plus,Sony,May Anh,3545000,129,San pham chat luong cao,0
P-01973,Razer Chuot Gaming Plus,Razer,Chuot Gaming,719000,489,San pham chat luong cao,0
P-01974,Razer Quat Mini Sport,Razer,Quat Mini,1723000,490,San pham chat luong cao,0
P-01975,Xiaomi Tablet Pro Max,Xiaomi,Tablet,2506000,438,San pham chat luong cao,0
P-01976,JBL Chuot Gaming Premium,JBL,Chuot Gaming,3260000,29,San pham chat luong cao,0
P-01977,Logitech Quat Mini XL,Logitech,Quat Mini,1645000,450,San pham chat luong cao,0
P-01978,Apple Ban Phim Classic,Apple,Ban Phim,1978000,53,San pham chat luong cao,0
P-01979,Xiaomi May Anh Classic,Xiaomi,May Anh,4476000,107,San pham chat luong cao,0
P-01980,Apple Tablet XL,Apple,Tablet,1355000,411,San pham chat luong cao,0
P-01981,JBL Ao Thun Sport,JBL,Ao Thun,2193000,84,San pham chat luong cao,0
P-01982,JBL Tablet XL,JBL,Tablet,3950000,89,San pham chat luong cao,0
P-01983,Xiaomi Cap Sac Premium,Xiaomi,Cap Sac,2922000,37,San pham chat luong cao,0
P-01984,Apple Kinh Mat V2,Apple,Kinh Mat,4796000,15,San pham chat luong cao,0
P-01985,Apple Ban Phim Mini,Apple,Ban Phim,2431000,82,San pham chat luong cao,0
P-01986,Razer Cap Sac V2,Razer,Cap Sac,871000,246,San pham chat luong cao,0
P-01987,HP Monitor V2,HP,Monitor,4388000,304,San pham chat luong cao,0
P-01988,Sony Ao Thun Sport,Sony,Ao Thun,1262000,36,San pham chat luong cao,0
P-01989,Logitech Kinh Mat Sport,Logitech,Kinh Mat,980000,345,San pham chat luong cao,0
P-01990,Asus Chuot Gaming Plus,Asus,Chuot Gaming,4916000,422,San pham chat luong cao,0
P-01991,Asus Tai Nghe Classic,Asus,Tai Nghe,193000,65,San pham chat luong cao,0
P-01992,Sony Quat Mini Sport,Sony,Quat Mini,1970000,237,San pham chat luong cao,0
P-01993,Asus Ong Nhom Plus,Asus,Ong Nhom,353000,350,San pham chat luong cao,0
P-01994,JBL Cap Sac Mini,JBL,Cap Sac,1035000,417,San pham chat luong cao,0
P-01995,Xiaomi Loa Classic,Xiaomi,Loa,4874000,421,San pham chat luong cao,0
P-01996,Razer Op Lung V2,Razer,Op Lung,3084000,74,San pham chat luong cao,0
P-01997,Anker Webcam Premium,Anker,Webcam,2153000,285,San pham chat luong cao,0
P-01998,Samsung Giay Pro Max,Samsung,Giay,4251000,107,San pham chat luong cao,0
P-01999,Asus Tai Nghe Premium,Asus,Tai Nghe,1172000,212,San pham chat luong cao,0
P-02000,Anker May Anh Pro Max,Anker,May Anh,2123000,383,San pham chat luong cao,0
P-02001,Razer Cap Sac Mini,Razer,Cap Sac,4807000,214,San pham chat luong cao,0
P-02002,Samsung Ong Nhom XL,Samsung,Ong Nhom,4065000,351,San pham chat luong cao,0
P-02003,Anker Balo XL,Anker,Balo,1780000,468,San pham chat luong cao,0
P-02004,Samsung Monitor Mini,Samsung,Monitor,2203000,58,San pham chat luong cao,0
P-02005,Asus Op Lung Classic,Asus,Op Lung,1255000,107,San pham chat luong cao,0
P-02006,Razer Dong Ho Pro Max,Razer,Dong Ho,2551000,495,San pham chat luong cao,0
P-02007,Logitech USB Hub Pro Max,Logitech,USB Hub,1797000,287,San pham chat luong cao,0
P-02008,HP Op Lung V2,HP,Op Lung,4323000,82,San pham chat luong cao,0
P-02009,Apple Laptop Plus,Apple,Laptop,2147000,500,San pham chat luong cao,0
P-02010,JBL Tai Nghe Plus,JBL,Tai Nghe,769000,114,San pham chat luong cao,0
P-02011,Asus Monitor Ultra,Asus,Monitor,4046000,385,San pham chat luong cao,0
P-02012,JBL Balo Mini,JBL,Balo,1455000,277,San pham chat luong cao,0
P-02013,Anker Kinh Mat Premium,Anker,Kinh Mat,4368000,159,San pham chat luong cao,0
P-02014,Razer Ong Nhom Premium,Razer,Ong Nhom,2476000,52,San pham chat luong cao,0
P-02015,Logitech Loa Premium,Logitech,Loa,2039000,113,San pham chat luong cao,0
P-02016,Razer Giay XL,Razer,Giay,852000,28,San pham chat luong cao,0
P-02017,JBL Balo Plus,JBL,Balo,220000,338,San pham chat luong cao,0
P-02018,Razer Sac Du Phong Pro Max,Razer,Sac Du Phong,4172000,141,San pham chat luong cao,0
P-02019,JBL Ong Nhom Ultra,JBL,Ong Nhom,454000,236,San pham chat luong cao,0
P-02020,Anker Loa Ultra,Anker,Loa,2312000,99,San pham chat luong cao,0
P-02021,Samsung May Anh V2,Samsung,May Anh,2890000,416,San pham chat luong cao,0
P-02022,Xiaomi Monitor XL,Xiaomi,Monitor,910000,14,San pham chat luong cao,0
P-02023,Razer Balo Ultra,Razer,Balo,3760000,404,San pham chat luong cao,0
P-02024,Apple Op Lung Sport,Apple,Op Lung,436000,197,San pham chat luong cao,0
P-02025,Anker Loa Plus,Anker,Loa,515000,488,San pham chat luong cao,0
P-02026,Xiaomi Ban Phim Plus,Xiaomi,Ban Phim,2729000,360,San pham chat luong cao,0
P-02027,Samsung Cap Sac Pro Max,Samsung,Cap Sac,1351000,161,San pham chat luong cao,0
P-02028,HP May Anh Pro Max,HP,May Anh,4722000,485,San pham chat luong cao,0
P-02029,Sony Op Lung Classic,Sony,Op Lung,574000,305,San pham chat luong cao,0
P-02030,Apple Webcam V2,Apple,Webcam,3459000,113,San pham chat luong cao,0
P-02031,Logitech Webcam Ultra,Logitech,Webcam,3238000,235,San pham chat luong cao,0
P-02032,Xiaomi Laptop Premium,Xiaomi,Laptop,1587000,55,San pham chat luong cao,0
P-02033,Logitech Kinh Mat Lite,Logitech,Kinh Mat,4745000,309,San pham chat luong cao,0
P-02034,JBL May Anh V2,JBL,May Anh,2265000,492,San pham chat luong cao,0
P-02035,Sony Dong Ho Sport,Sony,Dong Ho,1083000,48,San pham chat luong cao,0
P-02036,Xiaomi Giay Lite,Xiaomi,Giay,168000,96,San pham chat luong cao,0
P-02037,Asus Laptop Mini,Asus,Laptop,3707000,125,San pham chat luong cao,0
P-02038,JBL Giay Classic,JBL,Giay,3908000,260,San pham chat luong cao,0
P-02039,Anker Chuot Gaming Pro Max,Anker,Chuot Gaming,4537000,413,San pham chat luong cao,0
P-02040,Sony Webcam Pro Max,Sony,Webcam,1954000,39,San pham chat luong cao,0
P-02041,Anker Tablet Lite,Anker,Tablet,4953000,337,San pham chat luong cao,0
P-02042,JBL May Anh XL,JBL,May Anh,1034000,242,San pham chat luong cao,0
P-02043,Apple Laptop Premium,Apple,Laptop,3882000,422,San pham chat luong cao,0
P-02044,JBL Loa Pro Max,JBL,Loa,3478000,262,San pham chat luong cao,0
P-02045,Razer May Anh Ultra,Razer,May Anh,2945000,191,San pham chat luong cao,0
P-02046,Apple Loa Premium,Apple,Loa,3621000,102,San pham chat luong cao,0
P-02047,Samsung Quat Mini Plus,Samsung,Quat Mini,3162000,428,San pham chat luong cao,0
P-02048,JBL USB Hub Classic,JBL,USB Hub,1586000,332,San pham chat luong cao,0
P-02049,Razer Sac Du Phong XL,Razer,Sac Du Phong,1726000,389,San pham chat luong cao,0
P-02050,Logitech Webcam Premium,Logitech,Webcam,4259000,331,San pham chat luong cao,0
P-02051,Samsung Cap Sac Classic,Samsung,Cap Sac,1641000,323,San pham chat luong cao,0
P-02052,Apple Giay XL,Apple,Giay,2883000,373,San pham chat luong cao,0
P-02053,Apple Monitor V2,Apple,Monitor,2229000,298,San pham chat luong cao,0
P-02054,Samsung Giay Plus,Samsung,Giay,910000,162,San pham chat luong cao,0
P-02055,Asus Loa Lite,Asus,Loa,3322000,385,San pham chat luong cao,0
P-02056,Razer Quat Mini Sport,Razer,Quat Mini,3635000,82,San pham chat luong cao,0
P-02057,JBL Monitor Plus,JBL,Monitor,3917000,290,San pham chat luong cao,0
P-02058,Sony Monitor Mini,Sony,Monitor,3310000,56,San pham chat luong cao,0
P-02059,Sony Dong Ho Classic,Sony,Dong Ho,380000,341,San pham chat luong cao,0
P-02060,HP Tablet Plus,HP,Tablet,2202000,244,San pham chat luong cao,0
P-02061,Anker Ban Phim Lite,Anker,Ban Phim,4420000,50,San pham chat luong cao,0
P-02062,Sony Tablet Ultra,Sony,Tablet,3030000,247,San pham chat luong cao,0
P-02063,Razer Ong Nhom Classic,Razer,Ong Nhom,4803000,466,San pham chat luong cao,0
P-02064,Samsung Balo Classic,Samsung,Balo,327000,313,San pham chat luong cao,0
P-02065,JBL Op Lung Classic,JBL,Op Lung,2269000,460,San pham chat luong cao,0
P-02066,Sony Op Lung Pro Max,Sony,Op Lung,978000,126,San pham chat luong cao,0
P-02067,Samsung Ong Nhom Lite,Samsung,Ong Nhom,1168000,181,San pham chat luong cao,0
P-02068,JBL Chuot Gaming Mini,JBL,Chuot Gaming,3888000,443,San pham chat luong cao,0
P-02069,Anker Ao Thun Pro Max,Anker,Ao Thun,3567000,95,San pham chat luong cao,0
P-02070,JBL May Anh Pro Max,JBL,May Anh,2797000,82,San pham chat luong cao,0
P-02071,Samsung Op Lung Sport,Samsung,Op Lung,1355000,247,San pham chat luong cao,0
P-02072,Xiaomi Chuot Gaming Premium,Xiaomi,Chuot Gaming,2731000,76,San pham chat luong cao,0
P-02073,Anker Quat Mini Mini,Anker,Quat Mini,50000,251,San pham chat luong cao,0
P-02074,Asus Tai Nghe Sport,Asus,Tai Nghe,2249000,463,San pham chat luong cao,0
P-02075,Samsung Tai Nghe Plus,Samsung,Tai Nghe,3972000,476,San pham chat luong cao,0
P-02076,Apple Op Lung Sport,Apple,Op Lung,1036000,287,San pham chat luong cao,0
P-02077,JBL USB Hub Ultra,JBL,USB Hub,924000,413,San pham chat luong cao,0
P-02078,Xiaomi Op Lung XL,Xiaomi,Op Lung,4456000,206,San pham chat luong cao,0
P-02079,Xiaomi Monitor V2,Xiaomi,Monitor,927000,486,San pham chat luong cao,0
P-02080,Xiaomi Laptop Lite,Xiaomi,Laptop,2379000,133,San pham chat luong cao,0
P-02081,HP Op Lung Premium,HP,Op Lung,504000,106,San pham chat luong cao,0
P-02082,Asus May Anh V2,Asus,May Anh,3232000,345,San pham chat luong cao,0
P-02083,Anker May Anh Classic,Anker,May Anh,3062000,210,San pham chat luong cao,0
P-02084,Samsung Sac Du Phong Classic,Samsung,Sac Du Phong,4711000,338,San pham chat luong cao,0
P-02085,Anker Dong Ho Sport,Anker,Dong Ho,4490000,67,San pham chat luong cao,0
P-02086,Asus Balo Pro Max,Asus,Balo,411000,342,San pham chat luong cao,0
P-02087,Samsung Tai Nghe Lite,Samsung,Tai Nghe,4503000,385,San pham chat luong cao,0
P-02088,Apple Chuot Gaming Lite,Apple,Chuot Gaming,778000,301,San pham chat luong cao,0
P-02089,Apple Webcam Pro Max,Apple,Webcam,4459000,265,San pham chat luong cao,0
P-02090,Xiaomi Ao Thun XL,Xiaomi,Ao Thun,1078000,91,San pham chat luong cao,0
P-02091,HP Giay Lite,HP,Giay,2312000,233,San pham chat luong cao,0
P-02092,Samsung Sac Du Phong Plus,Samsung,Sac Du Phong,1714000,13,San pham chat luong cao,0
P-02093,Razer Quat Mini Lite,Razer,Quat Mini,4831000,289,San pham chat luong cao,0
P-02094,Sony Balo Mini,Sony,Balo,1754000,97,San pham chat luong cao,0
P-02095,JBL Cap Sac Mini,JBL,Cap Sac,4920000,145,San pham chat luong cao,0
P-02096,Anker Laptop V2,Anker,Laptop,2740000,84,San pham chat luong cao,0
P-02097,Logitech Chuot Gaming XL,Logitech,Chuot Gaming,4591000,153,San pham chat luong cao,0
P-02098,HP Monitor Lite,HP,Monitor,4995000,414,San pham chat luong cao,0
P-02099,Samsung Quat Mini Plus,Samsung,Quat Mini,4019000,473,San pham chat luong cao,0
P-02100,Asus Sac Du Phong Plus,Asus,Sac Du Phong,4475000,112,San pham chat luong cao,0
P-02101,JBL Tablet Lite,JBL,Tablet,3043000,342,San pham chat luong cao,0
P-02102,Samsung Webcam Pro Max,Samsung,Webcam,415000,355,San pham chat luong cao,0
P-02103,HP May Anh Ultra,HP,May Anh,2282000,422,San pham chat luong cao,0
P-02104,Sony Chuot Gaming Classic,Sony,Chuot Gaming,2028000,53,San pham chat luong cao,0
P-02105,Samsung Cap Sac XL,Samsung,Cap Sac,1669000,26,San pham chat luong cao,0
P-02106,Sony Webcam Ultra,Sony,Webcam,4508000,149,San pham chat luong cao,0
P-02107,Sony Kinh Mat Pro Max,Sony,Kinh Mat,2426000,113,San pham chat luong cao,0
P-02108,Apple Ong Nhom Pro Max,Apple,Ong Nhom,2130000,380,San pham chat luong cao,0
P-02109,Apple Tablet Lite,Apple,Tablet,288000,108,San pham chat luong cao,0
P-02110,Logitech Dong Ho V2,Logitech,Dong Ho,1081000,379,San pham chat luong cao,0
P-02111,Xiaomi Balo XL,Xiaomi,Balo,3853000,477,San pham chat luong cao,0
P-02112,Asus Kinh Mat Premium,Asus,Kinh Mat,3826000,121,San pham chat luong cao,0
P-02113,Samsung Tai Nghe Pro Max,Samsung,Tai Nghe,829000,43,San pham chat luong cao,0
P-02114,Logitech Ban Phim Sport,Logitech,Ban Phim,843000,137,San pham chat luong cao,0
P-02115,JBL Quat Mini XL,JBL,Quat Mini,1046000,273,San pham chat luong cao,0
P-02116,JBL Tablet Lite,JBL,Tablet,4435000,263,San pham chat luong cao,0
P-02117,Apple Sac Du Phong Mini,Apple,Sac Du Phong,2413000,130,San pham chat luong cao,0
P-02118,Asus Ong Nhom Lite,Asus,Ong Nhom,3319000,201,San pham chat luong cao,0
P-02119,Anker Laptop Sport,Anker,Laptop,3479000,374,San pham chat luong cao,0
P-02120,Samsung Ao Thun Pro Max,Samsung,Ao Thun,3417000,118,San pham chat luong cao,0
P-02121,Xiaomi Laptop Pro Max,Xiaomi,Laptop,2323000,96,San pham chat luong cao,0
P-02122,JBL USB Hub Mini,JBL,USB Hub,3822000,411,San pham chat luong cao,0
P-02123,HP Ong Nhom Mini,HP,Ong Nhom,1872000,438,San pham chat luong cao,0
P-02124,Anker Ao Thun Pro Max,Anker,Ao Thun,4725000,125,San pham chat luong cao,0
P-02125,Razer Giay Premium,Razer,Giay,96000,149,San pham chat luong cao,0
P-02126,Xiaomi USB Hub Sport,Xiaomi,USB Hub,1426000,175,San pham chat luong cao,0
P-02127,Apple USB Hub Classic,Apple,USB Hub,3266000,344,San pham chat luong cao,0
P-02128,Logitech Giay Classic,Logitech,Giay,4181000,150,San pham chat luong cao,0
P-02129,Sony Giay V2,Sony,Giay,4327000,240,San pham chat luong cao,0
P-02130,Sony May Anh V2,Sony,May Anh,1251000,473,San pham chat luong cao,0
P-02131,Logitech Giay Pro Max,Logitech,Giay,2548000,81,San pham chat luong cao,0
P-02132,Xiaomi Monitor V2,Xiaomi,Monitor,3476000,78,San pham chat luong cao,0
P-02133,Apple USB Hub Plus,Apple,USB Hub,4608000,278,San pham chat luong cao,0
P-02134,Anker Quat Mini V2,Anker,Quat Mini,4720000,181,San pham chat luong cao,0
P-02135,Asus Monitor XL,Asus,Monitor,3712000,71,San pham chat luong cao,0
P-02136,Apple Ao Thun Mini,Apple,Ao Thun,834000,181,San pham chat luong cao,0
P-02137,Logitech Ong Nhom Ultra,Logitech,Ong Nhom,400000,42,San pham chat luong cao,0
P-02138,Asus Ao Thun Premium,Asus,Ao Thun,1235000,150,San pham chat luong cao,0
P-02139,JBL USB Hub Pro Max,JBL,USB Hub,1486000,109,San pham chat luong cao,0
P-02140,Logitech Laptop Ultra,Logitech,Laptop,1034000,112,San pham chat luong cao,0
P-02141,Sony Quat Mini Plus,Sony,Quat Mini,4309000,422,San pham chat luong cao,0
P-02142,JBL Balo V2,JBL,Balo,1384000,258,San pham chat luong cao,0
P-02143,Xiaomi Cap Sac Lite,Xiaomi,Cap Sac,4540000,318,San pham chat luong cao,0
P-02144,HP Webcam Premium,HP,Webcam,2996000,24,San pham chat luong cao,0
P-02145,Apple Chuot Gaming Mini,Apple,Chuot Gaming,1717000,41,San pham chat luong cao,0
P-02146,Xiaomi Op Lung Sport,Xiaomi,Op Lung,328000,125,San pham chat luong cao,0
P-02147,Samsung Quat Mini Ultra,Samsung,Quat Mini,1279000,52,San pham chat luong cao,0
P-02148,Razer Balo Sport,Razer,Balo,298000,20,San pham chat luong cao,0
P-02149,Logitech Tablet XL,Logitech,Tablet,4985000,500,San pham chat luong cao,0
P-02150,Samsung May Anh Pro Max,Samsung,May Anh,2198000,344,San pham chat luong cao,0
P-02151,Logitech May Anh XL,Logitech,May Anh,1214000,255,San pham chat luong cao,0
P-02152,Anker Op Lung Lite,Anker,Op Lung,2795000,405,San pham chat luong cao,0
P-02153,Logitech Loa Classic,Logitech,Loa,4628000,389,San pham chat luong cao,0
P-02154,HP Chuot Gaming Premium,HP,Chuot Gaming,1458000,23,San pham chat luong cao,0
P-02155,Sony Sac Du Phong Ultra,Sony,Sac Du Phong,1313000,446,San pham chat luong cao,0
P-02156,HP Op Lung Sport,HP,Op Lung,3132000,77,San pham chat luong cao,0
P-02157,Apple Giay Premium,Apple,Giay,3474000,456,San pham chat luong cao,0
P-02158,Logitech Sac Du Phong XL,Logitech,Sac Du Phong,2279000,311,San pham chat luong cao,0
P-02159,JBL Quat Mini Sport,JBL,Quat Mini,1469000,139,San pham chat luong cao,0
P-02160,Apple Kinh Mat Plus,Apple,Kinh Mat,1575000,439,San pham chat luong cao,0
P-02161,Xiaomi Balo Classic,Xiaomi,Balo,2547000,344,San pham chat luong cao,0
P-02162,Razer Op Lung Sport,Razer,Op Lung,3106000,379,San pham chat luong cao,0
P-02163,HP Dong Ho Plus,HP,Dong Ho,2513000,44,San pham chat luong cao,0
P-02164,Anker Tablet Premium,Anker,Tablet,1291000,289,San pham chat luong cao,0
P-02165,Razer Dong Ho Premium,Razer,Dong Ho,647000,210,San pham chat luong cao,0
P-02166,Sony Tablet Ultra,Sony,Tablet,4696000,170,San pham chat luong cao,0
P-02167,Logitech Ong Nhom Mini,Logitech,Ong Nhom,1614000,213,San pham chat luong cao,0
P-02168,Sony Balo Premium,Sony,Balo,871000,482,San pham chat luong cao,0
P-02169,Asus Loa Plus,Asus,Loa,1111000,461,San pham chat luong cao,0
P-02170,Sony Ong Nhom Mini,Sony,Ong Nhom,4475000,109,San pham chat luong cao,0
P-02171,Xiaomi Ban Phim XL,Xiaomi,Ban Phim,1288000,74,San pham chat luong cao,0
P-02172,Sony Quat Mini Pro Max,Sony,Quat Mini,2571000,112,San pham chat luong cao,0
P-02173,Asus Ong Nhom Pro Max,Asus,Ong Nhom,3651000,83,San pham chat luong cao,0
P-02174,Xiaomi May Anh Classic,Xiaomi,May Anh,1183000,395,San pham chat luong cao,0
P-02175,Asus Ong Nhom Premium,Asus,Ong Nhom,2723000,457,San pham chat luong cao,0
P-02176,Sony May Anh Premium,Sony,May Anh,2771000,308,San pham chat luong cao,0
P-02177,Asus Laptop Premium,Asus,Laptop,1211000,95,San pham chat luong cao,0
P-02178,Razer Dong Ho XL,Razer,Dong Ho,2487000,278,San pham chat luong cao,0
P-02179,Apple Cap Sac Lite,Apple,Cap Sac,3172000,12,San pham chat luong cao,0
P-02180,Anker Op Lung Premium,Anker,Op Lung,4528000,92,San pham chat luong cao,0
P-02181,Sony Kinh Mat Mini,Sony,Kinh Mat,1116000,463,San pham chat luong cao,0
P-02182,Apple Kinh Mat Sport,Apple,Kinh Mat,3841000,468,San pham chat luong cao,0
P-02183,Xiaomi Ao Thun Plus,Xiaomi,Ao Thun,533000,407,San pham chat luong cao,0
P-02184,Razer Balo Mini,Razer,Balo,1475000,440,San pham chat luong cao,0
P-02185,Samsung Dong Ho Ultra,Samsung,Dong Ho,2777000,441,San pham chat luong cao,0
P-02186,Xiaomi Chuot Gaming Plus,Xiaomi,Chuot Gaming,1570000,224,San pham chat luong cao,0
P-02187,Logitech Balo Sport,Logitech,Balo,4236000,156,San pham chat luong cao,0
P-02188,Sony Laptop Mini,Sony,Laptop,4630000,110,San pham chat luong cao,0
P-02189,Anker Tai Nghe Plus,Anker,Tai Nghe,3193000,192,San pham chat luong cao,0
P-02190,Anker Tai Nghe Sport,Anker,Tai Nghe,1212000,347,San pham chat luong cao,0
P-02191,Asus Op Lung Sport,Asus,Op Lung,4211000,465,San pham chat luong cao,0
P-02192,Logitech Laptop Lite,Logitech,Laptop,4045000,25,San pham chat luong cao,0
P-02193,JBL Chuot Gaming V2,JBL,Chuot Gaming,1375000,214,San pham chat luong cao,0
P-02194,JBL Quat Mini XL,JBL,Quat Mini,919000,238,San pham chat luong cao,0
P-02195,Samsung Ao Thun Plus,Samsung,Ao Thun,1417000,473,San pham chat luong cao,0
P-02196,Asus Tablet Lite,Asus,Tablet,935000,22,San pham chat luong cao,0
P-02197,Apple Balo Plus,Apple,Balo,2318000,469,San pham chat luong cao,0
P-02198,Razer Giay Mini,Razer,Giay,4512000,437,San pham chat luong cao,0
P-02199,Xiaomi Dong Ho Pro Max,Xiaomi,Dong Ho,2593000,104,San pham chat luong cao,0
P-02200,Xiaomi Tablet Pro Max,Xiaomi,Tablet,1227000,290,San pham chat luong cao,0
P-02201,Anker Kinh Mat Classic,Anker,Kinh Mat,3186000,486,San pham chat luong cao,0
P-02202,JBL May Anh Premium,JBL,May Anh,2720000,317,San pham chat luong cao,0
P-02203,JBL Giay Premium,JBL,Giay,2933000,201,San pham chat luong cao,0
P-02204,HP Webcam Classic,HP,Webcam,1028000,222,San pham chat luong cao,0
P-02205,Xiaomi Tablet Classic,Xiaomi,Tablet,4801000,425,San pham chat luong cao,0
P-02206,Sony Ong Nhom XL,Sony,Ong Nhom,204000,251,San pham chat luong cao,0
P-02207,JBL Tablet Mini,JBL,Tablet,2653000,407,San pham chat luong cao,0
P-02208,Sony Ao Thun Mini,Sony,Ao Thun,3009000,208,San pham chat luong cao,0
P-02209,Sony Ong Nhom Classic,Sony,Ong Nhom,1966000,409,San pham chat luong cao,0
P-02210,Apple Sac Du Phong Plus,Apple,Sac Du Phong,469000,77,San pham chat luong cao,0
P-02211,Xiaomi Monitor Mini,Xiaomi,Monitor,1417000,499,San pham chat luong cao,0
P-02212,Apple Sac Du Phong Lite,Apple,Sac Du Phong,2681000,157,San pham chat luong cao,0
P-02213,Xiaomi USB Hub V2,Xiaomi,USB Hub,1041000,287,San pham chat luong cao,0
P-02214,Apple Chuot Gaming Sport,Apple,Chuot Gaming,1351000,338,San pham chat luong cao,0
P-02215,Xiaomi May Anh Plus,Xiaomi,May Anh,4791000,478,San pham chat luong cao,0
P-02216,JBL Cap Sac Mini,JBL,Cap Sac,610000,31,San pham chat luong cao,0
P-02217,Sony Balo Pro Max,Sony,Balo,2703000,129,San pham chat luong cao,0
P-02218,Razer Op Lung Sport,Razer,Op Lung,1762000,117,San pham chat luong cao,0
P-02219,Samsung Quat Mini Premium,Samsung,Quat Mini,3651000,83,San pham chat luong cao,0
P-02220,Samsung Quat Mini Premium,Samsung,Quat Mini,2496000,358,San pham chat luong cao,0
P-02221,Xiaomi Op Lung Premium,Xiaomi,Op Lung,4078000,168,San pham chat luong cao,0
P-02222,Anker Dong Ho Sport,Anker,Dong Ho,2990000,132,San pham chat luong cao,0
P-02223,Anker Sac Du Phong Ultra,Anker,Sac Du Phong,3680000,71,San pham chat luong cao,0
P-02224,Logitech Ong Nhom Plus,Logitech,Ong Nhom,3913000,173,San pham chat luong cao,0
P-02225,Sony Cap Sac Ultra,Sony,Cap Sac,472000,421,San pham chat luong cao,0
P-02226,Asus Ban Phim Classic,Asus,Ban Phim,1154000,302,San pham chat luong cao,0
P-02227,JBL Loa XL,JBL,Loa,3376000,150,San pham chat luong cao,0
P-02228,HP Giay Premium,HP,Giay,4508000,441,San pham chat luong cao,0
P-02229,JBL Kinh Mat Ultra,JBL,Kinh Mat,4243000,283,San pham chat luong cao,0
P-02230,HP Dong Ho Lite,HP,Dong Ho,260000,318,San pham chat luong cao,0
P-02231,Anker Kinh Mat Ultra,Anker,Kinh Mat,310000,487,San pham chat luong cao,0
P-02232,Sony Balo Pro Max,Sony,Balo,1215000,76,San pham chat luong cao,0
P-02233,Xiaomi Ong Nhom Pro Max,Xiaomi,Ong Nhom,4896000,107,San pham chat luong cao,0
P-02234,Razer Monitor Sport,Razer,Monitor,362000,68,San pham chat luong cao,0
P-02235,Razer Monitor V2,Razer,Monitor,3996000,400,San pham chat luong cao,0
P-02236,Asus Op Lung Sport,Asus,Op Lung,2556000,61,San pham chat luong cao,0
P-02237,Apple Ban Phim Lite,Apple,Ban Phim,1477000,334,San pham chat luong cao,0
P-02238,Razer Quat Mini Pro Max,Razer,Quat Mini,985000,268,San pham chat luong cao,0
P-02239,Samsung Sac Du Phong Sport,Samsung,Sac Du Phong,2402000,153,San pham chat luong cao,0
P-02240,Anker Ao Thun Lite,Anker,Ao Thun,2473000,497,San pham chat luong cao,0
P-02241,JBL Balo Ultra,JBL,Balo,4241000,157,San pham chat luong cao,0
P-02242,Asus Tablet Classic,Asus,Tablet,3589000,27,San pham chat luong cao,0
P-02243,Sony Quat Mini Pro Max,Sony,Quat Mini,1205000,111,San pham chat luong cao,0
P-02244,JBL Ao Thun Ultra,JBL,Ao Thun,2271000,211,San pham chat luong cao,0
P-02245,Samsung May Anh Sport,Samsung,May Anh,2977000,348,San pham chat luong cao,0
P-02246,Samsung Dong Ho Classic,Samsung,Dong Ho,1660000,174,San pham chat luong cao,0
P-02247,Asus Quat Mini V2,Asus,Quat Mini,646000,80,San pham chat luong cao,0
P-02248,Xiaomi Dong Ho Sport,Xiaomi,Dong Ho,854000,274,San pham chat luong cao,0
P-02249,JBL Loa Plus,JBL,Loa,292000,410,San pham chat luong cao,0
P-02250,Samsung Tai Nghe Ultra,Samsung,Tai Nghe,3876000,125,San pham chat luong cao,0
P-02251,Apple Tablet Lite,Apple,Tablet,4493000,160,San pham chat luong cao,0
P-02252,Sony Giay Sport,Sony,Giay,2424000,116,San pham chat luong cao,0
P-02253,Asus Kinh Mat Classic,Asus,Kinh Mat,3767000,106,San pham chat luong cao,0
P-02254,HP USB Hub Plus,HP,USB Hub,3882000,105,San pham chat luong cao,0
P-02255,JBL May Anh Premium,JBL,May Anh,1586000,159,San pham chat luong cao,0
P-02256,Razer Quat Mini Pro Max,Razer,Quat Mini,555000,145,San pham chat luong cao,0
P-02257,HP Op Lung Ultra,HP,Op Lung,3535000,241,San pham chat luong cao,0
P-02258,Apple Loa Ultra,Apple,Loa,563000,419,San pham chat luong cao,0
P-02259,Asus Ong Nhom XL,Asus,Ong Nhom,2014000,405,San pham chat luong cao,0
P-02260,Razer Giay XL,Razer,Giay,2118000,66,San pham chat luong cao,0
P-02261,Logitech Tablet V2,Logitech,Tablet,4327000,257,San pham chat luong cao,0
P-02262,Asus Ao Thun Plus,Asus,Ao Thun,4358000,25,San pham chat luong cao,0
P-02263,Asus Ong Nhom Premium,Asus,Ong Nhom,3373000,444,San pham chat luong cao,0
P-02264,JBL May Anh XL,JBL,May Anh,1965000,154,San pham chat luong cao,0
P-02265,Razer Balo Premium,Razer,Balo,3173000,275,San pham chat luong cao,0
P-02266,Apple Chuot Gaming V2,Apple,Chuot Gaming,2712000,282,San pham chat luong cao,0
P-02267,Sony Ong Nhom XL,Sony,Ong Nhom,4874000,452,San pham chat luong cao,0
P-02268,HP May Anh Mini,HP,May Anh,3853000,315,San pham chat luong cao,0
P-02269,Apple Tablet Sport,Apple,Tablet,4416000,401,San pham chat luong cao,0
P-02270,Anker Tablet Lite,Anker,Tablet,2224000,424,San pham chat luong cao,0
P-02271,Asus Ao Thun Premium,Asus,Ao Thun,1625000,94,San pham chat luong cao,0
P-02272,Asus Giay Mini,Asus,Giay,861000,24,San pham chat luong cao,0
P-02273,HP Chuot Gaming Classic,HP,Chuot Gaming,1645000,11,San pham chat luong cao,0
P-02274,Apple Balo XL,Apple,Balo,855000,376,San pham chat luong cao,0
P-02275,Asus Webcam V2,Asus,Webcam,467000,73,San pham chat luong cao,0
P-02276,Asus Ao Thun Pro Max,Asus,Ao Thun,403000,445,San pham chat luong cao,0
P-02277,JBL Op Lung Plus,JBL,Op Lung,4474000,37,San pham chat luong cao,0
P-02278,Razer Dong Ho Premium,Razer,Dong Ho,3877000,389,San pham chat luong cao,0
P-02279,Apple Tablet Pro Max,Apple,Tablet,4808000,447,San pham chat luong cao,0
P-02280,Sony Webcam Classic,Sony,Webcam,536000,278,San pham chat luong cao,0
P-02281,Xiaomi Dong Ho Ultra,Xiaomi,Dong Ho,515000,139,San pham chat luong cao,0
P-02282,Asus Cap Sac V2,Asus,Cap Sac,3123000,372,San pham chat luong cao,0
P-02283,Sony Sac Du Phong Classic,Sony,Sac Du Phong,4435000,210,San pham chat luong cao,0
P-02284,Apple Balo Lite,Apple,Balo,3615000,143,San pham chat luong cao,0
P-02285,Logitech USB Hub Ultra,Logitech,USB Hub,693000,66,San pham chat luong cao,0
P-02286,Sony Quat Mini Pro Max,Sony,Quat Mini,2117000,350,San pham chat luong cao,0
P-02287,Logitech Sac Du Phong Pro Max,Logitech,Sac Du Phong,2621000,430,San pham chat luong cao,0
P-02288,JBL Kinh Mat V2,JBL,Kinh Mat,4343000,304,San pham chat luong cao,0
P-02289,Razer Cap Sac XL,Razer,Cap Sac,1413000,232,San pham chat luong cao,0
P-02290,Asus Kinh Mat Lite,Asus,Kinh Mat,4116000,423,San pham chat luong cao,0
P-02291,Anker Ban Phim Pro Max,Anker,Ban Phim,4228000,343,San pham chat luong cao,0
P-02292,Sony Cap Sac Lite,Sony,Cap Sac,1199000,393,San pham chat luong cao,0
P-02293,Apple Loa Sport,Apple,Loa,809000,284,San pham chat luong cao,0
P-02294,Asus Laptop Plus,Asus,Laptop,4598000,86,San pham chat luong cao,0
P-02295,Asus Ao Thun Sport,Asus,Ao Thun,490000,396,San pham chat luong cao,0
P-02296,Samsung Ong Nhom XL,Samsung,Ong Nhom,547000,323,San pham chat luong cao,0
P-02297,Samsung Ao Thun V2,Samsung,Ao Thun,1238000,173,San pham chat luong cao,0
P-02298,Apple Balo V2,Apple,Balo,1851000,474,San pham chat luong cao,0
P-02299,Apple May Anh Ultra,Apple,May Anh,1808000,67,San pham chat luong cao,0
P-02300,Xiaomi Ong Nhom XL,Xiaomi,Ong Nhom,1265000,141,San pham chat luong cao,0
P-02301,Apple May Anh Sport,Apple,May Anh,3325000,207,San pham chat luong cao,0
P-02302,Logitech USB Hub Sport,Logitech,USB Hub,3647000,112,San pham chat luong cao,0
P-02303,Asus Quat Mini Classic,Asus,Quat Mini,4666000,403,San pham chat luong cao,0
P-02304,HP USB Hub Lite,HP,USB Hub,3104000,282,San pham chat luong cao,0
P-02305,Anker Sac Du Phong Premium,Anker,Sac Du Phong,172000,347,San pham chat luong cao,0
P-02306,Razer Giay XL,Razer,Giay,2187000,430,San pham chat luong cao,0
P-02307,Logitech Chuot Gaming XL,Logitech,Chuot Gaming,1133000,56,San pham chat luong cao,0
P-02308,Samsung Ban Phim V2,Samsung,Ban Phim,938000,89,San pham chat luong cao,0
P-02309,Razer Kinh Mat V2,Razer,Kinh Mat,3790000,395,San pham chat luong cao,0
P-02310,HP Tablet V2,HP,Tablet,991000,238,San pham chat luong cao,0
P-02311,HP Kinh Mat Sport,HP,Kinh Mat,2621000,98,San pham chat luong cao,0
P-02312,Logitech USB Hub Classic,Logitech,USB Hub,4096000,472,San pham chat luong cao,0
P-02313,Anker May Anh Premium,Anker,May Anh,4165000,21,San pham chat luong cao,0
P-02314,Anker Giay Sport,Anker,Giay,668000,401,San pham chat luong cao,0
P-02315,Xiaomi Ong Nhom Sport,Xiaomi,Ong Nhom,1550000,465,San pham chat luong cao,0
P-02316,Razer Quat Mini Lite,Razer,Quat Mini,2948000,383,San pham chat luong cao,0
P-02317,JBL Giay Mini,JBL,Giay,3344000,264,San pham chat luong cao,0
P-02318,Xiaomi Ban Phim Classic,Xiaomi,Ban Phim,2615000,113,San pham chat luong cao,0
P-02319,Asus Tablet Lite,Asus,Tablet,3793000,262,San pham chat luong cao,0
P-02320,JBL Ao Thun Premium,JBL,Ao Thun,2606000,187,San pham chat luong cao,0
P-02321,Asus Ao Thun Ultra,Asus,Ao Thun,1963000,406,San pham chat luong cao,0
P-02322,Razer Ong Nhom Sport,Razer,Ong Nhom,3512000,134,San pham chat luong cao,0
P-02323,Razer Webcam Plus,Razer,Webcam,905000,486,San pham chat luong cao,0
P-02324,Sony Sac Du Phong Pro Max,Sony,Sac Du Phong,3330000,473,San pham chat luong cao,0
P-02325,Sony Giay Pro Max,Sony,Giay,431000,260,San pham chat luong cao,0
P-02326,Samsung Quat Mini Plus,Samsung,Quat Mini,4370000,475,San pham chat luong cao,0
P-02327,HP Webcam Plus,HP,Webcam,2289000,325,San pham chat luong cao,0
P-02328,HP Ban Phim Premium,HP,Ban Phim,2444000,180,San pham chat luong cao,0
P-02329,Samsung Sac Du Phong Sport,Samsung,Sac Du Phong,517000,400,San pham chat luong cao,0
P-02330,Anker Ao Thun Mini,Anker,Ao Thun,2084000,496,San pham chat luong cao,0
P-02331,Sony Dong Ho Pro Max,Sony,Dong Ho,4906000,265,San pham chat luong cao,0
P-02332,Sony Giay Mini,Sony,Giay,3029000,30,San pham chat luong cao,0
P-02333,Logitech Balo Ultra,Logitech,Balo,119000,350,San pham chat luong cao,0
P-02334,Apple Quat Mini Ultra,Apple,Quat Mini,1042000,469,San pham chat luong cao,0
P-02335,Asus Ban Phim Premium,Asus,Ban Phim,4720000,45,San pham chat luong cao,0
P-02336,Asus Dong Ho Lite,Asus,Dong Ho,818000,216,San pham chat luong cao,0
P-02337,Sony Kinh Mat Lite,Sony,Kinh Mat,1877000,407,San pham chat luong cao,0
P-02338,Samsung Quat Mini Classic,Samsung,Quat Mini,188000,324,San pham chat luong cao,0
P-02339,JBL Laptop Sport,JBL,Laptop,2658000,39,San pham chat luong cao,0
P-02340,Anker Ban Phim XL,Anker,Ban Phim,3350000,350,San pham chat luong cao,0
P-02341,HP Ao Thun Premium,HP,Ao Thun,258000,435,San pham chat luong cao,0
P-02342,Sony Webcam Ultra,Sony,Webcam,2783000,316,San pham chat luong cao,0
P-02343,Samsung Loa Classic,Samsung,Loa,3989000,75,San pham chat luong cao,0
P-02344,JBL May Anh Classic,JBL,May Anh,4943000,154,San pham chat luong cao,0
P-02345,Sony Sac Du Phong Sport,Sony,Sac Du Phong,4893000,127,San pham chat luong cao,0
P-02346,JBL Op Lung Premium,JBL,Op Lung,1990000,238,San pham chat luong cao,0
P-02347,Sony Ban Phim Plus,Sony,Ban Phim,960000,152,San pham chat luong cao,0
P-02348,Apple Giay Pro Max,Apple,Giay,1101000,287,San pham chat luong cao,0
P-02349,HP Cap Sac Pro Max,HP,Cap Sac,2480000,372,San pham chat luong cao,0
P-02350,Anker Tablet Sport,Anker,Tablet,3523000,138,San pham chat luong cao,0
P-02351,HP Op Lung Premium,HP,Op Lung,598000,391,San pham chat luong cao,0
P-02352,Logitech Sac Du Phong Classic,Logitech,Sac Du Phong,1953000,66,San pham chat luong cao,0
P-02353,JBL May Anh Plus,JBL,May Anh,3849000,76,San pham chat luong cao,0
P-02354,HP Laptop Sport,HP,Laptop,3208000,126,San pham chat luong cao,0
P-02355,JBL Laptop Classic,JBL,Laptop,3720000,19,San pham chat luong cao,0
P-02356,JBL Laptop Premium,JBL,Laptop,649000,78,San pham chat luong cao,0
P-02357,Anker Monitor Ultra,Anker,Monitor,1762000,71,San pham chat luong cao,0
P-02358,Razer Monitor Sport,Razer,Monitor,3432000,31,San pham chat luong cao,0
P-02359,Anker Quat Mini Plus,Anker,Quat Mini,4195000,487,San pham chat luong cao,0
P-02360,Logitech Quat Mini Sport,Logitech,Quat Mini,4514000,118,San pham chat luong cao,0
P-02361,Anker May Anh Classic,Anker,May Anh,4084000,83,San pham chat luong cao,0
P-02362,JBL Monitor Classic,JBL,Monitor,4377000,177,San pham chat luong cao,0
P-02363,Asus Quat Mini Sport,Asus,Quat Mini,4207000,482,San pham chat luong cao,0
P-02364,HP Cap Sac XL,HP,Cap Sac,2894000,92,San pham chat luong cao,0
P-02365,Sony Quat Mini Classic,Sony,Quat Mini,435000,452,San pham chat luong cao,0
P-02366,JBL USB Hub Sport,JBL,USB Hub,3759000,315,San pham chat luong cao,0
P-02367,Anker Cap Sac Classic,Anker,Cap Sac,1180000,331,San pham chat luong cao,0
P-02368,Sony Monitor Sport,Sony,Monitor,1539000,13,San pham chat luong cao,0
P-02369,Logitech May Anh V2,Logitech,May Anh,1465000,31,San pham chat luong cao,0
P-02370,JBL Giay Plus,JBL,Giay,1000000,190,San pham chat luong cao,0
P-02371,Apple Monitor Plus,Apple,Monitor,904000,343,San pham chat luong cao,0
P-02372,JBL Giay V2,JBL,Giay,1792000,291,San pham chat luong cao,0
P-02373,Apple Loa Plus,Apple,Loa,3575000,364,San pham chat luong cao,0
P-02374,JBL Quat Mini V2,JBL,Quat Mini,1495000,407,San pham chat luong cao,0
P-02375,JBL Balo Plus,JBL,Balo,4589000,421,San pham chat luong cao,0
P-02376,Asus Cap Sac Sport,Asus,Cap Sac,1547000,482,San pham chat luong cao,0
P-02377,Sony USB Hub V2,Sony,USB Hub,3529000,103,San pham chat luong cao,0
P-02378,Samsung Dong Ho Classic,Samsung,Dong Ho,2447000,175,San pham chat luong cao,0
P-02379,Apple Ban Phim Plus,Apple,Ban Phim,2208000,116,San pham chat luong cao,0
P-02380,Logitech Dong Ho Lite,Logitech,Dong Ho,200000,346,San pham chat luong cao,0
P-02381,Logitech Chuot Gaming Plus,Logitech,Chuot Gaming,1123000,85,San pham chat luong cao,0
P-02382,HP Quat Mini Premium,HP,Quat Mini,518000,152,San pham chat luong cao,0
P-02383,Asus Ban Phim V2,Asus,Ban Phim,1200000,188,San pham chat luong cao,0
P-02384,Apple Loa Pro Max,Apple,Loa,3325000,228,San pham chat luong cao,0
P-02385,Sony Loa Premium,Sony,Loa,2188000,382,San pham chat luong cao,0
P-02386,Xiaomi Ban Phim Plus,Xiaomi,Ban Phim,139000,324,San pham chat luong cao,0
P-02387,JBL Tai Nghe Mini,JBL,Tai Nghe,3482000,270,San pham chat luong cao,0
P-02388,Anker Sac Du Phong Ultra,Anker,Sac Du Phong,4464000,414,San pham chat luong cao,0
P-02389,HP Monitor Sport,HP,Monitor,3529000,119,San pham chat luong cao,0
P-02390,Asus Webcam Ultra,Asus,Webcam,785000,332,San pham chat luong cao,0
P-02391,Samsung Webcam Lite,Samsung,Webcam,1318000,500,San pham chat luong cao,0
P-02392,Logitech Laptop Classic,Logitech,Laptop,1912000,281,San pham chat luong cao,0
P-02393,HP Balo Lite,HP,Balo,4985000,42,San pham chat luong cao,0
P-02394,Sony Kinh Mat Mini,Sony,Kinh Mat,4125000,471,San pham chat luong cao,0
P-02395,Xiaomi Tablet V2,Xiaomi,Tablet,680000,312,San pham chat luong cao,0
P-02396,Logitech Tablet Sport,Logitech,Tablet,1496000,303,San pham chat luong cao,0
P-02397,Asus Balo XL,Asus,Balo,3525000,213,San pham chat luong cao,0
P-02398,Razer Sac Du Phong XL,Razer,Sac Du Phong,1113000,411,San pham chat luong cao,0
P-02399,Razer Cap Sac Premium,Razer,Cap Sac,139000,206,San pham chat luong cao,0
P-02400,Samsung Kinh Mat V2,Samsung,Kinh Mat,4811000,207,San pham chat luong cao,0
P-02401,Xiaomi Laptop XL,Xiaomi,Laptop,157000,74,San pham chat luong cao,0
P-02402,JBL Loa Pro Max,JBL,Loa,3744000,231,San pham chat luong cao,0
P-02403,Razer Webcam Sport,Razer,Webcam,2457000,211,San pham chat luong cao,0
P-02404,Sony Sac Du Phong Premium,Sony,Sac Du Phong,1648000,96,San pham chat luong cao,0
P-02405,HP USB Hub XL,HP,USB Hub,472000,366,San pham chat luong cao,0
P-02406,Razer Webcam XL,Razer,Webcam,4135000,443,San pham chat luong cao,0
P-02407,Logitech Sac Du Phong Ultra,Logitech,Sac Du Phong,2610000,280,San pham chat luong cao,0
P-02408,HP Op Lung V2,HP,Op Lung,4040000,300,San pham chat luong cao,0
P-02409,Samsung Ban Phim Classic,Samsung,Ban Phim,1351000,277,San pham chat luong cao,0
P-02410,HP Kinh Mat Classic,HP,Kinh Mat,3408000,340,San pham chat luong cao,0
P-02411,Razer Laptop Lite,Razer,Laptop,4973000,159,San pham chat luong cao,0
P-02412,Anker Ao Thun Pro Max,Anker,Ao Thun,3572000,462,San pham chat luong cao,0
P-02413,Logitech Ban Phim Classic,Logitech,Ban Phim,2646000,444,San pham chat luong cao,0
P-02414,Samsung Tablet Ultra,Samsung,Tablet,3688000,74,San pham chat luong cao,0
P-02415,Xiaomi Loa Sport,Xiaomi,Loa,4998000,404,San pham chat luong cao,0
P-02416,Apple Cap Sac V2,Apple,Cap Sac,4653000,224,San pham chat luong cao,0
P-02417,Razer Webcam Ultra,Razer,Webcam,4733000,420,San pham chat luong cao,0
P-02418,Samsung Webcam Ultra,Samsung,Webcam,1801000,280,San pham chat luong cao,0
P-02419,Anker Monitor V2,Anker,Monitor,654000,33,San pham chat luong cao,0
P-02420,JBL May Anh Classic,JBL,May Anh,4370000,364,San pham chat luong cao,0
P-02421,Apple Op Lung Classic,Apple,Op Lung,2108000,366,San pham chat luong cao,0
P-02422,JBL Op Lung V2,JBL,Op Lung,3940000,217,San pham chat luong cao,0
P-02423,Apple Ao Thun Pro Max,Apple,Ao Thun,2278000,389,San pham chat luong cao,0
P-02424,Xiaomi Kinh Mat V2,Xiaomi,Kinh Mat,1854000,108,San pham chat luong cao,0
P-02425,Asus Tablet Lite,Asus,Tablet,772000,103,San pham chat luong cao,0
P-02426,Samsung Tablet V2,Samsung,Tablet,4518000,185,San pham chat luong cao,0
P-02427,JBL May Anh Sport,JBL,May Anh,2376000,400,San pham chat luong cao,0
P-02428,Anker Dong Ho Ultra,Anker,Dong Ho,4997000,159,San pham chat luong cao,0
P-02429,Logitech Laptop Pro Max,Logitech,Laptop,2534000,424,San pham chat luong cao,0
P-02430,HP Op Lung Mini,HP,Op Lung,205000,390,San pham chat luong cao,0
P-02431,Asus May Anh V2,Asus,May Anh,3430000,132,San pham chat luong cao,0
P-02432,Samsung Chuot Gaming Lite,Samsung,Chuot Gaming,2038000,478,San pham chat luong cao,0
P-02433,Razer Ao Thun XL,Razer,Ao Thun,430000,384,San pham chat luong cao,0
P-02434,Anker May Anh Classic,Anker,May Anh,1889000,303,San pham chat luong cao,0
P-02435,Samsung USB Hub Sport,Samsung,USB Hub,4424000,340,San pham chat luong cao,0
P-02436,Sony Chuot Gaming Pro Max,Sony,Chuot Gaming,4819000,402,San pham chat luong cao,0
P-02437,Sony Op Lung XL,Sony,Op Lung,933000,57,San pham chat luong cao,0
P-02438,Samsung Giay Pro Max,Samsung,Giay,3376000,50,San pham chat luong cao,0
P-02439,Asus USB Hub Plus,Asus,USB Hub,776000,244,San pham chat luong cao,0
P-02440,Razer Dong Ho Plus,Razer,Dong Ho,2954000,446,San pham chat luong cao,0
P-02441,JBL Cap Sac Classic,JBL,Cap Sac,3297000,342,San pham chat luong cao,0
P-02442,Anker Giay Ultra,Anker,Giay,3903000,75,San pham chat luong cao,0
P-02443,Sony Balo XL,Sony,Balo,3650000,462,San pham chat luong cao,0
P-02444,Anker Cap Sac Sport,Anker,Cap Sac,1495000,286,San pham chat luong cao,0
P-02445,Samsung Webcam Pro Max,Samsung,Webcam,2002000,386,San pham chat luong cao,0
P-02446,Samsung Ong Nhom Classic,Samsung,Ong Nhom,3363000,173,San pham chat luong cao,0
P-02447,Logitech Ao Thun Classic,Logitech,Ao Thun,4673000,176,San pham chat luong cao,0
P-02448,Sony Giay Mini,Sony,Giay,762000,107,San pham chat luong cao,0
P-02449,Apple Loa Mini,Apple,Loa,3742000,172,San pham chat luong cao,0
P-02450,Samsung Ong Nhom Premium,Samsung,Ong Nhom,3884000,200,San pham chat luong cao,0
P-02451,Asus Ong Nhom Plus,Asus,Ong Nhom,2509000,37,San pham chat luong cao,0
P-02452,Apple Cap Sac Pro Max,Apple,Cap Sac,4256000,211,San pham chat luong cao,0
P-02453,HP Kinh Mat V2,HP,Kinh Mat,1207000,256,San pham chat luong cao,0
P-02454,JBL Kinh Mat V2,JBL,Kinh Mat,673000,411,San pham chat luong cao,0
P-02455,Apple Cap Sac Premium,Apple,Cap Sac,1540000,231,San pham chat luong cao,0
P-02456,Anker Balo Pro Max,Anker,Balo,2725000,216,San pham chat luong cao,0
P-02457,Logitech Monitor Ultra,Logitech,Monitor,3041000,21,San pham chat luong cao,0
P-02458,Samsung Quat Mini Classic,Samsung,Quat Mini,2983000,500,San pham chat luong cao,0
P-02459,HP Laptop Ultra,HP,Laptop,2703000,196,San pham chat luong cao,0
P-02460,Asus Sac Du Phong V2,Asus,Sac Du Phong,724000,32,San pham chat luong cao,0
P-02461,Logitech Tablet Mini,Logitech,Tablet,1224000,467,San pham chat luong cao,0
P-02462,Razer Giay XL,Razer,Giay,1282000,446,San pham chat luong cao,0
P-02463,Anker Tablet XL,Anker,Tablet,3590000,209,San pham chat luong cao,0
P-02464,Apple Sac Du Phong Mini,Apple,Sac Du Phong,3603000,74,San pham chat luong cao,0
P-02465,JBL Tai Nghe Premium,JBL,Tai Nghe,3949000,450,San pham chat luong cao,0
P-02466,Sony Ong Nhom Sport,Sony,Ong Nhom,1221000,215,San pham chat luong cao,0
P-02467,Sony Laptop Sport,Sony,Laptop,3227000,252,San pham chat luong cao,0
P-02468,Xiaomi Chuot Gaming Plus,Xiaomi,Chuot Gaming,4516000,155,San pham chat luong cao,0
P-02469,Xiaomi Webcam V2,Xiaomi,Webcam,4602000,258,San pham chat luong cao,0
P-02470,Apple Kinh Mat Sport,Apple,Kinh Mat,3674000,159,San pham chat luong cao,0
P-02471,Anker Loa Pro Max,Anker,Loa,568000,122,San pham chat luong cao,0
P-02472,Samsung Tablet Premium,Samsung,Tablet,4770000,229,San pham chat luong cao,0
P-02473,HP Giay Plus,HP,Giay,4045000,239,San pham chat luong cao,0
P-02474,Anker Tai Nghe Premium,Anker,Tai Nghe,437000,30,San pham chat luong cao,0
P-02475,Sony Giay Classic,Sony,Giay,675000,131,San pham chat luong cao,0
P-02476,Anker Dong Ho XL,Anker,Dong Ho,1607000,196,San pham chat luong cao,0
P-02477,Asus Sac Du Phong Sport,Asus,Sac Du Phong,4742000,69,San pham chat luong cao,0
P-02478,Anker Laptop Lite,Anker,Laptop,3092000,255,San pham chat luong cao,0
P-02479,Apple Monitor Mini,Apple,Monitor,586000,212,San pham chat luong cao,0
P-02480,JBL USB Hub Mini,JBL,USB Hub,2698000,444,San pham chat luong cao,0
P-02481,Sony Ong Nhom Sport,Sony,Ong Nhom,4005000,121,San pham chat luong cao,0
P-02482,Razer Tai Nghe Mini,Razer,Tai Nghe,1467000,75,San pham chat luong cao,0
P-02483,Samsung Sac Du Phong XL,Samsung,Sac Du Phong,506000,318,San pham chat luong cao,0
P-02484,Apple Op Lung V2,Apple,Op Lung,1709000,314,San pham chat luong cao,0
P-02485,HP USB Hub Classic,HP,USB Hub,1615000,332,San pham chat luong cao,0
P-02486,Xiaomi Ao Thun Lite,Xiaomi,Ao Thun,701000,325,San pham chat luong cao,0
P-02487,Samsung Cap Sac Lite,Samsung,Cap Sac,2838000,368,San pham chat luong cao,0
P-02488,Anker Ao Thun Mini,Anker,Ao Thun,2013000,239,San pham chat luong cao,0
P-02489,Anker Cap Sac Classic,Anker,Cap Sac,3090000,82,San pham chat luong cao,0
P-02490,HP Tai Nghe XL,HP,Tai Nghe,4417000,14,San pham chat luong cao,0
P-02491,Xiaomi Loa Classic,Xiaomi,Loa,3444000,457,San pham chat luong cao,0
P-02492,Sony Tablet Classic,Sony,Tablet,2557000,327,San pham chat luong cao,0
P-02493,Asus Tablet Mini,Asus,Tablet,4876000,298,San pham chat luong cao,0
P-02494,Logitech Kinh Mat Premium,Logitech,Kinh Mat,2213000,58,San pham chat luong cao,0
P-02495,Sony Giay XL,Sony,Giay,1459000,205,San pham chat luong cao,0
P-02496,Asus Kinh Mat XL,Asus,Kinh Mat,1900000,438,San pham chat luong cao,0
P-02497,Logitech Tai Nghe Classic,Logitech,Tai Nghe,1027000,233,San pham chat luong cao,0
P-02498,HP Webcam V2,HP,Webcam,978000,212,San pham chat luong cao,0
P-02499,Anker Laptop XL,Anker,Laptop,1977000,384,San pham chat luong cao,0
P-02500,Razer Balo V2,Razer,Balo,3426000,114,San pham chat luong cao,0
P-02501,HP Dong Ho Sport,HP,Dong Ho,2723000,321,San pham chat luong cao,0
P-02502,Sony Cap Sac XL,Sony,Cap Sac,3565000,407,San pham chat luong cao,0
P-02503,Logitech Giay Ultra,Logitech,Giay,3766000,88,San pham chat luong cao,0
P-02504,Samsung Tai Nghe Ultra,Samsung,Tai Nghe,1417000,327,San pham chat luong cao,0
P-02505,HP Tai Nghe XL,HP,Tai Nghe,3196000,68,San pham chat luong cao,0
P-02506,Anker Laptop Plus,Anker,Laptop,839000,173,San pham chat luong cao,0
P-02507,Apple Monitor V2,Apple,Monitor,1789000,389,San pham chat luong cao,0
P-02508,Razer Sac Du Phong Classic,Razer,Sac Du Phong,616000,328,San pham chat luong cao,0
P-02509,HP May Anh Premium,HP,May Anh,2053000,225,San pham chat luong cao,0
P-02510,Logitech Sac Du Phong XL,Logitech,Sac Du Phong,2178000,284,San pham chat luong cao,0
P-02511,Xiaomi Monitor Lite,Xiaomi,Monitor,400000,481,San pham chat luong cao,0
P-02512,Sony Laptop Pro Max,Sony,Laptop,1253000,104,San pham chat luong cao,0
P-02513,Xiaomi Ban Phim Classic,Xiaomi,Ban Phim,3308000,217,San pham chat luong cao,0
P-02514,HP Dong Ho Premium,HP,Dong Ho,1082000,198,San pham chat luong cao,0
P-02515,JBL Balo XL,JBL,Balo,3842000,155,San pham chat luong cao,0
P-02516,HP Loa Sport,HP,Loa,3773000,249,San pham chat luong cao,0
P-02517,Anker Tai Nghe Ultra,Anker,Tai Nghe,4998000,497,San pham chat luong cao,0
P-02518,Asus Cap Sac Ultra,Asus,Cap Sac,3008000,53,San pham chat luong cao,0
P-02519,JBL Ong Nhom Premium,JBL,Ong Nhom,4181000,327,San pham chat luong cao,0
P-02520,Xiaomi Webcam Classic,Xiaomi,Webcam,576000,288,San pham chat luong cao,0
P-02521,Samsung Loa Lite,Samsung,Loa,1778000,392,San pham chat luong cao,0
P-02522,HP Loa XL,HP,Loa,913000,341,San pham chat luong cao,0
P-02523,JBL Ao Thun Sport,JBL,Ao Thun,3489000,33,San pham chat luong cao,0
P-02524,Apple Giay Pro Max,Apple,Giay,2043000,329,San pham chat luong cao,0
P-02525,JBL Ban Phim Pro Max,JBL,Ban Phim,1765000,121,San pham chat luong cao,0
P-02526,Samsung Ban Phim XL,Samsung,Ban Phim,3074000,428,San pham chat luong cao,0
P-02527,Razer Ban Phim Sport,Razer,Ban Phim,3577000,162,San pham chat luong cao,0
P-02528,Asus Op Lung V2,Asus,Op Lung,746000,442,San pham chat luong cao,0
P-02529,Anker Balo Classic,Anker,Balo,3675000,34,San pham chat luong cao,0
P-02530,Asus Ban Phim Plus,Asus,Ban Phim,3973000,183,San pham chat luong cao,0
P-02531,Xiaomi Cap Sac XL,Xiaomi,Cap Sac,4775000,455,San pham chat luong cao,0
P-02532,HP Tai Nghe Plus,HP,Tai Nghe,2150000,175,San pham chat luong cao,0
P-02533,Anker USB Hub Pro Max,Anker,USB Hub,67000,81,San pham chat luong cao,0
P-02534,HP Tablet Mini,HP,Tablet,3847000,142,San pham chat luong cao,0
P-02535,Sony Cap Sac Plus,Sony,Cap Sac,3676000,496,San pham chat luong cao,0
P-02536,Razer Balo Mini,Razer,Balo,3971000,359,San pham chat luong cao,0
P-02537,Xiaomi Ban Phim Lite,Xiaomi,Ban Phim,607000,171,San pham chat luong cao,0
P-02538,JBL Monitor Pro Max,JBL,Monitor,1930000,201,San pham chat luong cao,0
P-02539,Asus Tai Nghe Premium,Asus,Tai Nghe,1553000,107,San pham chat luong cao,0
P-02540,Apple Loa V2,Apple,Loa,2716000,211,San pham chat luong cao,0
P-02541,Logitech Giay XL,Logitech,Giay,2043000,390,San pham chat luong cao,0
P-02542,JBL Ao Thun Mini,JBL,Ao Thun,1024000,482,San pham chat luong cao,0
P-02543,Razer Balo XL,Razer,Balo,4757000,114,San pham chat luong cao,0
P-02544,Razer Ao Thun Pro Max,Razer,Ao Thun,1005000,333,San pham chat luong cao,0
P-02545,Sony Loa V2,Sony,Loa,771000,379,San pham chat luong cao,0
P-02546,Xiaomi Chuot Gaming XL,Xiaomi,Chuot Gaming,2801000,451,San pham chat luong cao,0
P-02547,Logitech USB Hub Mini,Logitech,USB Hub,1131000,380,San pham chat luong cao,0
P-02548,Samsung Ao Thun XL,Samsung,Ao Thun,4871000,333,San pham chat luong cao,0
P-02549,Logitech Webcam Sport,Logitech,Webcam,4489000,466,San pham chat luong cao,0
P-02550,JBL Ao Thun XL,JBL,Ao Thun,3223000,200,San pham chat luong cao,0
P-02551,Anker Webcam Ultra,Anker,Webcam,4102000,38,San pham chat luong cao,0
P-02552,Samsung Laptop Pro Max,Samsung,Laptop,1992000,437,San pham chat luong cao,0
P-02553,Samsung Balo Plus,Samsung,Balo,1508000,40,San pham chat luong cao,0
P-02554,Xiaomi Kinh Mat V2,Xiaomi,Kinh Mat,1155000,392,San pham chat luong cao,0
P-02555,Logitech Balo Pro Max,Logitech,Balo,62000,131,San pham chat luong cao,0
P-02556,JBL Ban Phim Pro Max,JBL,Ban Phim,1860000,141,San pham chat luong cao,0
P-02557,Samsung Sac Du Phong Sport,Samsung,Sac Du Phong,4902000,304,San pham chat luong cao,0
P-02558,Asus Ao Thun Lite,Asus,Ao Thun,3819000,277,San pham chat luong cao,0
P-02559,Apple Chuot Gaming Sport,Apple,Chuot Gaming,1196000,37,San pham chat luong cao,0
P-02560,Xiaomi Webcam Classic,Xiaomi,Webcam,4808000,467,San pham chat luong cao,0
P-02561,Anker Dong Ho Lite,Anker,Dong Ho,3975000,489,San pham chat luong cao,0
P-02562,Sony Laptop Pro Max,Sony,Laptop,4296000,496,San pham chat luong cao,0
P-02563,Xiaomi May Anh Lite,Xiaomi,May Anh,1379000,249,San pham chat luong cao,0
P-02564,Anker USB Hub V2,Anker,USB Hub,4497000,46,San pham chat luong cao,0
P-02565,Anker USB Hub Ultra,Anker,USB Hub,796000,183,San pham chat luong cao,0
P-02566,Samsung Cap Sac Sport,Samsung,Cap Sac,3784000,186,San pham chat luong cao,0
P-02567,JBL Monitor V2,JBL,Monitor,2053000,193,San pham chat luong cao,0
P-02568,Apple May Anh Sport,Apple,May Anh,2726000,332,San pham chat luong cao,0
P-02569,HP Dong Ho Mini,HP,Dong Ho,2597000,313,San pham chat luong cao,0
P-02570,Asus Laptop Sport,Asus,Laptop,381000,313,San pham chat luong cao,0
P-02571,HP Kinh Mat Mini,HP,Kinh Mat,627000,57,San pham chat luong cao,0
P-02572,Samsung Giay Mini,Samsung,Giay,4051000,182,San pham chat luong cao,0
P-02573,Logitech Tablet Mini,Logitech,Tablet,75000,383,San pham chat luong cao,0
P-02574,Sony Cap Sac Sport,Sony,Cap Sac,291000,253,San pham chat luong cao,0
P-02575,Apple Chuot Gaming Plus,Apple,Chuot Gaming,402000,37,San pham chat luong cao,0
P-02576,Logitech USB Hub Ultra,Logitech,USB Hub,3073000,442,San pham chat luong cao,0
P-02577,JBL Tai Nghe XL,JBL,Tai Nghe,4560000,386,San pham chat luong cao,0
P-02578,HP Tablet Ultra,HP,Tablet,4884000,305,San pham chat luong cao,0
P-02579,Xiaomi Ao Thun Premium,Xiaomi,Ao Thun,2599000,407,San pham chat luong cao,0
P-02580,Asus Ao Thun Sport,Asus,Ao Thun,2356000,396,San pham chat luong cao,0
P-02581,Anker Kinh Mat Lite,Anker,Kinh Mat,4053000,397,San pham chat luong cao,0
P-02582,Apple May Anh Premium,Apple,May Anh,895000,408,San pham chat luong cao,0
P-02583,Logitech Kinh Mat Pro Max,Logitech,Kinh Mat,1280000,67,San pham chat luong cao,0
P-02584,Xiaomi Quat Mini Lite,Xiaomi,Quat Mini,2612000,52,San pham chat luong cao,0
P-02585,Logitech Tablet V2,Logitech,Tablet,815000,232,San pham chat luong cao,0
P-02586,HP Kinh Mat V2,HP,Kinh Mat,914000,354,San pham chat luong cao,0
P-02587,HP Ban Phim Plus,HP,Ban Phim,3849000,328,San pham chat luong cao,0
P-02588,JBL Ao Thun Pro Max,JBL,Ao Thun,4665000,22,San pham chat luong cao,0
P-02589,HP Balo XL,HP,Balo,808000,419,San pham chat luong cao,0
P-02590,Apple Tai Nghe Pro Max,Apple,Tai Nghe,1669000,187,San pham chat luong cao,0
P-02591,Apple USB Hub Lite,Apple,USB Hub,2612000,136,San pham chat luong cao,0
P-02592,Logitech Quat Mini Mini,Logitech,Quat Mini,4398000,88,San pham chat luong cao,0
P-02593,Samsung Tai Nghe Sport,Samsung,Tai Nghe,2765000,40,San pham chat luong cao,0
P-02594,Sony Chuot Gaming Premium,Sony,Chuot Gaming,1039000,350,San pham chat luong cao,0
P-02595,Logitech Ong Nhom XL,Logitech,Ong Nhom,2868000,497,San pham chat luong cao,0
P-02596,HP Cap Sac Sport,HP,Cap Sac,1415000,384,San pham chat luong cao,0
P-02597,Samsung Webcam Ultra,Samsung,Webcam,2038000,73,San pham chat luong cao,0
P-02598,Sony Chuot Gaming Pro Max,Sony,Chuot Gaming,2222000,268,San pham chat luong cao,0
P-02599,Xiaomi Ban Phim Premium,Xiaomi,Ban Phim,3068000,327,San pham chat luong cao,0
P-02600,Apple Balo Lite,Apple,Balo,1166000,10,San pham chat luong cao,0
P-02601,Logitech Balo Pro Max,Logitech,Balo,582000,342,San pham chat luong cao,0
P-02602,Logitech Dong Ho Sport,Logitech,Dong Ho,2052000,482,San pham chat luong cao,0
P-02603,HP Balo Ultra,HP,Balo,3587000,464,San pham chat luong cao,0
P-02604,Apple May Anh Mini,Apple,May Anh,1149000,420,San pham chat luong cao,0
P-02605,Samsung Laptop XL,Samsung,Laptop,864000,15,San pham chat luong cao,0
P-02606,Anker May Anh XL,Anker,May Anh,4173000,93,San pham chat luong cao,0
P-02607,Sony Dong Ho Ultra,Sony,Dong Ho,3918000,206,San pham chat luong cao,0
P-02608,Samsung Ao Thun Classic,Samsung,Ao Thun,1954000,498,San pham chat luong cao,0
P-02609,HP Laptop Sport,HP,Laptop,3147000,402,San pham chat luong cao,0
P-02610,Samsung Laptop Plus,Samsung,Laptop,3674000,313,San pham chat luong cao,0
P-02611,Apple Dong Ho XL,Apple,Dong Ho,822000,463,San pham chat luong cao,0
P-02612,Asus Monitor Pro Max,Asus,Monitor,2057000,235,San pham chat luong cao,0
P-02613,Razer Quat Mini Sport,Razer,Quat Mini,1421000,421,San pham chat luong cao,0
P-02614,Anker Ao Thun Classic,Anker,Ao Thun,3901000,204,San pham chat luong cao,0
P-02615,Xiaomi Giay Mini,Xiaomi,Giay,1408000,387,San pham chat luong cao,0
P-02616,Sony Loa Pro Max,Sony,Loa,4181000,94,San pham chat luong cao,0
P-02617,Apple Balo V2,Apple,Balo,2273000,173,San pham chat luong cao,0
P-02618,Sony Giay XL,Sony,Giay,504000,412,San pham chat luong cao,0
P-02619,Xiaomi Quat Mini XL,Xiaomi,Quat Mini,1245000,131,San pham chat luong cao,0
P-02620,Logitech Dong Ho Classic,Logitech,Dong Ho,4078000,187,San pham chat luong cao,0
P-02621,Samsung Loa XL,Samsung,Loa,419000,244,San pham chat luong cao,0
P-02622,JBL Ong Nhom Ultra,JBL,Ong Nhom,3902000,414,San pham chat luong cao,0
P-02623,Asus Laptop Plus,Asus,Laptop,2384000,207,San pham chat luong cao,0
P-02624,JBL Ong Nhom Premium,JBL,Ong Nhom,3432000,392,San pham chat luong cao,0
P-02625,Xiaomi Loa Mini,Xiaomi,Loa,808000,497,San pham chat luong cao,0
P-02626,HP Tablet Ultra,HP,Tablet,3407000,172,San pham chat luong cao,0
P-02627,Samsung Kinh Mat Lite,Samsung,Kinh Mat,3818000,45,San pham chat luong cao,0
P-02628,Xiaomi Giay Mini,Xiaomi,Giay,2776000,379,San pham chat luong cao,0
P-02629,Logitech Loa Classic,Logitech,Loa,3054000,106,San pham chat luong cao,0
P-02630,HP Laptop XL,HP,Laptop,3807000,65,San pham chat luong cao,0
P-02631,JBL Dong Ho Classic,JBL,Dong Ho,4707000,351,San pham chat luong cao,0
P-02632,Apple Giay Lite,Apple,Giay,207000,186,San pham chat luong cao,0
P-02633,Logitech Ong Nhom Plus,Logitech,Ong Nhom,606000,307,San pham chat luong cao,0
P-02634,HP Laptop V2,HP,Laptop,3691000,482,San pham chat luong cao,0
P-02635,HP Laptop Plus,HP,Laptop,4808000,98,San pham chat luong cao,0
P-02636,Anker Monitor Premium,Anker,Monitor,4602000,240,San pham chat luong cao,0
P-02637,Anker Dong Ho Pro Max,Anker,Dong Ho,368000,106,San pham chat luong cao,0
P-02638,Anker Ban Phim Sport,Anker,Ban Phim,635000,402,San pham chat luong cao,0
P-02639,Razer USB Hub Classic,Razer,USB Hub,2110000,319,San pham chat luong cao,0
P-02640,Anker Monitor Premium,Anker,Monitor,1965000,187,San pham chat luong cao,0
P-02641,Anker Quat Mini Classic,Anker,Quat Mini,3473000,152,San pham chat luong cao,0
P-02642,Apple May Anh Mini,Apple,May Anh,4177000,172,San pham chat luong cao,0
P-02643,Xiaomi Loa XL,Xiaomi,Loa,3656000,12,San pham chat luong cao,0
P-02644,Razer Dong Ho Classic,Razer,Dong Ho,149000,242,San pham chat luong cao,0
P-02645,Asus Ong Nhom V2,Asus,Ong Nhom,4406000,404,San pham chat luong cao,0
P-02646,Sony Tablet Plus,Sony,Tablet,2548000,441,San pham chat luong cao,0
P-02647,HP May Anh Ultra,HP,May Anh,4987000,461,San pham chat luong cao,0
P-02648,HP Kinh Mat Ultra,HP,Kinh Mat,4608000,452,San pham chat luong cao,0
P-02649,Razer Dong Ho Sport,Razer,Dong Ho,1917000,353,San pham chat luong cao,0
P-02650,Samsung Tai Nghe Mini,Samsung,Tai Nghe,68000,257,San pham chat luong cao,0
P-02651,Anker Tablet Mini,Anker,Tablet,3488000,288,San pham chat luong cao,0
P-02652,JBL Monitor Premium,JBL,Monitor,1189000,185,San pham chat luong cao,0
P-02653,JBL Kinh Mat Pro Max,JBL,Kinh Mat,2921000,115,San pham chat luong cao,0
P-02654,HP Tablet Sport,HP,Tablet,4540000,218,San pham chat luong cao,0
P-02655,Sony Chuot Gaming Classic,Sony,Chuot Gaming,3072000,52,San pham chat luong cao,0
P-02656,Logitech Dong Ho V2,Logitech,Dong Ho,1216000,126,San pham chat luong cao,0
P-02657,Samsung Giay Plus,Samsung,Giay,4030000,77,San pham chat luong cao,0
P-02658,Apple Ban Phim Classic,Apple,Ban Phim,732000,394,San pham chat luong cao,0
P-02659,Asus Cap Sac Ultra,Asus,Cap Sac,1812000,434,San pham chat luong cao,0
P-02660,Razer Kinh Mat Premium,Razer,Kinh Mat,907000,409,San pham chat luong cao,0
P-02661,Logitech Ao Thun Mini,Logitech,Ao Thun,348000,349,San pham chat luong cao,0
P-02662,Samsung May Anh V2,Samsung,May Anh,4426000,163,San pham chat luong cao,0
P-02663,Asus Chuot Gaming Lite,Asus,Chuot Gaming,2179000,33,San pham chat luong cao,0
P-02664,Xiaomi Chuot Gaming XL,Xiaomi,Chuot Gaming,1436000,305,San pham chat luong cao,0
P-02665,Asus Op Lung Lite,Asus,Op Lung,3294000,453,San pham chat luong cao,0
P-02666,Razer Kinh Mat Ultra,Razer,Kinh Mat,4705000,131,San pham chat luong cao,0
P-02667,Samsung Op Lung Classic,Samsung,Op Lung,2581000,74,San pham chat luong cao,0
P-02668,Anker Tablet XL,Anker,Tablet,4349000,12,San pham chat luong cao,0
P-02669,JBL Webcam Sport,JBL,Webcam,4843000,269,San pham chat luong cao,0
P-02670,Apple Op Lung Pro Max,Apple,Op Lung,538000,278,San pham chat luong cao,0
P-02671,Xiaomi Webcam Plus,Xiaomi,Webcam,3437000,300,San pham chat luong cao,0
P-02672,Xiaomi Cap Sac Plus,Xiaomi,Cap Sac,1667000,272,San pham chat luong cao,0
P-02673,Samsung Cap Sac Premium,Samsung,Cap Sac,782000,239,San pham chat luong cao,0
P-02674,Asus Op Lung Premium,Asus,Op Lung,3210000,136,San pham chat luong cao,0
P-02675,HP Chuot Gaming Pro Max,HP,Chuot Gaming,4016000,438,San pham chat luong cao,0
P-02676,Asus USB Hub Sport,Asus,USB Hub,810000,424,San pham chat luong cao,0
P-02677,Samsung Webcam Classic,Samsung,Webcam,3507000,49,San pham chat luong cao,0
P-02678,Samsung Dong Ho Plus,Samsung,Dong Ho,473000,272,San pham chat luong cao,0
P-02679,Razer Quat Mini Plus,Razer,Quat Mini,3307000,365,San pham chat luong cao,0
P-02680,Apple May Anh Lite,Apple,May Anh,2447000,145,San pham chat luong cao,0
P-02681,JBL Kinh Mat V2,JBL,Kinh Mat,2505000,97,San pham chat luong cao,0
P-02682,Sony Ao Thun Lite,Sony,Ao Thun,1853000,94,San pham chat luong cao,0
P-02683,Xiaomi USB Hub Premium,Xiaomi,USB Hub,736000,84,San pham chat luong cao,0
P-02684,Apple Giay Ultra,Apple,Giay,1322000,166,San pham chat luong cao,0
P-02685,Sony Chuot Gaming Premium,Sony,Chuot Gaming,3285000,427,San pham chat luong cao,0
P-02686,Logitech May Anh Sport,Logitech,May Anh,712000,193,San pham chat luong cao,0
P-02687,Sony Loa Pro Max,Sony,Loa,254000,271,San pham chat luong cao,0
P-02688,HP Cap Sac Classic,HP,Cap Sac,1410000,122,San pham chat luong cao,0
P-02689,JBL Op Lung Classic,JBL,Op Lung,605000,48,San pham chat luong cao,0
P-02690,Razer Loa Mini,Razer,Loa,422000,78,San pham chat luong cao,0
P-02691,JBL Monitor XL,JBL,Monitor,2633000,344,San pham chat luong cao,0
P-02692,Razer May Anh Pro Max,Razer,May Anh,848000,268,San pham chat luong cao,0
P-02693,Razer Cap Sac Classic,Razer,Cap Sac,861000,212,San pham chat luong cao,0
P-02694,Razer Sac Du Phong Classic,Razer,Sac Du Phong,2718000,197,San pham chat luong cao,0
P-02695,JBL Ao Thun Sport,JBL,Ao Thun,452000,341,San pham chat luong cao,0
P-02696,Razer Webcam Premium,Razer,Webcam,584000,233,San pham chat luong cao,0
P-02697,Razer Giay XL,Razer,Giay,3374000,78,San pham chat luong cao,0
P-02698,Apple Kinh Mat Premium,Apple,Kinh Mat,2554000,214,San pham chat luong cao,0
P-02699,JBL Webcam Pro Max,JBL,Webcam,4126000,356,San pham chat luong cao,0
P-02700,Samsung USB Hub Classic,Samsung,USB Hub,1707000,216,San pham chat luong cao,0
P-02701,Apple Giay Premium,Apple,Giay,2921000,15,San pham chat luong cao,0
P-02702,Apple USB Hub Lite,Apple,USB Hub,1852000,228,San pham chat luong cao,0
P-02703,Apple Cap Sac Plus,Apple,Cap Sac,5000000,140,San pham chat luong cao,0
P-02704,Xiaomi Op Lung Lite,Xiaomi,Op Lung,1329000,189,San pham chat luong cao,0
P-02705,Samsung Sac Du Phong Classic,Samsung,Sac Du Phong,912000,432,San pham chat luong cao,0
P-02706,HP Monitor Pro Max,HP,Monitor,2714000,448,San pham chat luong cao,0
P-02707,Xiaomi Monitor Ultra,Xiaomi,Monitor,4710000,268,San pham chat luong cao,0
P-02708,Xiaomi Kinh Mat Classic,Xiaomi,Kinh Mat,4493000,376,San pham chat luong cao,0
P-02709,Logitech Monitor Sport,Logitech,Monitor,4428000,129,San pham chat luong cao,0
P-02710,Xiaomi Ao Thun Classic,Xiaomi,Ao Thun,2876000,297,San pham chat luong cao,0
P-02711,Apple Balo Classic,Apple,Balo,3187000,412,San pham chat luong cao,0
P-02712,Samsung Webcam Ultra,Samsung,Webcam,3613000,345,San pham chat luong cao,0
P-02713,Xiaomi Tai Nghe Plus,Xiaomi,Tai Nghe,94000,351,San pham chat luong cao,0
P-02714,Xiaomi Laptop V2,Xiaomi,Laptop,4957000,140,San pham chat luong cao,0
P-02715,Apple May Anh Plus,Apple,May Anh,175000,43,San pham chat luong cao,0
P-02716,Samsung Cap Sac Ultra,Samsung,Cap Sac,4723000,42,San pham chat luong cao,0
P-02717,Apple Monitor V2,Apple,Monitor,2608000,369,San pham chat luong cao,0
P-02718,Samsung Ao Thun Plus,Samsung,Ao Thun,2977000,385,San pham chat luong cao,0
P-02719,Anker USB Hub Pro Max,Anker,USB Hub,1436000,215,San pham chat luong cao,0
P-02720,Anker Ong Nhom Premium,Anker,Ong Nhom,2395000,342,San pham chat luong cao,0
P-02721,JBL Tai Nghe Classic,JBL,Tai Nghe,2822000,258,San pham chat luong cao,0
P-02722,HP Sac Du Phong Ultra,HP,Sac Du Phong,915000,459,San pham chat luong cao,0
P-02723,Xiaomi Monitor Plus,Xiaomi,Monitor,3374000,14,San pham chat luong cao,0
P-02724,Sony Quat Mini Mini,Sony,Quat Mini,1074000,456,San pham chat luong cao,0
P-02725,JBL Giay Pro Max,JBL,Giay,802000,198,San pham chat luong cao,0
P-02726,Asus Ong Nhom Mini,Asus,Ong Nhom,2059000,121,San pham chat luong cao,0
P-02727,Xiaomi Tablet V2,Xiaomi,Tablet,3630000,387,San pham chat luong cao,0
P-02728,Asus Op Lung Pro Max,Asus,Op Lung,4360000,27,San pham chat luong cao,0
P-02729,Asus USB Hub Sport,Asus,USB Hub,4647000,299,San pham chat luong cao,0
P-02730,HP Dong Ho Premium,HP,Dong Ho,3196000,72,San pham chat luong cao,0
P-02731,Sony Chuot Gaming Plus,Sony,Chuot Gaming,3319000,239,San pham chat luong cao,0
P-02732,HP Tablet Premium,HP,Tablet,1608000,405,San pham chat luong cao,0
P-02733,JBL Giay Mini,JBL,Giay,725000,21,San pham chat luong cao,0
P-02734,Sony Chuot Gaming Lite,Sony,Chuot Gaming,3580000,410,San pham chat luong cao,0
P-02735,Sony Loa Sport,Sony,Loa,3442000,163,San pham chat luong cao,0
P-02736,JBL Ao Thun Plus,JBL,Ao Thun,3485000,33,San pham chat luong cao,0
P-02737,Xiaomi Op Lung XL,Xiaomi,Op Lung,3258000,303,San pham chat luong cao,0
P-02738,Apple Balo Classic,Apple,Balo,3332000,329,San pham chat luong cao,0
P-02739,Samsung Ong Nhom Classic,Samsung,Ong Nhom,721000,305,San pham chat luong cao,0
P-02740,Sony Ao Thun Ultra,Sony,Ao Thun,276000,69,San pham chat luong cao,0
P-02741,Xiaomi Webcam Mini,Xiaomi,Webcam,4827000,139,San pham chat luong cao,0
P-02742,Apple Dong Ho Premium,Apple,Dong Ho,998000,445,San pham chat luong cao,0
P-02743,Logitech Ban Phim Premium,Logitech,Ban Phim,3234000,235,San pham chat luong cao,0
P-02744,Asus May Anh Pro Max,Asus,May Anh,2825000,275,San pham chat luong cao,0
P-02745,Sony Ao Thun Sport,Sony,Ao Thun,552000,119,San pham chat luong cao,0
P-02746,Anker Quat Mini Sport,Anker,Quat Mini,3825000,361,San pham chat luong cao,0
P-02747,Sony Ong Nhom V2,Sony,Ong Nhom,410000,207,San pham chat luong cao,0
P-02748,Samsung Tai Nghe XL,Samsung,Tai Nghe,53000,155,San pham chat luong cao,0
P-02749,HP Dong Ho Sport,HP,Dong Ho,583000,337,San pham chat luong cao,0
P-02750,Samsung Quat Mini XL,Samsung,Quat Mini,4675000,204,San pham chat luong cao,0
P-02751,Samsung Ong Nhom Sport,Samsung,Ong Nhom,2466000,293,San pham chat luong cao,0
P-02752,Sony Tablet Premium,Sony,Tablet,4556000,187,San pham chat luong cao,0
P-02753,Samsung Balo Ultra,Samsung,Balo,3966000,292,San pham chat luong cao,0
P-02754,Razer Op Lung Plus,Razer,Op Lung,2393000,371,San pham chat luong cao,0
P-02755,Samsung Giay Pro Max,Samsung,Giay,4094000,389,San pham chat luong cao,0
P-02756,Razer Laptop Plus,Razer,Laptop,1224000,141,San pham chat luong cao,0
P-02757,Xiaomi Ao Thun Lite,Xiaomi,Ao Thun,2393000,332,San pham chat luong cao,0
P-02758,Xiaomi Ban Phim Sport,Xiaomi,Ban Phim,2485000,76,San pham chat luong cao,0
P-02759,Logitech Tai Nghe Plus,Logitech,Tai Nghe,1964000,208,San pham chat luong cao,0
P-02760,Anker Quat Mini Classic,Anker,Quat Mini,3449000,294,San pham chat luong cao,0
P-02761,JBL Sac Du Phong Ultra,JBL,Sac Du Phong,2049000,54,San pham chat luong cao,0
P-02762,Asus Ban Phim Lite,Asus,Ban Phim,954000,171,San pham chat luong cao,0
P-02763,JBL Kinh Mat Ultra,JBL,Kinh Mat,3241000,160,San pham chat luong cao,0
P-02764,Samsung Cap Sac V2,Samsung,Cap Sac,3096000,422,San pham chat luong cao,0
P-02765,HP Tablet Mini,HP,Tablet,304000,480,San pham chat luong cao,0
P-02766,Apple Ong Nhom Premium,Apple,Ong Nhom,4071000,272,San pham chat luong cao,0
P-02767,HP Sac Du Phong Sport,HP,Sac Du Phong,3765000,265,San pham chat luong cao,0
P-02768,HP Ao Thun Ultra,HP,Ao Thun,4428000,315,San pham chat luong cao,0
P-02769,JBL Cap Sac Lite,JBL,Cap Sac,266000,125,San pham chat luong cao,0
P-02770,Samsung Monitor V2,Samsung,Monitor,1205000,324,San pham chat luong cao,0
P-02771,HP May Anh Mini,HP,May Anh,2697000,74,San pham chat luong cao,0
P-02772,Samsung Ong Nhom Classic,Samsung,Ong Nhom,3366000,359,San pham chat luong cao,0
P-02773,Asus Balo Sport,Asus,Balo,1643000,365,San pham chat luong cao,0
P-02774,Razer Giay Pro Max,Razer,Giay,2872000,110,San pham chat luong cao,0
P-02775,Razer Kinh Mat Sport,Razer,Kinh Mat,4642000,24,San pham chat luong cao,0
P-02776,Logitech Tai Nghe Ultra,Logitech,Tai Nghe,2732000,454,San pham chat luong cao,0
P-02777,Sony May Anh Ultra,Sony,May Anh,2454000,105,San pham chat luong cao,0
P-02778,Samsung USB Hub Plus,Samsung,USB Hub,3000000,279,San pham chat luong cao,0
P-02779,Sony Kinh Mat Mini,Sony,Kinh Mat,3150000,144,San pham chat luong cao,0
P-02780,Anker Cap Sac Sport,Anker,Cap Sac,1869000,245,San pham chat luong cao,0
P-02781,Anker Webcam Classic,Anker,Webcam,1452000,268,San pham chat luong cao,0
P-02782,Samsung Loa Pro Max,Samsung,Loa,2972000,388,San pham chat luong cao,0
P-02783,Razer Cap Sac Ultra,Razer,Cap Sac,1106000,331,San pham chat luong cao,0
P-02784,Asus Kinh Mat Mini,Asus,Kinh Mat,2706000,214,San pham chat luong cao,0
P-02785,Sony Op Lung Pro Max,Sony,Op Lung,1315000,213,San pham chat luong cao,0
P-02786,JBL Ong Nhom V2,JBL,Ong Nhom,3209000,278,San pham chat luong cao,0
P-02787,HP Ao Thun Sport,HP,Ao Thun,2442000,157,San pham chat luong cao,0
P-02788,HP Balo Pro Max,HP,Balo,976000,409,San pham chat luong cao,0
P-02789,Sony Webcam Mini,Sony,Webcam,4556000,442,San pham chat luong cao,0
P-02790,Logitech Loa Pro Max,Logitech,Loa,1781000,107,San pham chat luong cao,0
P-02791,Razer Tablet Lite,Razer,Tablet,4694000,242,San pham chat luong cao,0
P-02792,Apple Sac Du Phong Classic,Apple,Sac Du Phong,1396000,106,San pham chat luong cao,0
P-02793,JBL Kinh Mat V2,JBL,Kinh Mat,677000,448,San pham chat luong cao,0
P-02794,Anker Ao Thun Lite,Anker,Ao Thun,1125000,176,San pham chat luong cao,0
P-02795,HP Kinh Mat Classic,HP,Kinh Mat,1150000,266,San pham chat luong cao,0
P-02796,Logitech Tai Nghe V2,Logitech,Tai Nghe,3107000,324,San pham chat luong cao,0
P-02797,Xiaomi Kinh Mat Ultra,Xiaomi,Kinh Mat,694000,224,San pham chat luong cao,0
P-02798,Xiaomi Ban Phim Premium,Xiaomi,Ban Phim,1251000,339,San pham chat luong cao,0
P-02799,Samsung Kinh Mat Plus,Samsung,Kinh Mat,1668000,52,San pham chat luong cao,0
P-02800,HP Dong Ho Plus,HP,Dong Ho,2371000,458,San pham chat luong cao,0
P-02801,Sony Loa Pro Max,Sony,Loa,1959000,212,San pham chat luong cao,0
P-02802,Razer Monitor XL,Razer,Monitor,166000,237,San pham chat luong cao,0
P-02803,Samsung Giay Pro Max,Samsung,Giay,4502000,342,San pham chat luong cao,0
P-02804,Xiaomi Balo Mini,Xiaomi,Balo,4340000,155,San pham chat luong cao,0
P-02805,Sony Sac Du Phong Premium,Sony,Sac Du Phong,2520000,371,San pham chat luong cao,0
P-02806,HP Monitor Pro Max,HP,Monitor,2455000,391,San pham chat luong cao,0
P-02807,Apple Tablet Lite,Apple,Tablet,1108000,121,San pham chat luong cao,0
P-02808,Anker USB Hub Sport,Anker,USB Hub,2564000,411,San pham chat luong cao,0
P-02809,JBL Monitor Ultra,JBL,Monitor,3649000,126,San pham chat luong cao,0
P-02810,Razer Laptop Premium,Razer,Laptop,2139000,19,San pham chat luong cao,0
P-02811,HP Tablet Mini,HP,Tablet,4306000,409,San pham chat luong cao,0
P-02812,Anker May Anh Mini,Anker,May Anh,3484000,32,San pham chat luong cao,0
P-02813,Logitech Tablet Pro Max,Logitech,Tablet,3228000,266,San pham chat luong cao,0
P-02814,Samsung Giay V2,Samsung,Giay,4874000,168,San pham chat luong cao,0
P-02815,HP Cap Sac Pro Max,HP,Cap Sac,4640000,484,San pham chat luong cao,0
P-02816,Razer USB Hub Premium,Razer,USB Hub,3897000,245,San pham chat luong cao,0
P-02817,HP Chuot Gaming Classic,HP,Chuot Gaming,1232000,414,San pham chat luong cao,0
P-02818,Xiaomi Tai Nghe XL,Xiaomi,Tai Nghe,1563000,50,San pham chat luong cao,0
P-02819,Asus Webcam Sport,Asus,Webcam,3617000,374,San pham chat luong cao,0
P-02820,Samsung Dong Ho Premium,Samsung,Dong Ho,2991000,130,San pham chat luong cao,0
P-02821,Samsung Chuot Gaming Sport,Samsung,Chuot Gaming,1168000,352,San pham chat luong cao,0
P-02822,Xiaomi Dong Ho Plus,Xiaomi,Dong Ho,2504000,203,San pham chat luong cao,0
P-02823,Logitech Cap Sac V2,Logitech,Cap Sac,985000,303,San pham chat luong cao,0
P-02824,JBL Ong Nhom Ultra,JBL,Ong Nhom,4244000,126,San pham chat luong cao,0
P-02825,JBL Laptop V2,JBL,Laptop,2194000,497,San pham chat luong cao,0
P-02826,Apple Monitor Classic,Apple,Monitor,2371000,16,San pham chat luong cao,0
P-02827,Logitech Kinh Mat XL,Logitech,Kinh Mat,2915000,137,San pham chat luong cao,0
P-02828,Razer Ong Nhom V2,Razer,Ong Nhom,644000,386,San pham chat luong cao,0
P-02829,Apple Kinh Mat Pro Max,Apple,Kinh Mat,1021000,108,San pham chat luong cao,0
P-02830,Apple Op Lung Sport,Apple,Op Lung,710000,268,San pham chat luong cao,0
P-02831,Samsung May Anh Ultra,Samsung,May Anh,3514000,199,San pham chat luong cao,0
P-02832,Apple May Anh Plus,Apple,May Anh,4205000,124,San pham chat luong cao,0
P-02833,Sony Loa XL,Sony,Loa,2590000,147,San pham chat luong cao,0
P-02834,Samsung Tai Nghe Lite,Samsung,Tai Nghe,1888000,29,San pham chat luong cao,0
P-02835,Apple Quat Mini Sport,Apple,Quat Mini,840000,221,San pham chat luong cao,0
P-02836,Samsung May Anh Pro Max,Samsung,May Anh,3614000,434,San pham chat luong cao,0
P-02837,Anker Tablet V2,Anker,Tablet,4347000,218,San pham chat luong cao,0
P-02838,JBL Ong Nhom Sport,JBL,Ong Nhom,3550000,428,San pham chat luong cao,0
P-02839,HP Kinh Mat Premium,HP,Kinh Mat,3887000,41,San pham chat luong cao,0
P-02840,Asus Chuot Gaming Plus,Asus,Chuot Gaming,2630000,331,San pham chat luong cao,0
P-02841,Sony Monitor V2,Sony,Monitor,299000,143,San pham chat luong cao,0
P-02842,JBL Dong Ho Premium,JBL,Dong Ho,1193000,379,San pham chat luong cao,0
P-02843,Anker Dong Ho Ultra,Anker,Dong Ho,4193000,300,San pham chat luong cao,0
P-02844,Logitech Laptop Sport,Logitech,Laptop,2047000,150,San pham chat luong cao,0
P-02845,HP Laptop Pro Max,HP,Laptop,4770000,198,San pham chat luong cao,0
P-02846,Anker Quat Mini XL,Anker,Quat Mini,3701000,476,San pham chat luong cao,0
P-02847,Sony Tablet Classic,Sony,Tablet,1500000,171,San pham chat luong cao,0
P-02848,HP Loa Classic,HP,Loa,1964000,307,San pham chat luong cao,0
P-02849,Samsung Tablet Lite,Samsung,Tablet,2373000,432,San pham chat luong cao,0
P-02850,Razer Tablet Pro Max,Razer,Tablet,110000,142,San pham chat luong cao,0
P-02851,Xiaomi Ban Phim V2,Xiaomi,Ban Phim,3459000,269,San pham chat luong cao,0
P-02852,Sony Quat Mini Lite,Sony,Quat Mini,4472000,393,San pham chat luong cao,0
P-02853,Apple Quat Mini XL,Apple,Quat Mini,3539000,500,San pham chat luong cao,0
P-02854,JBL Dong Ho Sport,JBL,Dong Ho,594000,136,San pham chat luong cao,0
P-02855,Logitech Kinh Mat Premium,Logitech,Kinh Mat,3853000,74,San pham chat luong cao,0
P-02856,Asus Ong Nhom Plus,Asus,Ong Nhom,2220000,264,San pham chat luong cao,0
P-02857,Sony Balo Classic,Sony,Balo,940000,323,San pham chat luong cao,0
P-02858,Xiaomi Loa Premium,Xiaomi,Loa,943000,153,San pham chat luong cao,0
P-02859,HP Quat Mini Plus,HP,Quat Mini,1436000,52,San pham chat luong cao,0
P-02860,HP Loa V2,HP,Loa,4405000,338,San pham chat luong cao,0
P-02861,Apple Dong Ho Mini,Apple,Dong Ho,4930000,16,San pham chat luong cao,0
P-02862,Razer Monitor Mini,Razer,Monitor,3429000,156,San pham chat luong cao,0
P-02863,Xiaomi USB Hub Mini,Xiaomi,USB Hub,1042000,440,San pham chat luong cao,0
P-02864,Anker Balo Pro Max,Anker,Balo,772000,314,San pham chat luong cao,0
P-02865,HP Kinh Mat Sport,HP,Kinh Mat,4738000,392,San pham chat luong cao,0
P-02866,Razer Ban Phim Sport,Razer,Ban Phim,4567000,299,San pham chat luong cao,0
P-02867,Anker Webcam Pro Max,Anker,Webcam,1144000,82,San pham chat luong cao,0
P-02868,Apple Ong Nhom Lite,Apple,Ong Nhom,1376000,495,San pham chat luong cao,0
P-02869,Xiaomi Kinh Mat Sport,Xiaomi,Kinh Mat,3426000,114,San pham chat luong cao,0
P-02870,HP Tai Nghe Sport,HP,Tai Nghe,1864000,40,San pham chat luong cao,0
P-02871,Logitech Ong Nhom Classic,Logitech,Ong Nhom,2473000,299,San pham chat luong cao,0
P-02872,Anker Ban Phim Ultra,Anker,Ban Phim,51000,123,San pham chat luong cao,0
P-02873,Xiaomi Quat Mini XL,Xiaomi,Quat Mini,4193000,484,San pham chat luong cao,0
P-02874,Anker Monitor Pro Max,Anker,Monitor,480000,269,San pham chat luong cao,0
P-02875,Razer Dong Ho V2,Razer,Dong Ho,2436000,28,San pham chat luong cao,0
P-02876,HP Webcam Premium,HP,Webcam,673000,40,San pham chat luong cao,0
P-02877,HP Balo Premium,HP,Balo,1156000,327,San pham chat luong cao,0
P-02878,Samsung Balo V2,Samsung,Balo,1063000,245,San pham chat luong cao,0
P-02879,Anker Laptop XL,Anker,Laptop,3169000,36,San pham chat luong cao,0
P-02880,JBL Tablet Classic,JBL,Tablet,4307000,42,San pham chat luong cao,0
P-02881,Logitech Cap Sac Mini,Logitech,Cap Sac,4511000,214,San pham chat luong cao,0
P-02882,Logitech Sac Du Phong V2,Logitech,Sac Du Phong,452000,203,San pham chat luong cao,0
P-02883,JBL Tai Nghe XL,JBL,Tai Nghe,1073000,333,San pham chat luong cao,0
P-02884,Razer Webcam Premium,Razer,Webcam,4505000,75,San pham chat luong cao,0
P-02885,Xiaomi Dong Ho Sport,Xiaomi,Dong Ho,2110000,169,San pham chat luong cao,0
P-02886,Apple Op Lung Premium,Apple,Op Lung,667000,235,San pham chat luong cao,0
P-02887,Apple Loa Premium,Apple,Loa,3627000,166,San pham chat luong cao,0
P-02888,HP Quat Mini Plus,HP,Quat Mini,482000,138,San pham chat luong cao,0
P-02889,JBL Tai Nghe V2,JBL,Tai Nghe,2181000,221,San pham chat luong cao,0
P-02890,Asus Tai Nghe Lite,Asus,Tai Nghe,3544000,275,San pham chat luong cao,0
P-02891,HP Sac Du Phong Mini,HP,Sac Du Phong,3706000,448,San pham chat luong cao,0
P-02892,HP Quat Mini Classic,HP,Quat Mini,3344000,216,San pham chat luong cao,0
P-02893,Sony Op Lung Classic,Sony,Op Lung,3829000,198,San pham chat luong cao,0
P-02894,HP Op Lung Plus,HP,Op Lung,2590000,455,San pham chat luong cao,0
P-02895,Asus Loa Lite,Asus,Loa,4907000,422,San pham chat luong cao,0
P-02896,Xiaomi USB Hub Mini,Xiaomi,USB Hub,4406000,250,San pham chat luong cao,0
P-02897,Anker Ong Nhom XL,Anker,Ong Nhom,4661000,78,San pham chat luong cao,0
P-02898,Apple Cap Sac V2,Apple,Cap Sac,4993000,487,San pham chat luong cao,0
P-02899,HP Chuot Gaming V2,HP,Chuot Gaming,3955000,420,San pham chat luong cao,0
P-02900,Apple Cap Sac Mini,Apple,Cap Sac,113000,354,San pham chat luong cao,0
P-02901,Logitech Ban Phim XL,Logitech,Ban Phim,204000,450,San pham chat luong cao,0
P-02902,Sony Dong Ho Ultra,Sony,Dong Ho,3292000,381,San pham chat luong cao,0
P-02903,Anker Balo Sport,Anker,Balo,4672000,452,San pham chat luong cao,0
P-02904,Xiaomi Monitor V2,Xiaomi,Monitor,3274000,396,San pham chat luong cao,0
P-02905,Apple Tai Nghe Sport,Apple,Tai Nghe,4820000,323,San pham chat luong cao,0
P-02906,Sony Sac Du Phong Classic,Sony,Sac Du Phong,1031000,395,San pham chat luong cao,0
P-02907,JBL Giay Mini,JBL,Giay,1098000,229,San pham chat luong cao,0
P-02908,Sony Tablet Lite,Sony,Tablet,2275000,424,San pham chat luong cao,0
P-02909,Xiaomi Ao Thun Pro Max,Xiaomi,Ao Thun,2815000,478,San pham chat luong cao,0
P-02910,Razer Sac Du Phong Classic,Razer,Sac Du Phong,4278000,69,San pham chat luong cao,0
P-02911,Asus Chuot Gaming Premium,Asus,Chuot Gaming,2631000,263,San pham chat luong cao,0
P-02912,JBL Chuot Gaming Classic,JBL,Chuot Gaming,3722000,265,San pham chat luong cao,0
P-02913,Asus Dong Ho Plus,Asus,Dong Ho,1310000,84,San pham chat luong cao,0
P-02914,Xiaomi Kinh Mat Pro Max,Xiaomi,Kinh Mat,2437000,366,San pham chat luong cao,0
P-02915,Sony Webcam Classic,Sony,Webcam,4753000,299,San pham chat luong cao,0
P-02916,Asus Monitor Lite,Asus,Monitor,1638000,65,San pham chat luong cao,0
P-02917,JBL Cap Sac V2,JBL,Cap Sac,3149000,31,San pham chat luong cao,0
P-02918,Razer Giay Premium,Razer,Giay,4267000,236,San pham chat luong cao,0
P-02919,JBL Ao Thun XL,JBL,Ao Thun,2468000,224,San pham chat luong cao,0
P-02920,Xiaomi Tai Nghe Lite,Xiaomi,Tai Nghe,4037000,32,San pham chat luong cao,0
P-02921,JBL USB Hub Ultra,JBL,USB Hub,2151000,35,San pham chat luong cao,0
P-02922,Sony Loa Ultra,Sony,Loa,351000,213,San pham chat luong cao,0
P-02923,Sony USB Hub Lite,Sony,USB Hub,3182000,122,San pham chat luong cao,0
P-02924,JBL Tablet XL,JBL,Tablet,2930000,205,San pham chat luong cao,0
P-02925,Razer Chuot Gaming XL,Razer,Chuot Gaming,3354000,79,San pham chat luong cao,0
P-02926,Apple Loa Ultra,Apple,Loa,2832000,346,San pham chat luong cao,0
P-02927,Anker Balo Classic,Anker,Balo,2334000,380,San pham chat luong cao,0
P-02928,Sony Ao Thun Pro Max,Sony,Ao Thun,4891000,50,San pham chat luong cao,0
P-02929,Razer Ao Thun Plus,Razer,Ao Thun,1653000,481,San pham chat luong cao,0
P-02930,JBL Op Lung Sport,JBL,Op Lung,690000,41,San pham chat luong cao,0
P-02931,Samsung Kinh Mat Lite,Samsung,Kinh Mat,2661000,359,San pham chat luong cao,0
P-02932,Xiaomi Ao Thun Lite,Xiaomi,Ao Thun,3176000,54,San pham chat luong cao,0
P-02933,Asus Tai Nghe Pro Max,Asus,Tai Nghe,1766000,179,San pham chat luong cao,0
P-02934,Apple Webcam Plus,Apple,Webcam,1577000,287,San pham chat luong cao,0
P-02935,Samsung Balo Lite,Samsung,Balo,347000,466,San pham chat luong cao,0
P-02936,Razer Ban Phim Mini,Razer,Ban Phim,882000,17,San pham chat luong cao,0
P-02937,Samsung Chuot Gaming Ultra,Samsung,Chuot Gaming,302000,53,San pham chat luong cao,0
P-02938,Samsung Balo XL,Samsung,Balo,2961000,403,San pham chat luong cao,0
P-02939,HP Cap Sac Sport,HP,Cap Sac,2746000,133,San pham chat luong cao,0
P-02940,Logitech Kinh Mat Classic,Logitech,Kinh Mat,4749000,148,San pham chat luong cao,0
P-02941,Xiaomi Loa Lite,Xiaomi,Loa,4273000,473,San pham chat luong cao,0
P-02942,Xiaomi USB Hub V2,Xiaomi,USB Hub,2683000,232,San pham chat luong cao,0
P-02943,Sony Quat Mini Lite,Sony,Quat Mini,2016000,334,San pham chat luong cao,0
P-02944,Samsung Ban Phim XL,Samsung,Ban Phim,4509000,44,San pham chat luong cao,0
P-02945,Xiaomi Laptop Ultra,Xiaomi,Laptop,4863000,190,San pham chat luong cao,0
P-02946,Apple Laptop XL,Apple,Laptop,4033000,352,San pham chat luong cao,0
P-02947,Asus Ban Phim Premium,Asus,Ban Phim,3506000,323,San pham chat luong cao,0
P-02948,Logitech Giay XL,Logitech,Giay,1400000,404,San pham chat luong cao,0
P-02949,Sony Cap Sac Ultra,Sony,Cap Sac,4417000,264,San pham chat luong cao,0
P-02950,Apple Monitor Ultra,Apple,Monitor,4380000,443,San pham chat luong cao,0
P-02951,Anker Kinh Mat Plus,Anker,Kinh Mat,4301000,411,San pham chat luong cao,0
P-02952,Sony Ao Thun Lite,Sony,Ao Thun,4477000,316,San pham chat luong cao,0
P-02953,Xiaomi USB Hub Sport,Xiaomi,USB Hub,2108000,100,San pham chat luong cao,0
P-02954,Apple Loa Ultra,Apple,Loa,2670000,472,San pham chat luong cao,0
P-02955,Sony Ong Nhom Classic,Sony,Ong Nhom,544000,35,San pham chat luong cao,0
P-02956,JBL Kinh Mat Pro Max,JBL,Kinh Mat,2817000,125,San pham chat luong cao,0
P-02957,Logitech USB Hub XL,Logitech,USB Hub,867000,481,San pham chat luong cao,0
P-02958,Sony May Anh Mini,Sony,May Anh,4053000,428,San pham chat luong cao,0
P-02959,Logitech Ao Thun Plus,Logitech,Ao Thun,2231000,80,San pham chat luong cao,0
P-02960,Sony Sac Du Phong Ultra,Sony,Sac Du Phong,292000,490,San pham chat luong cao,0
P-02961,JBL Sac Du Phong Pro Max,JBL,Sac Du Phong,4509000,333,San pham chat luong cao,0
P-02962,Asus Cap Sac Lite,Asus,Cap Sac,2548000,236,San pham chat luong cao,0
P-02963,Anker Giay Mini,Anker,Giay,143000,466,San pham chat luong cao,0
P-02964,Asus Kinh Mat Ultra,Asus,Kinh Mat,4786000,106,San pham chat luong cao,0
P-02965,Samsung Loa Pro Max,Samsung,Loa,1127000,73,San pham chat luong cao,0
P-02966,Apple Op Lung Plus,Apple,Op Lung,4166000,436,San pham chat luong cao,0
P-02967,Razer USB Hub V2,Razer,USB Hub,243000,260,San pham chat luong cao,0
P-02968,Asus Kinh Mat XL,Asus,Kinh Mat,1663000,64,San pham chat luong cao,0
P-02969,Samsung Giay Classic,Samsung,Giay,815000,214,San pham chat luong cao,0
P-02970,JBL Dong Ho Plus,JBL,Dong Ho,2391000,180,San pham chat luong cao,0
P-02971,Sony Cap Sac Plus,Sony,Cap Sac,1795000,91,San pham chat luong cao,0
P-02972,Logitech Sac Du Phong Ultra,Logitech,Sac Du Phong,2396000,249,San pham chat luong cao,0
P-02973,HP Dong Ho Mini,HP,Dong Ho,2641000,119,San pham chat luong cao,0
P-02974,HP May Anh Plus,HP,May Anh,3163000,79,San pham chat luong cao,0
P-02975,Samsung Cap Sac Classic,Samsung,Cap Sac,1800000,94,San pham chat luong cao,0
P-02976,Sony May Anh Sport,Sony,May Anh,231000,186,San pham chat luong cao,0
P-02977,Anker Laptop Lite,Anker,Laptop,2776000,311,San pham chat luong cao,0
P-02978,Samsung Ao Thun Lite,Samsung,Ao Thun,3012000,414,San pham chat luong cao,0
P-02979,HP Ban Phim Sport,HP,Ban Phim,3594000,238,San pham chat luong cao,0
P-02980,Anker Chuot Gaming Sport,Anker,Chuot Gaming,4723000,58,San pham chat luong cao,0
P-02981,Sony May Anh XL,Sony,May Anh,4137000,314,San pham chat luong cao,0
P-02982,Logitech Giay Pro Max,Logitech,Giay,3900000,497,San pham chat luong cao,0
P-02983,Asus Giay Lite,Asus,Giay,4469000,418,San pham chat luong cao,0
P-02984,JBL May Anh Premium,JBL,May Anh,235000,449,San pham chat luong cao,0
P-02985,Logitech Laptop Classic,Logitech,Laptop,825000,313,San pham chat luong cao,0
P-02986,Logitech Laptop Premium,Logitech,Laptop,3191000,484,San pham chat luong cao,0
P-02987,Asus Monitor Plus,Asus,Monitor,4424000,25,San pham chat luong cao,0
P-02988,Asus Ban Phim Sport,Asus,Ban Phim,3859000,304,San pham chat luong cao,0
P-02989,HP Cap Sac Sport,HP,Cap Sac,4971000,232,San pham chat luong cao,0
P-02990,Anker Ao Thun Plus,Anker,Ao Thun,4901000,247,San pham chat luong cao,0
P-02991,Logitech Quat Mini V2,Logitech,Quat Mini,508000,459,San pham chat luong cao,0
P-02992,Samsung Laptop Mini,Samsung,Laptop,439000,265,San pham chat luong cao,0
P-02993,HP Ong Nhom XL,HP,Ong Nhom,3512000,489,San pham chat luong cao,0
P-02994,Anker Op Lung Classic,Anker,Op Lung,4500000,28,San pham chat luong cao,0
P-02995,Samsung Loa Lite,Samsung,Loa,753000,73,San pham chat luong cao,0
P-02996,Razer Sac Du Phong Premium,Razer,Sac Du Phong,2754000,20,San pham chat luong cao,0
P-02997,Anker May Anh Lite,Anker,May Anh,4686000,407,San pham chat luong cao,0
P-02998,Samsung Laptop Premium,Samsung,Laptop,596000,408,San pham chat luong cao,0
P-02999,Asus Ong Nhom Ultra,Asus,Ong Nhom,1537000,293,San pham chat luong cao,0
P-03000,Xiaomi Laptop XL,Xiaomi,Laptop,1411000,75,San pham chat luong cao,0
P-03001,Apple Cap Sac Classic,Apple,Cap Sac,1405000,356,San pham chat luong cao,0
P-03002,Asus Giay Classic,Asus,Giay,2570000,98,San pham chat luong cao,0
P-03003,Sony Sac Du Phong Mini,Sony,Sac Du Phong,4349000,363,San pham chat luong cao,0
P-03004,Apple May Anh Pro Max,Apple,May Anh,4998000,260,San pham chat luong cao,0
P-03005,HP Dong Ho Lite,HP,Dong Ho,153000,41,San pham chat luong cao,0
P-03006,JBL Giay V2,JBL,Giay,723000,122,San pham chat luong cao,0
P-03007,JBL Quat Mini Lite,JBL,Quat Mini,3312000,122,San pham chat luong cao,0
P-03008,Asus Op Lung Classic,Asus,Op Lung,4669000,20,San pham chat luong cao,0
P-03009,JBL Giay Plus,JBL,Giay,2487000,215,San pham chat luong cao,0
P-03010,Apple Cap Sac Ultra,Apple,Cap Sac,2977000,191,San pham chat luong cao,0
P-03011,HP Balo XL,HP,Balo,248000,103,San pham chat luong cao,0
P-03012,Razer Sac Du Phong Ultra,Razer,Sac Du Phong,4611000,261,San pham chat luong cao,0
P-03013,HP Ban Phim Ultra,HP,Ban Phim,2706000,179,San pham chat luong cao,0
P-03014,Xiaomi USB Hub Mini,Xiaomi,USB Hub,3527000,256,San pham chat luong cao,0
P-03015,JBL Balo Ultra,JBL,Balo,539000,106,San pham chat luong cao,0
P-03016,Anker USB Hub Premium,Anker,USB Hub,1337000,273,San pham chat luong cao,0
P-03017,Sony Op Lung Classic,Sony,Op Lung,3640000,102,San pham chat luong cao,0
P-03018,Anker May Anh XL,Anker,May Anh,395000,288,San pham chat luong cao,0
P-03019,Sony Kinh Mat Sport,Sony,Kinh Mat,3041000,132,San pham chat luong cao,0
P-03020,Apple Laptop XL,Apple,Laptop,1482000,89,San pham chat luong cao,0
P-03021,Razer Ao Thun Premium,Razer,Ao Thun,4313000,382,San pham chat luong cao,0
P-03022,Logitech Laptop Lite,Logitech,Laptop,3362000,468,San pham chat luong cao,0
P-03023,Razer Tai Nghe Lite,Razer,Tai Nghe,3983000,104,San pham chat luong cao,0
P-03024,Sony Tablet Premium,Sony,Tablet,2303000,387,San pham chat luong cao,0
P-03025,Xiaomi Tablet XL,Xiaomi,Tablet,2094000,443,San pham chat luong cao,0
P-03026,Asus Monitor Sport,Asus,Monitor,905000,254,San pham chat luong cao,0
P-03027,Xiaomi Ban Phim Pro Max,Xiaomi,Ban Phim,4819000,241,San pham chat luong cao,0
P-03028,Logitech Tai Nghe Classic,Logitech,Tai Nghe,146000,317,San pham chat luong cao,0
P-03029,Asus Webcam XL,Asus,Webcam,2228000,323,San pham chat luong cao,0
P-03030,HP Laptop Classic,HP,Laptop,2024000,472,San pham chat luong cao,0
P-03031,Xiaomi Dong Ho Pro Max,Xiaomi,Dong Ho,1083000,129,San pham chat luong cao,0
P-03032,Logitech May Anh Pro Max,Logitech,May Anh,2725000,452,San pham chat luong cao,0
P-03033,JBL Laptop Lite,JBL,Laptop,2158000,196,San pham chat luong cao,0
P-03034,Asus USB Hub Premium,Asus,USB Hub,2469000,239,San pham chat luong cao,0
P-03035,Samsung Webcam Ultra,Samsung,Webcam,1562000,180,San pham chat luong cao,0
P-03036,HP Tablet V2,HP,Tablet,1579000,58,San pham chat luong cao,0
P-03037,Logitech Laptop Pro Max,Logitech,Laptop,815000,349,San pham chat luong cao,0
P-03038,Sony Tai Nghe Plus,Sony,Tai Nghe,3539000,423,San pham chat luong cao,0
P-03039,Samsung Webcam Plus,Samsung,Webcam,3083000,18,San pham chat luong cao,0
P-03040,Anker Monitor V2,Anker,Monitor,853000,369,San pham chat luong cao,0
P-03041,Asus Dong Ho Ultra,Asus,Dong Ho,956000,141,San pham chat luong cao,0
P-03042,Samsung Sac Du Phong XL,Samsung,Sac Du Phong,940000,431,San pham chat luong cao,0
P-03043,Samsung Ong Nhom Lite,Samsung,Ong Nhom,4935000,260,San pham chat luong cao,0
P-03044,Apple Kinh Mat Ultra,Apple,Kinh Mat,1492000,344,San pham chat luong cao,0
P-03045,JBL Tablet Mini,JBL,Tablet,1080000,461,San pham chat luong cao,0
P-03046,Apple Webcam XL,Apple,Webcam,3398000,117,San pham chat luong cao,0
P-03047,Xiaomi May Anh Mini,Xiaomi,May Anh,2447000,256,San pham chat luong cao,0
P-03048,JBL Ong Nhom Premium,JBL,Ong Nhom,4786000,260,San pham chat luong cao,0
P-03049,Asus Ong Nhom Lite,Asus,Ong Nhom,698000,193,San pham chat luong cao,0
P-03050,Xiaomi Ao Thun Sport,Xiaomi,Ao Thun,3939000,278,San pham chat luong cao,0
P-03051,Samsung Laptop Premium,Samsung,Laptop,1474000,369,San pham chat luong cao,0
P-03052,Razer USB Hub Premium,Razer,USB Hub,2004000,312,San pham chat luong cao,0
P-03053,Xiaomi Sac Du Phong Mini,Xiaomi,Sac Du Phong,2877000,98,San pham chat luong cao,0
P-03054,Asus Webcam Pro Max,Asus,Webcam,3165000,378,San pham chat luong cao,0
P-03055,Xiaomi Quat Mini Ultra,Xiaomi,Quat Mini,3843000,81,San pham chat luong cao,0
P-03056,Anker Laptop Lite,Anker,Laptop,2434000,310,San pham chat luong cao,0
P-03057,HP May Anh Premium,HP,May Anh,4557000,32,San pham chat luong cao,0
P-03058,Apple Op Lung Plus,Apple,Op Lung,4114000,415,San pham chat luong cao,0
P-03059,JBL Tablet Pro Max,JBL,Tablet,4371000,127,San pham chat luong cao,0
P-03060,Asus Loa V2,Asus,Loa,4129000,227,San pham chat luong cao,0
P-03061,Logitech Ong Nhom Classic,Logitech,Ong Nhom,2170000,265,San pham chat luong cao,0
P-03062,JBL Monitor V2,JBL,Monitor,80000,376,San pham chat luong cao,0
P-03063,Razer Op Lung Mini,Razer,Op Lung,3899000,353,San pham chat luong cao,0
P-03064,Razer Quat Mini Plus,Razer,Quat Mini,4033000,474,San pham chat luong cao,0
P-03065,Razer Ong Nhom XL,Razer,Ong Nhom,1179000,267,San pham chat luong cao,0
P-03066,HP Tablet Sport,HP,Tablet,1867000,152,San pham chat luong cao,0
P-03067,Sony Kinh Mat Lite,Sony,Kinh Mat,452000,219,San pham chat luong cao,0
P-03068,HP Ao Thun Plus,HP,Ao Thun,1092000,359,San pham chat luong cao,0
P-03069,Xiaomi Chuot Gaming Sport,Xiaomi,Chuot Gaming,664000,247,San pham chat luong cao,0
P-03070,Logitech USB Hub Ultra,Logitech,USB Hub,3527000,163,San pham chat luong cao,0
P-03071,Apple May Anh Mini,Apple,May Anh,2897000,194,San pham chat luong cao,0
P-03072,Samsung May Anh Premium,Samsung,May Anh,2031000,132,San pham chat luong cao,0
P-03073,Logitech Tai Nghe XL,Logitech,Tai Nghe,4962000,207,San pham chat luong cao,0
P-03074,Logitech Balo Plus,Logitech,Balo,2829000,384,San pham chat luong cao,0
P-03075,JBL Giay Plus,JBL,Giay,4797000,252,San pham chat luong cao,0
P-03076,Sony Ong Nhom XL,Sony,Ong Nhom,3950000,352,San pham chat luong cao,0
P-03077,Anker Balo Mini,Anker,Balo,2473000,349,San pham chat luong cao,0
P-03078,Logitech Monitor V2,Logitech,Monitor,813000,169,San pham chat luong cao,0
P-03079,Logitech Balo Sport,Logitech,Balo,4896000,38,San pham chat luong cao,0
P-03080,Apple Loa Plus,Apple,Loa,3669000,162,San pham chat luong cao,0
P-03081,Sony Ong Nhom XL,Sony,Ong Nhom,1731000,217,San pham chat luong cao,0
P-03082,Sony Ong Nhom V2,Sony,Ong Nhom,3523000,163,San pham chat luong cao,0
P-03083,HP Tablet Classic,HP,Tablet,4203000,311,San pham chat luong cao,0
P-03084,Asus Giay XL,Asus,Giay,2058000,242,San pham chat luong cao,0
P-03085,Asus Ong Nhom Lite,Asus,Ong Nhom,1507000,290,San pham chat luong cao,0
P-03086,Apple Kinh Mat Plus,Apple,Kinh Mat,1388000,323,San pham chat luong cao,0
P-03087,HP Ong Nhom Pro Max,HP,Ong Nhom,4898000,83,San pham chat luong cao,0
P-03088,Razer Balo Classic,Razer,Balo,4371000,89,San pham chat luong cao,0
P-03089,Asus May Anh Mini,Asus,May Anh,2566000,261,San pham chat luong cao,0
P-03090,JBL May Anh Premium,JBL,May Anh,3116000,338,San pham chat luong cao,0
P-03091,Razer Op Lung Sport,Razer,Op Lung,4217000,345,San pham chat luong cao,0
P-03092,Sony Cap Sac Plus,Sony,Cap Sac,3336000,380,San pham chat luong cao,0
P-03093,JBL Cap Sac XL,JBL,Cap Sac,3803000,272,San pham chat luong cao,0
P-03094,Xiaomi Tablet Premium,Xiaomi,Tablet,2494000,418,San pham chat luong cao,0
P-03095,Apple Tablet Mini,Apple,Tablet,1694000,69,San pham chat luong cao,0
P-03096,Apple Kinh Mat Mini,Apple,Kinh Mat,1606000,436,San pham chat luong cao,0
P-03097,Samsung Monitor V2,Samsung,Monitor,1862000,126,San pham chat luong cao,0
P-03098,Samsung May Anh Pro Max,Samsung,May Anh,1702000,315,San pham chat luong cao,0
P-03099,Sony Ao Thun Plus,Sony,Ao Thun,2872000,118,San pham chat luong cao,0
P-03100,Razer Sac Du Phong Premium,Razer,Sac Du Phong,1229000,21,San pham chat luong cao,0
P-03101,Apple Cap Sac Sport,Apple,Cap Sac,2790000,247,San pham chat luong cao,0
P-03102,JBL Cap Sac Plus,JBL,Cap Sac,809000,63,San pham chat luong cao,0
P-03103,Logitech Laptop Ultra,Logitech,Laptop,4651000,347,San pham chat luong cao,0
P-03104,Asus Giay Classic,Asus,Giay,3328000,110,San pham chat luong cao,0
P-03105,Asus Cap Sac Pro Max,Asus,Cap Sac,3706000,496,San pham chat luong cao,0
P-03106,Logitech Loa Sport,Logitech,Loa,3130000,132,San pham chat luong cao,0
P-03107,Razer USB Hub Mini,Razer,USB Hub,875000,42,San pham chat luong cao,0
P-03108,Samsung USB Hub Lite,Samsung,USB Hub,2701000,290,San pham chat luong cao,0
P-03109,HP Sac Du Phong Classic,HP,Sac Du Phong,3431000,42,San pham chat luong cao,0
P-03110,Samsung Dong Ho Plus,Samsung,Dong Ho,4408000,347,San pham chat luong cao,0
P-03111,Samsung Webcam V2,Samsung,Webcam,1028000,462,San pham chat luong cao,0
P-03112,Logitech Kinh Mat Plus,Logitech,Kinh Mat,854000,300,San pham chat luong cao,0
P-03113,Apple Laptop Premium,Apple,Laptop,4810000,295,San pham chat luong cao,0
P-03114,Samsung Op Lung Lite,Samsung,Op Lung,4409000,252,San pham chat luong cao,0
P-03115,Xiaomi Webcam V2,Xiaomi,Webcam,4367000,34,San pham chat luong cao,0
P-03116,Logitech Ban Phim Classic,Logitech,Ban Phim,4685000,471,San pham chat luong cao,0
P-03117,Logitech Giay Plus,Logitech,Giay,1989000,388,San pham chat luong cao,0
P-03118,Xiaomi Chuot Gaming Lite,Xiaomi,Chuot Gaming,1345000,17,San pham chat luong cao,0
P-03119,Sony Webcam Premium,Sony,Webcam,4883000,368,San pham chat luong cao,0
P-03120,Xiaomi Quat Mini Premium,Xiaomi,Quat Mini,2368000,287,San pham chat luong cao,0
P-03121,Samsung Ban Phim XL,Samsung,Ban Phim,512000,294,San pham chat luong cao,0
P-03122,Razer Tablet Sport,Razer,Tablet,2146000,362,San pham chat luong cao,0
P-03123,Sony Loa Ultra,Sony,Loa,4129000,455,San pham chat luong cao,0
P-03124,Apple Kinh Mat V2,Apple,Kinh Mat,845000,343,San pham chat luong cao,0
P-03125,Logitech Loa Premium,Logitech,Loa,3752000,274,San pham chat luong cao,0
P-03126,Asus Sac Du Phong Plus,Asus,Sac Du Phong,3341000,360,San pham chat luong cao,0
P-03127,Razer Tai Nghe Classic,Razer,Tai Nghe,1933000,33,San pham chat luong cao,0
P-03128,Razer Kinh Mat Premium,Razer,Kinh Mat,379000,252,San pham chat luong cao,0
P-03129,Razer Tablet Ultra,Razer,Tablet,338000,264,San pham chat luong cao,0
P-03130,JBL Dong Ho Classic,JBL,Dong Ho,4721000,216,San pham chat luong cao,0
P-03131,Samsung Sac Du Phong Premium,Samsung,Sac Du Phong,1576000,119,San pham chat luong cao,0
P-03132,Samsung Tablet XL,Samsung,Tablet,755000,169,San pham chat luong cao,0
P-03133,Asus Ban Phim Sport,Asus,Ban Phim,4986000,339,San pham chat luong cao,0
P-03134,HP Ao Thun XL,HP,Ao Thun,4307000,51,San pham chat luong cao,0
P-03135,Sony Monitor Lite,Sony,Monitor,291000,195,San pham chat luong cao,0
P-03136,Asus Webcam Sport,Asus,Webcam,1154000,116,San pham chat luong cao,0
P-03137,Asus Op Lung Plus,Asus,Op Lung,92000,471,San pham chat luong cao,0
P-03138,Anker Monitor XL,Anker,Monitor,4984000,425,San pham chat luong cao,0
P-03139,Logitech Ong Nhom Classic,Logitech,Ong Nhom,2040000,11,San pham chat luong cao,0
P-03140,Logitech May Anh Pro Max,Logitech,May Anh,3890000,52,San pham chat luong cao,0
P-03141,Logitech Sac Du Phong Pro Max,Logitech,Sac Du Phong,4719000,312,San pham chat luong cao,0
P-03142,JBL Balo XL,JBL,Balo,410000,399,San pham chat luong cao,0
P-03143,Sony Laptop Pro Max,Sony,Laptop,135000,385,San pham chat luong cao,0
P-03144,Anker Balo Plus,Anker,Balo,4211000,266,San pham chat luong cao,0
P-03145,Apple Sac Du Phong XL,Apple,Sac Du Phong,1490000,338,San pham chat luong cao,0
P-03146,Razer Webcam Mini,Razer,Webcam,2380000,178,San pham chat luong cao,0
P-03147,JBL May Anh Pro Max,JBL,May Anh,379000,197,San pham chat luong cao,0
P-03148,Anker Cap Sac Sport,Anker,Cap Sac,488000,28,San pham chat luong cao,0
P-03149,Apple Laptop Ultra,Apple,Laptop,2647000,477,San pham chat luong cao,0
P-03150,HP Chuot Gaming Pro Max,HP,Chuot Gaming,1744000,77,San pham chat luong cao,0
P-03151,Apple Giay Premium,Apple,Giay,115000,190,San pham chat luong cao,0
P-03152,Xiaomi Laptop Sport,Xiaomi,Laptop,3993000,284,San pham chat luong cao,0
P-03153,Asus Loa Pro Max,Asus,Loa,174000,437,San pham chat luong cao,0
P-03154,Apple Kinh Mat Mini,Apple,Kinh Mat,106000,478,San pham chat luong cao,0
P-03155,JBL Webcam Lite,JBL,Webcam,2830000,117,San pham chat luong cao,0
P-03156,JBL Laptop Classic,JBL,Laptop,4570000,300,San pham chat luong cao,0
P-03157,Apple Tablet Lite,Apple,Tablet,3747000,97,San pham chat luong cao,0
P-03158,JBL Laptop Plus,JBL,Laptop,3292000,225,San pham chat luong cao,0
P-03159,Sony May Anh XL,Sony,May Anh,819000,148,San pham chat luong cao,0
P-03160,Razer Tablet Ultra,Razer,Tablet,2829000,293,San pham chat luong cao,0
P-03161,Razer Cap Sac XL,Razer,Cap Sac,1308000,71,San pham chat luong cao,0
P-03162,Razer Sac Du Phong Classic,Razer,Sac Du Phong,3180000,65,San pham chat luong cao,0
P-03163,JBL Op Lung Premium,JBL,Op Lung,2224000,377,San pham chat luong cao,0
P-03164,Anker Op Lung Plus,Anker,Op Lung,1288000,463,San pham chat luong cao,0
P-03165,Apple Monitor Plus,Apple,Monitor,4215000,367,San pham chat luong cao,0
P-03166,Asus Balo Mini,Asus,Balo,751000,289,San pham chat luong cao,0
P-03167,Razer May Anh V2,Razer,May Anh,2065000,257,San pham chat luong cao,0
P-03168,Razer May Anh Lite,Razer,May Anh,545000,480,San pham chat luong cao,0
P-03169,JBL Ao Thun Classic,JBL,Ao Thun,2916000,141,San pham chat luong cao,0
P-03170,Samsung Dong Ho XL,Samsung,Dong Ho,2230000,398,San pham chat luong cao,0
P-03171,Asus May Anh V2,Asus,May Anh,3596000,454,San pham chat luong cao,0
P-03172,Samsung May Anh Pro Max,Samsung,May Anh,3887000,297,San pham chat luong cao,0
P-03173,Logitech Chuot Gaming Plus,Logitech,Chuot Gaming,4595000,22,San pham chat luong cao,0
P-03174,Xiaomi Ao Thun Lite,Xiaomi,Ao Thun,916000,416,San pham chat luong cao,0
P-03175,Logitech Webcam Plus,Logitech,Webcam,3556000,426,San pham chat luong cao,0
P-03176,Razer Monitor Premium,Razer,Monitor,294000,163,San pham chat luong cao,0
P-03177,Apple USB Hub Plus,Apple,USB Hub,4965000,401,San pham chat luong cao,0
P-03178,Logitech Ong Nhom Sport,Logitech,Ong Nhom,2384000,85,San pham chat luong cao,0
P-03179,Sony Giay Ultra,Sony,Giay,1036000,184,San pham chat luong cao,0
P-03180,JBL Quat Mini Sport,JBL,Quat Mini,3951000,327,San pham chat luong cao,0
P-03181,Apple Tablet Sport,Apple,Tablet,1892000,87,San pham chat luong cao,0
P-03182,Logitech Balo XL,Logitech,Balo,1154000,141,San pham chat luong cao,0
P-03183,Apple May Anh Premium,Apple,May Anh,2577000,339,San pham chat luong cao,0
P-03184,Apple Ao Thun Sport,Apple,Ao Thun,88000,193,San pham chat luong cao,0
P-03185,Apple Op Lung Plus,Apple,Op Lung,2058000,500,San pham chat luong cao,0
P-03186,Asus Cap Sac XL,Asus,Cap Sac,370000,114,San pham chat luong cao,0
P-03187,Anker Balo Mini,Anker,Balo,2032000,315,San pham chat luong cao,0
P-03188,JBL Op Lung Lite,JBL,Op Lung,3076000,436,San pham chat luong cao,0
P-03189,Razer Giay Pro Max,Razer,Giay,3311000,455,San pham chat luong cao,0
P-03190,Sony Cap Sac Lite,Sony,Cap Sac,4810000,180,San pham chat luong cao,0
P-03191,Samsung Dong Ho Premium,Samsung,Dong Ho,65000,305,San pham chat luong cao,0
P-03192,Sony May Anh Classic,Sony,May Anh,3070000,130,San pham chat luong cao,0
P-03193,JBL May Anh V2,JBL,May Anh,2177000,456,San pham chat luong cao,0
P-03194,Logitech Sac Du Phong Plus,Logitech,Sac Du Phong,2224000,346,San pham chat luong cao,0
P-03195,Razer Sac Du Phong Sport,Razer,Sac Du Phong,2485000,25,San pham chat luong cao,0
P-03196,HP Cap Sac V2,HP,Cap Sac,484000,237,San pham chat luong cao,0
P-03197,HP Laptop Ultra,HP,Laptop,2647000,283,San pham chat luong cao,0
P-03198,Razer Tablet Mini,Razer,Tablet,3948000,339,San pham chat luong cao,0
P-03199,HP Cap Sac Mini,HP,Cap Sac,994000,221,San pham chat luong cao,0
P-03200,Logitech Giay V2,Logitech,Giay,4679000,261,San pham chat luong cao,0
P-03201,Logitech Laptop Ultra,Logitech,Laptop,3894000,367,San pham chat luong cao,0
P-03202,Samsung Webcam Ultra,Samsung,Webcam,4371000,497,San pham chat luong cao,0
P-03203,Anker USB Hub Plus,Anker,USB Hub,1285000,287,San pham chat luong cao,0
P-03204,Logitech Sac Du Phong Pro Max,Logitech,Sac Du Phong,4187000,451,San pham chat luong cao,0
P-03205,Anker Chuot Gaming Sport,Anker,Chuot Gaming,2529000,470,San pham chat luong cao,0
P-03206,Logitech Ong Nhom Mini,Logitech,Ong Nhom,1821000,331,San pham chat luong cao,0
P-03207,Xiaomi Webcam Premium,Xiaomi,Webcam,2822000,120,San pham chat luong cao,0
P-03208,Razer Tablet Mini,Razer,Tablet,3711000,147,San pham chat luong cao,0
P-03209,Sony Loa Premium,Sony,Loa,1004000,302,San pham chat luong cao,0
P-03210,Sony Kinh Mat V2,Sony,Kinh Mat,740000,430,San pham chat luong cao,0
P-03211,Anker Quat Mini Pro Max,Anker,Quat Mini,1264000,139,San pham chat luong cao,0
P-03212,Razer Webcam XL,Razer,Webcam,2497000,47,San pham chat luong cao,0
P-03213,Apple Laptop Classic,Apple,Laptop,4930000,122,San pham chat luong cao,0
P-03214,Xiaomi Kinh Mat XL,Xiaomi,Kinh Mat,3814000,242,San pham chat luong cao,0
P-03215,HP Quat Mini Plus,HP,Quat Mini,4185000,227,San pham chat luong cao,0
P-03216,Xiaomi Loa Plus,Xiaomi,Loa,1692000,147,San pham chat luong cao,0
P-03217,HP Sac Du Phong Lite,HP,Sac Du Phong,3183000,333,San pham chat luong cao,0
P-03218,Logitech Ong Nhom Plus,Logitech,Ong Nhom,98000,20,San pham chat luong cao,0
P-03219,JBL Laptop Plus,JBL,Laptop,4803000,466,San pham chat luong cao,0
P-03220,Logitech Ong Nhom Pro Max,Logitech,Ong Nhom,3312000,83,San pham chat luong cao,0
P-03221,Xiaomi Sac Du Phong XL,Xiaomi,Sac Du Phong,67000,89,San pham chat luong cao,0
P-03222,Anker Ao Thun Sport,Anker,Ao Thun,4016000,467,San pham chat luong cao,0
P-03223,Sony Webcam Pro Max,Sony,Webcam,954000,177,San pham chat luong cao,0
P-03224,Sony Loa Sport,Sony,Loa,583000,322,San pham chat luong cao,0
P-03225,Sony Loa Plus,Sony,Loa,4367000,221,San pham chat luong cao,0
P-03226,Xiaomi Monitor Sport,Xiaomi,Monitor,2415000,34,San pham chat luong cao,0
P-03227,Asus Webcam Plus,Asus,Webcam,4755000,288,San pham chat luong cao,0
P-03228,Razer Chuot Gaming Classic,Razer,Chuot Gaming,1824000,354,San pham chat luong cao,0
P-03229,Xiaomi Quat Mini Premium,Xiaomi,Quat Mini,102000,456,San pham chat luong cao,0
P-03230,JBL Cap Sac Lite,JBL,Cap Sac,175000,242,San pham chat luong cao,0
P-03231,Logitech USB Hub Mini,Logitech,USB Hub,4542000,372,San pham chat luong cao,0
P-03232,Razer Tai Nghe Classic,Razer,Tai Nghe,1745000,32,San pham chat luong cao,0
P-03233,Samsung Cap Sac XL,Samsung,Cap Sac,2612000,100,San pham chat luong cao,0
P-03234,Xiaomi USB Hub Sport,Xiaomi,USB Hub,1767000,237,San pham chat luong cao,0
P-03235,Anker Ban Phim Lite,Anker,Ban Phim,4025000,238,San pham chat luong cao,0
P-03236,Razer Tai Nghe Classic,Razer,Tai Nghe,2098000,284,San pham chat luong cao,0
P-03237,Razer Sac Du Phong Premium,Razer,Sac Du Phong,738000,214,San pham chat luong cao,0
P-03238,Xiaomi Ban Phim V2,Xiaomi,Ban Phim,4594000,191,San pham chat luong cao,0
P-03239,Samsung Monitor Classic,Samsung,Monitor,4815000,242,San pham chat luong cao,0
P-03240,Razer Webcam Classic,Razer,Webcam,3641000,222,San pham chat luong cao,0
P-03241,Logitech Ban Phim Plus,Logitech,Ban Phim,4353000,373,San pham chat luong cao,0
P-03242,Sony Quat Mini Premium,Sony,Quat Mini,2073000,107,San pham chat luong cao,0
P-03243,Apple Ban Phim Ultra,Apple,Ban Phim,928000,400,San pham chat luong cao,0
P-03244,Anker Giay Pro Max,Anker,Giay,4881000,43,San pham chat luong cao,0
P-03245,Sony Op Lung Lite,Sony,Op Lung,2332000,44,San pham chat luong cao,0
P-03246,Sony Monitor Mini,Sony,Monitor,359000,468,San pham chat luong cao,0
P-03247,Razer Quat Mini Lite,Razer,Quat Mini,898000,81,San pham chat luong cao,0
P-03248,Apple Laptop Lite,Apple,Laptop,472000,19,San pham chat luong cao,0
P-03249,Sony Ao Thun Ultra,Sony,Ao Thun,1823000,360,San pham chat luong cao,0
P-03250,Sony Ong Nhom Ultra,Sony,Ong Nhom,1397000,316,San pham chat luong cao,0
P-03251,Apple Laptop Pro Max,Apple,Laptop,3515000,270,San pham chat luong cao,0
P-03252,JBL Giay Mini,JBL,Giay,3049000,325,San pham chat luong cao,0
P-03253,Asus Balo Mini,Asus,Balo,3972000,276,San pham chat luong cao,0
P-03254,HP May Anh XL,HP,May Anh,2806000,101,San pham chat luong cao,0
P-03255,JBL Giay Mini,JBL,Giay,4840000,129,San pham chat luong cao,0
P-03256,Razer Webcam Sport,Razer,Webcam,4688000,316,San pham chat luong cao,0
P-03257,Xiaomi Monitor Lite,Xiaomi,Monitor,1697000,120,San pham chat luong cao,0
P-03258,Logitech USB Hub Ultra,Logitech,USB Hub,2012000,245,San pham chat luong cao,0
P-03259,Logitech Laptop XL,Logitech,Laptop,2302000,284,San pham chat luong cao,0
P-03260,Anker May Anh Plus,Anker,May Anh,3345000,346,San pham chat luong cao,0
P-03261,Samsung Sac Du Phong Plus,Samsung,Sac Du Phong,2865000,277,San pham chat luong cao,0
P-03262,Xiaomi Ong Nhom Sport,Xiaomi,Ong Nhom,4918000,20,San pham chat luong cao,0
P-03263,Asus Laptop V2,Asus,Laptop,2975000,48,San pham chat luong cao,0
P-03264,Apple Cap Sac Lite,Apple,Cap Sac,2020000,297,San pham chat luong cao,0
P-03265,Samsung Laptop Ultra,Samsung,Laptop,1196000,76,San pham chat luong cao,0
P-03266,Razer Ong Nhom Classic,Razer,Ong Nhom,3975000,153,San pham chat luong cao,0
P-03267,Sony Kinh Mat Premium,Sony,Kinh Mat,1586000,86,San pham chat luong cao,0
P-03268,Razer Tablet Lite,Razer,Tablet,1970000,134,San pham chat luong cao,0
P-03269,Apple Kinh Mat V2,Apple,Kinh Mat,787000,23,San pham chat luong cao,0
P-03270,Xiaomi Ao Thun Pro Max,Xiaomi,Ao Thun,1644000,368,San pham chat luong cao,0
P-03271,Samsung Balo Premium,Samsung,Balo,124000,382,San pham chat luong cao,0
P-03272,JBL Op Lung XL,JBL,Op Lung,4856000,309,San pham chat luong cao,0
P-03273,Xiaomi Ao Thun Lite,Xiaomi,Ao Thun,2808000,130,San pham chat luong cao,0
P-03274,Anker Monitor Lite,Anker,Monitor,4771000,362,San pham chat luong cao,0
P-03275,Asus Balo V2,Asus,Balo,3461000,435,San pham chat luong cao,0
P-03276,Asus Dong Ho V2,Asus,Dong Ho,1353000,259,San pham chat luong cao,0
P-03277,JBL May Anh Mini,JBL,May Anh,2623000,409,San pham chat luong cao,0
P-03278,Sony Kinh Mat Classic,Sony,Kinh Mat,2950000,486,San pham chat luong cao,0
P-03279,Samsung Chuot Gaming Pro Max,Samsung,Chuot Gaming,1742000,262,San pham chat luong cao,0
P-03280,Apple Op Lung Sport,Apple,Op Lung,3226000,448,San pham chat luong cao,0
P-03281,Xiaomi Tai Nghe Lite,Xiaomi,Tai Nghe,2376000,103,San pham chat luong cao,0
P-03282,Samsung Balo Lite,Samsung,Balo,81000,488,San pham chat luong cao,0
P-03283,Logitech Giay Mini,Logitech,Giay,1653000,75,San pham chat luong cao,0
P-03284,Sony Op Lung Pro Max,Sony,Op Lung,2587000,39,San pham chat luong cao,0
P-03285,Sony Webcam Mini,Sony,Webcam,4837000,341,San pham chat luong cao,0
P-03286,JBL Dong Ho Lite,JBL,Dong Ho,2664000,490,San pham chat luong cao,0
P-03287,Asus Cap Sac V2,Asus,Cap Sac,2010000,77,San pham chat luong cao,0
P-03288,Anker Webcam Pro Max,Anker,Webcam,3695000,108,San pham chat luong cao,0
P-03289,Logitech Dong Ho Plus,Logitech,Dong Ho,4076000,387,San pham chat luong cao,0
P-03290,Sony Giay Classic,Sony,Giay,1249000,481,San pham chat luong cao,0
P-03291,JBL Laptop XL,JBL,Laptop,1663000,80,San pham chat luong cao,0
P-03292,Apple Giay XL,Apple,Giay,713000,352,San pham chat luong cao,0
P-03293,Apple USB Hub Sport,Apple,USB Hub,1549000,237,San pham chat luong cao,0
P-03294,HP Op Lung Ultra,HP,Op Lung,1013000,399,San pham chat luong cao,0
P-03295,Apple May Anh Plus,Apple,May Anh,1004000,458,San pham chat luong cao,0
P-03296,Apple Giay V2,Apple,Giay,2259000,12,San pham chat luong cao,0
P-03297,Samsung Ong Nhom Mini,Samsung,Ong Nhom,4302000,341,San pham chat luong cao,0
P-03298,Logitech Loa Mini,Logitech,Loa,3036000,260,San pham chat luong cao,0
P-03299,Anker Kinh Mat Plus,Anker,Kinh Mat,2406000,41,San pham chat luong cao,0
P-03300,Sony Sac Du Phong Mini,Sony,Sac Du Phong,896000,178,San pham chat luong cao,0
P-03301,Anker Cap Sac Classic,Anker,Cap Sac,4130000,361,San pham chat luong cao,0
P-03302,HP Tablet Plus,HP,Tablet,2478000,138,San pham chat luong cao,0
P-03303,HP Giay Mini,HP,Giay,3242000,432,San pham chat luong cao,0
P-03304,Sony Dong Ho Classic,Sony,Dong Ho,3656000,139,San pham chat luong cao,0
P-03305,Sony Op Lung Premium,Sony,Op Lung,4451000,417,San pham chat luong cao,0
P-03306,Apple Tai Nghe Premium,Apple,Tai Nghe,3963000,159,San pham chat luong cao,0
P-03307,Logitech Sac Du Phong Premium,Logitech,Sac Du Phong,4269000,409,San pham chat luong cao,0
P-03308,Xiaomi Ban Phim Pro Max,Xiaomi,Ban Phim,4765000,346,San pham chat luong cao,0
P-03309,HP Kinh Mat Plus,HP,Kinh Mat,2801000,62,San pham chat luong cao,0
P-03310,HP Ban Phim Pro Max,HP,Ban Phim,3711000,50,San pham chat luong cao,0
P-03311,Sony Quat Mini Plus,Sony,Quat Mini,1599000,311,San pham chat luong cao,0
P-03312,JBL Chuot Gaming Sport,JBL,Chuot Gaming,2582000,288,San pham chat luong cao,0
P-03313,HP Ao Thun Mini,HP,Ao Thun,1006000,243,San pham chat luong cao,0
P-03314,Samsung Op Lung XL,Samsung,Op Lung,4407000,241,San pham chat luong cao,0
P-03315,HP Ban Phim Plus,HP,Ban Phim,1293000,217,San pham chat luong cao,0
P-03316,Razer Ban Phim V2,Razer,Ban Phim,3793000,208,San pham chat luong cao,0
P-03317,Anker Chuot Gaming V2,Anker,Chuot Gaming,1950000,423,San pham chat luong cao,0
P-03318,Anker Dong Ho V2,Anker,Dong Ho,4013000,353,San pham chat luong cao,0
P-03319,HP Ao Thun XL,HP,Ao Thun,4430000,205,San pham chat luong cao,0
P-03320,Asus Cap Sac Ultra,Asus,Cap Sac,3337000,44,San pham chat luong cao,0
P-03321,Samsung Quat Mini Classic,Samsung,Quat Mini,3252000,218,San pham chat luong cao,0
P-03322,Apple Monitor Lite,Apple,Monitor,4267000,130,San pham chat luong cao,0
P-03323,Sony Loa Sport,Sony,Loa,1409000,371,San pham chat luong cao,0
P-03324,JBL Quat Mini V2,JBL,Quat Mini,3047000,473,San pham chat luong cao,0
P-03325,JBL Laptop Lite,JBL,Laptop,3057000,472,San pham chat luong cao,0
P-03326,Samsung Balo Classic,Samsung,Balo,1641000,441,San pham chat luong cao,0
P-03327,Logitech Op Lung Pro Max,Logitech,Op Lung,3650000,234,San pham chat luong cao,0
P-03328,Asus Webcam Lite,Asus,Webcam,1314000,243,San pham chat luong cao,0
P-03329,Asus Kinh Mat Mini,Asus,Kinh Mat,2244000,16,San pham chat luong cao,0
P-03330,Apple Kinh Mat Sport,Apple,Kinh Mat,586000,465,San pham chat luong cao,0
P-03331,Xiaomi Tablet Sport,Xiaomi,Tablet,1522000,484,San pham chat luong cao,0
P-03332,Asus Tablet XL,Asus,Tablet,521000,246,San pham chat luong cao,0
P-03333,Razer Giay XL,Razer,Giay,3213000,185,San pham chat luong cao,0
P-03334,Razer Op Lung Classic,Razer,Op Lung,1757000,405,San pham chat luong cao,0
P-03335,Apple Op Lung Pro Max,Apple,Op Lung,3747000,78,San pham chat luong cao,0
P-03336,Sony Ban Phim Sport,Sony,Ban Phim,1700000,185,San pham chat luong cao,0
P-03337,Anker Monitor Plus,Anker,Monitor,2563000,426,San pham chat luong cao,0
P-03338,HP Chuot Gaming Classic,HP,Chuot Gaming,1092000,480,San pham chat luong cao,0
P-03339,Samsung Dong Ho Pro Max,Samsung,Dong Ho,169000,276,San pham chat luong cao,0
P-03340,Samsung Monitor V2,Samsung,Monitor,4206000,102,San pham chat luong cao,0
P-03341,Xiaomi Kinh Mat Lite,Xiaomi,Kinh Mat,4555000,127,San pham chat luong cao,0
P-03342,HP Monitor V2,HP,Monitor,672000,140,San pham chat luong cao,0
P-03343,Xiaomi Ong Nhom Premium,Xiaomi,Ong Nhom,1221000,211,San pham chat luong cao,0
P-03344,Apple Giay Ultra,Apple,Giay,3417000,123,San pham chat luong cao,0
P-03345,Razer Ao Thun Classic,Razer,Ao Thun,2620000,294,San pham chat luong cao,0
P-03346,Razer Ong Nhom Classic,Razer,Ong Nhom,385000,329,San pham chat luong cao,0
P-03347,JBL Loa Lite,JBL,Loa,4246000,40,San pham chat luong cao,0
P-03348,Asus Op Lung V2,Asus,Op Lung,3207000,181,San pham chat luong cao,0
P-03349,Samsung Balo Pro Max,Samsung,Balo,3140000,188,San pham chat luong cao,0
P-03350,Samsung Monitor Sport,Samsung,Monitor,477000,109,San pham chat luong cao,0
P-03351,Anker Loa XL,Anker,Loa,2574000,66,San pham chat luong cao,0
P-03352,Anker Ong Nhom Lite,Anker,Ong Nhom,4023000,488,San pham chat luong cao,0
P-03353,JBL Ban Phim Premium,JBL,Ban Phim,1621000,186,San pham chat luong cao,0
P-03354,Sony Laptop Lite,Sony,Laptop,4804000,18,San pham chat luong cao,0
P-03355,Anker Monitor Plus,Anker,Monitor,1706000,62,San pham chat luong cao,0
P-03356,Asus Cap Sac V2,Asus,Cap Sac,764000,287,San pham chat luong cao,0
P-03357,Apple May Anh V2,Apple,May Anh,1189000,63,San pham chat luong cao,0
P-03358,Apple Sac Du Phong Pro Max,Apple,Sac Du Phong,1111000,11,San pham chat luong cao,0
P-03359,Razer Loa Lite,Razer,Loa,3035000,482,San pham chat luong cao,0
P-03360,Samsung May Anh Premium,Samsung,May Anh,2757000,166,San pham chat luong cao,0
P-03361,Xiaomi Chuot Gaming Lite,Xiaomi,Chuot Gaming,4986000,29,San pham chat luong cao,0
P-03362,Razer Balo Pro Max,Razer,Balo,287000,300,San pham chat luong cao,0
P-03363,Xiaomi Balo Classic,Xiaomi,Balo,1276000,484,San pham chat luong cao,0
P-03364,HP Ao Thun Ultra,HP,Ao Thun,2864000,312,San pham chat luong cao,0
P-03365,HP Ao Thun Premium,HP,Ao Thun,1476000,465,San pham chat luong cao,0
P-03366,Anker Dong Ho Mini,Anker,Dong Ho,3145000,352,San pham chat luong cao,0
P-03367,Samsung Tai Nghe V2,Samsung,Tai Nghe,311000,91,San pham chat luong cao,0
P-03368,Anker Dong Ho Ultra,Anker,Dong Ho,1431000,133,San pham chat luong cao,0
P-03369,Xiaomi Quat Mini Pro Max,Xiaomi,Quat Mini,3154000,343,San pham chat luong cao,0
P-03370,Anker Giay Sport,Anker,Giay,678000,414,San pham chat luong cao,0
P-03371,HP Quat Mini Plus,HP,Quat Mini,2555000,470,San pham chat luong cao,0
P-03372,Xiaomi Webcam Classic,Xiaomi,Webcam,2333000,103,San pham chat luong cao,0
P-03373,JBL May Anh Premium,JBL,May Anh,3944000,30,San pham chat luong cao,0
P-03374,Razer Webcam Premium,Razer,Webcam,4624000,61,San pham chat luong cao,0
P-03375,JBL Cap Sac Mini,JBL,Cap Sac,1660000,193,San pham chat luong cao,0
P-03376,Anker Monitor XL,Anker,Monitor,1944000,182,San pham chat luong cao,0
P-03377,JBL Webcam Ultra,JBL,Webcam,2262000,29,San pham chat luong cao,0
P-03378,HP Tai Nghe Plus,HP,Tai Nghe,1343000,225,San pham chat luong cao,0
P-03379,JBL Op Lung Classic,JBL,Op Lung,1085000,115,San pham chat luong cao,0
P-03380,Xiaomi Laptop Classic,Xiaomi,Laptop,4342000,316,San pham chat luong cao,0
P-03381,Apple Laptop Lite,Apple,Laptop,1390000,446,San pham chat luong cao,0
P-03382,Anker Ban Phim Sport,Anker,Ban Phim,3424000,377,San pham chat luong cao,0
P-03383,Logitech Sac Du Phong Classic,Logitech,Sac Du Phong,3666000,394,San pham chat luong cao,0
P-03384,Xiaomi May Anh XL,Xiaomi,May Anh,3195000,60,San pham chat luong cao,0
P-03385,Sony May Anh XL,Sony,May Anh,1192000,148,San pham chat luong cao,0
P-03386,Xiaomi May Anh Plus,Xiaomi,May Anh,144000,312,San pham chat luong cao,0
P-03387,Apple Ban Phim Mini,Apple,Ban Phim,262000,262,San pham chat luong cao,0
P-03388,Sony Ao Thun Ultra,Sony,Ao Thun,2464000,257,San pham chat luong cao,0
P-03389,Apple Webcam Plus,Apple,Webcam,4809000,139,San pham chat luong cao,0
P-03390,Anker USB Hub Sport,Anker,USB Hub,3993000,226,San pham chat luong cao,0
P-03391,Asus USB Hub Ultra,Asus,USB Hub,369000,499,San pham chat luong cao,0
P-03392,Sony Laptop Lite,Sony,Laptop,4293000,11,San pham chat luong cao,0
P-03393,Asus Ong Nhom Pro Max,Asus,Ong Nhom,1749000,395,San pham chat luong cao,0
P-03394,Asus Quat Mini Premium,Asus,Quat Mini,3686000,38,San pham chat luong cao,0
P-03395,Razer Quat Mini Mini,Razer,Quat Mini,2134000,281,San pham chat luong cao,0
P-03396,JBL Chuot Gaming Lite,JBL,Chuot Gaming,2093000,323,San pham chat luong cao,0
P-03397,JBL Tablet Ultra,JBL,Tablet,1906000,442,San pham chat luong cao,0
P-03398,HP Tablet Classic,HP,Tablet,1451000,89,San pham chat luong cao,0
P-03399,Sony Monitor Premium,Sony,Monitor,1263000,251,San pham chat luong cao,0
P-03400,Anker Ban Phim Ultra,Anker,Ban Phim,1714000,298,San pham chat luong cao,0
P-03401,Asus Quat Mini Plus,Asus,Quat Mini,3008000,365,San pham chat luong cao,0
P-03402,JBL Op Lung Sport,JBL,Op Lung,3494000,15,San pham chat luong cao,0
P-03403,Sony May Anh Classic,Sony,May Anh,2757000,391,San pham chat luong cao,0
P-03404,Logitech Ao Thun Ultra,Logitech,Ao Thun,3312000,203,San pham chat luong cao,0
P-03405,Samsung Quat Mini Classic,Samsung,Quat Mini,459000,334,San pham chat luong cao,0
P-03406,Sony Cap Sac Pro Max,Sony,Cap Sac,3368000,338,San pham chat luong cao,0
P-03407,Logitech Ong Nhom Classic,Logitech,Ong Nhom,2826000,124,San pham chat luong cao,0
P-03408,Asus Kinh Mat XL,Asus,Kinh Mat,917000,468,San pham chat luong cao,0
P-03409,Apple Tai Nghe XL,Apple,Tai Nghe,3612000,178,San pham chat luong cao,0
P-03410,Anker Chuot Gaming Mini,Anker,Chuot Gaming,4764000,37,San pham chat luong cao,0
P-03411,Anker Chuot Gaming Plus,Anker,Chuot Gaming,151000,468,San pham chat luong cao,0
P-03412,Logitech Ban Phim Classic,Logitech,Ban Phim,2030000,426,San pham chat luong cao,0
P-03413,JBL Quat Mini Premium,JBL,Quat Mini,3704000,349,San pham chat luong cao,0
P-03414,HP Ong Nhom Sport,HP,Ong Nhom,4335000,432,San pham chat luong cao,0
P-03415,Asus Cap Sac Plus,Asus,Cap Sac,3915000,223,San pham chat luong cao,0
P-03416,JBL Ong Nhom Sport,JBL,Ong Nhom,4201000,117,San pham chat luong cao,0
P-03417,Samsung Ban Phim Premium,Samsung,Ban Phim,2419000,431,San pham chat luong cao,0
P-03418,Xiaomi Ao Thun Plus,Xiaomi,Ao Thun,3094000,195,San pham chat luong cao,0
P-03419,Apple USB Hub Mini,Apple,USB Hub,4459000,88,San pham chat luong cao,0
P-03420,Xiaomi Tai Nghe Lite,Xiaomi,Tai Nghe,4994000,490,San pham chat luong cao,0
P-03421,Samsung Dong Ho Ultra,Samsung,Dong Ho,2433000,149,San pham chat luong cao,0
P-03422,JBL May Anh Ultra,JBL,May Anh,4106000,202,San pham chat luong cao,0
P-03423,HP Laptop Classic,HP,Laptop,3354000,104,San pham chat luong cao,0
P-03424,Anker Laptop Sport,Anker,Laptop,3975000,226,San pham chat luong cao,0
P-03425,Apple Ban Phim Mini,Apple,Ban Phim,4721000,170,San pham chat luong cao,0
P-03426,Logitech Op Lung Pro Max,Logitech,Op Lung,2416000,71,San pham chat luong cao,0
P-03427,JBL Tai Nghe Mini,JBL,Tai Nghe,3204000,198,San pham chat luong cao,0
P-03428,Logitech Quat Mini Premium,Logitech,Quat Mini,142000,199,San pham chat luong cao,0
P-03429,Razer Kinh Mat Lite,Razer,Kinh Mat,3493000,40,San pham chat luong cao,0
P-03430,Asus Balo Plus,Asus,Balo,815000,463,San pham chat luong cao,0
P-03431,Asus Tai Nghe Ultra,Asus,Tai Nghe,4931000,438,San pham chat luong cao,0
P-03432,Razer Monitor Pro Max,Razer,Monitor,3611000,315,San pham chat luong cao,0
P-03433,Anker Sac Du Phong Plus,Anker,Sac Du Phong,374000,134,San pham chat luong cao,0
P-03434,Apple Tablet V2,Apple,Tablet,4747000,20,San pham chat luong cao,0
P-03435,Anker Cap Sac Sport,Anker,Cap Sac,3181000,233,San pham chat luong cao,0
P-03436,Logitech Sac Du Phong XL,Logitech,Sac Du Phong,272000,153,San pham chat luong cao,0
P-03437,Anker May Anh Pro Max,Anker,May Anh,4535000,55,San pham chat luong cao,0
P-03438,Xiaomi Ban Phim Premium,Xiaomi,Ban Phim,2026000,29,San pham chat luong cao,0
P-03439,Apple Op Lung Mini,Apple,Op Lung,2664000,279,San pham chat luong cao,0
P-03440,Samsung Webcam Ultra,Samsung,Webcam,4320000,388,San pham chat luong cao,0
P-03441,HP Quat Mini Lite,HP,Quat Mini,1330000,291,San pham chat luong cao,0
P-03442,JBL Chuot Gaming Pro Max,JBL,Chuot Gaming,3024000,193,San pham chat luong cao,0
P-03443,Xiaomi Sac Du Phong Mini,Xiaomi,Sac Du Phong,772000,99,San pham chat luong cao,0
P-03444,Anker Ong Nhom Premium,Anker,Ong Nhom,4952000,428,San pham chat luong cao,0
P-03445,JBL Cap Sac Premium,JBL,Cap Sac,1009000,479,San pham chat luong cao,0
P-03446,Apple May Anh Ultra,Apple,May Anh,4649000,412,San pham chat luong cao,0
P-03447,HP Laptop Premium,HP,Laptop,1373000,48,San pham chat luong cao,0
P-03448,Anker Sac Du Phong XL,Anker,Sac Du Phong,4232000,474,San pham chat luong cao,0
P-03449,Apple Ao Thun Premium,Apple,Ao Thun,1971000,171,San pham chat luong cao,0
P-03450,Anker Laptop Lite,Anker,Laptop,4999000,375,San pham chat luong cao,0
P-03451,Apple Sac Du Phong Mini,Apple,Sac Du Phong,3080000,479,San pham chat luong cao,0
P-03452,Logitech May Anh Mini,Logitech,May Anh,324000,449,San pham chat luong cao,0
P-03453,HP Tablet Classic,HP,Tablet,621000,373,San pham chat luong cao,0
P-03454,Anker Sac Du Phong Ultra,Anker,Sac Du Phong,1223000,67,San pham chat luong cao,0
P-03455,JBL Ao Thun Classic,JBL,Ao Thun,260000,243,San pham chat luong cao,0
P-03456,Asus Ban Phim V2,Asus,Ban Phim,3026000,88,San pham chat luong cao,0
P-03457,Xiaomi Giay Pro Max,Xiaomi,Giay,487000,445,San pham chat luong cao,0
P-03458,Apple Ong Nhom Plus,Apple,Ong Nhom,4274000,131,San pham chat luong cao,0
P-03459,Samsung May Anh Ultra,Samsung,May Anh,4637000,169,San pham chat luong cao,0
P-03460,Anker Webcam Premium,Anker,Webcam,4284000,329,San pham chat luong cao,0
P-03461,Logitech Laptop Classic,Logitech,Laptop,4078000,304,San pham chat luong cao,0
P-03462,Anker Tai Nghe Plus,Anker,Tai Nghe,2183000,324,San pham chat luong cao,0
P-03463,HP Ao Thun Ultra,HP,Ao Thun,1614000,231,San pham chat luong cao,0
P-03464,Xiaomi Webcam Ultra,Xiaomi,Webcam,4568000,424,San pham chat luong cao,0
P-03465,Sony Webcam Premium,Sony,Webcam,3739000,314,San pham chat luong cao,0
P-03466,Sony Giay Sport,Sony,Giay,1097000,366,San pham chat luong cao,0
P-03467,Razer Chuot Gaming Classic,Razer,Chuot Gaming,852000,495,San pham chat luong cao,0
P-03468,Samsung Tai Nghe Lite,Samsung,Tai Nghe,4341000,299,San pham chat luong cao,0
P-03469,Asus Dong Ho XL,Asus,Dong Ho,3423000,159,San pham chat luong cao,0
P-03470,Sony Laptop Premium,Sony,Laptop,3757000,203,San pham chat luong cao,0
P-03471,HP Monitor Sport,HP,Monitor,1531000,394,San pham chat luong cao,0
P-03472,Logitech Ban Phim Lite,Logitech,Ban Phim,2210000,52,San pham chat luong cao,0
P-03473,Razer May Anh Sport,Razer,May Anh,291000,210,San pham chat luong cao,0
P-03474,HP May Anh XL,HP,May Anh,2077000,435,San pham chat luong cao,0
P-03475,Anker Quat Mini Mini,Anker,Quat Mini,3866000,147,San pham chat luong cao,0
P-03476,Logitech Webcam V2,Logitech,Webcam,2922000,386,San pham chat luong cao,0
P-03477,HP Balo Plus,HP,Balo,2588000,44,San pham chat luong cao,0
P-03478,Asus Monitor V2,Asus,Monitor,222000,208,San pham chat luong cao,0
P-03479,JBL Dong Ho Premium,JBL,Dong Ho,4470000,121,San pham chat luong cao,0
P-03480,Anker Webcam Plus,Anker,Webcam,4846000,43,San pham chat luong cao,0
P-03481,Anker Ong Nhom Sport,Anker,Ong Nhom,1012000,488,San pham chat luong cao,0
P-03482,Logitech Ao Thun Ultra,Logitech,Ao Thun,3940000,189,San pham chat luong cao,0
P-03483,Logitech Sac Du Phong Lite,Logitech,Sac Du Phong,4783000,81,San pham chat luong cao,0
P-03484,Sony Tai Nghe Lite,Sony,Tai Nghe,4451000,461,San pham chat luong cao,0
P-03485,Samsung Tai Nghe Premium,Samsung,Tai Nghe,2207000,287,San pham chat luong cao,0
P-03486,HP Tablet Lite,HP,Tablet,4112000,150,San pham chat luong cao,0
P-03487,Razer Kinh Mat Mini,Razer,Kinh Mat,444000,409,San pham chat luong cao,0
P-03488,Apple Ao Thun Premium,Apple,Ao Thun,2703000,277,San pham chat luong cao,0
P-03489,Sony Laptop Plus,Sony,Laptop,2817000,283,San pham chat luong cao,0
P-03490,Apple Ao Thun Premium,Apple,Ao Thun,983000,274,San pham chat luong cao,0
P-03491,JBL USB Hub Ultra,JBL,USB Hub,2253000,54,San pham chat luong cao,0
P-03492,Logitech Quat Mini Classic,Logitech,Quat Mini,136000,144,San pham chat luong cao,0
P-03493,Razer Dong Ho Classic,Razer,Dong Ho,3656000,433,San pham chat luong cao,0
P-03494,Anker Tablet Pro Max,Anker,Tablet,1302000,341,San pham chat luong cao,0
P-03495,Razer Kinh Mat Ultra,Razer,Kinh Mat,2782000,119,San pham chat luong cao,0
P-03496,Logitech Tablet Ultra,Logitech,Tablet,1247000,404,San pham chat luong cao,0
P-03497,HP Ong Nhom Pro Max,HP,Ong Nhom,420000,399,San pham chat luong cao,0
P-03498,Asus Tablet Premium,Asus,Tablet,333000,163,San pham chat luong cao,0
P-03499,Razer USB Hub V2,Razer,USB Hub,3582000,304,San pham chat luong cao,0
P-03500,Anker Giay XL,Anker,Giay,1367000,239,San pham chat luong cao,0
P-03501,JBL Ao Thun Ultra,JBL,Ao Thun,4316000,154,San pham chat luong cao,0
P-03502,Razer Giay XL,Razer,Giay,970000,112,San pham chat luong cao,0
P-03503,Apple Cap Sac Lite,Apple,Cap Sac,3482000,293,San pham chat luong cao,0
P-03504,Samsung Loa Plus,Samsung,Loa,4009000,271,San pham chat luong cao,0
P-03505,JBL Dong Ho Premium,JBL,Dong Ho,4070000,70,San pham chat luong cao,0
P-03506,JBL Ban Phim Pro Max,JBL,Ban Phim,4215000,11,San pham chat luong cao,0
P-03507,Logitech Ong Nhom Ultra,Logitech,Ong Nhom,2688000,119,San pham chat luong cao,0
P-03508,JBL Tai Nghe Lite,JBL,Tai Nghe,1413000,133,San pham chat luong cao,0
P-03509,Asus Chuot Gaming Mini,Asus,Chuot Gaming,1272000,320,San pham chat luong cao,0
P-03510,Logitech Balo Ultra,Logitech,Balo,2066000,414,San pham chat luong cao,0
P-03511,HP USB Hub Premium,HP,USB Hub,1000000,283,San pham chat luong cao,0
P-03512,Samsung Ban Phim Pro Max,Samsung,Ban Phim,831000,88,San pham chat luong cao,0
P-03513,HP Monitor Pro Max,HP,Monitor,4727000,404,San pham chat luong cao,0
P-03514,Asus Dong Ho Lite,Asus,Dong Ho,3202000,272,San pham chat luong cao,0
P-03515,Sony Giay Premium,Sony,Giay,1915000,173,San pham chat luong cao,0
P-03516,Razer Ban Phim XL,Razer,Ban Phim,4327000,231,San pham chat luong cao,0
P-03517,Sony Tablet Lite,Sony,Tablet,1537000,335,San pham chat luong cao,0
P-03518,Apple Dong Ho Premium,Apple,Dong Ho,2561000,97,San pham chat luong cao,0
P-03519,Asus Quat Mini Sport,Asus,Quat Mini,4138000,438,San pham chat luong cao,0
P-03520,Samsung Laptop Plus,Samsung,Laptop,2789000,145,San pham chat luong cao,0
P-03521,Anker May Anh XL,Anker,May Anh,2231000,88,San pham chat luong cao,0
P-03522,JBL Dong Ho Ultra,JBL,Dong Ho,161000,482,San pham chat luong cao,0
P-03523,Sony Tai Nghe Ultra,Sony,Tai Nghe,1119000,442,San pham chat luong cao,0
P-03524,JBL May Anh V2,JBL,May Anh,3991000,99,San pham chat luong cao,0
P-03525,Xiaomi Op Lung Ultra,Xiaomi,Op Lung,622000,177,San pham chat luong cao,0
P-03526,Xiaomi Chuot Gaming V2,Xiaomi,Chuot Gaming,1557000,182,San pham chat luong cao,0
P-03527,Asus Balo XL,Asus,Balo,4264000,321,San pham chat luong cao,0
P-03528,Apple Op Lung Premium,Apple,Op Lung,4369000,291,San pham chat luong cao,0
P-03529,JBL Giay Lite,JBL,Giay,2135000,137,San pham chat luong cao,0
P-03530,Apple Dong Ho Ultra,Apple,Dong Ho,3197000,269,San pham chat luong cao,0
P-03531,Asus Op Lung XL,Asus,Op Lung,1223000,351,San pham chat luong cao,0
P-03532,Logitech Sac Du Phong Mini,Logitech,Sac Du Phong,3174000,257,San pham chat luong cao,0
P-03533,HP Quat Mini V2,HP,Quat Mini,1159000,166,San pham chat luong cao,0
P-03534,Logitech Tablet Premium,Logitech,Tablet,2224000,214,San pham chat luong cao,0
P-03535,Razer Balo Premium,Razer,Balo,4065000,398,San pham chat luong cao,0
P-03536,Anker Quat Mini XL,Anker,Quat Mini,3520000,267,San pham chat luong cao,0
P-03537,Sony Tablet XL,Sony,Tablet,4429000,218,San pham chat luong cao,0
P-03538,Xiaomi Giay Premium,Xiaomi,Giay,4515000,240,San pham chat luong cao,0
P-03539,Anker Cap Sac Plus,Anker,Cap Sac,782000,463,San pham chat luong cao,0
P-03540,Samsung Balo Pro Max,Samsung,Balo,751000,193,San pham chat luong cao,0
P-03541,Sony Ban Phim XL,Sony,Ban Phim,195000,489,San pham chat luong cao,0
P-03542,Apple Dong Ho Classic,Apple,Dong Ho,4450000,283,San pham chat luong cao,0
P-03543,Razer Quat Mini Plus,Razer,Quat Mini,2284000,193,San pham chat luong cao,0
P-03544,Logitech Tai Nghe XL,Logitech,Tai Nghe,1754000,250,San pham chat luong cao,0
P-03545,Sony Chuot Gaming Pro Max,Sony,Chuot Gaming,425000,21,San pham chat luong cao,0
P-03546,JBL USB Hub Mini,JBL,USB Hub,340000,288,San pham chat luong cao,0
P-03547,Samsung Op Lung XL,Samsung,Op Lung,138000,119,San pham chat luong cao,0
P-03548,Apple Ao Thun Lite,Apple,Ao Thun,1245000,49,San pham chat luong cao,0
P-03549,Apple Chuot Gaming Classic,Apple,Chuot Gaming,4424000,84,San pham chat luong cao,0
P-03550,JBL Loa Plus,JBL,Loa,3968000,249,San pham chat luong cao,0
P-03551,Apple May Anh Mini,Apple,May Anh,430000,419,San pham chat luong cao,0
P-03552,Samsung Cap Sac Pro Max,Samsung,Cap Sac,1346000,273,San pham chat luong cao,0
P-03553,Logitech Chuot Gaming Lite,Logitech,Chuot Gaming,562000,32,San pham chat luong cao,0
P-03554,HP Dong Ho Mini,HP,Dong Ho,1105000,374,San pham chat luong cao,0
P-03555,Logitech Balo XL,Logitech,Balo,2396000,138,San pham chat luong cao,0
P-03556,JBL Ban Phim Mini,JBL,Ban Phim,2527000,221,San pham chat luong cao,0
P-03557,Razer Laptop Mini,Razer,Laptop,1424000,471,San pham chat luong cao,0
P-03558,Asus Monitor Mini,Asus,Monitor,1528000,269,San pham chat luong cao,0
P-03559,Razer Ban Phim Pro Max,Razer,Ban Phim,3904000,349,San pham chat luong cao,0
P-03560,JBL Ong Nhom Classic,JBL,Ong Nhom,4798000,336,San pham chat luong cao,0
P-03561,JBL Kinh Mat Lite,JBL,Kinh Mat,4125000,54,San pham chat luong cao,0
P-03562,Razer USB Hub Plus,Razer,USB Hub,3484000,122,San pham chat luong cao,0
P-03563,Xiaomi Tai Nghe Ultra,Xiaomi,Tai Nghe,219000,326,San pham chat luong cao,0
P-03564,Razer Monitor Classic,Razer,Monitor,1498000,337,San pham chat luong cao,0
P-03565,HP Op Lung Ultra,HP,Op Lung,3667000,444,San pham chat luong cao,0
P-03566,Xiaomi Sac Du Phong Sport,Xiaomi,Sac Du Phong,3114000,215,San pham chat luong cao,0
P-03567,Xiaomi Dong Ho Ultra,Xiaomi,Dong Ho,2657000,364,San pham chat luong cao,0
P-03568,Sony Ong Nhom Ultra,Sony,Ong Nhom,4645000,289,San pham chat luong cao,0
P-03569,Razer Op Lung XL,Razer,Op Lung,4651000,233,San pham chat luong cao,0
P-03570,Logitech Dong Ho Sport,Logitech,Dong Ho,3838000,374,San pham chat luong cao,0
P-03571,Razer May Anh Lite,Razer,May Anh,1952000,121,San pham chat luong cao,0
P-03572,Logitech Monitor Lite,Logitech,Monitor,1701000,256,San pham chat luong cao,0
P-03573,Anker Sac Du Phong Mini,Anker,Sac Du Phong,4235000,282,San pham chat luong cao,0
P-03574,HP Tai Nghe Ultra,HP,Tai Nghe,1364000,242,San pham chat luong cao,0
P-03575,Xiaomi Balo Ultra,Xiaomi,Balo,3636000,249,San pham chat luong cao,0
P-03576,Xiaomi Dong Ho Premium,Xiaomi,Dong Ho,1455000,62,San pham chat luong cao,0
P-03577,Anker Laptop Sport,Anker,Laptop,2754000,66,San pham chat luong cao,0
P-03578,JBL Sac Du Phong Plus,JBL,Sac Du Phong,2775000,213,San pham chat luong cao,0
P-03579,Xiaomi Laptop Premium,Xiaomi,Laptop,2912000,400,San pham chat luong cao,0
P-03580,Sony Kinh Mat V2,Sony,Kinh Mat,3074000,281,San pham chat luong cao,0
P-03581,HP Giay Sport,HP,Giay,2695000,36,San pham chat luong cao,0
P-03582,Apple Sac Du Phong XL,Apple,Sac Du Phong,143000,196,San pham chat luong cao,0
P-03583,Samsung Sac Du Phong Sport,Samsung,Sac Du Phong,2183000,358,San pham chat luong cao,0
P-03584,Apple Monitor Premium,Apple,Monitor,2376000,344,San pham chat luong cao,0
P-03585,Apple Dong Ho Mini,Apple,Dong Ho,4736000,215,San pham chat luong cao,0
P-03586,Anker Webcam XL,Anker,Webcam,3020000,168,San pham chat luong cao,0
P-03587,Asus Kinh Mat Pro Max,Asus,Kinh Mat,3640000,398,San pham chat luong cao,0
P-03588,HP Sac Du Phong Classic,HP,Sac Du Phong,1786000,93,San pham chat luong cao,0
P-03589,Apple Ong Nhom Plus,Apple,Ong Nhom,783000,276,San pham chat luong cao,0
P-03590,Anker May Anh Plus,Anker,May Anh,2101000,481,San pham chat luong cao,0
P-03591,Apple Laptop XL,Apple,Laptop,1523000,108,San pham chat luong cao,0
P-03592,Razer Monitor Sport,Razer,Monitor,1450000,33,San pham chat luong cao,0
P-03593,Anker Monitor Classic,Anker,Monitor,2576000,340,San pham chat luong cao,0
P-03594,Xiaomi Laptop Mini,Xiaomi,Laptop,2060000,206,San pham chat luong cao,0
P-03595,Logitech Tai Nghe Mini,Logitech,Tai Nghe,1015000,88,San pham chat luong cao,0
P-03596,Sony Op Lung Ultra,Sony,Op Lung,2309000,384,San pham chat luong cao,0
P-03597,Anker Ao Thun Premium,Anker,Ao Thun,161000,334,San pham chat luong cao,0
P-03598,Xiaomi USB Hub V2,Xiaomi,USB Hub,1252000,394,San pham chat luong cao,0
P-03599,Xiaomi Sac Du Phong Classic,Xiaomi,Sac Du Phong,98000,141,San pham chat luong cao,0
P-03600,HP Balo Pro Max,HP,Balo,4259000,493,San pham chat luong cao,0
P-03601,Logitech Giay Premium,Logitech,Giay,423000,330,San pham chat luong cao,0
P-03602,Anker Tai Nghe Premium,Anker,Tai Nghe,4647000,21,San pham chat luong cao,0
P-03603,HP Ao Thun Classic,HP,Ao Thun,2604000,488,San pham chat luong cao,0
P-03604,Anker Monitor V2,Anker,Monitor,1794000,355,San pham chat luong cao,0
P-03605,JBL Tablet Premium,JBL,Tablet,2928000,239,San pham chat luong cao,0
P-03606,Razer Kinh Mat Sport,Razer,Kinh Mat,3423000,469,San pham chat luong cao,0
P-03607,JBL Monitor Plus,JBL,Monitor,4968000,384,San pham chat luong cao,0
P-03608,Razer Ong Nhom XL,Razer,Ong Nhom,2312000,140,San pham chat luong cao,0
P-03609,Asus Cap Sac Classic,Asus,Cap Sac,3609000,40,San pham chat luong cao,0
P-03610,Xiaomi Dong Ho XL,Xiaomi,Dong Ho,1810000,350,San pham chat luong cao,0
P-03611,Sony Dong Ho Ultra,Sony,Dong Ho,4403000,405,San pham chat luong cao,0
P-03612,Sony Sac Du Phong V2,Sony,Sac Du Phong,1911000,89,San pham chat luong cao,0
P-03613,Logitech Chuot Gaming Mini,Logitech,Chuot Gaming,2175000,437,San pham chat luong cao,0
P-03614,Razer Cap Sac Sport,Razer,Cap Sac,66000,417,San pham chat luong cao,0
P-03615,Logitech Balo Classic,Logitech,Balo,193000,330,San pham chat luong cao,0
P-03616,Anker Dong Ho Sport,Anker,Dong Ho,983000,372,San pham chat luong cao,0
P-03617,Apple Tai Nghe Plus,Apple,Tai Nghe,4294000,22,San pham chat luong cao,0
P-03618,Asus Tai Nghe Sport,Asus,Tai Nghe,3519000,449,San pham chat luong cao,0
P-03619,Samsung USB Hub Pro Max,Samsung,USB Hub,4606000,328,San pham chat luong cao,0
P-03620,JBL Cap Sac Mini,JBL,Cap Sac,2813000,146,San pham chat luong cao,0
P-03621,Anker Cap Sac V2,Anker,Cap Sac,3997000,307,San pham chat luong cao,0
P-03622,JBL Kinh Mat Plus,JBL,Kinh Mat,637000,424,San pham chat luong cao,0
P-03623,JBL Quat Mini Classic,JBL,Quat Mini,2985000,289,San pham chat luong cao,0
P-03624,Sony Op Lung Premium,Sony,Op Lung,3211000,447,San pham chat luong cao,0
P-03625,Logitech Dong Ho Lite,Logitech,Dong Ho,4103000,226,San pham chat luong cao,0
P-03626,Razer Sac Du Phong Pro Max,Razer,Sac Du Phong,1449000,364,San pham chat luong cao,0
P-03627,HP Cap Sac Classic,HP,Cap Sac,2869000,167,San pham chat luong cao,0
P-03628,Razer Webcam Ultra,Razer,Webcam,3619000,137,San pham chat luong cao,0
P-03629,Sony Chuot Gaming Plus,Sony,Chuot Gaming,2210000,302,San pham chat luong cao,0
P-03630,HP USB Hub Pro Max,HP,USB Hub,1947000,253,San pham chat luong cao,0
P-03631,Sony Webcam Classic,Sony,Webcam,2478000,354,San pham chat luong cao,0
P-03632,Apple Dong Ho Ultra,Apple,Dong Ho,131000,208,San pham chat luong cao,0
P-03633,JBL Ban Phim Sport,JBL,Ban Phim,2541000,448,San pham chat luong cao,0
P-03634,Asus Webcam XL,Asus,Webcam,3127000,264,San pham chat luong cao,0
P-03635,JBL Ong Nhom Ultra,JBL,Ong Nhom,741000,396,San pham chat luong cao,0
P-03636,Asus Chuot Gaming XL,Asus,Chuot Gaming,1262000,298,San pham chat luong cao,0
P-03637,JBL Ao Thun Premium,JBL,Ao Thun,4891000,288,San pham chat luong cao,0
P-03638,Samsung Balo Ultra,Samsung,Balo,4322000,246,San pham chat luong cao,0
P-03639,Razer Ao Thun XL,Razer,Ao Thun,4773000,483,San pham chat luong cao,0
P-03640,Samsung USB Hub Ultra,Samsung,USB Hub,2256000,211,San pham chat luong cao,0
P-03641,Asus Loa Premium,Asus,Loa,2699000,82,San pham chat luong cao,0
P-03642,Sony May Anh Premium,Sony,May Anh,2703000,182,San pham chat luong cao,0
P-03643,Razer Quat Mini Classic,Razer,Quat Mini,2804000,177,San pham chat luong cao,0
P-03644,Xiaomi Webcam Mini,Xiaomi,Webcam,3017000,500,San pham chat luong cao,0
P-03645,Apple Chuot Gaming Sport,Apple,Chuot Gaming,1308000,152,San pham chat luong cao,0
P-03646,Anker Quat Mini Classic,Anker,Quat Mini,4442000,132,San pham chat luong cao,0
P-03647,Samsung USB Hub Plus,Samsung,USB Hub,3112000,88,San pham chat luong cao,0
P-03648,Asus Loa Premium,Asus,Loa,4254000,342,San pham chat luong cao,0
P-03649,Xiaomi Dong Ho Pro Max,Xiaomi,Dong Ho,1578000,230,San pham chat luong cao,0
P-03650,HP Webcam Plus,HP,Webcam,4084000,378,San pham chat luong cao,0
P-03651,Razer Kinh Mat Plus,Razer,Kinh Mat,1092000,406,San pham chat luong cao,0
P-03652,HP Cap Sac XL,HP,Cap Sac,4938000,136,San pham chat luong cao,0
P-03653,Logitech Op Lung V2,Logitech,Op Lung,4153000,291,San pham chat luong cao,0
P-03654,Sony Ong Nhom Sport,Sony,Ong Nhom,2790000,473,San pham chat luong cao,0
P-03655,Razer Sac Du Phong Pro Max,Razer,Sac Du Phong,3583000,115,San pham chat luong cao,0
P-03656,Xiaomi May Anh Ultra,Xiaomi,May Anh,335000,112,San pham chat luong cao,0
P-03657,Apple Giay Classic,Apple,Giay,3705000,488,San pham chat luong cao,0
P-03658,Apple USB Hub Plus,Apple,USB Hub,4615000,179,San pham chat luong cao,0
P-03659,Asus Chuot Gaming Lite,Asus,Chuot Gaming,3447000,312,San pham chat luong cao,0
P-03660,Anker Ao Thun Pro Max,Anker,Ao Thun,3132000,442,San pham chat luong cao,0
P-03661,Sony Dong Ho Sport,Sony,Dong Ho,1420000,103,San pham chat luong cao,0
P-03662,HP Kinh Mat Mini,HP,Kinh Mat,2075000,127,San pham chat luong cao,0
P-03663,Razer Loa Ultra,Razer,Loa,1917000,198,San pham chat luong cao,0
P-03664,Asus Sac Du Phong Mini,Asus,Sac Du Phong,2197000,12,San pham chat luong cao,0
P-03665,Samsung Tai Nghe Plus,Samsung,Tai Nghe,665000,160,San pham chat luong cao,0
P-03666,Xiaomi Webcam Sport,Xiaomi,Webcam,1310000,428,San pham chat luong cao,0
P-03667,HP Quat Mini XL,HP,Quat Mini,4445000,37,San pham chat luong cao,0
P-03668,Xiaomi Ong Nhom Premium,Xiaomi,Ong Nhom,4317000,260,San pham chat luong cao,0
P-03669,HP Monitor V2,HP,Monitor,606000,247,San pham chat luong cao,0
P-03670,Xiaomi Chuot Gaming Mini,Xiaomi,Chuot Gaming,3552000,421,San pham chat luong cao,0
P-03671,Apple Webcam Pro Max,Apple,Webcam,4032000,184,San pham chat luong cao,0
P-03672,Logitech Ao Thun XL,Logitech,Ao Thun,3120000,33,San pham chat luong cao,0
P-03673,Xiaomi Tablet XL,Xiaomi,Tablet,726000,317,San pham chat luong cao,0
P-03674,Razer Ban Phim Mini,Razer,Ban Phim,2590000,258,San pham chat luong cao,0
P-03675,Sony Laptop Ultra,Sony,Laptop,4099000,177,San pham chat luong cao,0
P-03676,Anker Chuot Gaming Premium,Anker,Chuot Gaming,1227000,36,San pham chat luong cao,0
P-03677,JBL Loa Pro Max,JBL,Loa,813000,262,San pham chat luong cao,0
P-03678,Asus Tai Nghe Classic,Asus,Tai Nghe,4909000,259,San pham chat luong cao,0
P-03679,Logitech Tai Nghe Sport,Logitech,Tai Nghe,3333000,343,San pham chat luong cao,0
P-03680,Asus Op Lung XL,Asus,Op Lung,1082000,487,San pham chat luong cao,0
P-03681,Logitech Sac Du Phong Lite,Logitech,Sac Du Phong,2777000,157,San pham chat luong cao,0
P-03682,Anker Tablet Classic,Anker,Tablet,2035000,287,San pham chat luong cao,0
P-03683,Samsung Ong Nhom Sport,Samsung,Ong Nhom,2330000,351,San pham chat luong cao,0
P-03684,Asus USB Hub Plus,Asus,USB Hub,3606000,239,San pham chat luong cao,0
P-03685,Razer Giay Premium,Razer,Giay,2176000,317,San pham chat luong cao,0
P-03686,Apple Balo Premium,Apple,Balo,3443000,309,San pham chat luong cao,0
P-03687,Sony Monitor V2,Sony,Monitor,2261000,232,San pham chat luong cao,0
P-03688,JBL Dong Ho Mini,JBL,Dong Ho,3738000,216,San pham chat luong cao,0
P-03689,Samsung Dong Ho Mini,Samsung,Dong Ho,1254000,219,San pham chat luong cao,0
P-03690,Anker Monitor Classic,Anker,Monitor,2114000,318,San pham chat luong cao,0
P-03691,Anker Monitor XL,Anker,Monitor,3017000,104,San pham chat luong cao,0
P-03692,Logitech Monitor Sport,Logitech,Monitor,1717000,334,San pham chat luong cao,0
P-03693,Samsung Giay Ultra,Samsung,Giay,1253000,257,San pham chat luong cao,0
P-03694,Xiaomi Tai Nghe Pro Max,Xiaomi,Tai Nghe,1771000,121,San pham chat luong cao,0
P-03695,Anker Cap Sac Sport,Anker,Cap Sac,2830000,217,San pham chat luong cao,0
P-03696,Razer Ong Nhom Ultra,Razer,Ong Nhom,561000,152,San pham chat luong cao,0
P-03697,Apple Tablet Classic,Apple,Tablet,3844000,497,San pham chat luong cao,0
P-03698,Razer Quat Mini Sport,Razer,Quat Mini,2361000,272,San pham chat luong cao,0
P-03699,Sony Quat Mini Pro Max,Sony,Quat Mini,581000,428,San pham chat luong cao,0
P-03700,Asus Tai Nghe Classic,Asus,Tai Nghe,4297000,78,San pham chat luong cao,0
P-03701,Samsung Tablet Sport,Samsung,Tablet,2304000,125,San pham chat luong cao,0
P-03702,HP Op Lung Sport,HP,Op Lung,4414000,475,San pham chat luong cao,0
P-03703,HP Webcam Sport,HP,Webcam,316000,242,San pham chat luong cao,0
P-03704,Logitech Tai Nghe Plus,Logitech,Tai Nghe,4493000,239,San pham chat luong cao,0
P-03705,Asus Monitor Pro Max,Asus,Monitor,2526000,300,San pham chat luong cao,0
P-03706,HP Op Lung Ultra,HP,Op Lung,4022000,436,San pham chat luong cao,0
P-03707,Anker Loa Mini,Anker,Loa,3742000,424,San pham chat luong cao,0
P-03708,HP Webcam V2,HP,Webcam,3555000,438,San pham chat luong cao,0
P-03709,JBL USB Hub Plus,JBL,USB Hub,2676000,14,San pham chat luong cao,0
P-03710,Apple Balo Lite,Apple,Balo,2231000,143,San pham chat luong cao,0
P-03711,Asus Kinh Mat Sport,Asus,Kinh Mat,784000,433,San pham chat luong cao,0
P-03712,Logitech Tablet V2,Logitech,Tablet,4806000,18,San pham chat luong cao,0
P-03713,Samsung Kinh Mat Mini,Samsung,Kinh Mat,939000,478,San pham chat luong cao,0
P-03714,Apple Loa XL,Apple,Loa,3512000,421,San pham chat luong cao,0
P-03715,Anker Kinh Mat Classic,Anker,Kinh Mat,2160000,58,San pham chat luong cao,0
P-03716,Xiaomi Cap Sac Ultra,Xiaomi,Cap Sac,2836000,323,San pham chat luong cao,0
P-03717,Anker Monitor Mini,Anker,Monitor,801000,185,San pham chat luong cao,0
P-03718,Razer Monitor Classic,Razer,Monitor,4128000,390,San pham chat luong cao,0
P-03719,Samsung May Anh Lite,Samsung,May Anh,4853000,440,San pham chat luong cao,0
P-03720,JBL Giay Ultra,JBL,Giay,2586000,15,San pham chat luong cao,0
P-03721,Samsung May Anh Lite,Samsung,May Anh,4501000,203,San pham chat luong cao,0
P-03722,Logitech Tablet V2,Logitech,Tablet,2307000,354,San pham chat luong cao,0
P-03723,Asus Balo Plus,Asus,Balo,2931000,340,San pham chat luong cao,0
P-03724,Samsung Tai Nghe Classic,Samsung,Tai Nghe,2510000,275,San pham chat luong cao,0
P-03725,HP Dong Ho Classic,HP,Dong Ho,1198000,51,San pham chat luong cao,0
P-03726,Razer Ban Phim V2,Razer,Ban Phim,4101000,425,San pham chat luong cao,0
P-03727,Asus Balo Lite,Asus,Balo,2277000,479,San pham chat luong cao,0
P-03728,Logitech Loa Plus,Logitech,Loa,832000,24,San pham chat luong cao,0
P-03729,Apple USB Hub Classic,Apple,USB Hub,4246000,335,San pham chat luong cao,0
P-03730,Sony Kinh Mat Pro Max,Sony,Kinh Mat,2125000,147,San pham chat luong cao,0
P-03731,Sony Op Lung Sport,Sony,Op Lung,3626000,147,San pham chat luong cao,0
P-03732,Asus Dong Ho Classic,Asus,Dong Ho,4377000,428,San pham chat luong cao,0
P-03733,Anker Tai Nghe V2,Anker,Tai Nghe,2989000,333,San pham chat luong cao,0
P-03734,Asus USB Hub Classic,Asus,USB Hub,4165000,240,San pham chat luong cao,0
P-03735,Sony Webcam Sport,Sony,Webcam,3342000,230,San pham chat luong cao,0
P-03736,JBL Webcam Pro Max,JBL,Webcam,2449000,102,San pham chat luong cao,0
P-03737,Razer May Anh Mini,Razer,May Anh,647000,425,San pham chat luong cao,0
P-03738,JBL Chuot Gaming Pro Max,JBL,Chuot Gaming,4570000,107,San pham chat luong cao,0
P-03739,Samsung USB Hub XL,Samsung,USB Hub,3678000,63,San pham chat luong cao,0
P-03740,Razer Laptop XL,Razer,Laptop,3138000,94,San pham chat luong cao,0
P-03741,Apple Laptop XL,Apple,Laptop,4267000,85,San pham chat luong cao,0
P-03742,JBL Balo V2,JBL,Balo,1902000,285,San pham chat luong cao,0
P-03743,Asus Tai Nghe Ultra,Asus,Tai Nghe,2523000,91,San pham chat luong cao,0
P-03744,Apple Sac Du Phong XL,Apple,Sac Du Phong,4302000,82,San pham chat luong cao,0
P-03745,Logitech Webcam Classic,Logitech,Webcam,1637000,413,San pham chat luong cao,0
P-03746,Anker Tablet Premium,Anker,Tablet,4439000,469,San pham chat luong cao,0
P-03747,JBL Tablet Pro Max,JBL,Tablet,4162000,160,San pham chat luong cao,0
P-03748,Asus Op Lung Ultra,Asus,Op Lung,2784000,375,San pham chat luong cao,0
P-03749,JBL Webcam Ultra,JBL,Webcam,3414000,397,San pham chat luong cao,0
P-03750,JBL Ban Phim Pro Max,JBL,Ban Phim,2745000,279,San pham chat luong cao,0
P-03751,Asus Laptop V2,Asus,Laptop,962000,12,San pham chat luong cao,0
P-03752,Sony Ban Phim Mini,Sony,Ban Phim,2847000,362,San pham chat luong cao,0
P-03753,Logitech Op Lung Ultra,Logitech,Op Lung,282000,293,San pham chat luong cao,0
P-03754,Razer Monitor Premium,Razer,Monitor,3351000,340,San pham chat luong cao,0
P-03755,Asus Chuot Gaming Lite,Asus,Chuot Gaming,3239000,287,San pham chat luong cao,0
P-03756,Razer May Anh Mini,Razer,May Anh,351000,294,San pham chat luong cao,0
P-03757,Xiaomi Cap Sac Ultra,Xiaomi,Cap Sac,687000,67,San pham chat luong cao,0
P-03758,Razer Giay Ultra,Razer,Giay,1147000,365,San pham chat luong cao,0
P-03759,Apple Ong Nhom Plus,Apple,Ong Nhom,507000,340,San pham chat luong cao,0
P-03760,Razer May Anh Premium,Razer,May Anh,2197000,10,San pham chat luong cao,0
P-03761,HP Quat Mini Pro Max,HP,Quat Mini,2654000,125,San pham chat luong cao,0
P-03762,JBL Chuot Gaming Classic,JBL,Chuot Gaming,2772000,283,San pham chat luong cao,0
P-03763,JBL Laptop Classic,JBL,Laptop,1340000,65,San pham chat luong cao,0
P-03764,Samsung Sac Du Phong Lite,Samsung,Sac Du Phong,2332000,368,San pham chat luong cao,0
P-03765,HP Chuot Gaming Ultra,HP,Chuot Gaming,3294000,143,San pham chat luong cao,0
P-03766,Xiaomi Loa XL,Xiaomi,Loa,962000,476,San pham chat luong cao,0
P-03767,Apple Kinh Mat XL,Apple,Kinh Mat,111000,53,San pham chat luong cao,0
P-03768,Sony Giay Premium,Sony,Giay,262000,460,San pham chat luong cao,0
P-03769,Apple Chuot Gaming V2,Apple,Chuot Gaming,2492000,262,San pham chat luong cao,0
P-03770,Sony Ao Thun Mini,Sony,Ao Thun,817000,310,San pham chat luong cao,0
P-03771,Logitech Laptop Premium,Logitech,Laptop,2945000,79,San pham chat luong cao,0
P-03772,Samsung Ao Thun Mini,Samsung,Ao Thun,2475000,383,San pham chat luong cao,0
P-03773,Logitech Cap Sac Ultra,Logitech,Cap Sac,3854000,277,San pham chat luong cao,0
P-03774,Sony Ong Nhom Mini,Sony,Ong Nhom,2256000,246,San pham chat luong cao,0
P-03775,Samsung Loa V2,Samsung,Loa,4235000,488,San pham chat luong cao,0
P-03776,HP Giay Sport,HP,Giay,4089000,30,San pham chat luong cao,0
P-03777,Anker Sac Du Phong Plus,Anker,Sac Du Phong,1804000,447,San pham chat luong cao,0
P-03778,JBL Balo Premium,JBL,Balo,3038000,213,San pham chat luong cao,0
P-03779,Sony Balo Plus,Sony,Balo,2395000,35,San pham chat luong cao,0
P-03780,Sony Tai Nghe V2,Sony,Tai Nghe,279000,41,San pham chat luong cao,0
P-03781,Razer Tai Nghe V2,Razer,Tai Nghe,2041000,365,San pham chat luong cao,0
P-03782,Anker Tablet V2,Anker,Tablet,2051000,105,San pham chat luong cao,0
P-03783,Asus Sac Du Phong V2,Asus,Sac Du Phong,1420000,110,San pham chat luong cao,0
P-03784,Apple Kinh Mat Pro Max,Apple,Kinh Mat,586000,65,San pham chat luong cao,0
P-03785,Samsung Giay Mini,Samsung,Giay,4658000,354,San pham chat luong cao,0
P-03786,Samsung Dong Ho Plus,Samsung,Dong Ho,1144000,283,San pham chat luong cao,0
P-03787,Asus Chuot Gaming V2,Asus,Chuot Gaming,1597000,103,San pham chat luong cao,0
P-03788,Apple Tai Nghe Ultra,Apple,Tai Nghe,4004000,370,San pham chat luong cao,0
P-03789,Xiaomi Ong Nhom Mini,Xiaomi,Ong Nhom,729000,274,San pham chat luong cao,0
P-03790,Xiaomi USB Hub V2,Xiaomi,USB Hub,3530000,144,San pham chat luong cao,0
P-03791,Logitech Loa Sport,Logitech,Loa,2309000,128,San pham chat luong cao,0
P-03792,JBL Ong Nhom Premium,JBL,Ong Nhom,3040000,324,San pham chat luong cao,0
P-03793,JBL USB Hub Plus,JBL,USB Hub,2902000,476,San pham chat luong cao,0
P-03794,Asus Ong Nhom Pro Max,Asus,Ong Nhom,4232000,202,San pham chat luong cao,0
P-03795,Logitech Giay Classic,Logitech,Giay,2203000,347,San pham chat luong cao,0
P-03796,Xiaomi May Anh Pro Max,Xiaomi,May Anh,1306000,270,San pham chat luong cao,0
P-03797,Logitech USB Hub Plus,Logitech,USB Hub,4167000,309,San pham chat luong cao,0
P-03798,Apple Op Lung XL,Apple,Op Lung,711000,165,San pham chat luong cao,0
P-03799,HP Ao Thun Lite,HP,Ao Thun,2126000,463,San pham chat luong cao,0
P-03800,Razer Tai Nghe Sport,Razer,Tai Nghe,2007000,263,San pham chat luong cao,0
P-03801,Xiaomi Tai Nghe V2,Xiaomi,Tai Nghe,2655000,393,San pham chat luong cao,0
P-03802,Apple Dong Ho Sport,Apple,Dong Ho,4884000,413,San pham chat luong cao,0
P-03803,Xiaomi Sac Du Phong Pro Max,Xiaomi,Sac Du Phong,4893000,227,San pham chat luong cao,0
P-03804,Apple Ao Thun Plus,Apple,Ao Thun,4850000,474,San pham chat luong cao,0
P-03805,Asus Tai Nghe V2,Asus,Tai Nghe,2739000,464,San pham chat luong cao,0
P-03806,Razer Ban Phim Premium,Razer,Ban Phim,2386000,145,San pham chat luong cao,0
P-03807,Asus Ong Nhom Sport,Asus,Ong Nhom,4853000,492,San pham chat luong cao,0
P-03808,Logitech Op Lung Mini,Logitech,Op Lung,3487000,219,San pham chat luong cao,0
P-03809,Sony Op Lung Classic,Sony,Op Lung,951000,435,San pham chat luong cao,0
P-03810,Sony Loa Pro Max,Sony,Loa,1011000,59,San pham chat luong cao,0
P-03811,Asus Ao Thun Classic,Asus,Ao Thun,3689000,40,San pham chat luong cao,0
P-03812,Xiaomi Ban Phim XL,Xiaomi,Ban Phim,1230000,400,San pham chat luong cao,0
P-03813,Sony Chuot Gaming Premium,Sony,Chuot Gaming,1804000,307,San pham chat luong cao,0
P-03814,Apple Giay XL,Apple,Giay,2737000,276,San pham chat luong cao,0
P-03815,Samsung Ao Thun Premium,Samsung,Ao Thun,2187000,189,San pham chat luong cao,0
P-03816,HP Monitor Plus,HP,Monitor,2733000,419,San pham chat luong cao,0
P-03817,Samsung May Anh Classic,Samsung,May Anh,3623000,453,San pham chat luong cao,0
P-03818,Sony Monitor Lite,Sony,Monitor,1828000,48,San pham chat luong cao,0
P-03819,HP Quat Mini Sport,HP,Quat Mini,2379000,473,San pham chat luong cao,0
P-03820,HP Chuot Gaming V2,HP,Chuot Gaming,3731000,206,San pham chat luong cao,0
P-03821,Samsung May Anh Mini,Samsung,May Anh,1625000,233,San pham chat luong cao,0
P-03822,Xiaomi Ban Phim Classic,Xiaomi,Ban Phim,2626000,345,San pham chat luong cao,0
P-03823,JBL Balo Mini,JBL,Balo,790000,497,San pham chat luong cao,0
P-03824,Apple Chuot Gaming Ultra,Apple,Chuot Gaming,2388000,189,San pham chat luong cao,0
P-03825,Samsung Monitor XL,Samsung,Monitor,478000,99,San pham chat luong cao,0
P-03826,Apple Chuot Gaming V2,Apple,Chuot Gaming,1438000,168,San pham chat luong cao,0
P-03827,JBL USB Hub XL,JBL,USB Hub,2358000,116,San pham chat luong cao,0
P-03828,Logitech Ao Thun Lite,Logitech,Ao Thun,1796000,266,San pham chat luong cao,0
P-03829,HP USB Hub Premium,HP,USB Hub,4153000,250,San pham chat luong cao,0
P-03830,JBL Giay Mini,JBL,Giay,1958000,225,San pham chat luong cao,0
P-03831,Razer Dong Ho Classic,Razer,Dong Ho,4448000,346,San pham chat luong cao,0
P-03832,Samsung Kinh Mat V2,Samsung,Kinh Mat,2278000,303,San pham chat luong cao,0
P-03833,Apple Quat Mini Premium,Apple,Quat Mini,2658000,302,San pham chat luong cao,0
P-03834,Xiaomi Op Lung Premium,Xiaomi,Op Lung,4827000,72,San pham chat luong cao,0
P-03835,Razer Laptop Sport,Razer,Laptop,4537000,243,San pham chat luong cao,0
P-03836,HP Ao Thun Mini,HP,Ao Thun,3076000,138,San pham chat luong cao,0
P-03837,JBL Ban Phim Ultra,JBL,Ban Phim,2273000,171,San pham chat luong cao,0
P-03838,Anker Dong Ho Classic,Anker,Dong Ho,3491000,290,San pham chat luong cao,0
P-03839,Sony Ao Thun XL,Sony,Ao Thun,907000,193,San pham chat luong cao,0
P-03840,Sony Webcam Classic,Sony,Webcam,1253000,296,San pham chat luong cao,0
P-03841,Logitech Monitor Sport,Logitech,Monitor,890000,10,San pham chat luong cao,0
P-03842,Logitech Quat Mini Plus,Logitech,Quat Mini,1217000,455,San pham chat luong cao,0
P-03843,Logitech Giay Ultra,Logitech,Giay,3087000,199,San pham chat luong cao,0
P-03844,HP Kinh Mat XL,HP,Kinh Mat,786000,272,San pham chat luong cao,0
P-03845,Logitech Chuot Gaming Pro Max,Logitech,Chuot Gaming,1946000,260,San pham chat luong cao,0
P-03846,HP Op Lung Ultra,HP,Op Lung,1947000,393,San pham chat luong cao,0
P-03847,HP Tai Nghe Lite,HP,Tai Nghe,4426000,483,San pham chat luong cao,0
P-03848,Anker Tai Nghe XL,Anker,Tai Nghe,4339000,128,San pham chat luong cao,0
P-03849,HP Cap Sac Plus,HP,Cap Sac,3816000,59,San pham chat luong cao,0
P-03850,Xiaomi Quat Mini Lite,Xiaomi,Quat Mini,4300000,178,San pham chat luong cao,0
P-03851,Razer Giay Ultra,Razer,Giay,638000,34,San pham chat luong cao,0
P-03852,Samsung Webcam Mini,Samsung,Webcam,1043000,426,San pham chat luong cao,0
P-03853,Logitech Loa V2,Logitech,Loa,3935000,450,San pham chat luong cao,0
P-03854,HP Monitor Premium,HP,Monitor,4112000,39,San pham chat luong cao,0
P-03855,Sony Ong Nhom Ultra,Sony,Ong Nhom,113000,299,San pham chat luong cao,0
P-03856,HP Loa Lite,HP,Loa,540000,52,San pham chat luong cao,0
P-03857,Anker Op Lung Premium,Anker,Op Lung,4870000,383,San pham chat luong cao,0
P-03858,Samsung Balo Classic,Samsung,Balo,3694000,309,San pham chat luong cao,0
P-03859,JBL Webcam Lite,JBL,Webcam,1239000,471,San pham chat luong cao,0
P-03860,Anker Laptop Lite,Anker,Laptop,1696000,288,San pham chat luong cao,0
P-03861,Apple Ong Nhom Plus,Apple,Ong Nhom,2903000,275,San pham chat luong cao,0
P-03862,Apple Tai Nghe Sport,Apple,Tai Nghe,4024000,210,San pham chat luong cao,0
P-03863,Anker Webcam V2,Anker,Webcam,1959000,17,San pham chat luong cao,0
P-03864,Razer Tai Nghe Sport,Razer,Tai Nghe,1012000,210,San pham chat luong cao,0
P-03865,Anker Laptop Pro Max,Anker,Laptop,452000,493,San pham chat luong cao,0
P-03866,JBL Dong Ho V2,JBL,Dong Ho,4463000,169,San pham chat luong cao,0
P-03867,Samsung Webcam Lite,Samsung,Webcam,3869000,427,San pham chat luong cao,0
P-03868,JBL Ban Phim Pro Max,JBL,Ban Phim,3130000,163,San pham chat luong cao,0
P-03869,JBL Tablet Ultra,JBL,Tablet,4582000,340,San pham chat luong cao,0
P-03870,Xiaomi USB Hub Lite,Xiaomi,USB Hub,193000,248,San pham chat luong cao,0
P-03871,Xiaomi Balo XL,Xiaomi,Balo,3022000,302,San pham chat luong cao,0
P-03872,HP Monitor XL,HP,Monitor,1957000,113,San pham chat luong cao,0
P-03873,Apple Chuot Gaming Mini,Apple,Chuot Gaming,2043000,148,San pham chat luong cao,0
P-03874,Razer Dong Ho Pro Max,Razer,Dong Ho,4532000,489,San pham chat luong cao,0
P-03875,Asus Ao Thun XL,Asus,Ao Thun,3651000,465,San pham chat luong cao,0
P-03876,Razer Cap Sac V2,Razer,Cap Sac,4958000,27,San pham chat luong cao,0
P-03877,Logitech Cap Sac Classic,Logitech,Cap Sac,3948000,104,San pham chat luong cao,0
P-03878,Asus May Anh Ultra,Asus,May Anh,2142000,203,San pham chat luong cao,0
P-03879,Sony USB Hub Pro Max,Sony,USB Hub,1289000,396,San pham chat luong cao,0
P-03880,JBL Balo Ultra,JBL,Balo,3218000,94,San pham chat luong cao,0
P-03881,JBL Ban Phim XL,JBL,Ban Phim,3405000,423,San pham chat luong cao,0
P-03882,Apple May Anh Premium,Apple,May Anh,953000,289,San pham chat luong cao,0
P-03883,JBL Loa Premium,JBL,Loa,1200000,306,San pham chat luong cao,0
P-03884,Logitech Webcam Ultra,Logitech,Webcam,3817000,88,San pham chat luong cao,0
P-03885,HP Laptop V2,HP,Laptop,3513000,252,San pham chat luong cao,0
P-03886,HP Balo Classic,HP,Balo,1533000,263,San pham chat luong cao,0
P-03887,Xiaomi Cap Sac Classic,Xiaomi,Cap Sac,3171000,386,San pham chat luong cao,0
P-03888,Asus Laptop Premium,Asus,Laptop,3778000,483,San pham chat luong cao,0
P-03889,Logitech Giay Mini,Logitech,Giay,3014000,415,San pham chat luong cao,0
P-03890,Logitech Op Lung Ultra,Logitech,Op Lung,1926000,288,San pham chat luong cao,0
P-03891,JBL Ban Phim XL,JBL,Ban Phim,2623000,265,San pham chat luong cao,0
P-03892,JBL Balo Lite,JBL,Balo,3665000,224,San pham chat luong cao,0
P-03893,Samsung Monitor Sport,Samsung,Monitor,1771000,250,San pham chat luong cao,0
P-03894,JBL Tablet Lite,JBL,Tablet,431000,10,San pham chat luong cao,0
P-03895,Razer Loa Classic,Razer,Loa,873000,172,San pham chat luong cao,0
P-03896,Apple Cap Sac Mini,Apple,Cap Sac,313000,449,San pham chat luong cao,0
P-03897,Asus Chuot Gaming Premium,Asus,Chuot Gaming,2965000,305,San pham chat luong cao,0
P-03898,Xiaomi May Anh Plus,Xiaomi,May Anh,3597000,334,San pham chat luong cao,0
P-03899,Anker Ong Nhom Sport,Anker,Ong Nhom,1959000,140,San pham chat luong cao,0
P-03900,Apple Chuot Gaming Pro Max,Apple,Chuot Gaming,749000,143,San pham chat luong cao,0
P-03901,Logitech Balo Lite,Logitech,Balo,2262000,293,San pham chat luong cao,0
P-03902,HP Laptop Ultra,HP,Laptop,1925000,362,San pham chat luong cao,0
P-03903,Sony Tai Nghe Pro Max,Sony,Tai Nghe,4160000,321,San pham chat luong cao,0
P-03904,Xiaomi Chuot Gaming Sport,Xiaomi,Chuot Gaming,3845000,349,San pham chat luong cao,0
P-03905,Anker Dong Ho Premium,Anker,Dong Ho,1555000,289,San pham chat luong cao,0
P-03906,JBL Cap Sac V2,JBL,Cap Sac,2548000,43,San pham chat luong cao,0
P-03907,Razer Giay Pro Max,Razer,Giay,274000,219,San pham chat luong cao,0
P-03908,JBL Kinh Mat Mini,JBL,Kinh Mat,2072000,154,San pham chat luong cao,0
P-03909,Apple Balo Lite,Apple,Balo,4853000,316,San pham chat luong cao,0
P-03910,Asus Chuot Gaming Premium,Asus,Chuot Gaming,1367000,446,San pham chat luong cao,0
P-03911,Razer May Anh Pro Max,Razer,May Anh,108000,209,San pham chat luong cao,0
P-03912,Samsung Kinh Mat Lite,Samsung,Kinh Mat,3733000,243,San pham chat luong cao,0
P-03913,Apple Cap Sac Pro Max,Apple,Cap Sac,1341000,12,San pham chat luong cao,0
P-03914,JBL Giay Ultra,JBL,Giay,2871000,96,San pham chat luong cao,0
P-03915,HP Cap Sac V2,HP,Cap Sac,4089000,347,San pham chat luong cao,0
P-03916,HP Sac Du Phong Classic,HP,Sac Du Phong,234000,210,San pham chat luong cao,0
P-03917,Samsung Ao Thun Classic,Samsung,Ao Thun,191000,103,San pham chat luong cao,0
P-03918,Xiaomi Ban Phim Lite,Xiaomi,Ban Phim,2153000,17,San pham chat luong cao,0
P-03919,HP Dong Ho Premium,HP,Dong Ho,1055000,111,San pham chat luong cao,0
P-03920,Samsung Tablet Sport,Samsung,Tablet,641000,137,San pham chat luong cao,0
P-03921,Asus USB Hub V2,Asus,USB Hub,2452000,277,San pham chat luong cao,0
P-03922,JBL Op Lung Classic,JBL,Op Lung,361000,184,San pham chat luong cao,0
P-03923,JBL Quat Mini Mini,JBL,Quat Mini,2881000,181,San pham chat luong cao,0
P-03924,Apple Chuot Gaming Pro Max,Apple,Chuot Gaming,1431000,404,San pham chat luong cao,0
P-03925,Apple Chuot Gaming V2,Apple,Chuot Gaming,638000,269,San pham chat luong cao,0
P-03926,Samsung Kinh Mat Plus,Samsung,Kinh Mat,2189000,271,San pham chat luong cao,0
P-03927,Anker Tablet Pro Max,Anker,Tablet,4245000,337,San pham chat luong cao,0
P-03928,Xiaomi Quat Mini Plus,Xiaomi,Quat Mini,4489000,395,San pham chat luong cao,0
P-03929,Razer Op Lung Pro Max,Razer,Op Lung,2299000,114,San pham chat luong cao,0
P-03930,Anker Ao Thun V2,Anker,Ao Thun,218000,125,San pham chat luong cao,0
P-03931,HP Chuot Gaming Plus,HP,Chuot Gaming,628000,172,San pham chat luong cao,0
P-03932,Sony Loa Pro Max,Sony,Loa,1917000,349,San pham chat luong cao,0
P-03933,HP Ban Phim Mini,HP,Ban Phim,675000,146,San pham chat luong cao,0
P-03934,Samsung Ban Phim Mini,Samsung,Ban Phim,4534000,140,San pham chat luong cao,0
P-03935,Asus Laptop Premium,Asus,Laptop,3648000,309,San pham chat luong cao,0
P-03936,Asus Webcam Premium,Asus,Webcam,2182000,478,San pham chat luong cao,0
P-03937,Asus Ao Thun Plus,Asus,Ao Thun,2324000,440,San pham chat luong cao,0
P-03938,HP Quat Mini Premium,HP,Quat Mini,2570000,112,San pham chat luong cao,0
P-03939,Asus Monitor Mini,Asus,Monitor,4329000,220,San pham chat luong cao,0
P-03940,Xiaomi Tablet Sport,Xiaomi,Tablet,1966000,255,San pham chat luong cao,0
P-03941,Xiaomi Giay Sport,Xiaomi,Giay,544000,194,San pham chat luong cao,0
P-03942,Apple Balo Classic,Apple,Balo,2415000,110,San pham chat luong cao,0
P-03943,Samsung Ong Nhom Sport,Samsung,Ong Nhom,1934000,213,San pham chat luong cao,0
P-03944,Logitech Giay Pro Max,Logitech,Giay,3155000,342,San pham chat luong cao,0
P-03945,Anker Tai Nghe Mini,Anker,Tai Nghe,3947000,256,San pham chat luong cao,0
P-03946,Xiaomi Quat Mini V2,Xiaomi,Quat Mini,1577000,175,San pham chat luong cao,0
P-03947,HP Op Lung Premium,HP,Op Lung,3132000,195,San pham chat luong cao,0
P-03948,Samsung Balo Premium,Samsung,Balo,1350000,136,San pham chat luong cao,0
P-03949,JBL Tablet Classic,JBL,Tablet,1668000,364,San pham chat luong cao,0
P-03950,JBL Dong Ho Mini,JBL,Dong Ho,2085000,420,San pham chat luong cao,0
P-03951,Asus Tai Nghe V2,Asus,Tai Nghe,763000,52,San pham chat luong cao,0
P-03952,Sony May Anh Plus,Sony,May Anh,280000,153,San pham chat luong cao,0
P-03953,Xiaomi Op Lung Pro Max,Xiaomi,Op Lung,3890000,46,San pham chat luong cao,0
P-03954,Razer Tablet Pro Max,Razer,Tablet,3860000,240,San pham chat luong cao,0
P-03955,Logitech Ong Nhom Sport,Logitech,Ong Nhom,368000,85,San pham chat luong cao,0
P-03956,Anker Chuot Gaming Ultra,Anker,Chuot Gaming,2728000,261,San pham chat luong cao,0
P-03957,Razer Tablet Ultra,Razer,Tablet,1894000,239,San pham chat luong cao,0
P-03958,Xiaomi Balo Premium,Xiaomi,Balo,2278000,182,San pham chat luong cao,0
P-03959,Asus USB Hub Plus,Asus,USB Hub,1919000,473,San pham chat luong cao,0
P-03960,Asus Op Lung XL,Asus,Op Lung,4736000,134,San pham chat luong cao,0
P-03961,Asus Cap Sac Plus,Asus,Cap Sac,221000,105,San pham chat luong cao,0
P-03962,Asus Giay Premium,Asus,Giay,1357000,320,San pham chat luong cao,0
P-03963,HP Chuot Gaming Plus,HP,Chuot Gaming,2640000,252,San pham chat luong cao,0
P-03964,Razer Kinh Mat Plus,Razer,Kinh Mat,2864000,290,San pham chat luong cao,0
P-03965,Razer May Anh Sport,Razer,May Anh,2497000,179,San pham chat luong cao,0
P-03966,Apple Tablet V2,Apple,Tablet,4431000,227,San pham chat luong cao,0
P-03967,HP Ao Thun Lite,HP,Ao Thun,3618000,103,San pham chat luong cao,0
P-03968,Samsung Ong Nhom Ultra,Samsung,Ong Nhom,4270000,23,San pham chat luong cao,0
P-03969,Anker Sac Du Phong Sport,Anker,Sac Du Phong,4794000,427,San pham chat luong cao,0
P-03970,Sony Loa Premium,Sony,Loa,1332000,237,San pham chat luong cao,0
P-03971,JBL May Anh Ultra,JBL,May Anh,4899000,252,San pham chat luong cao,0
P-03972,Asus Ban Phim XL,Asus,Ban Phim,2010000,27,San pham chat luong cao,0
P-03973,Anker Kinh Mat Premium,Anker,Kinh Mat,3486000,247,San pham chat luong cao,0
P-03974,Logitech USB Hub Ultra,Logitech,USB Hub,1831000,447,San pham chat luong cao,0
P-03975,Razer Tablet Mini,Razer,Tablet,2139000,36,San pham chat luong cao,0
P-03976,Logitech Kinh Mat V2,Logitech,Kinh Mat,3094000,166,San pham chat luong cao,0
P-03977,Samsung Tai Nghe Pro Max,Samsung,Tai Nghe,2839000,309,San pham chat luong cao,0
P-03978,Samsung USB Hub Mini,Samsung,USB Hub,4525000,466,San pham chat luong cao,0
P-03979,Apple Quat Mini XL,Apple,Quat Mini,4208000,50,San pham chat luong cao,0
P-03980,Apple Ban Phim XL,Apple,Ban Phim,4478000,213,San pham chat luong cao,0
P-03981,HP May Anh Lite,HP,May Anh,714000,331,San pham chat luong cao,0
P-03982,Razer Tablet Ultra,Razer,Tablet,3729000,73,San pham chat luong cao,0
P-03983,Razer Monitor Lite,Razer,Monitor,4445000,450,San pham chat luong cao,0
P-03984,Logitech Tai Nghe Classic,Logitech,Tai Nghe,4180000,438,San pham chat luong cao,0
P-03985,Samsung Balo XL,Samsung,Balo,3012000,267,San pham chat luong cao,0
P-03986,Sony Op Lung Plus,Sony,Op Lung,1862000,479,San pham chat luong cao,0
P-03987,Razer USB Hub Classic,Razer,USB Hub,1218000,297,San pham chat luong cao,0
P-03988,JBL Tablet Pro Max,JBL,Tablet,3185000,44,San pham chat luong cao,0
P-03989,Logitech Sac Du Phong Sport,Logitech,Sac Du Phong,2469000,365,San pham chat luong cao,0
P-03990,Apple Ao Thun Mini,Apple,Ao Thun,2177000,287,San pham chat luong cao,0
P-03991,Sony Quat Mini Ultra,Sony,Quat Mini,4033000,411,San pham chat luong cao,0
P-03992,Samsung Op Lung Classic,Samsung,Op Lung,1267000,42,San pham chat luong cao,0
P-03993,HP Op Lung Ultra,HP,Op Lung,2991000,293,San pham chat luong cao,0
P-03994,Asus USB Hub Premium,Asus,USB Hub,2361000,38,San pham chat luong cao,0
P-03995,Razer Cap Sac XL,Razer,Cap Sac,1098000,37,San pham chat luong cao,0
P-03996,Xiaomi Ong Nhom Sport,Xiaomi,Ong Nhom,93000,486,San pham chat luong cao,0
P-03997,Samsung Loa Mini,Samsung,Loa,1375000,495,San pham chat luong cao,0
P-03998,Sony Tai Nghe Mini,Sony,Tai Nghe,1491000,305,San pham chat luong cao,0
P-03999,JBL Giay Plus,JBL,Giay,1304000,360,San pham chat luong cao,0
P-04000,Samsung Chuot Gaming Plus,Samsung,Chuot Gaming,2703000,250,San pham chat luong cao,0
P-04001,Xiaomi Kinh Mat Mini,Xiaomi,Kinh Mat,4589000,214,San pham chat luong cao,0
P-04002,Sony Ao Thun Ultra,Sony,Ao Thun,4119000,211,San pham chat luong cao,0
P-04003,Apple Giay Ultra,Apple,Giay,3904000,30,San pham chat luong cao,0
P-04004,Apple Balo Mini,Apple,Balo,108000,116,San pham chat luong cao,0
P-04005,Razer USB Hub Premium,Razer,USB Hub,591000,220,San pham chat luong cao,0
P-04006,Anker Loa Ultra,Anker,Loa,2436000,104,San pham chat luong cao,0
P-04007,HP USB Hub Mini,HP,USB Hub,377000,38,San pham chat luong cao,0
P-04008,Xiaomi Loa XL,Xiaomi,Loa,1850000,496,San pham chat luong cao,0
P-04009,Asus May Anh Sport,Asus,May Anh,958000,51,San pham chat luong cao,0
P-04010,JBL Loa Pro Max,JBL,Loa,3888000,411,San pham chat luong cao,0
P-04011,Xiaomi Giay Plus,Xiaomi,Giay,907000,128,San pham chat luong cao,0
P-04012,Asus Laptop Sport,Asus,Laptop,1030000,53,San pham chat luong cao,0
P-04013,Xiaomi Kinh Mat Classic,Xiaomi,Kinh Mat,4983000,75,San pham chat luong cao,0
P-04014,Apple Laptop Pro Max,Apple,Laptop,2681000,102,San pham chat luong cao,0
P-04015,Razer Tai Nghe Pro Max,Razer,Tai Nghe,1894000,357,San pham chat luong cao,0
P-04016,Asus Balo Plus,Asus,Balo,4636000,137,San pham chat luong cao,0
P-04017,Samsung Quat Mini V2,Samsung,Quat Mini,4513000,432,San pham chat luong cao,0
P-04018,Samsung Chuot Gaming Sport,Samsung,Chuot Gaming,329000,489,San pham chat luong cao,0
P-04019,Xiaomi Ban Phim V2,Xiaomi,Ban Phim,4023000,440,San pham chat luong cao,0
P-04020,Asus Balo Mini,Asus,Balo,1455000,136,San pham chat luong cao,0
P-04021,HP Monitor Classic,HP,Monitor,1408000,187,San pham chat luong cao,0
P-04022,Razer Balo Mini,Razer,Balo,4213000,316,San pham chat luong cao,0
P-04023,Asus Tai Nghe Ultra,Asus,Tai Nghe,2727000,251,San pham chat luong cao,0
P-04024,HP Sac Du Phong Premium,HP,Sac Du Phong,834000,197,San pham chat luong cao,0
P-04025,Sony Op Lung Mini,Sony,Op Lung,3084000,242,San pham chat luong cao,0
P-04026,Xiaomi Ong Nhom XL,Xiaomi,Ong Nhom,2272000,246,San pham chat luong cao,0
P-04027,Samsung Balo V2,Samsung,Balo,564000,156,San pham chat luong cao,0
P-04028,Samsung Tai Nghe Mini,Samsung,Tai Nghe,994000,452,San pham chat luong cao,0
P-04029,Anker Loa Sport,Anker,Loa,3080000,204,San pham chat luong cao,0
P-04030,JBL Ban Phim Mini,JBL,Ban Phim,3583000,142,San pham chat luong cao,0
P-04031,Xiaomi Ao Thun Mini,Xiaomi,Ao Thun,4043000,221,San pham chat luong cao,0
P-04032,JBL Dong Ho XL,JBL,Dong Ho,3534000,132,San pham chat luong cao,0
P-04033,JBL Webcam Premium,JBL,Webcam,1458000,434,San pham chat luong cao,0
P-04034,Apple Laptop XL,Apple,Laptop,3719000,43,San pham chat luong cao,0
P-04035,Apple Ban Phim V2,Apple,Ban Phim,3926000,217,San pham chat luong cao,0
P-04036,Samsung Quat Mini Mini,Samsung,Quat Mini,3541000,90,San pham chat luong cao,0
P-04037,HP Ao Thun Pro Max,HP,Ao Thun,4255000,181,San pham chat luong cao,0
P-04038,Xiaomi Loa Classic,Xiaomi,Loa,262000,406,San pham chat luong cao,0
P-04039,Sony Ban Phim Classic,Sony,Ban Phim,3240000,81,San pham chat luong cao,0
P-04040,Xiaomi Ong Nhom Pro Max,Xiaomi,Ong Nhom,1659000,360,San pham chat luong cao,0
P-04041,Razer Webcam Plus,Razer,Webcam,3515000,10,San pham chat luong cao,0
P-04042,Razer Ban Phim XL,Razer,Ban Phim,1940000,296,San pham chat luong cao,0
P-04043,Apple USB Hub Ultra,Apple,USB Hub,3279000,359,San pham chat luong cao,0
P-04044,Samsung Cap Sac Ultra,Samsung,Cap Sac,2012000,54,San pham chat luong cao,0
P-04045,Apple Monitor Lite,Apple,Monitor,4795000,309,San pham chat luong cao,0
P-04046,HP Dong Ho Classic,HP,Dong Ho,667000,334,San pham chat luong cao,0
P-04047,Sony Kinh Mat Plus,Sony,Kinh Mat,3297000,337,San pham chat luong cao,0
P-04048,Razer Tai Nghe XL,Razer,Tai Nghe,4361000,19,San pham chat luong cao,0
P-04049,Xiaomi Webcam Sport,Xiaomi,Webcam,4040000,191,San pham chat luong cao,0
P-04050,JBL Loa Premium,JBL,Loa,2292000,248,San pham chat luong cao,0
P-04051,JBL Quat Mini Plus,JBL,Quat Mini,121000,292,San pham chat luong cao,0
P-04052,Razer Sac Du Phong Plus,Razer,Sac Du Phong,1290000,494,San pham chat luong cao,0
P-04053,Sony May Anh Classic,Sony,May Anh,1328000,58,San pham chat luong cao,0
P-04054,Samsung Ban Phim Classic,Samsung,Ban Phim,1745000,83,San pham chat luong cao,0
P-04055,HP Quat Mini XL,HP,Quat Mini,3396000,248,San pham chat luong cao,0
P-04056,Asus Loa Classic,Asus,Loa,2696000,344,San pham chat luong cao,0
P-04057,Xiaomi Ao Thun Plus,Xiaomi,Ao Thun,2628000,12,San pham chat luong cao,0
P-04058,Sony Kinh Mat V2,Sony,Kinh Mat,4308000,245,San pham chat luong cao,0
P-04059,Anker Tai Nghe Pro Max,Anker,Tai Nghe,1809000,289,San pham chat luong cao,0
P-04060,JBL Giay V2,JBL,Giay,4004000,48,San pham chat luong cao,0
P-04061,JBL Ban Phim Premium,JBL,Ban Phim,4089000,491,San pham chat luong cao,0
P-04062,Anker Tablet Sport,Anker,Tablet,4705000,185,San pham chat luong cao,0
P-04063,HP Webcam Ultra,HP,Webcam,3676000,435,San pham chat luong cao,0
P-04064,Anker Sac Du Phong Ultra,Anker,Sac Du Phong,2089000,26,San pham chat luong cao,0
P-04065,Xiaomi Quat Mini Premium,Xiaomi,Quat Mini,4237000,245,San pham chat luong cao,0
P-04066,Sony Kinh Mat Sport,Sony,Kinh Mat,2463000,374,San pham chat luong cao,0
P-04067,HP Ban Phim Sport,HP,Ban Phim,4693000,317,San pham chat luong cao,0
P-04068,Xiaomi Ao Thun Mini,Xiaomi,Ao Thun,3591000,133,San pham chat luong cao,0
P-04069,Sony Tablet Lite,Sony,Tablet,2170000,230,San pham chat luong cao,0
P-04070,Xiaomi Quat Mini Mini,Xiaomi,Quat Mini,3341000,216,San pham chat luong cao,0
P-04071,JBL Cap Sac Plus,JBL,Cap Sac,2160000,225,San pham chat luong cao,0
P-04072,Sony Tai Nghe Sport,Sony,Tai Nghe,1504000,24,San pham chat luong cao,0
P-04073,Xiaomi Ban Phim V2,Xiaomi,Ban Phim,3643000,192,San pham chat luong cao,0
P-04074,Apple Monitor Pro Max,Apple,Monitor,3805000,330,San pham chat luong cao,0
P-04075,Apple Monitor XL,Apple,Monitor,3627000,379,San pham chat luong cao,0
P-04076,Sony Tablet XL,Sony,Tablet,3714000,30,San pham chat luong cao,0
P-04077,Apple Tai Nghe Ultra,Apple,Tai Nghe,4647000,240,San pham chat luong cao,0
P-04078,HP USB Hub Premium,HP,USB Hub,794000,485,San pham chat luong cao,0
P-04079,Razer Giay Mini,Razer,Giay,4350000,79,San pham chat luong cao,0
P-04080,JBL Monitor Sport,JBL,Monitor,1543000,424,San pham chat luong cao,0
P-04081,HP Ban Phim Sport,HP,Ban Phim,4596000,276,San pham chat luong cao,0
P-04082,Anker Cap Sac Premium,Anker,Cap Sac,2113000,136,San pham chat luong cao,0
P-04083,Logitech Giay Classic,Logitech,Giay,368000,489,San pham chat luong cao,0
P-04084,Apple Cap Sac V2,Apple,Cap Sac,1530000,247,San pham chat luong cao,0
P-04085,Xiaomi Balo XL,Xiaomi,Balo,4708000,374,San pham chat luong cao,0
P-04086,Apple May Anh Lite,Apple,May Anh,2349000,30,San pham chat luong cao,0
P-04087,Sony Tablet Mini,Sony,Tablet,3755000,420,San pham chat luong cao,0
P-04088,Xiaomi Ong Nhom V2,Xiaomi,Ong Nhom,2352000,25,San pham chat luong cao,0
P-04089,Apple May Anh Pro Max,Apple,May Anh,3022000,360,San pham chat luong cao,0
P-04090,Asus Loa V2,Asus,Loa,1744000,173,San pham chat luong cao,0
P-04091,Xiaomi Laptop V2,Xiaomi,Laptop,2539000,305,San pham chat luong cao,0
P-04092,JBL Ong Nhom Sport,JBL,Ong Nhom,3006000,125,San pham chat luong cao,0
P-04093,Xiaomi Tai Nghe Mini,Xiaomi,Tai Nghe,3668000,198,San pham chat luong cao,0
P-04094,Anker USB Hub Plus,Anker,USB Hub,4222000,79,San pham chat luong cao,0
P-04095,Anker Balo Plus,Anker,Balo,1243000,83,San pham chat luong cao,0
P-04096,Asus Tablet Classic,Asus,Tablet,4026000,394,San pham chat luong cao,0
P-04097,HP Ban Phim Plus,HP,Ban Phim,4532000,143,San pham chat luong cao,0
P-04098,Asus Ao Thun Plus,Asus,Ao Thun,324000,188,San pham chat luong cao,0
P-04099,HP Ong Nhom Lite,HP,Ong Nhom,1142000,220,San pham chat luong cao,0
P-04100,Asus Dong Ho XL,Asus,Dong Ho,2628000,54,San pham chat luong cao,0
P-04101,Xiaomi Monitor Classic,Xiaomi,Monitor,1460000,53,San pham chat luong cao,0
P-04102,Sony Op Lung Classic,Sony,Op Lung,1041000,51,San pham chat luong cao,0
P-04103,Sony Balo Mini,Sony,Balo,3537000,411,San pham chat luong cao,0
P-04104,Asus Giay Sport,Asus,Giay,60000,76,San pham chat luong cao,0
P-04105,Logitech Balo V2,Logitech,Balo,4250000,500,San pham chat luong cao,0
P-04106,Samsung Giay Plus,Samsung,Giay,4230000,311,San pham chat luong cao,0
P-04107,Razer Cap Sac Lite,Razer,Cap Sac,4547000,227,San pham chat luong cao,0
P-04108,Sony Loa Classic,Sony,Loa,2035000,357,San pham chat luong cao,0
P-04109,Samsung Ban Phim V2,Samsung,Ban Phim,2909000,245,San pham chat luong cao,0
P-04110,Xiaomi Loa Premium,Xiaomi,Loa,3061000,443,San pham chat luong cao,0
P-04111,Anker Tai Nghe Ultra,Anker,Tai Nghe,4751000,307,San pham chat luong cao,0
P-04112,Apple Ong Nhom V2,Apple,Ong Nhom,4485000,122,San pham chat luong cao,0
P-04113,Apple Balo Lite,Apple,Balo,2209000,290,San pham chat luong cao,0
P-04114,Asus Monitor Lite,Asus,Monitor,4314000,102,San pham chat luong cao,0
P-04115,Apple May Anh Plus,Apple,May Anh,3036000,238,San pham chat luong cao,0
P-04116,HP Balo Plus,HP,Balo,1489000,484,San pham chat luong cao,0
P-04117,Anker May Anh Premium,Anker,May Anh,1867000,471,San pham chat luong cao,0
P-04118,Asus Ban Phim Pro Max,Asus,Ban Phim,820000,483,San pham chat luong cao,0
P-04119,Logitech Op Lung Premium,Logitech,Op Lung,1572000,338,San pham chat luong cao,0
P-04120,Apple Laptop XL,Apple,Laptop,1092000,298,San pham chat luong cao,0
P-04121,Asus May Anh V2,Asus,May Anh,3946000,19,San pham chat luong cao,0
P-04122,Apple Monitor Sport,Apple,Monitor,4420000,401,San pham chat luong cao,0
P-04123,Samsung Quat Mini Pro Max,Samsung,Quat Mini,2301000,299,San pham chat luong cao,0
P-04124,HP Tai Nghe Lite,HP,Tai Nghe,2244000,17,San pham chat luong cao,0
P-04125,JBL Laptop Lite,JBL,Laptop,3996000,308,San pham chat luong cao,0
P-04126,Apple Balo Mini,Apple,Balo,3312000,495,San pham chat luong cao,0
P-04127,JBL Ong Nhom Sport,JBL,Ong Nhom,1030000,401,San pham chat luong cao,0
P-04128,Razer Kinh Mat Plus,Razer,Kinh Mat,2352000,90,San pham chat luong cao,0
P-04129,Asus Balo Pro Max,Asus,Balo,4170000,14,San pham chat luong cao,0
P-04130,Samsung Loa Sport,Samsung,Loa,4226000,94,San pham chat luong cao,0
P-04131,Xiaomi Op Lung Lite,Xiaomi,Op Lung,967000,459,San pham chat luong cao,0
P-04132,Anker Op Lung Classic,Anker,Op Lung,4120000,489,San pham chat luong cao,0
P-04133,Apple Op Lung XL,Apple,Op Lung,4372000,332,San pham chat luong cao,0
P-04134,Anker Chuot Gaming Lite,Anker,Chuot Gaming,1653000,331,San pham chat luong cao,0
P-04135,Apple Chuot Gaming V2,Apple,Chuot Gaming,4097000,419,San pham chat luong cao,0
P-04136,Anker Ao Thun Ultra,Anker,Ao Thun,1981000,420,San pham chat luong cao,0
P-04137,Anker Laptop Ultra,Anker,Laptop,4374000,21,San pham chat luong cao,0
P-04138,HP May Anh Premium,HP,May Anh,1665000,237,San pham chat luong cao,0
P-04139,Sony Cap Sac Mini,Sony,Cap Sac,1390000,378,San pham chat luong cao,0
P-04140,Anker Giay XL,Anker,Giay,2329000,89,San pham chat luong cao,0
P-04141,Xiaomi Tai Nghe Lite,Xiaomi,Tai Nghe,2282000,360,San pham chat luong cao,0
P-04142,Xiaomi May Anh Sport,Xiaomi,May Anh,1619000,360,San pham chat luong cao,0
P-04143,Sony Ong Nhom Plus,Sony,Ong Nhom,4752000,14,San pham chat luong cao,0
P-04144,Anker USB Hub V2,Anker,USB Hub,3137000,200,San pham chat luong cao,0
P-04145,Logitech Cap Sac XL,Logitech,Cap Sac,4541000,195,San pham chat luong cao,0
P-04146,Apple Ao Thun V2,Apple,Ao Thun,4096000,293,San pham chat luong cao,0
P-04147,Anker Tablet Sport,Anker,Tablet,1745000,416,San pham chat luong cao,0
P-04148,HP Tai Nghe Plus,HP,Tai Nghe,3788000,127,San pham chat luong cao,0
P-04149,Razer Cap Sac Classic,Razer,Cap Sac,4910000,169,San pham chat luong cao,0
P-04150,HP Chuot Gaming Mini,HP,Chuot Gaming,2484000,75,San pham chat luong cao,0
P-04151,Logitech Balo V2,Logitech,Balo,4873000,271,San pham chat luong cao,0
P-04152,Razer Webcam Classic,Razer,Webcam,581000,432,San pham chat luong cao,0
P-04153,Logitech Monitor Mini,Logitech,Monitor,2345000,192,San pham chat luong cao,0
P-04154,Anker Tai Nghe Ultra,Anker,Tai Nghe,1819000,413,San pham chat luong cao,0
P-04155,HP Webcam Ultra,HP,Webcam,3175000,74,San pham chat luong cao,0
P-04156,Anker Tai Nghe Pro Max,Anker,Tai Nghe,2463000,198,San pham chat luong cao,0
P-04157,HP Quat Mini Premium,HP,Quat Mini,4204000,118,San pham chat luong cao,0
P-04158,Asus Tablet Classic,Asus,Tablet,1249000,319,San pham chat luong cao,0
P-04159,Samsung USB Hub V2,Samsung,USB Hub,3135000,147,San pham chat luong cao,0
P-04160,Anker Op Lung Pro Max,Anker,Op Lung,453000,251,San pham chat luong cao,0
P-04161,JBL USB Hub Plus,JBL,USB Hub,149000,13,San pham chat luong cao,0
P-04162,HP Op Lung Ultra,HP,Op Lung,2403000,201,San pham chat luong cao,0
P-04163,Sony Monitor Plus,Sony,Monitor,1242000,292,San pham chat luong cao,0
P-04164,Asus Loa Ultra,Asus,Loa,2755000,141,San pham chat luong cao,0
P-04165,HP May Anh V2,HP,May Anh,743000,187,San pham chat luong cao,0
P-04166,Anker Dong Ho Pro Max,Anker,Dong Ho,871000,19,San pham chat luong cao,0
P-04167,Sony Sac Du Phong V2,Sony,Sac Du Phong,3265000,79,San pham chat luong cao,0
P-04168,Logitech Webcam V2,Logitech,Webcam,1276000,439,San pham chat luong cao,0
P-04169,Razer Laptop Premium,Razer,Laptop,2389000,186,San pham chat luong cao,0
P-04170,HP Kinh Mat Classic,HP,Kinh Mat,2339000,104,San pham chat luong cao,0
P-04171,HP Quat Mini V2,HP,Quat Mini,1807000,217,San pham chat luong cao,0
P-04172,Logitech Ong Nhom XL,Logitech,Ong Nhom,1121000,498,San pham chat luong cao,0
P-04173,Samsung May Anh V2,Samsung,May Anh,1231000,325,San pham chat luong cao,0
P-04174,Logitech Ban Phim Sport,Logitech,Ban Phim,194000,464,San pham chat luong cao,0
P-04175,Apple Laptop XL,Apple,Laptop,2783000,22,San pham chat luong cao,0
P-04176,Xiaomi Dong Ho Mini,Xiaomi,Dong Ho,539000,124,San pham chat luong cao,0
P-04177,Xiaomi Quat Mini XL,Xiaomi,Quat Mini,2588000,465,San pham chat luong cao,0
P-04178,JBL Quat Mini Classic,JBL,Quat Mini,4229000,190,San pham chat luong cao,0
P-04179,Asus Chuot Gaming XL,Asus,Chuot Gaming,2717000,307,San pham chat luong cao,0
P-04180,Xiaomi Ban Phim Sport,Xiaomi,Ban Phim,3181000,300,San pham chat luong cao,0
P-04181,Razer May Anh V2,Razer,May Anh,2075000,141,San pham chat luong cao,0
P-04182,Anker Ao Thun V2,Anker,Ao Thun,1757000,174,San pham chat luong cao,0
P-04183,Logitech Ban Phim Pro Max,Logitech,Ban Phim,2380000,236,San pham chat luong cao,0
P-04184,Samsung Ong Nhom V2,Samsung,Ong Nhom,2184000,193,San pham chat luong cao,0
P-04185,JBL Cap Sac Lite,JBL,Cap Sac,3636000,13,San pham chat luong cao,0
P-04186,Razer Sac Du Phong Mini,Razer,Sac Du Phong,4367000,455,San pham chat luong cao,0
P-04187,Sony Monitor Classic,Sony,Monitor,4058000,411,San pham chat luong cao,0
P-04188,HP Quat Mini Sport,HP,Quat Mini,389000,113,San pham chat luong cao,0
P-04189,Logitech Op Lung Premium,Logitech,Op Lung,511000,139,San pham chat luong cao,0
P-04190,Asus Chuot Gaming Ultra,Asus,Chuot Gaming,84000,83,San pham chat luong cao,0
P-04191,JBL Loa Sport,JBL,Loa,403000,215,San pham chat luong cao,0
P-04192,JBL Webcam Premium,JBL,Webcam,935000,388,San pham chat luong cao,0
P-04193,Razer Chuot Gaming Sport,Razer,Chuot Gaming,2533000,188,San pham chat luong cao,0
P-04194,Xiaomi Ong Nhom Premium,Xiaomi,Ong Nhom,928000,69,San pham chat luong cao,0
P-04195,Logitech Dong Ho Lite,Logitech,Dong Ho,4481000,153,San pham chat luong cao,0
P-04196,Logitech Quat Mini Premium,Logitech,Quat Mini,2201000,45,San pham chat luong cao,0
P-04197,Anker Dong Ho Premium,Anker,Dong Ho,577000,435,San pham chat luong cao,0
P-04198,Apple Laptop Pro Max,Apple,Laptop,3953000,428,San pham chat luong cao,0
P-04199,Razer Tai Nghe Classic,Razer,Tai Nghe,2503000,464,San pham chat luong cao,0
P-04200,Apple Cap Sac Sport,Apple,Cap Sac,4975000,107,San pham chat luong cao,0
P-04201,Samsung Sac Du Phong Sport,Samsung,Sac Du Phong,137000,130,San pham chat luong cao,0
P-04202,HP USB Hub Ultra,HP,USB Hub,994000,380,San pham chat luong cao,0
P-04203,Samsung Giay XL,Samsung,Giay,4388000,400,San pham chat luong cao,0
P-04204,Sony USB Hub Plus,Sony,USB Hub,3302000,176,San pham chat luong cao,0
P-04205,Anker Ao Thun Plus,Anker,Ao Thun,3961000,448,San pham chat luong cao,0
P-04206,Logitech Ao Thun Classic,Logitech,Ao Thun,210000,38,San pham chat luong cao,0
P-04207,HP Laptop XL,HP,Laptop,502000,176,San pham chat luong cao,0
P-04208,HP Balo Sport,HP,Balo,3898000,29,San pham chat luong cao,0
P-04209,JBL Monitor Sport,JBL,Monitor,4115000,467,San pham chat luong cao,0
P-04210,Apple Balo Classic,Apple,Balo,1181000,68,San pham chat luong cao,0
P-04211,HP Webcam Sport,HP,Webcam,2096000,475,San pham chat luong cao,0
P-04212,Asus Ban Phim Ultra,Asus,Ban Phim,84000,204,San pham chat luong cao,0
P-04213,Apple USB Hub Lite,Apple,USB Hub,291000,78,San pham chat luong cao,0
P-04214,Sony Sac Du Phong Mini,Sony,Sac Du Phong,791000,112,San pham chat luong cao,0
P-04215,Asus May Anh Plus,Asus,May Anh,3399000,308,San pham chat luong cao,0
P-04216,HP Op Lung Mini,HP,Op Lung,277000,92,San pham chat luong cao,0
P-04217,Logitech USB Hub Ultra,Logitech,USB Hub,3938000,106,San pham chat luong cao,0
P-04218,Logitech Tablet Plus,Logitech,Tablet,2396000,386,San pham chat luong cao,0
P-04219,HP Balo Plus,HP,Balo,2487000,205,San pham chat luong cao,0
P-04220,HP Quat Mini Mini,HP,Quat Mini,3644000,460,San pham chat luong cao,0
P-04221,JBL Loa Plus,JBL,Loa,4530000,317,San pham chat luong cao,0
P-04222,HP Ong Nhom Classic,HP,Ong Nhom,4444000,58,San pham chat luong cao,0
P-04223,Logitech Laptop Plus,Logitech,Laptop,2166000,312,San pham chat luong cao,0
P-04224,Logitech Chuot Gaming Lite,Logitech,Chuot Gaming,2217000,354,San pham chat luong cao,0
P-04225,Razer Tablet Sport,Razer,Tablet,3809000,226,San pham chat luong cao,0
P-04226,Asus Monitor Premium,Asus,Monitor,996000,124,San pham chat luong cao,0
P-04227,Asus Kinh Mat Classic,Asus,Kinh Mat,4984000,316,San pham chat luong cao,0
P-04228,JBL Loa Lite,JBL,Loa,2230000,357,San pham chat luong cao,0
P-04229,Asus Op Lung V2,Asus,Op Lung,2100000,40,San pham chat luong cao,0
P-04230,Anker Balo XL,Anker,Balo,4534000,102,San pham chat luong cao,0
P-04231,JBL Webcam Premium,JBL,Webcam,4673000,147,San pham chat luong cao,0
P-04232,JBL Ao Thun Lite,JBL,Ao Thun,1075000,121,San pham chat luong cao,0
P-04233,JBL Monitor Classic,JBL,Monitor,2693000,65,San pham chat luong cao,0
P-04234,Anker Kinh Mat Sport,Anker,Kinh Mat,112000,404,San pham chat luong cao,0
P-04235,Xiaomi Ong Nhom Lite,Xiaomi,Ong Nhom,1306000,283,San pham chat luong cao,0
P-04236,Sony Ao Thun Lite,Sony,Ao Thun,2359000,382,San pham chat luong cao,0
P-04237,Razer Ao Thun XL,Razer,Ao Thun,1759000,53,San pham chat luong cao,0
P-04238,Razer May Anh Premium,Razer,May Anh,3803000,356,San pham chat luong cao,0
P-04239,JBL Cap Sac Classic,JBL,Cap Sac,346000,459,San pham chat luong cao,0
P-04240,Xiaomi Webcam Sport,Xiaomi,Webcam,3430000,294,San pham chat luong cao,0
P-04241,Anker USB Hub Plus,Anker,USB Hub,1277000,210,San pham chat luong cao,0
P-04242,Anker Tai Nghe XL,Anker,Tai Nghe,3172000,307,San pham chat luong cao,0
P-04243,JBL Cap Sac Pro Max,JBL,Cap Sac,1707000,383,San pham chat luong cao,0
P-04244,Xiaomi Ban Phim Sport,Xiaomi,Ban Phim,4431000,153,San pham chat luong cao,0
P-04245,JBL Webcam Classic,JBL,Webcam,2362000,415,San pham chat luong cao,0
P-04246,Apple Sac Du Phong Sport,Apple,Sac Du Phong,4046000,15,San pham chat luong cao,0
P-04247,Razer Laptop Pro Max,Razer,Laptop,688000,398,San pham chat luong cao,0
P-04248,HP Cap Sac XL,HP,Cap Sac,3664000,396,San pham chat luong cao,0
P-04249,Anker Kinh Mat Plus,Anker,Kinh Mat,2489000,80,San pham chat luong cao,0
P-04250,Asus Balo Pro Max,Asus,Balo,62000,154,San pham chat luong cao,0
P-04251,Apple Monitor XL,Apple,Monitor,4493000,439,San pham chat luong cao,0
P-04252,HP Tablet Lite,HP,Tablet,2968000,195,San pham chat luong cao,0
P-04253,JBL Ban Phim V2,JBL,Ban Phim,4294000,92,San pham chat luong cao,0
P-04254,Razer May Anh V2,Razer,May Anh,3727000,285,San pham chat luong cao,0
P-04255,JBL Ong Nhom Premium,JBL,Ong Nhom,909000,98,San pham chat luong cao,0
P-04256,Logitech Ong Nhom V2,Logitech,Ong Nhom,4586000,166,San pham chat luong cao,0
P-04257,Samsung Kinh Mat Classic,Samsung,Kinh Mat,678000,475,San pham chat luong cao,0
P-04258,Logitech May Anh V2,Logitech,May Anh,3227000,258,San pham chat luong cao,0
P-04259,Anker May Anh Ultra,Anker,May Anh,3804000,301,San pham chat luong cao,0
P-04260,Anker Op Lung V2,Anker,Op Lung,3461000,130,San pham chat luong cao,0
P-04261,Logitech Sac Du Phong Ultra,Logitech,Sac Du Phong,2866000,442,San pham chat luong cao,0
P-04262,HP Quat Mini Sport,HP,Quat Mini,2949000,407,San pham chat luong cao,0
P-04263,Apple Tai Nghe V2,Apple,Tai Nghe,4077000,59,San pham chat luong cao,0
P-04264,Razer Ong Nhom Sport,Razer,Ong Nhom,1044000,344,San pham chat luong cao,0
P-04265,Anker Webcam Mini,Anker,Webcam,314000,281,San pham chat luong cao,0
P-04266,Samsung Chuot Gaming XL,Samsung,Chuot Gaming,3858000,350,San pham chat luong cao,0
P-04267,Logitech Dong Ho XL,Logitech,Dong Ho,3301000,333,San pham chat luong cao,0
P-04268,Anker Kinh Mat Premium,Anker,Kinh Mat,943000,28,San pham chat luong cao,0
P-04269,HP Laptop XL,HP,Laptop,1757000,171,San pham chat luong cao,0
P-04270,Apple Loa Classic,Apple,Loa,2707000,481,San pham chat luong cao,0
P-04271,Xiaomi Kinh Mat Ultra,Xiaomi,Kinh Mat,3687000,173,San pham chat luong cao,0
P-04272,Razer Giay Premium,Razer,Giay,2084000,328,San pham chat luong cao,0
P-04273,Asus Op Lung Classic,Asus,Op Lung,3135000,172,San pham chat luong cao,0
P-04274,Xiaomi Chuot Gaming V2,Xiaomi,Chuot Gaming,3618000,225,San pham chat luong cao,0
P-04275,Anker Tai Nghe V2,Anker,Tai Nghe,2387000,358,San pham chat luong cao,0
P-04276,Xiaomi Dong Ho Premium,Xiaomi,Dong Ho,1346000,199,San pham chat luong cao,0
P-04277,HP Chuot Gaming Ultra,HP,Chuot Gaming,111000,51,San pham chat luong cao,0
P-04278,Logitech May Anh Plus,Logitech,May Anh,4494000,313,San pham chat luong cao,0
P-04279,Sony Sac Du Phong Lite,Sony,Sac Du Phong,2785000,51,San pham chat luong cao,0
P-04280,Samsung Sac Du Phong V2,Samsung,Sac Du Phong,4537000,271,San pham chat luong cao,0
P-04281,Apple Quat Mini Lite,Apple,Quat Mini,2472000,399,San pham chat luong cao,0
P-04282,Logitech Chuot Gaming Pro Max,Logitech,Chuot Gaming,3595000,485,San pham chat luong cao,0
P-04283,Samsung Ao Thun V2,Samsung,Ao Thun,2375000,83,San pham chat luong cao,0
P-04284,Sony Sac Du Phong Lite,Sony,Sac Du Phong,595000,397,San pham chat luong cao,0
P-04285,Logitech Quat Mini Lite,Logitech,Quat Mini,3099000,218,San pham chat luong cao,0
P-04286,JBL Quat Mini Classic,JBL,Quat Mini,2166000,382,San pham chat luong cao,0
P-04287,Logitech Ao Thun Classic,Logitech,Ao Thun,2411000,277,San pham chat luong cao,0
P-04288,JBL Monitor Plus,JBL,Monitor,4995000,205,San pham chat luong cao,0
P-04289,Razer Ao Thun Plus,Razer,Ao Thun,223000,329,San pham chat luong cao,0
P-04290,Sony Dong Ho Premium,Sony,Dong Ho,2880000,470,San pham chat luong cao,0
P-04291,JBL Chuot Gaming Pro Max,JBL,Chuot Gaming,927000,70,San pham chat luong cao,0
P-04292,Logitech USB Hub Ultra,Logitech,USB Hub,4824000,239,San pham chat luong cao,0
P-04293,JBL Op Lung Lite,JBL,Op Lung,2950000,475,San pham chat luong cao,0
P-04294,Xiaomi Op Lung V2,Xiaomi,Op Lung,4523000,76,San pham chat luong cao,0
P-04295,Anker Tai Nghe Ultra,Anker,Tai Nghe,1100000,437,San pham chat luong cao,0
P-04296,Razer Quat Mini Ultra,Razer,Quat Mini,3877000,19,San pham chat luong cao,0
P-04297,Xiaomi Laptop Sport,Xiaomi,Laptop,4366000,313,San pham chat luong cao,0
P-04298,Razer Quat Mini Sport,Razer,Quat Mini,102000,50,San pham chat luong cao,0
P-04299,Razer Ao Thun Lite,Razer,Ao Thun,3525000,365,San pham chat luong cao,0
P-04300,HP Ong Nhom Sport,HP,Ong Nhom,2769000,277,San pham chat luong cao,0
P-04301,Samsung Quat Mini Mini,Samsung,Quat Mini,916000,479,San pham chat luong cao,0
P-04302,Anker Giay Premium,Anker,Giay,4041000,197,San pham chat luong cao,0
P-04303,JBL Ong Nhom Lite,JBL,Ong Nhom,257000,395,San pham chat luong cao,0
P-04304,JBL Quat Mini Classic,JBL,Quat Mini,4880000,84,San pham chat luong cao,0
P-04305,Razer Monitor Pro Max,Razer,Monitor,2072000,220,San pham chat luong cao,0
P-04306,Xiaomi Kinh Mat Plus,Xiaomi,Kinh Mat,3053000,148,San pham chat luong cao,0
P-04307,Asus Quat Mini Classic,Asus,Quat Mini,1616000,99,San pham chat luong cao,0
P-04308,Sony Ban Phim Ultra,Sony,Ban Phim,2042000,339,San pham chat luong cao,0
P-04309,HP Cap Sac Sport,HP,Cap Sac,2903000,390,San pham chat luong cao,0
P-04310,Razer Chuot Gaming Ultra,Razer,Chuot Gaming,523000,367,San pham chat luong cao,0
P-04311,Samsung Sac Du Phong Ultra,Samsung,Sac Du Phong,2033000,301,San pham chat luong cao,0
P-04312,Xiaomi Laptop XL,Xiaomi,Laptop,1229000,417,San pham chat luong cao,0
P-04313,Logitech Laptop Sport,Logitech,Laptop,4147000,80,San pham chat luong cao,0
P-04314,Anker Tablet Lite,Anker,Tablet,2015000,300,San pham chat luong cao,0
P-04315,HP Ao Thun XL,HP,Ao Thun,3762000,149,San pham chat luong cao,0
P-04316,Apple USB Hub Premium,Apple,USB Hub,3758000,105,San pham chat luong cao,0
P-04317,Xiaomi Dong Ho Ultra,Xiaomi,Dong Ho,1441000,208,San pham chat luong cao,0
P-04318,Asus Giay XL,Asus,Giay,3423000,470,San pham chat luong cao,0
P-04319,Xiaomi Laptop Lite,Xiaomi,Laptop,3115000,469,San pham chat luong cao,0
P-04320,Apple Sac Du Phong Mini,Apple,Sac Du Phong,125000,75,San pham chat luong cao,0
P-04321,JBL Balo Ultra,JBL,Balo,1075000,193,San pham chat luong cao,0
P-04322,Anker Tablet Ultra,Anker,Tablet,2347000,363,San pham chat luong cao,0
P-04323,Razer Sac Du Phong V2,Razer,Sac Du Phong,4893000,399,San pham chat luong cao,0
P-04324,Razer Ong Nhom V2,Razer,Ong Nhom,2879000,50,San pham chat luong cao,0
P-04325,Sony Cap Sac Sport,Sony,Cap Sac,1111000,454,San pham chat luong cao,0
P-04326,Logitech Quat Mini V2,Logitech,Quat Mini,4557000,16,San pham chat luong cao,0
P-04327,Asus Quat Mini Sport,Asus,Quat Mini,3804000,236,San pham chat luong cao,0
P-04328,HP Dong Ho Classic,HP,Dong Ho,4093000,214,San pham chat luong cao,0
P-04329,Asus Loa Plus,Asus,Loa,1951000,65,San pham chat luong cao,0
P-04330,Sony Quat Mini Plus,Sony,Quat Mini,987000,324,San pham chat luong cao,0
P-04331,Anker Ong Nhom Ultra,Anker,Ong Nhom,2460000,390,San pham chat luong cao,0
P-04332,HP May Anh XL,HP,May Anh,1445000,31,San pham chat luong cao,0
P-04333,Xiaomi May Anh Ultra,Xiaomi,May Anh,2124000,425,San pham chat luong cao,0
P-04334,Xiaomi Tablet Mini,Xiaomi,Tablet,3604000,378,San pham chat luong cao,0
P-04335,Apple Sac Du Phong XL,Apple,Sac Du Phong,1137000,131,San pham chat luong cao,0
P-04336,Sony Giay Sport,Sony,Giay,2914000,79,San pham chat luong cao,0
P-04337,Logitech Op Lung Pro Max,Logitech,Op Lung,1903000,395,San pham chat luong cao,0
P-04338,HP Webcam Ultra,HP,Webcam,3371000,17,San pham chat luong cao,0
P-04339,Apple Giay Lite,Apple,Giay,1855000,404,San pham chat luong cao,0
P-04340,Sony Cap Sac Plus,Sony,Cap Sac,1141000,477,San pham chat luong cao,0
P-04341,Samsung Ao Thun Pro Max,Samsung,Ao Thun,2632000,65,San pham chat luong cao,0
P-04342,Sony Cap Sac Classic,Sony,Cap Sac,1732000,322,San pham chat luong cao,0
P-04343,Xiaomi Ong Nhom XL,Xiaomi,Ong Nhom,4572000,44,San pham chat luong cao,0
P-04344,Apple Monitor Pro Max,Apple,Monitor,1052000,175,San pham chat luong cao,0
P-04345,Asus USB Hub Mini,Asus,USB Hub,3936000,276,San pham chat luong cao,0
P-04346,Xiaomi USB Hub Mini,Xiaomi,USB Hub,4964000,92,San pham chat luong cao,0
P-04347,Asus Cap Sac Pro Max,Asus,Cap Sac,3316000,24,San pham chat luong cao,0
P-04348,JBL Dong Ho Lite,JBL,Dong Ho,2098000,406,San pham chat luong cao,0
P-04349,Apple Chuot Gaming Ultra,Apple,Chuot Gaming,161000,23,San pham chat luong cao,0
P-04350,Sony Webcam Classic,Sony,Webcam,1950000,320,San pham chat luong cao,0
P-04351,Anker Dong Ho Classic,Anker,Dong Ho,487000,340,San pham chat luong cao,0
P-04352,Apple Quat Mini Classic,Apple,Quat Mini,4643000,246,San pham chat luong cao,0
P-04353,Logitech Kinh Mat Lite,Logitech,Kinh Mat,1571000,363,San pham chat luong cao,0
P-04354,Asus Ao Thun Lite,Asus,Ao Thun,3278000,371,San pham chat luong cao,0
P-04355,Samsung Op Lung Classic,Samsung,Op Lung,4805000,345,San pham chat luong cao,0
P-04356,Asus Op Lung Mini,Asus,Op Lung,2303000,245,San pham chat luong cao,0
P-04357,Logitech Ong Nhom Mini,Logitech,Ong Nhom,3075000,317,San pham chat luong cao,0
P-04358,Xiaomi Op Lung XL,Xiaomi,Op Lung,4264000,352,San pham chat luong cao,0
P-04359,Logitech Sac Du Phong Mini,Logitech,Sac Du Phong,779000,144,San pham chat luong cao,0
P-04360,Xiaomi Ban Phim V2,Xiaomi,Ban Phim,335000,172,San pham chat luong cao,0
P-04361,Xiaomi Tai Nghe XL,Xiaomi,Tai Nghe,1839000,181,San pham chat luong cao,0
P-04362,HP Balo Plus,HP,Balo,3321000,147,San pham chat luong cao,0
P-04363,Razer Cap Sac Mini,Razer,Cap Sac,2803000,303,San pham chat luong cao,0
P-04364,Sony Loa Pro Max,Sony,Loa,3708000,100,San pham chat luong cao,0
P-04365,Sony Laptop Plus,Sony,Laptop,683000,326,San pham chat luong cao,0
P-04366,Razer Chuot Gaming Ultra,Razer,Chuot Gaming,4278000,413,San pham chat luong cao,0
P-04367,Anker Tablet Classic,Anker,Tablet,4320000,326,San pham chat luong cao,0
P-04368,HP Tablet V2,HP,Tablet,3272000,136,San pham chat luong cao,0
P-04369,Samsung Op Lung Lite,Samsung,Op Lung,2473000,300,San pham chat luong cao,0
P-04370,Razer Tablet Mini,Razer,Tablet,2100000,454,San pham chat luong cao,0
P-04371,JBL Giay Plus,JBL,Giay,911000,233,San pham chat luong cao,0
P-04372,Razer Loa Sport,Razer,Loa,2355000,162,San pham chat luong cao,0
P-04373,Apple Ban Phim Pro Max,Apple,Ban Phim,2123000,138,San pham chat luong cao,0
P-04374,HP Kinh Mat Ultra,HP,Kinh Mat,4870000,275,San pham chat luong cao,0
P-04375,Anker Giay Ultra,Anker,Giay,3244000,78,San pham chat luong cao,0
P-04376,Razer Ong Nhom V2,Razer,Ong Nhom,2297000,64,San pham chat luong cao,0
P-04377,Apple USB Hub Ultra,Apple,USB Hub,3675000,371,San pham chat luong cao,0
P-04378,Asus Laptop Classic,Asus,Laptop,3491000,78,San pham chat luong cao,0
P-04379,Sony Laptop Sport,Sony,Laptop,1770000,220,San pham chat luong cao,0
P-04380,Anker Ong Nhom Mini,Anker,Ong Nhom,3743000,390,San pham chat luong cao,0
P-04381,Razer Tai Nghe Sport,Razer,Tai Nghe,1675000,314,San pham chat luong cao,0
P-04382,Apple Op Lung Premium,Apple,Op Lung,3108000,101,San pham chat luong cao,0
P-04383,Anker May Anh Pro Max,Anker,May Anh,1400000,51,San pham chat luong cao,0
P-04384,JBL Quat Mini Sport,JBL,Quat Mini,473000,138,San pham chat luong cao,0
P-04385,Sony Tai Nghe Ultra,Sony,Tai Nghe,2298000,301,San pham chat luong cao,0
P-04386,Asus Chuot Gaming Sport,Asus,Chuot Gaming,3626000,407,San pham chat luong cao,0
P-04387,Logitech Laptop XL,Logitech,Laptop,3715000,189,San pham chat luong cao,0
P-04388,Samsung Giay Plus,Samsung,Giay,4089000,184,San pham chat luong cao,0
P-04389,Razer Cap Sac Sport,Razer,Cap Sac,746000,317,San pham chat luong cao,0
P-04390,Xiaomi Tai Nghe V2,Xiaomi,Tai Nghe,816000,276,San pham chat luong cao,0
P-04391,Sony Tablet Plus,Sony,Tablet,3994000,232,San pham chat luong cao,0
P-04392,Anker Loa Classic,Anker,Loa,3168000,147,San pham chat luong cao,0
P-04393,Samsung Ao Thun V2,Samsung,Ao Thun,2674000,427,San pham chat luong cao,0
P-04394,Asus Loa Plus,Asus,Loa,3088000,234,San pham chat luong cao,0
P-04395,Xiaomi Dong Ho Lite,Xiaomi,Dong Ho,4003000,204,San pham chat luong cao,0
P-04396,Logitech May Anh Premium,Logitech,May Anh,1465000,172,San pham chat luong cao,0
P-04397,Logitech Ban Phim Pro Max,Logitech,Ban Phim,4408000,69,San pham chat luong cao,0
P-04398,Razer Tablet Mini,Razer,Tablet,1125000,419,San pham chat luong cao,0
P-04399,Apple Balo XL,Apple,Balo,164000,222,San pham chat luong cao,0
P-04400,HP Tablet XL,HP,Tablet,900000,28,San pham chat luong cao,0
P-04401,Apple Sac Du Phong Lite,Apple,Sac Du Phong,4673000,43,San pham chat luong cao,0
P-04402,HP Dong Ho Mini,HP,Dong Ho,518000,308,San pham chat luong cao,0
P-04403,Apple Tablet Pro Max,Apple,Tablet,1135000,237,San pham chat luong cao,0
P-04404,HP Giay Lite,HP,Giay,299000,463,San pham chat luong cao,0
P-04405,Razer Laptop Classic,Razer,Laptop,2885000,500,San pham chat luong cao,0
P-04406,Asus Ban Phim Pro Max,Asus,Ban Phim,1805000,293,San pham chat luong cao,0
P-04407,Sony Op Lung Plus,Sony,Op Lung,4836000,61,San pham chat luong cao,0
P-04408,Logitech May Anh Mini,Logitech,May Anh,200000,199,San pham chat luong cao,0
P-04409,Asus Tablet Plus,Asus,Tablet,4535000,456,San pham chat luong cao,0
P-04410,Sony Tablet Pro Max,Sony,Tablet,527000,60,San pham chat luong cao,0
P-04411,Samsung Kinh Mat Ultra,Samsung,Kinh Mat,1837000,142,San pham chat luong cao,0
P-04412,Logitech Ban Phim Plus,Logitech,Ban Phim,1041000,449,San pham chat luong cao,0
P-04413,Samsung Sac Du Phong Lite,Samsung,Sac Du Phong,1086000,257,San pham chat luong cao,0
P-04414,Samsung Kinh Mat Lite,Samsung,Kinh Mat,2180000,75,San pham chat luong cao,0
P-04415,Samsung Monitor Ultra,Samsung,Monitor,522000,420,San pham chat luong cao,0
P-04416,Asus Chuot Gaming Classic,Asus,Chuot Gaming,3213000,175,San pham chat luong cao,0
P-04417,Xiaomi Chuot Gaming Plus,Xiaomi,Chuot Gaming,2383000,261,San pham chat luong cao,0
P-04418,Anker Ao Thun Sport,Anker,Ao Thun,4545000,337,San pham chat luong cao,0
P-04419,Samsung Webcam Ultra,Samsung,Webcam,4246000,483,San pham chat luong cao,0
P-04420,Asus Kinh Mat Pro Max,Asus,Kinh Mat,3513000,488,San pham chat luong cao,0
P-04421,JBL Monitor Plus,JBL,Monitor,1094000,404,San pham chat luong cao,0
P-04422,Anker Loa V2,Anker,Loa,4259000,154,San pham chat luong cao,0
P-04423,Samsung Giay Ultra,Samsung,Giay,2705000,35,San pham chat luong cao,0
P-04424,Xiaomi Ban Phim Lite,Xiaomi,Ban Phim,4924000,329,San pham chat luong cao,0
P-04425,Xiaomi Ong Nhom Lite,Xiaomi,Ong Nhom,2643000,51,San pham chat luong cao,0
P-04426,Asus Loa Plus,Asus,Loa,3861000,269,San pham chat luong cao,0
P-04427,Apple Quat Mini Mini,Apple,Quat Mini,4574000,309,San pham chat luong cao,0
P-04428,Apple Ao Thun Sport,Apple,Ao Thun,1192000,281,San pham chat luong cao,0
P-04429,Xiaomi Loa Mini,Xiaomi,Loa,3671000,296,San pham chat luong cao,0
P-04430,Sony Laptop V2,Sony,Laptop,2951000,346,San pham chat luong cao,0
P-04431,Razer Ong Nhom Mini,Razer,Ong Nhom,1442000,59,San pham chat luong cao,0
P-04432,Asus Giay Sport,Asus,Giay,4184000,244,San pham chat luong cao,0
P-04433,HP Ao Thun Premium,HP,Ao Thun,3600000,120,San pham chat luong cao,0
P-04434,Logitech Ao Thun V2,Logitech,Ao Thun,2353000,73,San pham chat luong cao,0
P-04435,Asus Chuot Gaming Plus,Asus,Chuot Gaming,1565000,453,San pham chat luong cao,0
P-04436,Logitech Cap Sac Plus,Logitech,Cap Sac,3476000,89,San pham chat luong cao,0
P-04437,Logitech Monitor XL,Logitech,Monitor,866000,168,San pham chat luong cao,0
P-04438,Xiaomi Kinh Mat V2,Xiaomi,Kinh Mat,3190000,442,San pham chat luong cao,0
P-04439,Sony Ao Thun Mini,Sony,Ao Thun,2473000,353,San pham chat luong cao,0
P-04440,Anker Ong Nhom Sport,Anker,Ong Nhom,1161000,340,San pham chat luong cao,0
P-04441,JBL Giay Plus,JBL,Giay,2568000,415,San pham chat luong cao,0
P-04442,Razer Chuot Gaming Classic,Razer,Chuot Gaming,3188000,438,San pham chat luong cao,0
P-04443,Anker Sac Du Phong Mini,Anker,Sac Du Phong,1722000,260,San pham chat luong cao,0
P-04444,Sony USB Hub V2,Sony,USB Hub,905000,187,San pham chat luong cao,0
P-04445,Samsung Quat Mini XL,Samsung,Quat Mini,1828000,237,San pham chat luong cao,0
P-04446,Anker Ong Nhom Plus,Anker,Ong Nhom,4745000,334,San pham chat luong cao,0
P-04447,Sony Kinh Mat V2,Sony,Kinh Mat,1727000,106,San pham chat luong cao,0
P-04448,HP Quat Mini V2,HP,Quat Mini,4306000,57,San pham chat luong cao,0
P-04449,Xiaomi Tablet Premium,Xiaomi,Tablet,2712000,420,San pham chat luong cao,0
P-04450,Apple Tai Nghe Mini,Apple,Tai Nghe,1154000,146,San pham chat luong cao,0
P-04451,Razer Tablet Mini,Razer,Tablet,320000,474,San pham chat luong cao,0
P-04452,Razer Balo Pro Max,Razer,Balo,2933000,253,San pham chat luong cao,0
P-04453,Logitech Sac Du Phong Lite,Logitech,Sac Du Phong,4249000,163,San pham chat luong cao,0
P-04454,Anker Tablet XL,Anker,Tablet,3327000,107,San pham chat luong cao,0
P-04455,Sony Monitor Ultra,Sony,Monitor,3643000,324,San pham chat luong cao,0
P-04456,JBL Cap Sac Classic,JBL,Cap Sac,4140000,257,San pham chat luong cao,0
P-04457,JBL Tai Nghe Mini,JBL,Tai Nghe,3663000,451,San pham chat luong cao,0
P-04458,HP Giay Mini,HP,Giay,1227000,243,San pham chat luong cao,0
P-04459,Asus Monitor Ultra,Asus,Monitor,2542000,346,San pham chat luong cao,0
P-04460,Samsung Monitor Classic,Samsung,Monitor,4914000,330,San pham chat luong cao,0
P-04461,Asus Ban Phim Lite,Asus,Ban Phim,2992000,500,San pham chat luong cao,0
P-04462,Sony Dong Ho V2,Sony,Dong Ho,916000,48,San pham chat luong cao,0
P-04463,Samsung Balo Pro Max,Samsung,Balo,353000,356,San pham chat luong cao,0
P-04464,Asus Monitor Lite,Asus,Monitor,3145000,47,San pham chat luong cao,0
P-04465,Samsung Tablet Sport,Samsung,Tablet,1955000,91,San pham chat luong cao,0
P-04466,Xiaomi Ban Phim Classic,Xiaomi,Ban Phim,4729000,308,San pham chat luong cao,0
P-04467,HP May Anh XL,HP,May Anh,3150000,51,San pham chat luong cao,0
P-04468,Anker Monitor Ultra,Anker,Monitor,2804000,308,San pham chat luong cao,0
P-04469,Samsung Sac Du Phong Lite,Samsung,Sac Du Phong,3086000,238,San pham chat luong cao,0
P-04470,Sony Tablet Lite,Sony,Tablet,4046000,13,San pham chat luong cao,0
P-04471,Logitech Tablet V2,Logitech,Tablet,671000,119,San pham chat luong cao,0
P-04472,Samsung USB Hub Ultra,Samsung,USB Hub,715000,213,San pham chat luong cao,0
P-04473,Razer Monitor Mini,Razer,Monitor,1224000,70,San pham chat luong cao,0
P-04474,Xiaomi Monitor Mini,Xiaomi,Monitor,2204000,376,San pham chat luong cao,0
P-04475,Sony Webcam Ultra,Sony,Webcam,3148000,127,San pham chat luong cao,0
P-04476,Samsung Sac Du Phong Plus,Samsung,Sac Du Phong,2723000,339,San pham chat luong cao,0
P-04477,Anker Dong Ho Plus,Anker,Dong Ho,2962000,30,San pham chat luong cao,0
P-04478,Anker May Anh XL,Anker,May Anh,3651000,300,San pham chat luong cao,0
P-04479,Asus Dong Ho XL,Asus,Dong Ho,314000,250,San pham chat luong cao,0
P-04480,Anker Dong Ho Classic,Anker,Dong Ho,4759000,151,San pham chat luong cao,0
P-04481,JBL Sac Du Phong Mini,JBL,Sac Du Phong,2126000,84,San pham chat luong cao,0
P-04482,Razer Ong Nhom Ultra,Razer,Ong Nhom,2685000,429,San pham chat luong cao,0
P-04483,Logitech Webcam Ultra,Logitech,Webcam,2613000,357,San pham chat luong cao,0
P-04484,Sony Chuot Gaming Pro Max,Sony,Chuot Gaming,4725000,278,San pham chat luong cao,0
P-04485,Asus Sac Du Phong Plus,Asus,Sac Du Phong,2061000,288,San pham chat luong cao,0
P-04486,Asus Tai Nghe Mini,Asus,Tai Nghe,358000,482,San pham chat luong cao,0
P-04487,Asus Chuot Gaming XL,Asus,Chuot Gaming,4006000,131,San pham chat luong cao,0
P-04488,Apple Ong Nhom XL,Apple,Ong Nhom,3231000,155,San pham chat luong cao,0
P-04489,Samsung May Anh Lite,Samsung,May Anh,4487000,303,San pham chat luong cao,0
P-04490,Razer Sac Du Phong Classic,Razer,Sac Du Phong,2641000,11,San pham chat luong cao,0
P-04491,Anker Quat Mini Sport,Anker,Quat Mini,1012000,141,San pham chat luong cao,0
P-04492,Razer Op Lung Lite,Razer,Op Lung,4074000,18,San pham chat luong cao,0
P-04493,Asus Ao Thun Classic,Asus,Ao Thun,327000,169,San pham chat luong cao,0
P-04494,Asus Cap Sac Classic,Asus,Cap Sac,4994000,141,San pham chat luong cao,0
P-04495,Sony USB Hub Lite,Sony,USB Hub,4567000,358,San pham chat luong cao,0
P-04496,Razer Dong Ho Pro Max,Razer,Dong Ho,3496000,111,San pham chat luong cao,0
P-04497,Xiaomi Cap Sac Classic,Xiaomi,Cap Sac,3011000,475,San pham chat luong cao,0
P-04498,Samsung Tablet Mini,Samsung,Tablet,3926000,172,San pham chat luong cao,0
P-04499,Sony Chuot Gaming Ultra,Sony,Chuot Gaming,856000,390,San pham chat luong cao,0
P-04500,JBL Loa V2,JBL,Loa,211000,159,San pham chat luong cao,0
P-04501,Logitech Giay Mini,Logitech,Giay,2454000,162,San pham chat luong cao,0
P-04502,Apple Cap Sac Pro Max,Apple,Cap Sac,4014000,64,San pham chat luong cao,0
P-04503,Sony USB Hub Ultra,Sony,USB Hub,4712000,459,San pham chat luong cao,0
P-04504,Sony Webcam Premium,Sony,Webcam,4606000,443,San pham chat luong cao,0
P-04505,Sony Loa Lite,Sony,Loa,4103000,281,San pham chat luong cao,0
P-04506,Xiaomi Loa Ultra,Xiaomi,Loa,4878000,61,San pham chat luong cao,0
P-04507,Razer Giay Pro Max,Razer,Giay,3842000,57,San pham chat luong cao,0
P-04508,Logitech Kinh Mat Pro Max,Logitech,Kinh Mat,3718000,114,San pham chat luong cao,0
P-04509,Apple Ao Thun Lite,Apple,Ao Thun,3100000,428,San pham chat luong cao,0
P-04510,JBL Loa Mini,JBL,Loa,292000,220,San pham chat luong cao,0
P-04511,Apple Monitor Classic,Apple,Monitor,2026000,182,San pham chat luong cao,0
P-04512,Sony Ong Nhom Plus,Sony,Ong Nhom,63000,158,San pham chat luong cao,0
P-04513,Asus Sac Du Phong Mini,Asus,Sac Du Phong,947000,202,San pham chat luong cao,0
P-04514,Samsung Op Lung Premium,Samsung,Op Lung,3969000,384,San pham chat luong cao,0
P-04515,Apple Loa Plus,Apple,Loa,3729000,257,San pham chat luong cao,0
P-04516,Apple Loa Classic,Apple,Loa,3240000,270,San pham chat luong cao,0
P-04517,JBL Ban Phim XL,JBL,Ban Phim,4308000,411,San pham chat luong cao,0
P-04518,JBL Kinh Mat Mini,JBL,Kinh Mat,1282000,134,San pham chat luong cao,0
P-04519,Sony Quat Mini Lite,Sony,Quat Mini,4401000,255,San pham chat luong cao,0
P-04520,Anker Kinh Mat V2,Anker,Kinh Mat,3891000,320,San pham chat luong cao,0
P-04521,HP May Anh Classic,HP,May Anh,966000,78,San pham chat luong cao,0
P-04522,Logitech USB Hub Classic,Logitech,USB Hub,1385000,121,San pham chat luong cao,0
P-04523,Apple USB Hub XL,Apple,USB Hub,538000,151,San pham chat luong cao,0
P-04524,Asus Op Lung Classic,Asus,Op Lung,3538000,112,San pham chat luong cao,0
P-04525,JBL Cap Sac Sport,JBL,Cap Sac,4790000,474,San pham chat luong cao,0
P-04526,JBL Ban Phim V2,JBL,Ban Phim,3530000,285,San pham chat luong cao,0
P-04527,Asus May Anh XL,Asus,May Anh,1443000,272,San pham chat luong cao,0
P-04528,Anker Sac Du Phong Lite,Anker,Sac Du Phong,2018000,143,San pham chat luong cao,0
P-04529,Xiaomi Chuot Gaming Classic,Xiaomi,Chuot Gaming,4475000,56,San pham chat luong cao,0
P-04530,Razer Monitor Classic,Razer,Monitor,692000,126,San pham chat luong cao,0
P-04531,Apple USB Hub Pro Max,Apple,USB Hub,771000,32,San pham chat luong cao,0
P-04532,Razer Webcam V2,Razer,Webcam,50000,230,San pham chat luong cao,0
P-04533,Razer Kinh Mat Sport,Razer,Kinh Mat,3714000,370,San pham chat luong cao,0
P-04534,JBL Chuot Gaming Ultra,JBL,Chuot Gaming,1130000,177,San pham chat luong cao,0
P-04535,Anker Ban Phim Lite,Anker,Ban Phim,2098000,126,San pham chat luong cao,0
P-04536,Asus Balo Ultra,Asus,Balo,3716000,467,San pham chat luong cao,0
P-04537,Samsung Laptop V2,Samsung,Laptop,2095000,270,San pham chat luong cao,0
P-04538,Razer Quat Mini V2,Razer,Quat Mini,1615000,309,San pham chat luong cao,0
P-04539,Asus Monitor V2,Asus,Monitor,4692000,395,San pham chat luong cao,0
P-04540,Apple Loa Ultra,Apple,Loa,2359000,167,San pham chat luong cao,0
P-04541,HP Loa Premium,HP,Loa,1341000,366,San pham chat luong cao,0
P-04542,Razer Tablet Premium,Razer,Tablet,3434000,386,San pham chat luong cao,0
P-04543,Anker Loa Ultra,Anker,Loa,1725000,262,San pham chat luong cao,0
P-04544,JBL Laptop Classic,JBL,Laptop,4382000,232,San pham chat luong cao,0
P-04545,Razer Quat Mini Premium,Razer,Quat Mini,2413000,42,San pham chat luong cao,0
P-04546,Xiaomi Tai Nghe Lite,Xiaomi,Tai Nghe,1171000,469,San pham chat luong cao,0
P-04547,HP Dong Ho Ultra,HP,Dong Ho,416000,272,San pham chat luong cao,0
P-04548,Xiaomi Dong Ho Lite,Xiaomi,Dong Ho,331000,305,San pham chat luong cao,0
P-04549,Asus Loa Premium,Asus,Loa,1773000,131,San pham chat luong cao,0
P-04550,Anker Laptop Classic,Anker,Laptop,1677000,331,San pham chat luong cao,0
P-04551,JBL Ao Thun Plus,JBL,Ao Thun,4839000,332,San pham chat luong cao,0
P-04552,HP Quat Mini Ultra,HP,Quat Mini,128000,449,San pham chat luong cao,0
P-04553,Xiaomi Giay Plus,Xiaomi,Giay,3100000,377,San pham chat luong cao,0
P-04554,Logitech Kinh Mat Mini,Logitech,Kinh Mat,1645000,103,San pham chat luong cao,0
P-04555,Razer Quat Mini XL,Razer,Quat Mini,3664000,213,San pham chat luong cao,0
P-04556,Razer USB Hub Lite,Razer,USB Hub,4620000,356,San pham chat luong cao,0
P-04557,Razer USB Hub Mini,Razer,USB Hub,3657000,344,San pham chat luong cao,0
P-04558,Apple Chuot Gaming V2,Apple,Chuot Gaming,4026000,371,San pham chat luong cao,0
P-04559,Anker Cap Sac XL,Anker,Cap Sac,4518000,469,San pham chat luong cao,0
P-04560,Samsung Op Lung Ultra,Samsung,Op Lung,2716000,14,San pham chat luong cao,0
P-04561,Xiaomi Cap Sac XL,Xiaomi,Cap Sac,3788000,153,San pham chat luong cao,0
P-04562,HP Tablet Lite,HP,Tablet,355000,363,San pham chat luong cao,0
P-04563,Asus Tai Nghe V2,Asus,Tai Nghe,4766000,201,San pham chat luong cao,0
P-04564,HP Tai Nghe Lite,HP,Tai Nghe,385000,84,San pham chat luong cao,0
P-04565,Sony Kinh Mat Plus,Sony,Kinh Mat,1361000,140,San pham chat luong cao,0
P-04566,Xiaomi Sac Du Phong Lite,Xiaomi,Sac Du Phong,565000,29,San pham chat luong cao,0
P-04567,HP Balo Classic,HP,Balo,1565000,446,San pham chat luong cao,0
P-04568,JBL Monitor Mini,JBL,Monitor,782000,85,San pham chat luong cao,0
P-04569,Asus Quat Mini Pro Max,Asus,Quat Mini,2651000,343,San pham chat luong cao,0
P-04570,JBL Tablet Pro Max,JBL,Tablet,3230000,249,San pham chat luong cao,0
P-04571,JBL USB Hub Lite,JBL,USB Hub,2466000,233,San pham chat luong cao,0
P-04572,Asus Quat Mini V2,Asus,Quat Mini,1741000,336,San pham chat luong cao,0
P-04573,Apple Cap Sac Sport,Apple,Cap Sac,4920000,428,San pham chat luong cao,0
P-04574,Razer Chuot Gaming Mini,Razer,Chuot Gaming,3972000,328,San pham chat luong cao,0
P-04575,Apple Ao Thun Ultra,Apple,Ao Thun,4935000,300,San pham chat luong cao,0
P-04576,Xiaomi Op Lung Classic,Xiaomi,Op Lung,2388000,353,San pham chat luong cao,0
P-04577,Asus Cap Sac Premium,Asus,Cap Sac,3022000,272,San pham chat luong cao,0
P-04578,Anker Giay V2,Anker,Giay,853000,475,San pham chat luong cao,0
P-04579,Apple Cap Sac Classic,Apple,Cap Sac,112000,267,San pham chat luong cao,0
P-04580,Anker May Anh Lite,Anker,May Anh,1258000,239,San pham chat luong cao,0
P-04581,Xiaomi Chuot Gaming XL,Xiaomi,Chuot Gaming,187000,15,San pham chat luong cao,0
P-04582,Anker Ao Thun Plus,Anker,Ao Thun,4780000,389,San pham chat luong cao,0
P-04583,Logitech Loa Pro Max,Logitech,Loa,3619000,378,San pham chat luong cao,0
P-04584,Samsung Loa Classic,Samsung,Loa,4020000,484,San pham chat luong cao,0
P-04585,HP Giay Pro Max,HP,Giay,4971000,54,San pham chat luong cao,0
P-04586,Apple Ong Nhom Plus,Apple,Ong Nhom,2860000,304,San pham chat luong cao,0
P-04587,Samsung Balo XL,Samsung,Balo,3621000,268,San pham chat luong cao,0
P-04588,Samsung Dong Ho Pro Max,Samsung,Dong Ho,4496000,71,San pham chat luong cao,0
P-04589,HP Ban Phim Classic,HP,Ban Phim,293000,313,San pham chat luong cao,0
P-04590,Razer USB Hub Ultra,Razer,USB Hub,125000,408,San pham chat luong cao,0
P-04591,Logitech Monitor Pro Max,Logitech,Monitor,3542000,55,San pham chat luong cao,0
P-04592,Samsung Ban Phim Plus,Samsung,Ban Phim,3624000,285,San pham chat luong cao,0
P-04593,Xiaomi Ong Nhom Ultra,Xiaomi,Ong Nhom,1047000,386,San pham chat luong cao,0
P-04594,Anker Webcam XL,Anker,Webcam,872000,62,San pham chat luong cao,0
P-04595,Apple Cap Sac Pro Max,Apple,Cap Sac,3451000,212,San pham chat luong cao,0
P-04596,Sony Quat Mini Sport,Sony,Quat Mini,3193000,226,San pham chat luong cao,0
P-04597,JBL Tai Nghe V2,JBL,Tai Nghe,1564000,454,San pham chat luong cao,0
P-04598,HP Webcam Classic,HP,Webcam,1434000,142,San pham chat luong cao,0
P-04599,HP Kinh Mat Classic,HP,Kinh Mat,2688000,325,San pham chat luong cao,0
P-04600,Sony Balo XL,Sony,Balo,4860000,487,San pham chat luong cao,0
P-04601,Razer Tablet Sport,Razer,Tablet,4137000,361,San pham chat luong cao,0
P-04602,Razer USB Hub Pro Max,Razer,USB Hub,2835000,312,San pham chat luong cao,0
P-04603,Asus Monitor V2,Asus,Monitor,2610000,22,San pham chat luong cao,0
P-04604,JBL May Anh Mini,JBL,May Anh,1474000,84,San pham chat luong cao,0
P-04605,Logitech USB Hub V2,Logitech,USB Hub,3347000,148,San pham chat luong cao,0
P-04606,Anker Monitor Sport,Anker,Monitor,2201000,90,San pham chat luong cao,0
P-04607,Samsung Tai Nghe Pro Max,Samsung,Tai Nghe,702000,145,San pham chat luong cao,0
P-04608,Apple Ao Thun Premium,Apple,Ao Thun,467000,411,San pham chat luong cao,0
P-04609,Sony Op Lung Mini,Sony,Op Lung,3707000,15,San pham chat luong cao,0
P-04610,Samsung Op Lung Mini,Samsung,Op Lung,1111000,245,San pham chat luong cao,0
P-04611,Logitech Loa Mini,Logitech,Loa,81000,230,San pham chat luong cao,0
P-04612,Samsung May Anh Sport,Samsung,May Anh,3296000,405,San pham chat luong cao,0
P-04613,JBL Cap Sac Lite,JBL,Cap Sac,759000,210,San pham chat luong cao,0
P-04614,HP Sac Du Phong Plus,HP,Sac Du Phong,2686000,323,San pham chat luong cao,0
P-04615,Xiaomi Ong Nhom Pro Max,Xiaomi,Ong Nhom,3152000,140,San pham chat luong cao,0
P-04616,Sony Sac Du Phong XL,Sony,Sac Du Phong,777000,344,San pham chat luong cao,0
P-04617,JBL Monitor Classic,JBL,Monitor,3662000,435,San pham chat luong cao,0
P-04618,Asus Quat Mini Plus,Asus,Quat Mini,2817000,428,San pham chat luong cao,0
P-04619,Anker Balo Mini,Anker,Balo,4779000,127,San pham chat luong cao,0
P-04620,Apple Tablet Mini,Apple,Tablet,60000,42,San pham chat luong cao,0
P-04621,Anker Balo Sport,Anker,Balo,3403000,188,San pham chat luong cao,0
P-04622,Anker Cap Sac Plus,Anker,Cap Sac,4126000,342,San pham chat luong cao,0
P-04623,Samsung Tai Nghe Pro Max,Samsung,Tai Nghe,854000,362,San pham chat luong cao,0
P-04624,Razer Loa Mini,Razer,Loa,3063000,213,San pham chat luong cao,0
P-04625,Asus Sac Du Phong Sport,Asus,Sac Du Phong,4646000,483,San pham chat luong cao,0
P-04626,Anker Balo Sport,Anker,Balo,536000,107,San pham chat luong cao,0
P-04627,Razer USB Hub Sport,Razer,USB Hub,3864000,226,San pham chat luong cao,0
P-04628,Logitech Ao Thun V2,Logitech,Ao Thun,2584000,93,San pham chat luong cao,0
P-04629,Apple Kinh Mat Premium,Apple,Kinh Mat,1556000,146,San pham chat luong cao,0
P-04630,Apple Ong Nhom Mini,Apple,Ong Nhom,1405000,313,San pham chat luong cao,0
P-04631,Logitech May Anh V2,Logitech,May Anh,4123000,435,San pham chat luong cao,0
P-04632,Asus Balo Premium,Asus,Balo,2580000,279,San pham chat luong cao,0
P-04633,Xiaomi Sac Du Phong Premium,Xiaomi,Sac Du Phong,2898000,332,San pham chat luong cao,0
P-04634,Sony Balo Sport,Sony,Balo,4245000,200,San pham chat luong cao,0
P-04635,Anker Webcam Sport,Anker,Webcam,698000,108,San pham chat luong cao,0
P-04636,JBL Ong Nhom Premium,JBL,Ong Nhom,4087000,25,San pham chat luong cao,0
P-04637,Sony Cap Sac Plus,Sony,Cap Sac,1557000,466,San pham chat luong cao,0
P-04638,JBL Monitor Sport,JBL,Monitor,3350000,14,San pham chat luong cao,0
P-04639,Sony Chuot Gaming XL,Sony,Chuot Gaming,2169000,215,San pham chat luong cao,0
P-04640,JBL Tai Nghe Ultra,JBL,Tai Nghe,4177000,191,San pham chat luong cao,0
P-04641,Apple Tablet V2,Apple,Tablet,4550000,228,San pham chat luong cao,0
P-04642,Apple Tai Nghe Plus,Apple,Tai Nghe,3662000,213,San pham chat luong cao,0
P-04643,Asus Laptop Ultra,Asus,Laptop,2159000,436,San pham chat luong cao,0
P-04644,Logitech Monitor Lite,Logitech,Monitor,610000,98,San pham chat luong cao,0
P-04645,Samsung Monitor Lite,Samsung,Monitor,134000,298,San pham chat luong cao,0
P-04646,Asus Giay Mini,Asus,Giay,2387000,362,San pham chat luong cao,0
P-04647,JBL Giay Lite,JBL,Giay,1449000,131,San pham chat luong cao,0
P-04648,Xiaomi Loa Sport,Xiaomi,Loa,3668000,187,San pham chat luong cao,0
P-04649,Razer Ao Thun Mini,Razer,Ao Thun,1807000,193,San pham chat luong cao,0
P-04650,Anker May Anh Premium,Anker,May Anh,2074000,73,San pham chat luong cao,0
P-04651,Razer Loa Sport,Razer,Loa,4813000,94,San pham chat luong cao,0
P-04652,Razer Balo Premium,Razer,Balo,2241000,421,San pham chat luong cao,0
P-04653,HP Quat Mini XL,HP,Quat Mini,3069000,498,San pham chat luong cao,0
P-04654,Xiaomi Kinh Mat Plus,Xiaomi,Kinh Mat,1210000,95,San pham chat luong cao,0
P-04655,Asus Cap Sac Premium,Asus,Cap Sac,1684000,150,San pham chat luong cao,0
P-04656,Apple Tai Nghe XL,Apple,Tai Nghe,351000,14,San pham chat luong cao,0
P-04657,Samsung Loa Plus,Samsung,Loa,935000,14,San pham chat luong cao,0
P-04658,Logitech USB Hub Sport,Logitech,USB Hub,968000,483,San pham chat luong cao,0
P-04659,Anker Kinh Mat Ultra,Anker,Kinh Mat,3339000,146,San pham chat luong cao,0
P-04660,Logitech Balo XL,Logitech,Balo,676000,317,San pham chat luong cao,0
P-04661,Xiaomi May Anh V2,Xiaomi,May Anh,2699000,77,San pham chat luong cao,0
P-04662,Logitech Quat Mini Classic,Logitech,Quat Mini,4915000,490,San pham chat luong cao,0
P-04663,Razer Tablet Plus,Razer,Tablet,3760000,341,San pham chat luong cao,0
P-04664,Razer Loa Lite,Razer,Loa,2233000,471,San pham chat luong cao,0
P-04665,JBL USB Hub Plus,JBL,USB Hub,828000,422,San pham chat luong cao,0
P-04666,Samsung Dong Ho V2,Samsung,Dong Ho,4645000,315,San pham chat luong cao,0
P-04667,Logitech Ong Nhom V2,Logitech,Ong Nhom,2043000,291,San pham chat luong cao,0
P-04668,Razer Balo Ultra,Razer,Balo,4900000,281,San pham chat luong cao,0
P-04669,Sony USB Hub Pro Max,Sony,USB Hub,1044000,96,San pham chat luong cao,0
P-04670,Anker Chuot Gaming Lite,Anker,Chuot Gaming,1987000,347,San pham chat luong cao,0
P-04671,Logitech Quat Mini Ultra,Logitech,Quat Mini,1964000,358,San pham chat luong cao,0
P-04672,Apple Sac Du Phong XL,Apple,Sac Du Phong,739000,69,San pham chat luong cao,0
P-04673,Logitech Tablet Classic,Logitech,Tablet,1711000,452,San pham chat luong cao,0
P-04674,Asus Chuot Gaming XL,Asus,Chuot Gaming,4741000,183,San pham chat luong cao,0
P-04675,Razer Ong Nhom Sport,Razer,Ong Nhom,1255000,283,San pham chat luong cao,0
P-04676,Sony Ban Phim Lite,Sony,Ban Phim,755000,23,San pham chat luong cao,0
P-04677,HP Cap Sac Classic,HP,Cap Sac,4909000,275,San pham chat luong cao,0
P-04678,Xiaomi USB Hub Premium,Xiaomi,USB Hub,4103000,294,San pham chat luong cao,0
P-04679,Sony Giay Lite,Sony,Giay,1026000,343,San pham chat luong cao,0
P-04680,Samsung Tablet XL,Samsung,Tablet,4819000,372,San pham chat luong cao,0
P-04681,HP Quat Mini Premium,HP,Quat Mini,478000,482,San pham chat luong cao,0
P-04682,Logitech Tai Nghe Sport,Logitech,Tai Nghe,4944000,75,San pham chat luong cao,0
P-04683,Apple Quat Mini Lite,Apple,Quat Mini,2196000,71,San pham chat luong cao,0
P-04684,Logitech Ban Phim Ultra,Logitech,Ban Phim,4837000,210,San pham chat luong cao,0
P-04685,Xiaomi Monitor Sport,Xiaomi,Monitor,4656000,339,San pham chat luong cao,0
P-04686,HP Dong Ho Ultra,HP,Dong Ho,3317000,328,San pham chat luong cao,0
P-04687,Apple Chuot Gaming Sport,Apple,Chuot Gaming,869000,401,San pham chat luong cao,0
P-04688,Anker Ong Nhom Ultra,Anker,Ong Nhom,3784000,305,San pham chat luong cao,0
P-04689,Sony Webcam Ultra,Sony,Webcam,1643000,192,San pham chat luong cao,0
P-04690,Xiaomi Webcam Sport,Xiaomi,Webcam,2920000,233,San pham chat luong cao,0
P-04691,HP Monitor Sport,HP,Monitor,3339000,275,San pham chat luong cao,0
P-04692,Razer Op Lung Mini,Razer,Op Lung,2924000,60,San pham chat luong cao,0
P-04693,Xiaomi Quat Mini Ultra,Xiaomi,Quat Mini,82000,497,San pham chat luong cao,0
P-04694,Samsung Loa Plus,Samsung,Loa,4929000,497,San pham chat luong cao,0
P-04695,Asus May Anh V2,Asus,May Anh,1530000,284,San pham chat luong cao,0
P-04696,Logitech USB Hub Ultra,Logitech,USB Hub,4792000,195,San pham chat luong cao,0
P-04697,Anker Chuot Gaming Mini,Anker,Chuot Gaming,144000,281,San pham chat luong cao,0
P-04698,Asus Kinh Mat Plus,Asus,Kinh Mat,3390000,427,San pham chat luong cao,0
P-04699,Logitech Op Lung Classic,Logitech,Op Lung,423000,188,San pham chat luong cao,0
P-04700,Anker Cap Sac XL,Anker,Cap Sac,4624000,466,San pham chat luong cao,0
P-04701,Apple Ong Nhom Ultra,Apple,Ong Nhom,2227000,270,San pham chat luong cao,0
P-04702,Apple Sac Du Phong Ultra,Apple,Sac Du Phong,772000,334,San pham chat luong cao,0
P-04703,Asus USB Hub V2,Asus,USB Hub,4044000,409,San pham chat luong cao,0
P-04704,HP Op Lung Pro Max,HP,Op Lung,2463000,320,San pham chat luong cao,0
P-04705,Samsung Balo Lite,Samsung,Balo,2428000,112,San pham chat luong cao,0
P-04706,JBL May Anh Lite,JBL,May Anh,4507000,298,San pham chat luong cao,0
P-04707,Asus Loa Ultra,Asus,Loa,403000,381,San pham chat luong cao,0
P-04708,Anker Loa Pro Max,Anker,Loa,1893000,340,San pham chat luong cao,0
P-04709,Razer Tai Nghe Premium,Razer,Tai Nghe,3196000,36,San pham chat luong cao,0
P-04710,Razer Loa V2,Razer,Loa,3130000,106,San pham chat luong cao,0
P-04711,Sony Kinh Mat V2,Sony,Kinh Mat,3421000,296,San pham chat luong cao,0
P-04712,HP Chuot Gaming Pro Max,HP,Chuot Gaming,3334000,253,San pham chat luong cao,0
P-04713,Sony Ban Phim Classic,Sony,Ban Phim,1415000,11,San pham chat luong cao,0
P-04714,Razer Ong Nhom Ultra,Razer,Ong Nhom,1142000,452,San pham chat luong cao,0
P-04715,Samsung USB Hub Premium,Samsung,USB Hub,3247000,202,San pham chat luong cao,0
P-04716,Xiaomi Op Lung Ultra,Xiaomi,Op Lung,97000,150,San pham chat luong cao,0
P-04717,Samsung Op Lung Pro Max,Samsung,Op Lung,2537000,364,San pham chat luong cao,0
P-04718,Asus Cap Sac Plus,Asus,Cap Sac,627000,98,San pham chat luong cao,0
P-04719,Asus May Anh Sport,Asus,May Anh,839000,289,San pham chat luong cao,0
P-04720,Razer Ban Phim Classic,Razer,Ban Phim,4225000,291,San pham chat luong cao,0
P-04721,Sony Op Lung Sport,Sony,Op Lung,1835000,90,San pham chat luong cao,0
P-04722,Apple Cap Sac Classic,Apple,Cap Sac,1072000,272,San pham chat luong cao,0
P-04723,Razer Cap Sac Plus,Razer,Cap Sac,1062000,103,San pham chat luong cao,0
P-04724,Anker Laptop Pro Max,Anker,Laptop,1667000,371,San pham chat luong cao,0
P-04725,Sony Webcam Pro Max,Sony,Webcam,1311000,177,San pham chat luong cao,0
P-04726,Anker USB Hub Sport,Anker,USB Hub,2805000,87,San pham chat luong cao,0
P-04727,Razer Loa Premium,Razer,Loa,558000,157,San pham chat luong cao,0
P-04728,Anker Webcam Ultra,Anker,Webcam,613000,462,San pham chat luong cao,0
P-04729,Asus Webcam Sport,Asus,Webcam,672000,290,San pham chat luong cao,0
P-04730,Sony May Anh Mini,Sony,May Anh,984000,336,San pham chat luong cao,0
P-04731,Logitech Giay Mini,Logitech,Giay,2196000,331,San pham chat luong cao,0
P-04732,Xiaomi Dong Ho Plus,Xiaomi,Dong Ho,671000,489,San pham chat luong cao,0
P-04733,JBL Cap Sac Sport,JBL,Cap Sac,4799000,169,San pham chat luong cao,0
P-04734,Razer Ban Phim XL,Razer,Ban Phim,1294000,430,San pham chat luong cao,0
P-04735,Logitech Dong Ho Ultra,Logitech,Dong Ho,2967000,211,San pham chat luong cao,0
P-04736,Anker Ong Nhom Ultra,Anker,Ong Nhom,4500000,241,San pham chat luong cao,0
P-04737,JBL Ao Thun Plus,JBL,Ao Thun,3101000,362,San pham chat luong cao,0
P-04738,Logitech Cap Sac Pro Max,Logitech,Cap Sac,3153000,204,San pham chat luong cao,0
P-04739,Sony Webcam Ultra,Sony,Webcam,1905000,79,San pham chat luong cao,0
P-04740,Samsung Balo Premium,Samsung,Balo,4090000,197,San pham chat luong cao,0
P-04741,JBL Laptop Mini,JBL,Laptop,2835000,250,San pham chat luong cao,0
P-04742,Logitech Ao Thun Sport,Logitech,Ao Thun,1182000,388,San pham chat luong cao,0
P-04743,Apple Sac Du Phong V2,Apple,Sac Du Phong,2177000,136,San pham chat luong cao,0
P-04744,Xiaomi Monitor Sport,Xiaomi,Monitor,1912000,481,San pham chat luong cao,0
P-04745,Razer Monitor Pro Max,Razer,Monitor,2478000,500,San pham chat luong cao,0
P-04746,JBL Laptop Premium,JBL,Laptop,2809000,424,San pham chat luong cao,0
P-04747,Logitech Ong Nhom Sport,Logitech,Ong Nhom,2150000,307,San pham chat luong cao,0
P-04748,Sony USB Hub Pro Max,Sony,USB Hub,2791000,426,San pham chat luong cao,0
P-04749,Apple Op Lung XL,Apple,Op Lung,795000,357,San pham chat luong cao,0
P-04750,Razer USB Hub Ultra,Razer,USB Hub,1977000,155,San pham chat luong cao,0
P-04751,JBL Ong Nhom Ultra,JBL,Ong Nhom,2123000,444,San pham chat luong cao,0
P-04752,Sony Giay Premium,Sony,Giay,259000,284,San pham chat luong cao,0
P-04753,Razer Tablet Ultra,Razer,Tablet,4496000,234,San pham chat luong cao,0
P-04754,Anker May Anh Ultra,Anker,May Anh,2993000,188,San pham chat luong cao,0
P-04755,Asus Kinh Mat Pro Max,Asus,Kinh Mat,1755000,271,San pham chat luong cao,0
P-04756,Razer Ban Phim Premium,Razer,Ban Phim,4440000,113,San pham chat luong cao,0
P-04757,Xiaomi Op Lung XL,Xiaomi,Op Lung,3878000,256,San pham chat luong cao,0
P-04758,Razer Cap Sac XL,Razer,Cap Sac,4881000,412,San pham chat luong cao,0
P-04759,Razer Op Lung Sport,Razer,Op Lung,1924000,425,San pham chat luong cao,0
P-04760,Apple Kinh Mat Premium,Apple,Kinh Mat,4854000,296,San pham chat luong cao,0
P-04761,Apple Ban Phim Lite,Apple,Ban Phim,1767000,212,San pham chat luong cao,0
P-04762,Logitech Balo Classic,Logitech,Balo,2213000,292,San pham chat luong cao,0
P-04763,Sony Balo Lite,Sony,Balo,1599000,55,San pham chat luong cao,0
P-04764,HP Dong Ho Premium,HP,Dong Ho,1344000,160,San pham chat luong cao,0
P-04765,JBL Ao Thun Sport,JBL,Ao Thun,2837000,20,San pham chat luong cao,0
P-04766,Asus Loa Plus,Asus,Loa,3257000,433,San pham chat luong cao,0
P-04767,HP Sac Du Phong Lite,HP,Sac Du Phong,2951000,143,San pham chat luong cao,0
P-04768,Xiaomi Balo Lite,Xiaomi,Balo,2550000,392,San pham chat luong cao,0
P-04769,JBL Chuot Gaming Sport,JBL,Chuot Gaming,1817000,76,San pham chat luong cao,0
P-04770,Samsung May Anh Mini,Samsung,May Anh,1496000,384,San pham chat luong cao,0
P-04771,Sony Dong Ho Premium,Sony,Dong Ho,490000,228,San pham chat luong cao,0
P-04772,Razer Webcam XL,Razer,Webcam,1048000,124,San pham chat luong cao,0
P-04773,HP Ong Nhom Lite,HP,Ong Nhom,1108000,196,San pham chat luong cao,0
P-04774,Razer Op Lung Classic,Razer,Op Lung,119000,425,San pham chat luong cao,0
P-04775,HP Chuot Gaming Sport,HP,Chuot Gaming,1068000,142,San pham chat luong cao,0
P-04776,Razer Giay Lite,Razer,Giay,266000,105,San pham chat luong cao,0
P-04777,Anker Loa XL,Anker,Loa,1803000,29,San pham chat luong cao,0
P-04778,HP Quat Mini V2,HP,Quat Mini,2076000,433,San pham chat luong cao,0
P-04779,JBL Tablet Premium,JBL,Tablet,3403000,22,San pham chat luong cao,0
P-04780,Samsung Op Lung Pro Max,Samsung,Op Lung,3452000,238,San pham chat luong cao,0
P-04781,Razer Dong Ho Sport,Razer,Dong Ho,910000,64,San pham chat luong cao,0
P-04782,Logitech Balo Pro Max,Logitech,Balo,964000,173,San pham chat luong cao,0
P-04783,Logitech Tai Nghe XL,Logitech,Tai Nghe,4352000,484,San pham chat luong cao,0
P-04784,Sony Chuot Gaming Ultra,Sony,Chuot Gaming,4035000,475,San pham chat luong cao,0
P-04785,Samsung Ban Phim Sport,Samsung,Ban Phim,695000,108,San pham chat luong cao,0
P-04786,Logitech Tai Nghe Lite,Logitech,Tai Nghe,4427000,319,San pham chat luong cao,0
P-04787,Logitech Loa Ultra,Logitech,Loa,4310000,412,San pham chat luong cao,0
P-04788,Asus Quat Mini XL,Asus,Quat Mini,3843000,379,San pham chat luong cao,0
P-04789,Anker May Anh XL,Anker,May Anh,3889000,433,San pham chat luong cao,0
P-04790,Samsung USB Hub Sport,Samsung,USB Hub,173000,218,San pham chat luong cao,0
P-04791,Sony Ban Phim V2,Sony,Ban Phim,2256000,339,San pham chat luong cao,0
P-04792,Samsung Monitor XL,Samsung,Monitor,206000,98,San pham chat luong cao,0
P-04793,HP Quat Mini XL,HP,Quat Mini,4627000,224,San pham chat luong cao,0
P-04794,HP May Anh Classic,HP,May Anh,516000,95,San pham chat luong cao,0
P-04795,Xiaomi Tablet Mini,Xiaomi,Tablet,1237000,376,San pham chat luong cao,0
P-04796,Samsung Webcam Pro Max,Samsung,Webcam,1817000,479,San pham chat luong cao,0
P-04797,Asus Sac Du Phong Plus,Asus,Sac Du Phong,4961000,382,San pham chat luong cao,0
P-04798,Logitech USB Hub Lite,Logitech,USB Hub,4745000,434,San pham chat luong cao,0
P-04799,Apple Dong Ho Pro Max,Apple,Dong Ho,1719000,189,San pham chat luong cao,0
P-04800,Apple Loa Sport,Apple,Loa,1886000,457,San pham chat luong cao,0
P-04801,Logitech Tai Nghe Classic,Logitech,Tai Nghe,4274000,34,San pham chat luong cao,0
P-04802,JBL Dong Ho Lite,JBL,Dong Ho,1839000,471,San pham chat luong cao,0
P-04803,Anker Ong Nhom Plus,Anker,Ong Nhom,4436000,109,San pham chat luong cao,0
P-04804,Anker Webcam Classic,Anker,Webcam,3633000,490,San pham chat luong cao,0
P-04805,Anker USB Hub Classic,Anker,USB Hub,3398000,43,San pham chat luong cao,0
P-04806,Asus Giay Ultra,Asus,Giay,3058000,176,San pham chat luong cao,0
P-04807,Logitech Op Lung XL,Logitech,Op Lung,2783000,66,San pham chat luong cao,0
P-04808,Sony Webcam Sport,Sony,Webcam,908000,25,San pham chat luong cao,0
P-04809,Razer USB Hub Classic,Razer,USB Hub,3358000,407,San pham chat luong cao,0
P-04810,Asus Ao Thun Sport,Asus,Ao Thun,2991000,19,San pham chat luong cao,0
P-04811,Sony Dong Ho Premium,Sony,Dong Ho,577000,108,San pham chat luong cao,0
P-04812,HP Chuot Gaming Premium,HP,Chuot Gaming,3178000,387,San pham chat luong cao,0
P-04813,Xiaomi Chuot Gaming Premium,Xiaomi,Chuot Gaming,3062000,448,San pham chat luong cao,0
P-04814,Logitech Giay XL,Logitech,Giay,2634000,28,San pham chat luong cao,0
P-04815,Logitech Ao Thun XL,Logitech,Ao Thun,393000,370,San pham chat luong cao,0
P-04816,Samsung Dong Ho Lite,Samsung,Dong Ho,4488000,317,San pham chat luong cao,0
P-04817,Logitech Quat Mini Plus,Logitech,Quat Mini,4762000,296,San pham chat luong cao,0
P-04818,JBL Monitor Plus,JBL,Monitor,4588000,346,San pham chat luong cao,0
P-04819,Anker Ao Thun V2,Anker,Ao Thun,2124000,66,San pham chat luong cao,0
P-04820,Apple USB Hub Plus,Apple,USB Hub,979000,361,San pham chat luong cao,0
P-04821,Anker Ong Nhom Classic,Anker,Ong Nhom,603000,150,San pham chat luong cao,0
P-04822,Asus Tai Nghe V2,Asus,Tai Nghe,3035000,100,San pham chat luong cao,0
P-04823,Sony Webcam Ultra,Sony,Webcam,895000,352,San pham chat luong cao,0
P-04824,Samsung Ao Thun Pro Max,Samsung,Ao Thun,3261000,485,San pham chat luong cao,0
P-04825,Samsung Ong Nhom Lite,Samsung,Ong Nhom,1555000,489,San pham chat luong cao,0
P-04826,Razer May Anh XL,Razer,May Anh,2552000,367,San pham chat luong cao,0
P-04827,Xiaomi Sac Du Phong Classic,Xiaomi,Sac Du Phong,3651000,205,San pham chat luong cao,0
P-04828,JBL Sac Du Phong V2,JBL,Sac Du Phong,3187000,369,San pham chat luong cao,0
P-04829,Razer Dong Ho V2,Razer,Dong Ho,2804000,16,San pham chat luong cao,0
P-04830,Asus Ong Nhom V2,Asus,Ong Nhom,4368000,426,San pham chat luong cao,0
P-04831,Razer Ban Phim Premium,Razer,Ban Phim,1526000,263,San pham chat luong cao,0
P-04832,HP Chuot Gaming Mini,HP,Chuot Gaming,1388000,52,San pham chat luong cao,0
P-04833,Sony Tai Nghe Pro Max,Sony,Tai Nghe,4404000,252,San pham chat luong cao,0
P-04834,Razer Chuot Gaming XL,Razer,Chuot Gaming,305000,65,San pham chat luong cao,0
P-04835,Anker USB Hub Plus,Anker,USB Hub,3648000,321,San pham chat luong cao,0
P-04836,HP Webcam Classic,HP,Webcam,4699000,313,San pham chat luong cao,0
P-04837,Anker Webcam Mini,Anker,Webcam,4171000,390,San pham chat luong cao,0
P-04838,Anker Laptop Plus,Anker,Laptop,3421000,488,San pham chat luong cao,0
P-04839,JBL Ong Nhom Sport,JBL,Ong Nhom,2782000,106,San pham chat luong cao,0
P-04840,Sony Webcam XL,Sony,Webcam,3522000,305,San pham chat luong cao,0
P-04841,Asus Quat Mini Sport,Asus,Quat Mini,4207000,410,San pham chat luong cao,0
P-04842,Anker Balo V2,Anker,Balo,4597000,388,San pham chat luong cao,0
P-04843,HP USB Hub Premium,HP,USB Hub,827000,351,San pham chat luong cao,0
P-04844,HP Op Lung Pro Max,HP,Op Lung,1208000,323,San pham chat luong cao,0
P-04845,Xiaomi Cap Sac V2,Xiaomi,Cap Sac,105000,314,San pham chat luong cao,0
P-04846,Razer Balo XL,Razer,Balo,278000,183,San pham chat luong cao,0
P-04847,Anker Ao Thun Ultra,Anker,Ao Thun,906000,383,San pham chat luong cao,0
P-04848,Razer Monitor Lite,Razer,Monitor,3381000,302,San pham chat luong cao,0
P-04849,Apple Balo Premium,Apple,Balo,3445000,164,San pham chat luong cao,0
P-04850,Razer Quat Mini Pro Max,Razer,Quat Mini,4251000,305,San pham chat luong cao,0
P-04851,Sony Giay Pro Max,Sony,Giay,598000,377,San pham chat luong cao,0
P-04852,Logitech Loa Premium,Logitech,Loa,2040000,482,San pham chat luong cao,0
P-04853,Asus Ao Thun Premium,Asus,Ao Thun,238000,422,San pham chat luong cao,0
P-04854,HP Laptop Plus,HP,Laptop,4107000,295,San pham chat luong cao,0
P-04855,HP Tai Nghe Premium,HP,Tai Nghe,1127000,301,San pham chat luong cao,0
P-04856,Apple Sac Du Phong Mini,Apple,Sac Du Phong,3552000,52,San pham chat luong cao,0
P-04857,Anker Ao Thun Classic,Anker,Ao Thun,3225000,374,San pham chat luong cao,0
P-04858,Asus Webcam Plus,Asus,Webcam,3923000,482,San pham chat luong cao,0
P-04859,Sony Ao Thun Lite,Sony,Ao Thun,3293000,352,San pham chat luong cao,0
P-04860,JBL Ban Phim Premium,JBL,Ban Phim,2740000,464,San pham chat luong cao,0
P-04861,Asus Tai Nghe Plus,Asus,Tai Nghe,3758000,39,San pham chat luong cao,0
P-04862,Logitech Laptop Classic,Logitech,Laptop,3269000,373,San pham chat luong cao,0
P-04863,Anker Ao Thun V2,Anker,Ao Thun,3383000,478,San pham chat luong cao,0
P-04864,Razer Laptop XL,Razer,Laptop,4116000,93,San pham chat luong cao,0
P-04865,Logitech Cap Sac V2,Logitech,Cap Sac,4103000,36,San pham chat luong cao,0
P-04866,JBL Sac Du Phong XL,JBL,Sac Du Phong,114000,428,San pham chat luong cao,0
P-04867,Razer Tablet Classic,Razer,Tablet,1540000,58,San pham chat luong cao,0
P-04868,Xiaomi Sac Du Phong Plus,Xiaomi,Sac Du Phong,4092000,346,San pham chat luong cao,0
P-04869,Anker Quat Mini Ultra,Anker,Quat Mini,2603000,286,San pham chat luong cao,0
P-04870,Razer Monitor Lite,Razer,Monitor,2981000,341,San pham chat luong cao,0
P-04871,Xiaomi Kinh Mat Classic,Xiaomi,Kinh Mat,2595000,463,San pham chat luong cao,0
P-04872,Asus Tai Nghe Plus,Asus,Tai Nghe,816000,208,San pham chat luong cao,0
P-04873,HP Dong Ho Mini,HP,Dong Ho,4109000,472,San pham chat luong cao,0
P-04874,Apple Loa Ultra,Apple,Loa,1970000,341,San pham chat luong cao,0
P-04875,Samsung Cap Sac Ultra,Samsung,Cap Sac,2501000,20,San pham chat luong cao,0
P-04876,Razer Quat Mini Pro Max,Razer,Quat Mini,1277000,83,San pham chat luong cao,0
P-04877,Sony Ao Thun Lite,Sony,Ao Thun,4460000,179,San pham chat luong cao,0
P-04878,Asus May Anh Sport,Asus,May Anh,840000,323,San pham chat luong cao,0
P-04879,JBL Tablet Lite,JBL,Tablet,818000,142,San pham chat luong cao,0
P-04880,Xiaomi Tablet XL,Xiaomi,Tablet,2348000,77,San pham chat luong cao,0
P-04881,JBL Chuot Gaming Pro Max,JBL,Chuot Gaming,1206000,213,San pham chat luong cao,0
P-04882,Razer Kinh Mat Ultra,Razer,Kinh Mat,1594000,105,San pham chat luong cao,0
P-04883,Xiaomi Ao Thun Sport,Xiaomi,Ao Thun,191000,318,San pham chat luong cao,0
P-04884,Xiaomi Dong Ho Ultra,Xiaomi,Dong Ho,4431000,185,San pham chat luong cao,0
P-04885,JBL Cap Sac Sport,JBL,Cap Sac,518000,90,San pham chat luong cao,0
P-04886,Xiaomi May Anh Pro Max,Xiaomi,May Anh,2501000,498,San pham chat luong cao,0
P-04887,Anker Balo Sport,Anker,Balo,2703000,27,San pham chat luong cao,0
P-04888,Anker Tai Nghe Mini,Anker,Tai Nghe,2450000,42,San pham chat luong cao,0
P-04889,HP Loa Mini,HP,Loa,4215000,445,San pham chat luong cao,0
P-04890,Sony Op Lung Ultra,Sony,Op Lung,527000,263,San pham chat luong cao,0
P-04891,Apple Ao Thun Classic,Apple,Ao Thun,4339000,325,San pham chat luong cao,0
P-04892,Asus Chuot Gaming Ultra,Asus,Chuot Gaming,2369000,285,San pham chat luong cao,0
P-04893,Sony Laptop Sport,Sony,Laptop,1646000,234,San pham chat luong cao,0
P-04894,Razer Chuot Gaming Premium,Razer,Chuot Gaming,528000,297,San pham chat luong cao,0
P-04895,Razer Ong Nhom Classic,Razer,Ong Nhom,860000,421,San pham chat luong cao,0
P-04896,Anker May Anh Premium,Anker,May Anh,2998000,316,San pham chat luong cao,0
P-04897,Sony Balo Mini,Sony,Balo,3139000,150,San pham chat luong cao,0
P-04898,Logitech Chuot Gaming Pro Max,Logitech,Chuot Gaming,2585000,313,San pham chat luong cao,0
P-04899,HP Laptop Mini,HP,Laptop,993000,353,San pham chat luong cao,0
P-04900,Xiaomi Loa Classic,Xiaomi,Loa,4259000,182,San pham chat luong cao,0
P-04901,Asus May Anh Sport,Asus,May Anh,3569000,58,San pham chat luong cao,0
P-04902,Xiaomi Balo Premium,Xiaomi,Balo,1072000,419,San pham chat luong cao,0
P-04903,Apple Giay Mini,Apple,Giay,1749000,351,San pham chat luong cao,0
P-04904,Sony Giay Ultra,Sony,Giay,4421000,354,San pham chat luong cao,0
P-04905,Logitech Giay Classic,Logitech,Giay,862000,205,San pham chat luong cao,0
P-04906,Xiaomi Webcam Premium,Xiaomi,Webcam,2620000,360,San pham chat luong cao,0
P-04907,Sony Dong Ho Plus,Sony,Dong Ho,3691000,201,San pham chat luong cao,0
P-04908,Logitech Sac Du Phong Pro Max,Logitech,Sac Du Phong,3608000,204,San pham chat luong cao,0
P-04909,HP Ao Thun Premium,HP,Ao Thun,2209000,311,San pham chat luong cao,0
P-04910,Logitech Cap Sac V2,Logitech,Cap Sac,580000,337,San pham chat luong cao,0
P-04911,Razer Giay Sport,Razer,Giay,3834000,103,San pham chat luong cao,0
P-04912,Asus Monitor Sport,Asus,Monitor,1214000,229,San pham chat luong cao,0
P-04913,Xiaomi Tai Nghe Premium,Xiaomi,Tai Nghe,3289000,418,San pham chat luong cao,0
P-04914,Anker Monitor V2,Anker,Monitor,3470000,93,San pham chat luong cao,0
P-04915,Razer Ong Nhom Classic,Razer,Ong Nhom,700000,450,San pham chat luong cao,0
P-04916,Samsung Giay Sport,Samsung,Giay,2952000,322,San pham chat luong cao,0
P-04917,Anker Sac Du Phong XL,Anker,Sac Du Phong,4929000,128,San pham chat luong cao,0
P-04918,Anker Dong Ho XL,Anker,Dong Ho,2909000,262,San pham chat luong cao,0
P-04919,Samsung Loa XL,Samsung,Loa,4226000,423,San pham chat luong cao,0
P-04920,JBL May Anh Classic,JBL,May Anh,1891000,224,San pham chat luong cao,0
P-04921,Apple Laptop Lite,Apple,Laptop,1940000,373,San pham chat luong cao,0
P-04922,JBL Kinh Mat V2,JBL,Kinh Mat,644000,197,San pham chat luong cao,0
P-04923,Asus Ban Phim Classic,Asus,Ban Phim,198000,357,San pham chat luong cao,0
P-04924,Razer Balo Classic,Razer,Balo,4456000,28,San pham chat luong cao,0
P-04925,Samsung Tai Nghe Premium,Samsung,Tai Nghe,2811000,260,San pham chat luong cao,0
P-04926,Samsung Quat Mini Pro Max,Samsung,Quat Mini,895000,386,San pham chat luong cao,0
P-04927,Sony USB Hub Classic,Sony,USB Hub,1742000,275,San pham chat luong cao,0
P-04928,HP May Anh V2,HP,May Anh,4634000,117,San pham chat luong cao,0
P-04929,Samsung Ban Phim V2,Samsung,Ban Phim,552000,38,San pham chat luong cao,0
P-04930,Xiaomi Cap Sac XL,Xiaomi,Cap Sac,2434000,103,San pham chat luong cao,0
P-04931,Sony Loa XL,Sony,Loa,3270000,367,San pham chat luong cao,0
P-04932,Xiaomi Ong Nhom Ultra,Xiaomi,Ong Nhom,2714000,192,San pham chat luong cao,0
P-04933,Sony Giay Sport,Sony,Giay,4912000,232,San pham chat luong cao,0
P-04934,Logitech Balo Pro Max,Logitech,Balo,3905000,56,San pham chat luong cao,0
P-04935,Xiaomi Ong Nhom XL,Xiaomi,Ong Nhom,2113000,79,San pham chat luong cao,0
P-04936,JBL Tablet Lite,JBL,Tablet,4892000,341,San pham chat luong cao,0
P-04937,Xiaomi Laptop Lite,Xiaomi,Laptop,2087000,29,San pham chat luong cao,0
P-04938,Samsung Tai Nghe Pro Max,Samsung,Tai Nghe,2270000,395,San pham chat luong cao,0
P-04939,Samsung Kinh Mat Pro Max,Samsung,Kinh Mat,1210000,476,San pham chat luong cao,0
P-04940,JBL Ban Phim Premium,JBL,Ban Phim,4007000,294,San pham chat luong cao,0
P-04941,Anker USB Hub XL,Anker,USB Hub,4612000,35,San pham chat luong cao,0
P-04942,Razer Tablet Pro Max,Razer,Tablet,1402000,485,San pham chat luong cao,0
P-04943,Asus USB Hub Classic,Asus,USB Hub,4444000,387,San pham chat luong cao,0
P-04944,Anker Quat Mini V2,Anker,Quat Mini,389000,314,San pham chat luong cao,0
P-04945,Asus USB Hub Classic,Asus,USB Hub,2845000,208,San pham chat luong cao,0
P-04946,Asus Quat Mini Sport,Asus,Quat Mini,3312000,453,San pham chat luong cao,0
P-04947,Razer Tablet Ultra,Razer,Tablet,4649000,379,San pham chat luong cao,0
P-04948,Xiaomi Dong Ho Mini,Xiaomi,Dong Ho,4875000,247,San pham chat luong cao,0
P-04949,Asus Dong Ho Plus,Asus,Dong Ho,2364000,322,San pham chat luong cao,0
P-04950,JBL Tablet Pro Max,JBL,Tablet,1206000,12,San pham chat luong cao,0
P-04951,JBL Ao Thun V2,JBL,Ao Thun,4516000,233,San pham chat luong cao,0
P-04952,Anker Giay Premium,Anker,Giay,3423000,285,San pham chat luong cao,0
P-04953,Logitech USB Hub Sport,Logitech,USB Hub,2616000,214,San pham chat luong cao,0
P-04954,Sony Quat Mini Ultra,Sony,Quat Mini,3509000,448,San pham chat luong cao,0
P-04955,Sony Webcam Plus,Sony,Webcam,292000,60,San pham chat luong cao,0
P-04956,Logitech Kinh Mat Classic,Logitech,Kinh Mat,3256000,446,San pham chat luong cao,0
P-04957,Logitech USB Hub Classic,Logitech,USB Hub,2829000,442,San pham chat luong cao,0
P-04958,JBL Quat Mini Ultra,JBL,Quat Mini,2023000,331,San pham chat luong cao,0
P-04959,Samsung Ban Phim Sport,Samsung,Ban Phim,4656000,68,San pham chat luong cao,0
P-04960,Anker Giay Ultra,Anker,Giay,145000,177,San pham chat luong cao,0
P-04961,Xiaomi USB Hub Plus,Xiaomi,USB Hub,1843000,148,San pham chat luong cao,0
P-04962,HP Dong Ho Plus,HP,Dong Ho,2992000,34,San pham chat luong cao,0
P-04963,HP Ong Nhom Lite,HP,Ong Nhom,882000,42,San pham chat luong cao,0
P-04964,Logitech Ban Phim Plus,Logitech,Ban Phim,4077000,147,San pham chat luong cao,0
P-04965,Asus Ong Nhom Pro Max,Asus,Ong Nhom,4631000,100,San pham chat luong cao,0
P-04966,HP Ban Phim Pro Max,HP,Ban Phim,2509000,193,San pham chat luong cao,0
P-04967,HP Op Lung Mini,HP,Op Lung,3310000,411,San pham chat luong cao,0
P-04968,JBL Tablet Lite,JBL,Tablet,1453000,192,San pham chat luong cao,0
P-04969,Xiaomi Quat Mini V2,Xiaomi,Quat Mini,2923000,359,San pham chat luong cao,0
P-04970,HP Giay Premium,HP,Giay,2869000,229,San pham chat luong cao,0
P-04971,Anker Dong Ho XL,Anker,Dong Ho,161000,123,San pham chat luong cao,0
P-04972,Xiaomi Loa Classic,Xiaomi,Loa,3941000,367,San pham chat luong cao,0
P-04973,Razer Op Lung XL,Razer,Op Lung,4233000,438,San pham chat luong cao,0
P-04974,HP May Anh Classic,HP,May Anh,1389000,356,San pham chat luong cao,0
P-04975,Anker Cap Sac Premium,Anker,Cap Sac,1577000,475,San pham chat luong cao,0
P-04976,Samsung Laptop Pro Max,Samsung,Laptop,1768000,354,San pham chat luong cao,0
P-04977,JBL Loa Premium,JBL,Loa,4428000,426,San pham chat luong cao,0
P-04978,Razer USB Hub Classic,Razer,USB Hub,1638000,250,San pham chat luong cao,0
P-04979,Samsung Ao Thun Lite,Samsung,Ao Thun,4619000,297,San pham chat luong cao,0
P-04980,Anker Chuot Gaming Lite,Anker,Chuot Gaming,1665000,495,San pham chat luong cao,0
P-04981,Anker Tai Nghe Lite,Anker,Tai Nghe,1682000,36,San pham chat luong cao,0
P-04982,Asus Webcam V2,Asus,Webcam,2993000,169,San pham chat luong cao,0
P-04983,Samsung Ao Thun Premium,Samsung,Ao Thun,3329000,370,San pham chat luong cao,0
P-04984,Razer Monitor Premium,Razer,Monitor,3179000,165,San pham chat luong cao,0
P-04985,Sony May Anh Lite,Sony,May Anh,3338000,281,San pham chat luong cao,0
P-04986,Sony Tai Nghe Classic,Sony,Tai Nghe,4560000,476,San pham chat luong cao,0
P-04987,Anker Op Lung V2,Anker,Op Lung,4076000,143,San pham chat luong cao,0
P-04988,JBL Ban Phim V2,JBL,Ban Phim,3273000,285,San pham chat luong cao,0
P-04989,HP May Anh Lite,HP,May Anh,4755000,219,San pham chat luong cao,0
P-04990,Asus Monitor Premium,Asus,Monitor,988000,488,San pham chat luong cao,0
P-04991,Xiaomi Ban Phim Premium,Xiaomi,Ban Phim,3325000,317,San pham chat luong cao,0
P-04992,Razer Tablet Mini,Razer,Tablet,4278000,75,San pham chat luong cao,0
P-04993,Apple Dong Ho V2,Apple,Dong Ho,1708000,417,San pham chat luong cao,0
P-04994,Samsung Laptop XL,Samsung,Laptop,1842000,167,San pham chat luong cao,0
P-04995,Logitech Dong Ho Ultra,Logitech,Dong Ho,2835000,376,San pham chat luong cao,0
P-04996,JBL Dong Ho Sport,JBL,Dong Ho,2576000,499,San pham chat luong cao,0
P-04997,Logitech Ao Thun Sport,Logitech,Ao Thun,4543000,78,San pham chat luong cao,0
P-04998,Anker Op Lung Premium,Anker,Op Lung,4905000,448,San pham chat luong cao,0
P-04999,Apple Giay Pro Max,Apple,Giay,384000,30,San pham chat luong cao,0
P-05000,Xiaomi Ong Nhom Sport,Xiaomi,Ong Nhom,1496000,240,San pham chat luong cao,0
